period,respondent,fueltype,value
2021-01-01T00,ERCO,WND,14127
2021-01-01T01,ERCO,WND,14791
2021-01-01T02,ERCO,WND,15591
2021-01-01T03,ERCO,WND,15447
2021-01-01T04,ERCO,WND,14994
2021-01-01T05,ERCO,WND,14558
2021-01-01T06,ERCO,WND,14126
2021-01-01T07,ERCO,WND,14012
2021-01-01T08,ERCO,WND,14315
2021-01-01T09,ERCO,WND,14248
2021-01-01T10,ERCO,WND,13273
2021-01-01T11,ERCO,WND,12248
2021-01-01T12,ERCO,WND,11364
2021-01-01T13,ERCO,WND,10727
2021-01-01T14,ERCO,WND,10329
2021-01-01T15,ERCO,WND,9890
2021-01-01T16,ERCO,WND,9905
2021-01-01T17,ERCO,WND,11026
2021-01-01T18,ERCO,WND,11061
2021-01-01T19,ERCO,WND,9929
2021-01-01T20,ERCO,WND,8832
2021-01-01T21,ERCO,WND,7334
2021-01-01T22,ERCO,WND,5825
2021-01-01T23,ERCO,WND,4311
2021-01-02T00,ERCO,WND,3342
2021-01-02T01,ERCO,WND,3505
2021-01-02T02,ERCO,WND,3566
2021-01-02T03,ERCO,WND,3775
2021-01-02T04,ERCO,WND,3561
2021-01-02T05,ERCO,WND,4099
2021-01-02T06,ERCO,WND,4588
2021-01-02T07,ERCO,WND,4062
2021-01-02T08,ERCO,WND,3062
2021-01-02T09,ERCO,WND,2703
2021-01-02T10,ERCO,WND,3133
2021-01-02T11,ERCO,WND,3341
2021-01-02T12,ERCO,WND,2987
2021-01-02T13,ERCO,WND,3051
2021-01-02T14,ERCO,WND,3596
2021-01-02T15,ERCO,WND,4386
2021-01-02T16,ERCO,WND,4178
2021-01-02T17,ERCO,WND,4448
2021-01-02T18,ERCO,WND,6229
2021-01-02T19,ERCO,WND,7958
2021-01-02T20,ERCO,WND,9084
2021-01-02T21,ERCO,WND,9705
2021-01-02T22,ERCO,WND,9945
2021-01-02T23,ERCO,WND,9814
2021-01-03T00,ERCO,WND,10645
2021-01-03T01,ERCO,WND,13363
2021-01-03T02,ERCO,WND,15305
2021-01-03T03,ERCO,WND,16277
2021-01-03T04,ERCO,WND,16412
2021-01-03T05,ERCO,WND,16098
2021-01-03T06,ERCO,WND,16174
2021-01-03T07,ERCO,WND,16436
2021-01-03T08,ERCO,WND,16272
2021-01-03T09,ERCO,WND,16582
2021-01-03T10,ERCO,WND,16702
2021-01-03T11,ERCO,WND,16729
2021-01-03T12,ERCO,WND,16121
2021-01-03T13,ERCO,WND,15793
2021-01-03T14,ERCO,WND,15702
2021-01-03T15,ERCO,WND,14777
2021-01-03T16,ERCO,WND,11076
2021-01-03T17,ERCO,WND,8249
2021-01-03T18,ERCO,WND,6589
2021-01-03T19,ERCO,WND,5508
2021-01-03T20,ERCO,WND,4612
2021-01-03T21,ERCO,WND,3795
2021-01-03T22,ERCO,WND,3495
2021-01-03T23,ERCO,WND,3291
2021-01-04T00,ERCO,WND,3747
2021-01-04T01,ERCO,WND,5506
2021-01-04T02,ERCO,WND,8229
2021-01-04T03,ERCO,WND,10565
2021-01-04T04,ERCO,WND,12340
2021-01-04T05,ERCO,WND,13227
2021-01-04T06,ERCO,WND,13869
2021-01-04T07,ERCO,WND,14145
2021-01-04T08,ERCO,WND,13925
2021-01-04T09,ERCO,WND,13512
2021-01-04T10,ERCO,WND,13484
2021-01-04T11,ERCO,WND,13473
2021-01-04T12,ERCO,WND,13955
2021-01-04T13,ERCO,WND,14409
2021-01-04T14,ERCO,WND,13864
2021-01-04T15,ERCO,WND,12175
2021-01-04T16,ERCO,WND,10129
2021-01-04T17,ERCO,WND,9112
2021-01-04T18,ERCO,WND,8160
2021-01-04T19,ERCO,WND,7655
2021-01-04T20,ERCO,WND,6900
2021-01-04T21,ERCO,WND,5611
2021-01-04T22,ERCO,WND,4667
2021-01-04T23,ERCO,WND,3840
2021-01-05T00,ERCO,WND,3061
2021-01-05T01,ERCO,WND,3487
2021-01-05T02,ERCO,WND,3383
2021-01-05T03,ERCO,WND,3109
2021-01-05T04,ERCO,WND,3385
2021-01-05T05,ERCO,WND,3586
2021-01-05T06,ERCO,WND,4029
2021-01-05T07,ERCO,WND,4533
2021-01-05T08,ERCO,WND,4442
2021-01-05T09,ERCO,WND,4542
2021-01-05T10,ERCO,WND,4721
2021-01-05T11,ERCO,WND,5010
2021-01-05T12,ERCO,WND,5649
2021-01-05T13,ERCO,WND,6098
2021-01-05T14,ERCO,WND,7355
2021-01-05T15,ERCO,WND,9193
2021-01-05T16,ERCO,WND,8932
2021-01-05T17,ERCO,WND,8538
2021-01-05T18,ERCO,WND,10412
2021-01-05T19,ERCO,WND,11472
2021-01-05T20,ERCO,WND,12875
2021-01-05T21,ERCO,WND,14391
2021-01-05T22,ERCO,WND,15048
2021-01-05T23,ERCO,WND,15006
2021-01-06T00,ERCO,WND,15452
2021-01-06T01,ERCO,WND,18556
2021-01-06T02,ERCO,WND,20077
2021-01-06T03,ERCO,WND,20784
2021-01-06T04,ERCO,WND,20922
2021-01-06T05,ERCO,WND,20775
2021-01-06T06,ERCO,WND,19994
2021-01-06T07,ERCO,WND,18910
2021-01-06T08,ERCO,WND,18204
2021-01-06T09,ERCO,WND,17631
2021-01-06T10,ERCO,WND,17218
2021-01-06T11,ERCO,WND,17731
2021-01-06T12,ERCO,WND,19141
2021-01-06T13,ERCO,WND,19639
2021-01-06T14,ERCO,WND,20043
2021-01-06T15,ERCO,WND,19414
2021-01-06T16,ERCO,WND,19364
2021-01-06T17,ERCO,WND,20463
2021-01-06T18,ERCO,WND,20134
2021-01-06T19,ERCO,WND,20167
2021-01-06T20,ERCO,WND,20195
2021-01-06T21,ERCO,WND,20095
2021-01-06T22,ERCO,WND,20392
2021-01-06T23,ERCO,WND,20857
2021-01-07T00,ERCO,WND,19426
2021-01-07T01,ERCO,WND,18158
2021-01-07T02,ERCO,WND,18804
2021-01-07T03,ERCO,WND,18719
2021-01-07T04,ERCO,WND,18417
2021-01-07T05,ERCO,WND,18319
2021-01-07T06,ERCO,WND,17760
2021-01-07T07,ERCO,WND,17130
2021-01-07T08,ERCO,WND,16311
2021-01-07T09,ERCO,WND,15968
2021-01-07T10,ERCO,WND,15155
2021-01-07T11,ERCO,WND,13935
2021-01-07T12,ERCO,WND,13155
2021-01-07T13,ERCO,WND,12743
2021-01-07T14,ERCO,WND,11670
2021-01-07T15,ERCO,WND,10170
2021-01-07T16,ERCO,WND,6987
2021-01-07T17,ERCO,WND,6319
2021-01-07T18,ERCO,WND,5569
2021-01-07T19,ERCO,WND,4781
2021-01-07T20,ERCO,WND,4523
2021-01-07T21,ERCO,WND,3986
2021-01-07T22,ERCO,WND,3310
2021-01-07T23,ERCO,WND,2667
2021-01-08T00,ERCO,WND,2374
2021-01-08T01,ERCO,WND,3232
2021-01-08T02,ERCO,WND,4752
2021-01-08T03,ERCO,WND,6006
2021-01-08T04,ERCO,WND,6992
2021-01-08T05,ERCO,WND,7776
2021-01-08T06,ERCO,WND,8258
2021-01-08T07,ERCO,WND,7827
2021-01-08T08,ERCO,WND,7414
2021-01-08T09,ERCO,WND,7133
2021-01-08T10,ERCO,WND,7041
2021-01-08T11,ERCO,WND,6343
2021-01-08T12,ERCO,WND,6697
2021-01-08T13,ERCO,WND,7370
2021-01-08T14,ERCO,WND,7095
2021-01-08T15,ERCO,WND,6515
2021-01-08T16,ERCO,WND,5710
2021-01-08T17,ERCO,WND,5105
2021-01-08T18,ERCO,WND,3340
2021-01-08T19,ERCO,WND,2045
2021-01-08T20,ERCO,WND,1579
2021-01-08T21,ERCO,WND,1544
2021-01-08T22,ERCO,WND,1838
2021-01-08T23,ERCO,WND,1994
2021-01-09T00,ERCO,WND,2183
2021-01-09T01,ERCO,WND,2991
2021-01-09T02,ERCO,WND,3830
2021-01-09T03,ERCO,WND,4344
2021-01-09T04,ERCO,WND,4588
2021-01-09T05,ERCO,WND,4491
2021-01-09T06,ERCO,WND,4279
2021-01-09T07,ERCO,WND,3949
2021-01-09T08,ERCO,WND,4360
2021-01-09T09,ERCO,WND,4205
2021-01-09T10,ERCO,WND,3963
2021-01-09T11,ERCO,WND,3666
2021-01-09T12,ERCO,WND,3886
2021-01-09T13,ERCO,WND,4023
2021-01-09T14,ERCO,WND,4509
2021-01-09T15,ERCO,WND,3906
2021-01-09T16,ERCO,WND,3479
2021-01-09T17,ERCO,WND,3791
2021-01-09T18,ERCO,WND,4415
2021-01-09T19,ERCO,WND,4279
2021-01-09T20,ERCO,WND,3925
2021-01-09T21,ERCO,WND,4089
2021-01-09T22,ERCO,WND,4979
2021-01-09T23,ERCO,WND,6549
2021-01-10T00,ERCO,WND,8072
2021-01-10T01,ERCO,WND,8579
2021-01-10T02,ERCO,WND,9421
2021-01-10T03,ERCO,WND,9473
2021-01-10T04,ERCO,WND,9862
2021-01-10T05,ERCO,WND,11897
2021-01-10T06,ERCO,WND,12362
2021-01-10T07,ERCO,WND,10491
2021-01-10T08,ERCO,WND,10577
2021-01-10T09,ERCO,WND,11630
2021-01-10T10,ERCO,WND,11186
2021-01-10T11,ERCO,WND,11125
2021-01-10T12,ERCO,WND,9720
2021-01-10T13,ERCO,WND,8985
2021-01-10T14,ERCO,WND,8181
2021-01-10T15,ERCO,WND,7974
2021-01-10T16,ERCO,WND,8248
2021-01-10T17,ERCO,WND,8702
2021-01-10T18,ERCO,WND,9161
2021-01-10T19,ERCO,WND,8946
2021-01-10T20,ERCO,WND,8564
2021-01-10T21,ERCO,WND,8422
2021-01-10T22,ERCO,WND,8381
2021-01-10T23,ERCO,WND,7937
2021-01-11T00,ERCO,WND,7958
2021-01-11T01,ERCO,WND,7861
2021-01-11T02,ERCO,WND,7926
2021-01-11T03,ERCO,WND,8151
2021-01-11T04,ERCO,WND,8127
2021-01-11T05,ERCO,WND,7620
2021-01-11T06,ERCO,WND,7188
2021-01-11T07,ERCO,WND,7207
2021-01-11T08,ERCO,WND,6610
2021-01-11T09,ERCO,WND,5482
2021-01-11T10,ERCO,WND,4822
2021-01-11T11,ERCO,WND,4521
2021-01-11T12,ERCO,WND,4857
2021-01-11T13,ERCO,WND,4589
2021-01-11T14,ERCO,WND,4682
2021-01-11T15,ERCO,WND,4712
2021-01-11T16,ERCO,WND,4767
2021-01-11T17,ERCO,WND,4778
2021-01-11T18,ERCO,WND,4196
2021-01-11T19,ERCO,WND,3679
2021-01-11T20,ERCO,WND,3208
2021-01-11T21,ERCO,WND,2956
2021-01-11T22,ERCO,WND,2418
2021-01-11T23,ERCO,WND,2024
2021-01-12T00,ERCO,WND,2074
2021-01-12T01,ERCO,WND,2321
2021-01-12T02,ERCO,WND,2584
2021-01-12T03,ERCO,WND,2773
2021-01-12T04,ERCO,WND,3093
2021-01-12T05,ERCO,WND,3219
2021-01-12T06,ERCO,WND,3627
2021-01-12T07,ERCO,WND,4457
2021-01-12T08,ERCO,WND,4711
2021-01-12T09,ERCO,WND,4754
2021-01-12T10,ERCO,WND,5129
2021-01-12T11,ERCO,WND,5360
2021-01-12T12,ERCO,WND,6132
2021-01-12T13,ERCO,WND,6767
2021-01-12T14,ERCO,WND,6409
2021-01-12T15,ERCO,WND,5842
2021-01-12T16,ERCO,WND,4841
2021-01-12T17,ERCO,WND,3406
2021-01-12T18,ERCO,WND,2724
2021-01-12T19,ERCO,WND,2710
2021-01-12T20,ERCO,WND,2681
2021-01-12T21,ERCO,WND,2095
2021-01-12T22,ERCO,WND,1772
2021-01-12T23,ERCO,WND,1541
2021-01-13T00,ERCO,WND,1508
2021-01-13T01,ERCO,WND,2787
2021-01-13T02,ERCO,WND,5048
2021-01-13T03,ERCO,WND,7225
2021-01-13T04,ERCO,WND,9121
2021-01-13T05,ERCO,WND,11065
2021-01-13T06,ERCO,WND,12796
2021-01-13T07,ERCO,WND,13903
2021-01-13T08,ERCO,WND,14653
2021-01-13T09,ERCO,WND,14801
2021-01-13T10,ERCO,WND,14091
2021-01-13T11,ERCO,WND,13614
2021-01-13T12,ERCO,WND,13536
2021-01-13T13,ERCO,WND,14057
2021-01-13T14,ERCO,WND,14114
2021-01-13T15,ERCO,WND,13479
2021-01-13T16,ERCO,WND,11653
2021-01-13T17,ERCO,WND,9227
2021-01-13T18,ERCO,WND,7886
2021-01-13T19,ERCO,WND,8175
2021-01-13T20,ERCO,WND,8697
2021-01-13T21,ERCO,WND,9772
2021-01-13T22,ERCO,WND,10768
2021-01-13T23,ERCO,WND,10950
2021-01-14T00,ERCO,WND,10701
2021-01-14T01,ERCO,WND,13769
2021-01-14T02,ERCO,WND,16337
2021-01-14T03,ERCO,WND,17964
2021-01-14T04,ERCO,WND,18367
2021-01-14T05,ERCO,WND,19597
2021-01-14T06,ERCO,WND,19365
2021-01-14T07,ERCO,WND,19380
2021-01-14T08,ERCO,WND,19728
2021-01-14T09,ERCO,WND,20312
2021-01-14T10,ERCO,WND,20309
2021-01-14T11,ERCO,WND,20042
2021-01-14T12,ERCO,WND,20674
2021-01-14T13,ERCO,WND,21112
2021-01-14T14,ERCO,WND,22440
2021-01-14T15,ERCO,WND,21813
2021-01-14T16,ERCO,WND,19514
2021-01-14T17,ERCO,WND,18656
2021-01-14T18,ERCO,WND,19160
2021-01-14T19,ERCO,WND,19711
2021-01-14T20,ERCO,WND,19170
2021-01-14T21,ERCO,WND,17785
2021-01-14T22,ERCO,WND,16128
2021-01-14T23,ERCO,WND,13471
2021-01-15T00,ERCO,WND,9531
2021-01-15T01,ERCO,WND,9150
2021-01-15T02,ERCO,WND,9890
2021-01-15T03,ERCO,WND,10266
2021-01-15T04,ERCO,WND,10843
2021-01-15T05,ERCO,WND,11502
2021-01-15T06,ERCO,WND,12571
2021-01-15T07,ERCO,WND,13006
2021-01-15T08,ERCO,WND,13603
2021-01-15T09,ERCO,WND,14898
2021-01-15T10,ERCO,WND,14837
2021-01-15T11,ERCO,WND,15674
2021-01-15T12,ERCO,WND,16060
2021-01-15T13,ERCO,WND,15475
2021-01-15T14,ERCO,WND,14975
2021-01-15T15,ERCO,WND,14163
2021-01-15T16,ERCO,WND,12507
2021-01-15T17,ERCO,WND,14869
2021-01-15T18,ERCO,WND,17071
2021-01-15T19,ERCO,WND,17067
2021-01-15T20,ERCO,WND,16466
2021-01-15T21,ERCO,WND,16718
2021-01-15T22,ERCO,WND,16441
2021-01-15T23,ERCO,WND,15709
2021-01-16T00,ERCO,WND,13217
2021-01-16T01,ERCO,WND,11514
2021-01-16T02,ERCO,WND,11842
2021-01-16T03,ERCO,WND,12535
2021-01-16T04,ERCO,WND,12762
2021-01-16T05,ERCO,WND,13022
2021-01-16T06,ERCO,WND,12650
2021-01-16T07,ERCO,WND,11274
2021-01-16T08,ERCO,WND,9756
2021-01-16T09,ERCO,WND,9186
2021-01-16T10,ERCO,WND,8236
2021-01-16T11,ERCO,WND,7618
2021-01-16T12,ERCO,WND,6961
2021-01-16T13,ERCO,WND,6956
2021-01-16T14,ERCO,WND,6005
2021-01-16T15,ERCO,WND,5017
2021-01-16T16,ERCO,WND,3889
2021-01-16T17,ERCO,WND,2625
2021-01-16T18,ERCO,WND,2828
2021-01-16T19,ERCO,WND,3388
2021-01-16T20,ERCO,WND,4265
2021-01-16T21,ERCO,WND,4024
2021-01-16T22,ERCO,WND,3634
2021-01-16T23,ERCO,WND,3555
2021-01-17T00,ERCO,WND,4402
2021-01-17T01,ERCO,WND,6090
2021-01-17T02,ERCO,WND,7419
2021-01-17T03,ERCO,WND,7692
2021-01-17T04,ERCO,WND,6949
2021-01-17T05,ERCO,WND,6055
2021-01-17T06,ERCO,WND,6133
2021-01-17T07,ERCO,WND,6358
2021-01-17T08,ERCO,WND,6504
2021-01-17T09,ERCO,WND,6649
2021-01-17T10,ERCO,WND,7102
2021-01-17T11,ERCO,WND,6077
2021-01-17T12,ERCO,WND,6300
2021-01-17T13,ERCO,WND,6751
2021-01-17T14,ERCO,WND,6927
2021-01-17T15,ERCO,WND,6164
2021-01-17T16,ERCO,WND,3756
2021-01-17T17,ERCO,WND,2772
2021-01-17T18,ERCO,WND,3223
2021-01-17T19,ERCO,WND,2514
2021-01-17T20,ERCO,WND,1599
2021-01-17T21,ERCO,WND,1183
2021-01-17T22,ERCO,WND,953
2021-01-17T23,ERCO,WND,1162
2021-01-18T00,ERCO,WND,1522
2021-01-18T01,ERCO,WND,2419
2021-01-18T02,ERCO,WND,4300
2021-01-18T03,ERCO,WND,6801
2021-01-18T04,ERCO,WND,9374
2021-01-18T05,ERCO,WND,11684
2021-01-18T06,ERCO,WND,14670
2021-01-18T07,ERCO,WND,17266
2021-01-18T08,ERCO,WND,19110
2021-01-18T09,ERCO,WND,19874
2021-01-18T10,ERCO,WND,20235
2021-01-18T11,ERCO,WND,20496
2021-01-18T12,ERCO,WND,20348
2021-01-18T13,ERCO,WND,19576
2021-01-18T14,ERCO,WND,19372
2021-01-18T15,ERCO,WND,19539
2021-01-18T16,ERCO,WND,17118
2021-01-18T17,ERCO,WND,16813
2021-01-18T18,ERCO,WND,16638
2021-01-18T19,ERCO,WND,15766
2021-01-18T20,ERCO,WND,14388
2021-01-18T21,ERCO,WND,13207
2021-01-18T22,ERCO,WND,12840
2021-01-18T23,ERCO,WND,13273
2021-01-19T00,ERCO,WND,15113
2021-01-19T01,ERCO,WND,18404
2021-01-19T02,ERCO,WND,20258
2021-01-19T03,ERCO,WND,20706
2021-01-19T04,ERCO,WND,20648
2021-01-19T05,ERCO,WND,20531
2021-01-19T06,ERCO,WND,20103
2021-01-19T07,ERCO,WND,19127
2021-01-19T08,ERCO,WND,18594
2021-01-19T09,ERCO,WND,18136
2021-01-19T10,ERCO,WND,17873
2021-01-19T11,ERCO,WND,18033
2021-01-19T12,ERCO,WND,18873
2021-01-19T13,ERCO,WND,18756
2021-01-19T14,ERCO,WND,18239
2021-01-19T15,ERCO,WND,17418
2021-01-19T16,ERCO,WND,18376
2021-01-19T17,ERCO,WND,19655
2021-01-19T18,ERCO,WND,20016
2021-01-19T19,ERCO,WND,20251
2021-01-19T20,ERCO,WND,19900
2021-01-19T21,ERCO,WND,19569
2021-01-19T22,ERCO,WND,19344
2021-01-19T23,ERCO,WND,17995
2021-01-20T00,ERCO,WND,16150
2021-01-20T01,ERCO,WND,13833
2021-01-20T02,ERCO,WND,11776
2021-01-20T03,ERCO,WND,9994
2021-01-20T04,ERCO,WND,8112
2021-01-20T05,ERCO,WND,6805
2021-01-20T06,ERCO,WND,5479
2021-01-20T07,ERCO,WND,3888
2021-01-20T08,ERCO,WND,3330
2021-01-20T09,ERCO,WND,3326
2021-01-20T10,ERCO,WND,2891
2021-01-20T11,ERCO,WND,2951
2021-01-20T12,ERCO,WND,3426
2021-01-20T13,ERCO,WND,3529
2021-01-20T14,ERCO,WND,3983
2021-01-20T15,ERCO,WND,4065
2021-01-20T16,ERCO,WND,3887
2021-01-20T17,ERCO,WND,4582
2021-01-20T18,ERCO,WND,5252
2021-01-20T19,ERCO,WND,5735
2021-01-20T20,ERCO,WND,5912
2021-01-20T21,ERCO,WND,5860
2021-01-20T22,ERCO,WND,5660
2021-01-20T23,ERCO,WND,5269
2021-01-21T00,ERCO,WND,5522
2021-01-21T01,ERCO,WND,7107
2021-01-21T02,ERCO,WND,10201
2021-01-21T03,ERCO,WND,11956
2021-01-21T04,ERCO,WND,12296
2021-01-21T05,ERCO,WND,12669
2021-01-21T06,ERCO,WND,13002
2021-01-21T07,ERCO,WND,13404
2021-01-21T08,ERCO,WND,13630
2021-01-21T09,ERCO,WND,13537
2021-01-21T10,ERCO,WND,13571
2021-01-21T11,ERCO,WND,13694
2021-01-21T12,ERCO,WND,13021
2021-01-21T13,ERCO,WND,12057
2021-01-21T14,ERCO,WND,10445
2021-01-21T15,ERCO,WND,8590
2021-01-21T16,ERCO,WND,7471
2021-01-21T17,ERCO,WND,5600
2021-01-21T18,ERCO,WND,4413
2021-01-21T19,ERCO,WND,3355
2021-01-21T20,ERCO,WND,2695
2021-01-21T21,ERCO,WND,2414
2021-01-21T22,ERCO,WND,3109
2021-01-21T23,ERCO,WND,3696
2021-01-22T00,ERCO,WND,3565
2021-01-22T01,ERCO,WND,3999
2021-01-22T02,ERCO,WND,4684
2021-01-22T03,ERCO,WND,5688
2021-01-22T04,ERCO,WND,5659
2021-01-22T05,ERCO,WND,6478
2021-01-22T06,ERCO,WND,7563
2021-01-22T07,ERCO,WND,8670
2021-01-22T08,ERCO,WND,7951
2021-01-22T09,ERCO,WND,6674
2021-01-22T10,ERCO,WND,6092
2021-01-22T11,ERCO,WND,5934
2021-01-22T12,ERCO,WND,6221
2021-01-22T13,ERCO,WND,6132
2021-01-22T14,ERCO,WND,6365
2021-01-22T15,ERCO,WND,5780
2021-01-22T16,ERCO,WND,4010
2021-01-22T17,ERCO,WND,2790
2021-01-22T18,ERCO,WND,2074
2021-01-22T19,ERCO,WND,1401
2021-01-22T20,ERCO,WND,1016
2021-01-22T21,ERCO,WND,969
2021-01-22T22,ERCO,WND,985
2021-01-22T23,ERCO,WND,1096
2021-01-23T00,ERCO,WND,1562
2021-01-23T01,ERCO,WND,2554
2021-01-23T02,ERCO,WND,3632
2021-01-23T03,ERCO,WND,4142
2021-01-23T04,ERCO,WND,4076
2021-01-23T05,ERCO,WND,4183
2021-01-23T06,ERCO,WND,3901
2021-01-23T07,ERCO,WND,3653
2021-01-23T08,ERCO,WND,3649
2021-01-23T09,ERCO,WND,3705
2021-01-23T10,ERCO,WND,3754
2021-01-23T11,ERCO,WND,3818
2021-01-23T12,ERCO,WND,4241
2021-01-23T13,ERCO,WND,4780
2021-01-23T14,ERCO,WND,4921
2021-01-23T15,ERCO,WND,4997
2021-01-23T16,ERCO,WND,5558
2021-01-23T17,ERCO,WND,5829
2021-01-23T18,ERCO,WND,6264
2021-01-23T19,ERCO,WND,6570
2021-01-23T20,ERCO,WND,6995
2021-01-23T21,ERCO,WND,7357
2021-01-23T22,ERCO,WND,7314
2021-01-23T23,ERCO,WND,7316
2021-01-24T00,ERCO,WND,7780
2021-01-24T01,ERCO,WND,9279
2021-01-24T02,ERCO,WND,10871
2021-01-24T03,ERCO,WND,12568
2021-01-24T04,ERCO,WND,13701
2021-01-24T05,ERCO,WND,13985
2021-01-24T06,ERCO,WND,14303
2021-01-24T07,ERCO,WND,13843
2021-01-24T08,ERCO,WND,12774
2021-01-24T09,ERCO,WND,12044
2021-01-24T10,ERCO,WND,11383
2021-01-24T11,ERCO,WND,10509
2021-01-24T12,ERCO,WND,10150
2021-01-24T13,ERCO,WND,9613
2021-01-24T14,ERCO,WND,8453
2021-01-24T15,ERCO,WND,7649
2021-01-24T16,ERCO,WND,7316
2021-01-24T17,ERCO,WND,7997
2021-01-24T18,ERCO,WND,9496
2021-01-24T19,ERCO,WND,10252
2021-01-24T20,ERCO,WND,10360
2021-01-24T21,ERCO,WND,10541
2021-01-24T22,ERCO,WND,11304
2021-01-24T23,ERCO,WND,11933
2021-01-25T00,ERCO,WND,12185
2021-01-25T01,ERCO,WND,13898
2021-01-25T02,ERCO,WND,15024
2021-01-25T03,ERCO,WND,15040
2021-01-25T04,ERCO,WND,13578
2021-01-25T05,ERCO,WND,13152
2021-01-25T06,ERCO,WND,13740
2021-01-25T07,ERCO,WND,15774
2021-01-25T08,ERCO,WND,16040
2021-01-25T09,ERCO,WND,14738
2021-01-25T10,ERCO,WND,15276
2021-01-25T11,ERCO,WND,15951
2021-01-25T12,ERCO,WND,17066
2021-01-25T13,ERCO,WND,17616
2021-01-25T14,ERCO,WND,17744
2021-01-25T15,ERCO,WND,16782
2021-01-25T16,ERCO,WND,15873
2021-01-25T17,ERCO,WND,16359
2021-01-25T18,ERCO,WND,17088
2021-01-25T19,ERCO,WND,16847
2021-01-25T20,ERCO,WND,16384
2021-01-25T21,ERCO,WND,16443
2021-01-25T22,ERCO,WND,16460
2021-01-25T23,ERCO,WND,17313
2021-01-26T00,ERCO,WND,15991
2021-01-26T01,ERCO,WND,13591
2021-01-26T02,ERCO,WND,13273
2021-01-26T03,ERCO,WND,12671
2021-01-26T04,ERCO,WND,11918
2021-01-26T05,ERCO,WND,10360
2021-01-26T06,ERCO,WND,8453
2021-01-26T07,ERCO,WND,7877
2021-01-26T08,ERCO,WND,8364
2021-01-26T09,ERCO,WND,9639
2021-01-26T10,ERCO,WND,10008
2021-01-26T11,ERCO,WND,8872
2021-01-26T12,ERCO,WND,8414
2021-01-26T13,ERCO,WND,9279
2021-01-26T14,ERCO,WND,9595
2021-01-26T15,ERCO,WND,7815
2021-01-26T16,ERCO,WND,5888
2021-01-26T17,ERCO,WND,5025
2021-01-26T18,ERCO,WND,3907
2021-01-26T19,ERCO,WND,3120
2021-01-26T20,ERCO,WND,2615
2021-01-26T21,ERCO,WND,2277
2021-01-26T22,ERCO,WND,2487
2021-01-26T23,ERCO,WND,4242
2021-01-27T00,ERCO,WND,7235
2021-01-27T01,ERCO,WND,9456
2021-01-27T02,ERCO,WND,10794
2021-01-27T03,ERCO,WND,8802
2021-01-27T04,ERCO,WND,7078
2021-01-27T05,ERCO,WND,5877
2021-01-27T06,ERCO,WND,5647
2021-01-27T07,ERCO,WND,6104
2021-01-27T08,ERCO,WND,6692
2021-01-27T09,ERCO,WND,8095
2021-01-27T10,ERCO,WND,11591
2021-01-27T11,ERCO,WND,14643
2021-01-27T12,ERCO,WND,15580
2021-01-27T13,ERCO,WND,16066
2021-01-27T14,ERCO,WND,16361
2021-01-27T15,ERCO,WND,14927
2021-01-27T16,ERCO,WND,13744
2021-01-27T17,ERCO,WND,14179
2021-01-27T18,ERCO,WND,13226
2021-01-27T19,ERCO,WND,10867
2021-01-27T20,ERCO,WND,8387
2021-01-27T21,ERCO,WND,6828
2021-01-27T22,ERCO,WND,5618
2021-01-27T23,ERCO,WND,4923
2021-01-28T00,ERCO,WND,4454
2021-01-28T01,ERCO,WND,4606
2021-01-28T02,ERCO,WND,6680
2021-01-28T03,ERCO,WND,8557
2021-01-28T04,ERCO,WND,9185
2021-01-28T05,ERCO,WND,9460
2021-01-28T06,ERCO,WND,10346
2021-01-28T07,ERCO,WND,11112
2021-01-28T08,ERCO,WND,11902
2021-01-28T09,ERCO,WND,12420
2021-01-28T10,ERCO,WND,12446
2021-01-28T11,ERCO,WND,12040
2021-01-28T12,ERCO,WND,12010
2021-01-28T13,ERCO,WND,12248
2021-01-28T14,ERCO,WND,12023
2021-01-28T15,ERCO,WND,10673
2021-01-28T16,ERCO,WND,8427
2021-01-28T17,ERCO,WND,7142
2021-01-28T18,ERCO,WND,6747
2021-01-28T19,ERCO,WND,6745
2021-01-28T20,ERCO,WND,6937
2021-01-28T21,ERCO,WND,8397
2021-01-28T22,ERCO,WND,9576
2021-01-28T23,ERCO,WND,9939
2021-01-29T00,ERCO,WND,10185
2021-01-29T01,ERCO,WND,11123
2021-01-29T02,ERCO,WND,12810
2021-01-29T03,ERCO,WND,14043
2021-01-29T04,ERCO,WND,14807
2021-01-29T05,ERCO,WND,15732
2021-01-29T06,ERCO,WND,16072
2021-01-29T07,ERCO,WND,16485
2021-01-29T08,ERCO,WND,17014
2021-01-29T09,ERCO,WND,17447
2021-01-29T10,ERCO,WND,18065
2021-01-29T11,ERCO,WND,18052
2021-01-29T12,ERCO,WND,17967
2021-01-29T13,ERCO,WND,18063
2021-01-29T14,ERCO,WND,17821
2021-01-29T15,ERCO,WND,17120
2021-01-29T16,ERCO,WND,15191
2021-01-29T17,ERCO,WND,15913
2021-01-29T18,ERCO,WND,16064
2021-01-29T19,ERCO,WND,15204
2021-01-29T20,ERCO,WND,15547
2021-01-29T21,ERCO,WND,15777
2021-01-29T22,ERCO,WND,15836
2021-01-29T23,ERCO,WND,15627
2021-01-30T00,ERCO,WND,15151
2021-01-30T01,ERCO,WND,14935
2021-01-30T02,ERCO,WND,16680
2021-01-30T03,ERCO,WND,18633
2021-01-30T04,ERCO,WND,19512
2021-01-30T05,ERCO,WND,20311
2021-01-30T06,ERCO,WND,20588
2021-01-30T07,ERCO,WND,19941
2021-01-30T08,ERCO,WND,19511
2021-01-30T09,ERCO,WND,19315
2021-01-30T10,ERCO,WND,19345
2021-01-30T11,ERCO,WND,19263
2021-01-30T12,ERCO,WND,19450
2021-01-30T13,ERCO,WND,20537
2021-01-30T14,ERCO,WND,21568
2021-01-30T15,ERCO,WND,21315
2021-01-30T16,ERCO,WND,21008
2021-01-30T17,ERCO,WND,21076
2021-01-30T18,ERCO,WND,20694
2021-01-30T19,ERCO,WND,20666
2021-01-30T20,ERCO,WND,19852
2021-01-30T21,ERCO,WND,19479
2021-01-30T22,ERCO,WND,19232
2021-01-30T23,ERCO,WND,18623
2021-01-31T00,ERCO,WND,15728
2021-01-31T01,ERCO,WND,13992
2021-01-31T02,ERCO,WND,13568
2021-01-31T03,ERCO,WND,13199
2021-01-31T04,ERCO,WND,12717
2021-01-31T05,ERCO,WND,11801
2021-01-31T06,ERCO,WND,11626
2021-01-31T07,ERCO,WND,11247
2021-01-31T08,ERCO,WND,12625
2021-01-31T09,ERCO,WND,13780
2021-01-31T10,ERCO,WND,14094
2021-01-31T11,ERCO,WND,15272
2021-01-31T12,ERCO,WND,15633
2021-01-31T13,ERCO,WND,15772
2021-01-31T14,ERCO,WND,16262
2021-01-31T15,ERCO,WND,15436
2021-01-31T16,ERCO,WND,15023
2021-01-31T17,ERCO,WND,16614
2021-01-31T18,ERCO,WND,15997
2021-01-31T19,ERCO,WND,14609
2021-01-31T20,ERCO,WND,13596
2021-01-31T21,ERCO,WND,13069
2021-01-31T22,ERCO,WND,12295
2021-01-31T23,ERCO,WND,11135
2021-02-01T00,ERCO,WND,8957
2021-02-01T01,ERCO,WND,7296
2021-02-01T02,ERCO,WND,7981
2021-02-01T03,ERCO,WND,8094
2021-02-01T04,ERCO,WND,7210
2021-02-01T05,ERCO,WND,6706
2021-02-01T06,ERCO,WND,6907
2021-02-01T07,ERCO,WND,6909
2021-02-01T08,ERCO,WND,6663
2021-02-01T09,ERCO,WND,6420
2021-02-01T10,ERCO,WND,6478
2021-02-01T11,ERCO,WND,6515
2021-02-01T12,ERCO,WND,6130
2021-02-01T13,ERCO,WND,5529
2021-02-01T14,ERCO,WND,4992
2021-02-01T15,ERCO,WND,4334
2021-02-01T16,ERCO,WND,4119
2021-02-01T17,ERCO,WND,3576
2021-02-01T18,ERCO,WND,3374
2021-02-01T19,ERCO,WND,2978
2021-02-01T20,ERCO,WND,3141
2021-02-01T21,ERCO,WND,3459
2021-02-01T22,ERCO,WND,3937
2021-02-01T23,ERCO,WND,4030
2021-02-02T00,ERCO,WND,4261
2021-02-02T01,ERCO,WND,4995
2021-02-02T02,ERCO,WND,6385
2021-02-02T03,ERCO,WND,8656
2021-02-02T04,ERCO,WND,10206
2021-02-02T05,ERCO,WND,12261
2021-02-02T06,ERCO,WND,13761
2021-02-02T07,ERCO,WND,13911
2021-02-02T08,ERCO,WND,13092
2021-02-02T09,ERCO,WND,13785
2021-02-02T10,ERCO,WND,14173
2021-02-02T11,ERCO,WND,14487
2021-02-02T12,ERCO,WND,14243
2021-02-02T13,ERCO,WND,14575
2021-02-02T14,ERCO,WND,15318
2021-02-02T15,ERCO,WND,14889
2021-02-02T16,ERCO,WND,12604
2021-02-02T17,ERCO,WND,12999
2021-02-02T18,ERCO,WND,13167
2021-02-02T19,ERCO,WND,12228
2021-02-02T20,ERCO,WND,10908
2021-02-02T21,ERCO,WND,9312
2021-02-02T22,ERCO,WND,7777
2021-02-02T23,ERCO,WND,6453
2021-02-03T00,ERCO,WND,6225
2021-02-03T01,ERCO,WND,8527
2021-02-03T02,ERCO,WND,12695
2021-02-03T03,ERCO,WND,15252
2021-02-03T04,ERCO,WND,16416
2021-02-03T05,ERCO,WND,16509
2021-02-03T06,ERCO,WND,16484
2021-02-03T07,ERCO,WND,16008
2021-02-03T08,ERCO,WND,15232
2021-02-03T09,ERCO,WND,14227
2021-02-03T10,ERCO,WND,13719
2021-02-03T11,ERCO,WND,13232
2021-02-03T12,ERCO,WND,12277
2021-02-03T13,ERCO,WND,12358
2021-02-03T14,ERCO,WND,12788
2021-02-03T15,ERCO,WND,12421
2021-02-03T16,ERCO,WND,9785
2021-02-03T17,ERCO,WND,8962
2021-02-03T18,ERCO,WND,9195
2021-02-03T19,ERCO,WND,9416
2021-02-03T20,ERCO,WND,10966
2021-02-03T21,ERCO,WND,12989
2021-02-03T22,ERCO,WND,15090
2021-02-03T23,ERCO,WND,16803
2021-02-04T00,ERCO,WND,17426
2021-02-04T01,ERCO,WND,19253
2021-02-04T02,ERCO,WND,21610
2021-02-04T03,ERCO,WND,22415
2021-02-04T04,ERCO,WND,22025
2021-02-04T05,ERCO,WND,21238
2021-02-04T06,ERCO,WND,19695
2021-02-04T07,ERCO,WND,18825
2021-02-04T08,ERCO,WND,18252
2021-02-04T09,ERCO,WND,17782
2021-02-04T10,ERCO,WND,17610
2021-02-04T11,ERCO,WND,18078
2021-02-04T12,ERCO,WND,19227
2021-02-04T13,ERCO,WND,19205
2021-02-04T14,ERCO,WND,18771
2021-02-04T15,ERCO,WND,18058
2021-02-04T16,ERCO,WND,19068
2021-02-04T17,ERCO,WND,19519
2021-02-04T18,ERCO,WND,18859
2021-02-04T19,ERCO,WND,17263
2021-02-04T20,ERCO,WND,14972
2021-02-04T21,ERCO,WND,12078
2021-02-04T22,ERCO,WND,10056
2021-02-04T23,ERCO,WND,8064
2021-02-05T00,ERCO,WND,7188
2021-02-05T01,ERCO,WND,7597
2021-02-05T02,ERCO,WND,9039
2021-02-05T03,ERCO,WND,10253
2021-02-05T04,ERCO,WND,11045
2021-02-05T05,ERCO,WND,11307
2021-02-05T06,ERCO,WND,11491
2021-02-05T07,ERCO,WND,11285
2021-02-05T08,ERCO,WND,10170
2021-02-05T09,ERCO,WND,8760
2021-02-05T10,ERCO,WND,7754
2021-02-05T11,ERCO,WND,7545
2021-02-05T12,ERCO,WND,7293
2021-02-05T13,ERCO,WND,6983
2021-02-05T14,ERCO,WND,6645
2021-02-05T15,ERCO,WND,5593
2021-02-05T16,ERCO,WND,5194
2021-02-05T17,ERCO,WND,6425
2021-02-05T18,ERCO,WND,6314
2021-02-05T19,ERCO,WND,5446
2021-02-05T20,ERCO,WND,4670
2021-02-05T21,ERCO,WND,3974
2021-02-05T22,ERCO,WND,3473
2021-02-05T23,ERCO,WND,3438
2021-02-06T00,ERCO,WND,3775
2021-02-06T01,ERCO,WND,5635
2021-02-06T02,ERCO,WND,9775
2021-02-06T03,ERCO,WND,13363
2021-02-06T04,ERCO,WND,15841
2021-02-06T05,ERCO,WND,16523
2021-02-06T06,ERCO,WND,16343
2021-02-06T07,ERCO,WND,15640
2021-02-06T08,ERCO,WND,15626
2021-02-06T09,ERCO,WND,15697
2021-02-06T10,ERCO,WND,14896
2021-02-06T11,ERCO,WND,14280
2021-02-06T12,ERCO,WND,13140
2021-02-06T13,ERCO,WND,12049
2021-02-06T14,ERCO,WND,12396
2021-02-06T15,ERCO,WND,12769
2021-02-06T16,ERCO,WND,13164
2021-02-06T17,ERCO,WND,14486
2021-02-06T18,ERCO,WND,15501
2021-02-06T19,ERCO,WND,16077
2021-02-06T20,ERCO,WND,16629
2021-02-06T21,ERCO,WND,16131
2021-02-06T22,ERCO,WND,14864
2021-02-06T23,ERCO,WND,12183
2021-02-07T00,ERCO,WND,8384
2021-02-07T01,ERCO,WND,5449
2021-02-07T02,ERCO,WND,6882
2021-02-07T03,ERCO,WND,8465
2021-02-07T04,ERCO,WND,8763
2021-02-07T05,ERCO,WND,9858
2021-02-07T06,ERCO,WND,11054
2021-02-07T07,ERCO,WND,13236
2021-02-07T08,ERCO,WND,14562
2021-02-07T09,ERCO,WND,15169
2021-02-07T10,ERCO,WND,16477
2021-02-07T11,ERCO,WND,16788
2021-02-07T12,ERCO,WND,16595
2021-02-07T13,ERCO,WND,16152
2021-02-07T14,ERCO,WND,15417
2021-02-07T15,ERCO,WND,14274
2021-02-07T16,ERCO,WND,13821
2021-02-07T17,ERCO,WND,15385
2021-02-07T18,ERCO,WND,15501
2021-02-07T19,ERCO,WND,14957
2021-02-07T20,ERCO,WND,14091
2021-02-07T21,ERCO,WND,13399
2021-02-07T22,ERCO,WND,13130
2021-02-07T23,ERCO,WND,13774
2021-02-08T00,ERCO,WND,14972
2021-02-08T01,ERCO,WND,17459
2021-02-08T02,ERCO,WND,20284
2021-02-08T03,ERCO,WND,21707
2021-02-08T04,ERCO,WND,22305
2021-02-08T05,ERCO,WND,22150
2021-02-08T06,ERCO,WND,21077
2021-02-08T07,ERCO,WND,20192
2021-02-08T08,ERCO,WND,19630
2021-02-08T09,ERCO,WND,19274
2021-02-08T10,ERCO,WND,18393
2021-02-08T11,ERCO,WND,17391
2021-02-08T12,ERCO,WND,16223
2021-02-08T13,ERCO,WND,14497
2021-02-08T14,ERCO,WND,13021
2021-02-08T15,ERCO,WND,10492
2021-02-08T16,ERCO,WND,7950
2021-02-08T17,ERCO,WND,7748
2021-02-08T18,ERCO,WND,7016
2021-02-08T19,ERCO,WND,5981
2021-02-08T20,ERCO,WND,4846
2021-02-08T21,ERCO,WND,4147
2021-02-08T22,ERCO,WND,3862
2021-02-08T23,ERCO,WND,4386
2021-02-09T00,ERCO,WND,4817
2021-02-09T01,ERCO,WND,6368
2021-02-09T02,ERCO,WND,8673
2021-02-09T03,ERCO,WND,9432
2021-02-09T04,ERCO,WND,8749
2021-02-09T05,ERCO,WND,7997
2021-02-09T06,ERCO,WND,7056
2021-02-09T07,ERCO,WND,5931
2021-02-09T08,ERCO,WND,5517
2021-02-09T09,ERCO,WND,5145
2021-02-09T10,ERCO,WND,4320
2021-02-09T11,ERCO,WND,3863
2021-02-09T12,ERCO,WND,3061
2021-02-09T13,ERCO,WND,2286
2021-02-09T14,ERCO,WND,1489
2021-02-09T15,ERCO,WND,1061
2021-02-09T16,ERCO,WND,783
2021-02-09T17,ERCO,WND,735
2021-02-09T18,ERCO,WND,815
2021-02-09T19,ERCO,WND,994
2021-02-09T20,ERCO,WND,1533
2021-02-09T21,ERCO,WND,2362
2021-02-09T22,ERCO,WND,3615
2021-02-09T23,ERCO,WND,5015
2021-02-10T00,ERCO,WND,6057
2021-02-10T01,ERCO,WND,6365
2021-02-10T02,ERCO,WND,7009
2021-02-10T03,ERCO,WND,6726
2021-02-10T04,ERCO,WND,5839
2021-02-10T05,ERCO,WND,4626
2021-02-10T06,ERCO,WND,3668
2021-02-10T07,ERCO,WND,3419
2021-02-10T08,ERCO,WND,3247
2021-02-10T09,ERCO,WND,3240
2021-02-10T10,ERCO,WND,2663
2021-02-10T11,ERCO,WND,2328
2021-02-10T12,ERCO,WND,2147
2021-02-10T13,ERCO,WND,2215
2021-02-10T14,ERCO,WND,1985
2021-02-10T15,ERCO,WND,1967
2021-02-10T16,ERCO,WND,2354
2021-02-10T17,ERCO,WND,3127
2021-02-10T18,ERCO,WND,3611
2021-02-10T19,ERCO,WND,3633
2021-02-10T20,ERCO,WND,3869
2021-02-10T21,ERCO,WND,4335
2021-02-10T22,ERCO,WND,4783
2021-02-10T23,ERCO,WND,5247
2021-02-11T00,ERCO,WND,5464
2021-02-11T01,ERCO,WND,5367
2021-02-11T02,ERCO,WND,5224
2021-02-11T03,ERCO,WND,5145
2021-02-11T04,ERCO,WND,4634
2021-02-11T05,ERCO,WND,4129
2021-02-11T06,ERCO,WND,3689
2021-02-11T07,ERCO,WND,3389
2021-02-11T08,ERCO,WND,3905
2021-02-11T09,ERCO,WND,3807
2021-02-11T10,ERCO,WND,3447
2021-02-11T11,ERCO,WND,3654
2021-02-11T12,ERCO,WND,4262
2021-02-11T13,ERCO,WND,4529
2021-02-11T14,ERCO,WND,4762
2021-02-11T15,ERCO,WND,4543
2021-02-11T16,ERCO,WND,4348
2021-02-11T17,ERCO,WND,4227
2021-02-11T18,ERCO,WND,5544
2021-02-11T19,ERCO,WND,5246
2021-02-11T20,ERCO,WND,5334
2021-02-11T21,ERCO,WND,5026
2021-02-11T22,ERCO,WND,4289
2021-02-11T23,ERCO,WND,4562
2021-02-12T00,ERCO,WND,4569
2021-02-12T01,ERCO,WND,5520
2021-02-12T02,ERCO,WND,6737
2021-02-12T03,ERCO,WND,7213
2021-02-12T04,ERCO,WND,6982
2021-02-12T05,ERCO,WND,7550
2021-02-12T06,ERCO,WND,7656
2021-02-12T07,ERCO,WND,7812
2021-02-12T08,ERCO,WND,7841
2021-02-12T09,ERCO,WND,7959
2021-02-12T10,ERCO,WND,8342
2021-02-12T11,ERCO,WND,7971
2021-02-12T12,ERCO,WND,7720
2021-02-12T13,ERCO,WND,7389
2021-02-12T14,ERCO,WND,6981
2021-02-12T15,ERCO,WND,6787
2021-02-12T16,ERCO,WND,6322
2021-02-12T17,ERCO,WND,5843
2021-02-12T18,ERCO,WND,4758
2021-02-12T19,ERCO,WND,4054
2021-02-12T20,ERCO,WND,3773
2021-02-12T21,ERCO,WND,4609
2021-02-12T22,ERCO,WND,4597
2021-02-12T23,ERCO,WND,4252
2021-02-13T00,ERCO,WND,4092
2021-02-13T01,ERCO,WND,3996
2021-02-13T02,ERCO,WND,4209
2021-02-13T03,ERCO,WND,4235
2021-02-13T04,ERCO,WND,4084
2021-02-13T05,ERCO,WND,4057
2021-02-13T06,ERCO,WND,3655
2021-02-13T07,ERCO,WND,3193
2021-02-13T08,ERCO,WND,3667
2021-02-13T09,ERCO,WND,3486
2021-02-13T10,ERCO,WND,3631
2021-02-13T11,ERCO,WND,3778
2021-02-13T12,ERCO,WND,4200
2021-02-13T13,ERCO,WND,4586
2021-02-13T14,ERCO,WND,4892
2021-02-13T15,ERCO,WND,4628
2021-02-13T16,ERCO,WND,3945
2021-02-13T17,ERCO,WND,3639
2021-02-13T18,ERCO,WND,3373
2021-02-13T19,ERCO,WND,3491
2021-02-13T20,ERCO,WND,3730
2021-02-13T21,ERCO,WND,3625
2021-02-13T22,ERCO,WND,3755
2021-02-13T23,ERCO,WND,4116
2021-02-14T00,ERCO,WND,4126
2021-02-14T01,ERCO,WND,4266
2021-02-14T02,ERCO,WND,4661
2021-02-14T03,ERCO,WND,4910
2021-02-14T04,ERCO,WND,5003
2021-02-14T05,ERCO,WND,4451
2021-02-14T06,ERCO,WND,4548
2021-02-14T07,ERCO,WND,4647
2021-02-14T08,ERCO,WND,5331
2021-02-14T09,ERCO,WND,5805
2021-02-14T10,ERCO,WND,5859
2021-02-14T11,ERCO,WND,5682
2021-02-14T12,ERCO,WND,6227
2021-02-14T13,ERCO,WND,6775
2021-02-14T14,ERCO,WND,7201
2021-02-14T15,ERCO,WND,7416
2021-02-14T16,ERCO,WND,7805
2021-02-14T17,ERCO,WND,8084
2021-02-14T18,ERCO,WND,8159
2021-02-14T19,ERCO,WND,8197
2021-02-14T20,ERCO,WND,8672
2021-02-14T21,ERCO,WND,8804
2021-02-14T22,ERCO,WND,9101
2021-02-14T23,ERCO,WND,8957
2021-02-15T00,ERCO,WND,9015
2021-02-15T01,ERCO,WND,8261
2021-02-15T02,ERCO,WND,8087
2021-02-15T03,ERCO,WND,7642
2021-02-15T04,ERCO,WND,7083
2021-02-15T05,ERCO,WND,6341
2021-02-15T06,ERCO,WND,5450
2021-02-15T07,ERCO,WND,5350
2021-02-15T08,ERCO,WND,5205
2021-02-15T09,ERCO,WND,5154
2021-02-15T10,ERCO,WND,5214
2021-02-15T11,ERCO,WND,4828
2021-02-15T12,ERCO,WND,4612
2021-02-15T13,ERCO,WND,4300
2021-02-15T14,ERCO,WND,4512
2021-02-15T15,ERCO,WND,4409
2021-02-15T16,ERCO,WND,4386
2021-02-15T17,ERCO,WND,3969
2021-02-15T18,ERCO,WND,3185
2021-02-15T19,ERCO,WND,2605
2021-02-15T20,ERCO,WND,2537
2021-02-15T21,ERCO,WND,2323
2021-02-15T22,ERCO,WND,1944
2021-02-15T23,ERCO,WND,1690
2021-02-16T00,ERCO,WND,1185
2021-02-16T01,ERCO,WND,788
2021-02-16T02,ERCO,WND,649
2021-02-16T03,ERCO,WND,807
2021-02-16T04,ERCO,WND,1023
2021-02-16T05,ERCO,WND,1228
2021-02-16T06,ERCO,WND,1492
2021-02-16T07,ERCO,WND,1897
2021-02-16T08,ERCO,WND,2352
2021-02-16T09,ERCO,WND,3114
2021-02-16T10,ERCO,WND,3545
2021-02-16T11,ERCO,WND,4091
2021-02-16T12,ERCO,WND,4337
2021-02-16T13,ERCO,WND,4397
2021-02-16T14,ERCO,WND,4415
2021-02-16T15,ERCO,WND,4230
2021-02-16T16,ERCO,WND,3922
2021-02-16T17,ERCO,WND,4133
2021-02-16T18,ERCO,WND,4160
2021-02-16T19,ERCO,WND,4108
2021-02-16T20,ERCO,WND,4335
2021-02-16T21,ERCO,WND,4392
2021-02-16T22,ERCO,WND,4337
2021-02-16T23,ERCO,WND,4331
2021-02-17T00,ERCO,WND,4040
2021-02-17T01,ERCO,WND,3694
2021-02-17T02,ERCO,WND,3748
2021-02-17T03,ERCO,WND,3394
2021-02-17T04,ERCO,WND,3271
2021-02-17T05,ERCO,WND,2953
2021-02-17T06,ERCO,WND,2891
2021-02-17T07,ERCO,WND,3115
2021-02-17T08,ERCO,WND,3315
2021-02-17T09,ERCO,WND,2950
2021-02-17T10,ERCO,WND,2466
2021-02-17T11,ERCO,WND,2168
2021-02-17T12,ERCO,WND,1669
2021-02-17T13,ERCO,WND,1226
2021-02-17T14,ERCO,WND,939
2021-02-17T15,ERCO,WND,734
2021-02-17T16,ERCO,WND,1092
2021-02-17T17,ERCO,WND,1430
2021-02-17T18,ERCO,WND,2014
2021-02-17T19,ERCO,WND,2772
2021-02-17T20,ERCO,WND,2764
2021-02-17T21,ERCO,WND,2862
2021-02-17T22,ERCO,WND,2849
2021-02-17T23,ERCO,WND,2745
2021-02-18T00,ERCO,WND,2999
2021-02-18T01,ERCO,WND,3433
2021-02-18T02,ERCO,WND,3776
2021-02-18T03,ERCO,WND,3556
2021-02-18T04,ERCO,WND,3645
2021-02-18T05,ERCO,WND,3698
2021-02-18T06,ERCO,WND,3667
2021-02-18T07,ERCO,WND,4096
2021-02-18T08,ERCO,WND,3946
2021-02-18T09,ERCO,WND,4698
2021-02-18T10,ERCO,WND,5268
2021-02-18T11,ERCO,WND,5436
2021-02-18T12,ERCO,WND,5630
2021-02-18T13,ERCO,WND,5498
2021-02-18T14,ERCO,WND,5646
2021-02-18T15,ERCO,WND,5869
2021-02-18T16,ERCO,WND,6736
2021-02-18T17,ERCO,WND,6633
2021-02-18T18,ERCO,WND,6891
2021-02-18T19,ERCO,WND,6889
2021-02-18T20,ERCO,WND,6644
2021-02-18T21,ERCO,WND,6852
2021-02-18T22,ERCO,WND,6758
2021-02-18T23,ERCO,WND,6717
2021-02-19T00,ERCO,WND,6558
2021-02-19T01,ERCO,WND,6166
2021-02-19T02,ERCO,WND,5997
2021-02-19T03,ERCO,WND,5772
2021-02-19T04,ERCO,WND,5547
2021-02-19T05,ERCO,WND,5571
2021-02-19T06,ERCO,WND,5628
2021-02-19T07,ERCO,WND,5557
2021-02-19T08,ERCO,WND,5431
2021-02-19T09,ERCO,WND,5211
2021-02-19T10,ERCO,WND,4993
2021-02-19T11,ERCO,WND,4652
2021-02-19T12,ERCO,WND,4606
2021-02-19T13,ERCO,WND,4201
2021-02-19T14,ERCO,WND,4501
2021-02-19T15,ERCO,WND,4324
2021-02-19T16,ERCO,WND,3994
2021-02-19T17,ERCO,WND,3407
2021-02-19T18,ERCO,WND,3903
2021-02-19T19,ERCO,WND,4316
2021-02-19T20,ERCO,WND,5137
2021-02-19T21,ERCO,WND,5638
2021-02-19T22,ERCO,WND,5798
2021-02-19T23,ERCO,WND,6283
2021-02-20T00,ERCO,WND,6158
2021-02-20T01,ERCO,WND,7064
2021-02-20T02,ERCO,WND,8909
2021-02-20T03,ERCO,WND,10618
2021-02-20T04,ERCO,WND,11758
2021-02-20T05,ERCO,WND,12074
2021-02-20T06,ERCO,WND,12059
2021-02-20T07,ERCO,WND,11831
2021-02-20T08,ERCO,WND,11602
2021-02-20T09,ERCO,WND,11124
2021-02-20T10,ERCO,WND,10386
2021-02-20T11,ERCO,WND,9491
2021-02-20T12,ERCO,WND,8964
2021-02-20T13,ERCO,WND,8660
2021-02-20T14,ERCO,WND,8579
2021-02-20T15,ERCO,WND,7415
2021-02-20T16,ERCO,WND,6064
2021-02-20T17,ERCO,WND,6443
2021-02-20T18,ERCO,WND,7469
2021-02-20T19,ERCO,WND,9459
2021-02-20T20,ERCO,WND,10279
2021-02-20T21,ERCO,WND,9884
2021-02-20T22,ERCO,WND,8899
2021-02-20T23,ERCO,WND,8851
2021-02-21T00,ERCO,WND,10029
2021-02-21T01,ERCO,WND,13337
2021-02-21T02,ERCO,WND,16025
2021-02-21T03,ERCO,WND,16909
2021-02-21T04,ERCO,WND,16547
2021-02-21T05,ERCO,WND,15538
2021-02-21T06,ERCO,WND,14817
2021-02-21T07,ERCO,WND,14465
2021-02-21T08,ERCO,WND,14142
2021-02-21T09,ERCO,WND,14053
2021-02-21T10,ERCO,WND,13903
2021-02-21T11,ERCO,WND,13996
2021-02-21T12,ERCO,WND,14324
2021-02-21T13,ERCO,WND,15199
2021-02-21T14,ERCO,WND,15679
2021-02-21T15,ERCO,WND,14218
2021-02-21T16,ERCO,WND,13035
2021-02-21T17,ERCO,WND,12908
2021-02-21T18,ERCO,WND,12469
2021-02-21T19,ERCO,WND,11513
2021-02-21T20,ERCO,WND,10908
2021-02-21T21,ERCO,WND,10043
2021-02-21T22,ERCO,WND,9679
2021-02-21T23,ERCO,WND,9810
2021-02-22T00,ERCO,WND,10079
2021-02-22T01,ERCO,WND,9017
2021-02-22T02,ERCO,WND,8716
2021-02-22T03,ERCO,WND,8857
2021-02-22T04,ERCO,WND,8108
2021-02-22T05,ERCO,WND,7139
2021-02-22T06,ERCO,WND,5655
2021-02-22T07,ERCO,WND,4016
2021-02-22T08,ERCO,WND,3139
2021-02-22T09,ERCO,WND,3014
2021-02-22T10,ERCO,WND,3761
2021-02-22T11,ERCO,WND,5192
2021-02-22T12,ERCO,WND,6046
2021-02-22T13,ERCO,WND,7295
2021-02-22T14,ERCO,WND,8957
2021-02-22T15,ERCO,WND,9442
2021-02-22T16,ERCO,WND,7419
2021-02-22T17,ERCO,WND,8551
2021-02-22T18,ERCO,WND,10208
2021-02-22T19,ERCO,WND,10871
2021-02-22T20,ERCO,WND,11118
2021-02-22T21,ERCO,WND,10819
2021-02-22T22,ERCO,WND,10462
2021-02-22T23,ERCO,WND,9740
2021-02-23T00,ERCO,WND,7726
2021-02-23T01,ERCO,WND,5558
2021-02-23T02,ERCO,WND,7689
2021-02-23T03,ERCO,WND,10314
2021-02-23T04,ERCO,WND,12609
2021-02-23T05,ERCO,WND,13109
2021-02-23T06,ERCO,WND,11683
2021-02-23T07,ERCO,WND,11546
2021-02-23T08,ERCO,WND,11255
2021-02-23T09,ERCO,WND,11295
2021-02-23T10,ERCO,WND,11297
2021-02-23T11,ERCO,WND,10628
2021-02-23T12,ERCO,WND,9878
2021-02-23T13,ERCO,WND,9547
2021-02-23T14,ERCO,WND,9589
2021-02-23T15,ERCO,WND,9049
2021-02-23T16,ERCO,WND,7166
2021-02-23T17,ERCO,WND,8480
2021-02-23T18,ERCO,WND,11404
2021-02-23T19,ERCO,WND,14128
2021-02-23T20,ERCO,WND,15761
2021-02-23T21,ERCO,WND,16530
2021-02-23T22,ERCO,WND,17305
2021-02-23T23,ERCO,WND,17774
2021-02-24T00,ERCO,WND,18281
2021-02-24T01,ERCO,WND,19272
2021-02-24T02,ERCO,WND,19887
2021-02-24T03,ERCO,WND,19384
2021-02-24T04,ERCO,WND,17867
2021-02-24T05,ERCO,WND,15735
2021-02-24T06,ERCO,WND,13832
2021-02-24T07,ERCO,WND,12190
2021-02-24T08,ERCO,WND,11359
2021-02-24T09,ERCO,WND,11022
2021-02-24T10,ERCO,WND,11041
2021-02-24T11,ERCO,WND,11510
2021-02-24T12,ERCO,WND,12307
2021-02-24T13,ERCO,WND,14745
2021-02-24T14,ERCO,WND,15994
2021-02-24T15,ERCO,WND,15255
2021-02-24T16,ERCO,WND,15221
2021-02-24T17,ERCO,WND,14630
2021-02-24T18,ERCO,WND,13166
2021-02-24T19,ERCO,WND,11599
2021-02-24T20,ERCO,WND,9773
2021-02-24T21,ERCO,WND,8443
2021-02-24T22,ERCO,WND,7715
2021-02-24T23,ERCO,WND,7158
2021-02-25T00,ERCO,WND,7456
2021-02-25T01,ERCO,WND,8364
2021-02-25T02,ERCO,WND,11587
2021-02-25T03,ERCO,WND,15057
2021-02-25T04,ERCO,WND,16959
2021-02-25T05,ERCO,WND,16243
2021-02-25T06,ERCO,WND,14322
2021-02-25T07,ERCO,WND,13747
2021-02-25T08,ERCO,WND,13078
2021-02-25T09,ERCO,WND,12697
2021-02-25T10,ERCO,WND,12632
2021-02-25T11,ERCO,WND,12987
2021-02-25T12,ERCO,WND,13208
2021-02-25T13,ERCO,WND,13132
2021-02-25T14,ERCO,WND,12390
2021-02-25T15,ERCO,WND,11669
2021-02-25T16,ERCO,WND,10824
2021-02-25T17,ERCO,WND,10362
2021-02-25T18,ERCO,WND,10240
2021-02-25T19,ERCO,WND,9920
2021-02-25T20,ERCO,WND,9377
2021-02-25T21,ERCO,WND,9466
2021-02-25T22,ERCO,WND,9506
2021-02-25T23,ERCO,WND,9670
2021-02-26T00,ERCO,WND,9460
2021-02-26T01,ERCO,WND,9451
2021-02-26T02,ERCO,WND,8824
2021-02-26T03,ERCO,WND,8303
2021-02-26T04,ERCO,WND,8583
2021-02-26T05,ERCO,WND,9538
2021-02-26T06,ERCO,WND,7666
2021-02-26T07,ERCO,WND,6450
2021-02-26T08,ERCO,WND,6311
2021-02-26T09,ERCO,WND,6061
2021-02-26T10,ERCO,WND,5139
2021-02-26T11,ERCO,WND,4042
2021-02-26T12,ERCO,WND,3156
2021-02-26T13,ERCO,WND,3071
2021-02-26T14,ERCO,WND,4077
2021-02-26T15,ERCO,WND,4614
2021-02-26T16,ERCO,WND,5729
2021-02-26T17,ERCO,WND,6530
2021-02-26T18,ERCO,WND,6765
2021-02-26T19,ERCO,WND,6567
2021-02-26T20,ERCO,WND,6600
2021-02-26T21,ERCO,WND,7382
2021-02-26T22,ERCO,WND,7522
2021-02-26T23,ERCO,WND,6524
2021-02-27T00,ERCO,WND,5911
2021-02-27T01,ERCO,WND,5802
2021-02-27T02,ERCO,WND,7276
2021-02-27T03,ERCO,WND,8834
2021-02-27T04,ERCO,WND,10401
2021-02-27T05,ERCO,WND,11961
2021-02-27T06,ERCO,WND,13281
2021-02-27T07,ERCO,WND,13571
2021-02-27T08,ERCO,WND,13425
2021-02-27T09,ERCO,WND,13044
2021-02-27T10,ERCO,WND,12564
2021-02-27T11,ERCO,WND,11679
2021-02-27T12,ERCO,WND,10884
2021-02-27T13,ERCO,WND,10608
2021-02-27T14,ERCO,WND,11085
2021-02-27T15,ERCO,WND,11784
2021-02-27T16,ERCO,WND,11092
2021-02-27T17,ERCO,WND,11563
2021-02-27T18,ERCO,WND,13502
2021-02-27T19,ERCO,WND,15003
2021-02-27T20,ERCO,WND,15387
2021-02-27T21,ERCO,WND,15568
2021-02-27T22,ERCO,WND,15675
2021-02-27T23,ERCO,WND,16110
2021-02-28T00,ERCO,WND,16557
2021-02-28T01,ERCO,WND,16922
2021-02-28T02,ERCO,WND,18572
2021-02-28T03,ERCO,WND,18813
2021-02-28T04,ERCO,WND,17890
2021-02-28T05,ERCO,WND,16791
2021-02-28T06,ERCO,WND,16242
2021-02-28T07,ERCO,WND,15692
2021-02-28T08,ERCO,WND,14752
2021-02-28T09,ERCO,WND,13864
2021-02-28T10,ERCO,WND,13216
2021-02-28T11,ERCO,WND,12652
2021-02-28T12,ERCO,WND,11643
2021-02-28T13,ERCO,WND,11900
2021-02-28T14,ERCO,WND,12514
2021-02-28T15,ERCO,WND,14091
2021-02-28T16,ERCO,WND,15581
2021-02-28T17,ERCO,WND,16037
2021-02-28T18,ERCO,WND,16185
2021-02-28T19,ERCO,WND,15609
2021-02-28T20,ERCO,WND,14308
2021-02-28T21,ERCO,WND,12929
2021-02-28T22,ERCO,WND,12629
2021-02-28T23,ERCO,WND,13025
2021-03-01T00,ERCO,WND,14141
2021-03-01T01,ERCO,WND,16062
2021-03-01T02,ERCO,WND,19614
2021-03-01T03,ERCO,WND,20703
2021-03-01T04,ERCO,WND,19785
2021-03-01T05,ERCO,WND,18012
2021-03-01T06,ERCO,WND,16339
2021-03-01T07,ERCO,WND,15197
2021-03-01T08,ERCO,WND,14871
2021-03-01T09,ERCO,WND,14445
2021-03-01T10,ERCO,WND,14135
2021-03-01T11,ERCO,WND,14171
2021-03-01T12,ERCO,WND,13594
2021-03-01T13,ERCO,WND,12338
2021-03-01T14,ERCO,WND,11664
2021-03-01T15,ERCO,WND,10910
2021-03-01T16,ERCO,WND,10040
2021-03-01T17,ERCO,WND,9266
2021-03-01T18,ERCO,WND,10167
2021-03-01T19,ERCO,WND,11073
2021-03-01T20,ERCO,WND,11443
2021-03-01T21,ERCO,WND,11775
2021-03-01T22,ERCO,WND,12342
2021-03-01T23,ERCO,WND,12398
2021-03-02T00,ERCO,WND,12064
2021-03-02T01,ERCO,WND,10384
2021-03-02T02,ERCO,WND,8788
2021-03-02T03,ERCO,WND,7799
2021-03-02T04,ERCO,WND,7506
2021-03-02T05,ERCO,WND,7151
2021-03-02T06,ERCO,WND,7753
2021-03-02T07,ERCO,WND,8033
2021-03-02T08,ERCO,WND,8246
2021-03-02T09,ERCO,WND,8467
2021-03-02T10,ERCO,WND,8640
2021-03-02T11,ERCO,WND,8927
2021-03-02T12,ERCO,WND,8973
2021-03-02T13,ERCO,WND,8427
2021-03-02T14,ERCO,WND,7571
2021-03-02T15,ERCO,WND,6236
2021-03-02T16,ERCO,WND,4649
2021-03-02T17,ERCO,WND,4827
2021-03-02T18,ERCO,WND,4220
2021-03-02T19,ERCO,WND,4011
2021-03-02T20,ERCO,WND,4265
2021-03-02T21,ERCO,WND,4343
2021-03-02T22,ERCO,WND,4563
2021-03-02T23,ERCO,WND,4570
2021-03-03T00,ERCO,WND,4234
2021-03-03T01,ERCO,WND,4671
2021-03-03T02,ERCO,WND,6527
2021-03-03T03,ERCO,WND,7770
2021-03-03T04,ERCO,WND,9348
2021-03-03T05,ERCO,WND,11497
2021-03-03T06,ERCO,WND,13316
2021-03-03T07,ERCO,WND,14914
2021-03-03T08,ERCO,WND,15873
2021-03-03T09,ERCO,WND,16352
2021-03-03T10,ERCO,WND,16072
2021-03-03T11,ERCO,WND,15757
2021-03-03T12,ERCO,WND,15240
2021-03-03T13,ERCO,WND,15028
2021-03-03T14,ERCO,WND,15054
2021-03-03T15,ERCO,WND,12756
2021-03-03T16,ERCO,WND,10199
2021-03-03T17,ERCO,WND,10146
2021-03-03T18,ERCO,WND,8497
2021-03-03T19,ERCO,WND,6083
2021-03-03T20,ERCO,WND,5258
2021-03-03T21,ERCO,WND,5569
2021-03-03T22,ERCO,WND,5868
2021-03-03T23,ERCO,WND,5751
2021-03-04T00,ERCO,WND,6000
2021-03-04T01,ERCO,WND,6920
2021-03-04T02,ERCO,WND,11229
2021-03-04T03,ERCO,WND,15546
2021-03-04T04,ERCO,WND,17656
2021-03-04T05,ERCO,WND,18734
2021-03-04T06,ERCO,WND,18032
2021-03-04T07,ERCO,WND,17120
2021-03-04T08,ERCO,WND,16728
2021-03-04T09,ERCO,WND,16898
2021-03-04T10,ERCO,WND,17206
2021-03-04T11,ERCO,WND,17113
2021-03-04T12,ERCO,WND,16228
2021-03-04T13,ERCO,WND,16181
2021-03-04T14,ERCO,WND,15990
2021-03-04T15,ERCO,WND,14283
2021-03-04T16,ERCO,WND,13132
2021-03-04T17,ERCO,WND,13776
2021-03-04T18,ERCO,WND,14491
2021-03-04T19,ERCO,WND,15366
2021-03-04T20,ERCO,WND,17090
2021-03-04T21,ERCO,WND,18059
2021-03-04T22,ERCO,WND,18341
2021-03-04T23,ERCO,WND,18964
2021-03-05T00,ERCO,WND,19352
2021-03-05T01,ERCO,WND,19703
2021-03-05T02,ERCO,WND,19148
2021-03-05T03,ERCO,WND,18173
2021-03-05T04,ERCO,WND,16049
2021-03-05T05,ERCO,WND,15381
2021-03-05T06,ERCO,WND,16231
2021-03-05T07,ERCO,WND,16497
2021-03-05T08,ERCO,WND,16357
2021-03-05T09,ERCO,WND,16051
2021-03-05T10,ERCO,WND,15914
2021-03-05T11,ERCO,WND,16583
2021-03-05T12,ERCO,WND,16779
2021-03-05T13,ERCO,WND,16631
2021-03-05T14,ERCO,WND,16446
2021-03-05T15,ERCO,WND,15750
2021-03-05T16,ERCO,WND,15936
2021-03-05T17,ERCO,WND,16033
2021-03-05T18,ERCO,WND,16905
2021-03-05T19,ERCO,WND,17133
2021-03-05T20,ERCO,WND,17759
2021-03-05T21,ERCO,WND,18356
2021-03-05T22,ERCO,WND,19045
2021-03-05T23,ERCO,WND,19445
2021-03-06T00,ERCO,WND,19706
2021-03-06T01,ERCO,WND,18769
2021-03-06T02,ERCO,WND,16633
2021-03-06T03,ERCO,WND,14628
2021-03-06T04,ERCO,WND,12853
2021-03-06T05,ERCO,WND,12256
2021-03-06T06,ERCO,WND,11936
2021-03-06T07,ERCO,WND,11319
2021-03-06T08,ERCO,WND,10389
2021-03-06T09,ERCO,WND,8688
2021-03-06T10,ERCO,WND,7490
2021-03-06T11,ERCO,WND,6649
2021-03-06T12,ERCO,WND,6261
2021-03-06T13,ERCO,WND,6570
2021-03-06T14,ERCO,WND,6325
2021-03-06T15,ERCO,WND,5758
2021-03-06T16,ERCO,WND,5042
2021-03-06T17,ERCO,WND,4555
2021-03-06T18,ERCO,WND,3735
2021-03-06T19,ERCO,WND,3481
2021-03-06T20,ERCO,WND,3959
2021-03-06T21,ERCO,WND,4730
2021-03-06T22,ERCO,WND,5485
2021-03-06T23,ERCO,WND,6366
2021-03-07T00,ERCO,WND,6776
2021-03-07T01,ERCO,WND,7269
2021-03-07T02,ERCO,WND,9079
2021-03-07T03,ERCO,WND,11642
2021-03-07T04,ERCO,WND,13787
2021-03-07T05,ERCO,WND,15649
2021-03-07T06,ERCO,WND,16643
2021-03-07T07,ERCO,WND,17121
2021-03-07T08,ERCO,WND,17054
2021-03-07T09,ERCO,WND,16851
2021-03-07T10,ERCO,WND,16082
2021-03-07T11,ERCO,WND,16459
2021-03-07T12,ERCO,WND,16914
2021-03-07T13,ERCO,WND,16554
2021-03-07T14,ERCO,WND,16038
2021-03-07T15,ERCO,WND,14228
2021-03-07T16,ERCO,WND,15527
2021-03-07T17,ERCO,WND,16284
2021-03-07T18,ERCO,WND,14988
2021-03-07T19,ERCO,WND,12921
2021-03-07T20,ERCO,WND,11713
2021-03-07T21,ERCO,WND,11640
2021-03-07T22,ERCO,WND,12025
2021-03-07T23,ERCO,WND,12732
2021-03-08T00,ERCO,WND,14170
2021-03-08T01,ERCO,WND,14401
2021-03-08T02,ERCO,WND,16000
2021-03-08T03,ERCO,WND,17444
2021-03-08T04,ERCO,WND,16985
2021-03-08T05,ERCO,WND,17097
2021-03-08T06,ERCO,WND,16901
2021-03-08T07,ERCO,WND,16524
2021-03-08T08,ERCO,WND,16791
2021-03-08T09,ERCO,WND,17546
2021-03-08T10,ERCO,WND,17881
2021-03-08T11,ERCO,WND,17987
2021-03-08T12,ERCO,WND,17996
2021-03-08T13,ERCO,WND,17632
2021-03-08T14,ERCO,WND,17314
2021-03-08T15,ERCO,WND,15304
2021-03-08T16,ERCO,WND,16360
2021-03-08T17,ERCO,WND,17254
2021-03-08T18,ERCO,WND,17974
2021-03-08T19,ERCO,WND,17888
2021-03-08T20,ERCO,WND,17587
2021-03-08T21,ERCO,WND,17864
2021-03-08T22,ERCO,WND,18403
2021-03-08T23,ERCO,WND,18570
2021-03-09T00,ERCO,WND,19335
2021-03-09T01,ERCO,WND,20110
2021-03-09T02,ERCO,WND,20254
2021-03-09T03,ERCO,WND,20842
2021-03-09T04,ERCO,WND,20697
2021-03-09T05,ERCO,WND,20242
2021-03-09T06,ERCO,WND,19223
2021-03-09T07,ERCO,WND,17749
2021-03-09T08,ERCO,WND,16740
2021-03-09T09,ERCO,WND,16540
2021-03-09T10,ERCO,WND,16476
2021-03-09T11,ERCO,WND,16370
2021-03-09T12,ERCO,WND,16282
2021-03-09T13,ERCO,WND,16656
2021-03-09T14,ERCO,WND,17152
2021-03-09T15,ERCO,WND,17742
2021-03-09T16,ERCO,WND,17888
2021-03-09T17,ERCO,WND,18304
2021-03-09T18,ERCO,WND,20185
2021-03-09T19,ERCO,WND,20092
2021-03-09T20,ERCO,WND,20203
2021-03-09T21,ERCO,WND,20165
2021-03-09T22,ERCO,WND,20421
2021-03-09T23,ERCO,WND,19773
2021-03-10T00,ERCO,WND,20735
2021-03-10T01,ERCO,WND,21456
2021-03-10T02,ERCO,WND,22063
2021-03-10T03,ERCO,WND,22041
2021-03-10T04,ERCO,WND,21040
2021-03-10T05,ERCO,WND,19908
2021-03-10T06,ERCO,WND,18254
2021-03-10T07,ERCO,WND,17557
2021-03-10T08,ERCO,WND,17223
2021-03-10T09,ERCO,WND,17001
2021-03-10T10,ERCO,WND,16977
2021-03-10T11,ERCO,WND,17071
2021-03-10T12,ERCO,WND,17618
2021-03-10T13,ERCO,WND,18875
2021-03-10T14,ERCO,WND,19656
2021-03-10T15,ERCO,WND,19077
2021-03-10T16,ERCO,WND,18939
2021-03-10T17,ERCO,WND,18508
2021-03-10T18,ERCO,WND,17341
2021-03-10T19,ERCO,WND,16419
2021-03-10T20,ERCO,WND,15819
2021-03-10T21,ERCO,WND,16478
2021-03-10T22,ERCO,WND,18159
2021-03-10T23,ERCO,WND,19505
2021-03-11T00,ERCO,WND,20306
2021-03-11T01,ERCO,WND,20031
2021-03-11T02,ERCO,WND,19513
2021-03-11T03,ERCO,WND,19789
2021-03-11T04,ERCO,WND,20476
2021-03-11T05,ERCO,WND,20519
2021-03-11T06,ERCO,WND,19404
2021-03-11T07,ERCO,WND,18051
2021-03-11T08,ERCO,WND,17216
2021-03-11T09,ERCO,WND,16503
2021-03-11T10,ERCO,WND,16116
2021-03-11T11,ERCO,WND,15961
2021-03-11T12,ERCO,WND,16194
2021-03-11T13,ERCO,WND,16027
2021-03-11T14,ERCO,WND,15352
2021-03-11T15,ERCO,WND,13936
2021-03-11T16,ERCO,WND,13264
2021-03-11T17,ERCO,WND,12189
2021-03-11T18,ERCO,WND,10690
2021-03-11T19,ERCO,WND,9256
2021-03-11T20,ERCO,WND,8071
2021-03-11T21,ERCO,WND,8445
2021-03-11T22,ERCO,WND,9613
2021-03-11T23,ERCO,WND,10975
2021-03-12T00,ERCO,WND,12131
2021-03-12T01,ERCO,WND,12373
2021-03-12T02,ERCO,WND,13207
2021-03-12T03,ERCO,WND,13513
2021-03-12T04,ERCO,WND,15065
2021-03-12T05,ERCO,WND,16768
2021-03-12T06,ERCO,WND,18038
2021-03-12T07,ERCO,WND,17761
2021-03-12T08,ERCO,WND,16982
2021-03-12T09,ERCO,WND,16153
2021-03-12T10,ERCO,WND,15590
2021-03-12T11,ERCO,WND,15635
2021-03-12T12,ERCO,WND,16483
2021-03-12T13,ERCO,WND,16576
2021-03-12T14,ERCO,WND,15658
2021-03-12T15,ERCO,WND,15677
2021-03-12T16,ERCO,WND,16574
2021-03-12T17,ERCO,WND,16771
2021-03-12T18,ERCO,WND,17041
2021-03-12T19,ERCO,WND,17520
2021-03-12T20,ERCO,WND,18179
2021-03-12T21,ERCO,WND,17977
2021-03-12T22,ERCO,WND,18086
2021-03-12T23,ERCO,WND,18374
2021-03-13T00,ERCO,WND,18286
2021-03-13T01,ERCO,WND,19375
2021-03-13T02,ERCO,WND,19661
2021-03-13T03,ERCO,WND,19827
2021-03-13T04,ERCO,WND,20048
2021-03-13T05,ERCO,WND,19480
2021-03-13T06,ERCO,WND,19075
2021-03-13T07,ERCO,WND,17328
2021-03-13T08,ERCO,WND,16198
2021-03-13T09,ERCO,WND,15452
2021-03-13T10,ERCO,WND,15536
2021-03-13T11,ERCO,WND,15521
2021-03-13T12,ERCO,WND,15356
2021-03-13T13,ERCO,WND,15383
2021-03-13T14,ERCO,WND,16215
2021-03-13T15,ERCO,WND,17749
2021-03-13T16,ERCO,WND,19625
2021-03-13T17,ERCO,WND,20793
2021-03-13T18,ERCO,WND,20712
2021-03-13T19,ERCO,WND,20730
2021-03-13T20,ERCO,WND,20735
2021-03-13T21,ERCO,WND,20692
2021-03-13T22,ERCO,WND,20789
2021-03-13T23,ERCO,WND,20742
2021-03-14T00,ERCO,WND,21050
2021-03-14T01,ERCO,WND,21517
2021-03-14T02,ERCO,WND,21783
2021-03-14T03,ERCO,WND,21325
2021-03-14T04,ERCO,WND,21129
2021-03-14T05,ERCO,WND,20475
2021-03-14T06,ERCO,WND,19731
2021-03-14T07,ERCO,WND,18611
2021-03-14T08,ERCO,WND,17893
2021-03-14T09,ERCO,WND,16975
2021-03-14T10,ERCO,WND,16422
2021-03-14T11,ERCO,WND,15539
2021-03-14T12,ERCO,WND,14618
2021-03-14T13,ERCO,WND,14409
2021-03-14T14,ERCO,WND,14960
2021-03-14T15,ERCO,WND,14349
2021-03-14T16,ERCO,WND,15944
2021-03-14T17,ERCO,WND,17318
2021-03-14T18,ERCO,WND,18237
2021-03-14T19,ERCO,WND,19521
2021-03-14T20,ERCO,WND,19314
2021-03-14T21,ERCO,WND,18839
2021-03-14T22,ERCO,WND,17498
2021-03-14T23,ERCO,WND,16864
2021-03-15T00,ERCO,WND,16439
2021-03-15T01,ERCO,WND,14477
2021-03-15T02,ERCO,WND,13695
2021-03-15T03,ERCO,WND,14808
2021-03-15T04,ERCO,WND,14944
2021-03-15T05,ERCO,WND,15467
2021-03-15T06,ERCO,WND,15814
2021-03-15T07,ERCO,WND,15895
2021-03-15T08,ERCO,WND,15514
2021-03-15T09,ERCO,WND,14975
2021-03-15T10,ERCO,WND,14302
2021-03-15T11,ERCO,WND,13450
2021-03-15T12,ERCO,WND,12822
2021-03-15T13,ERCO,WND,12297
2021-03-15T14,ERCO,WND,11648
2021-03-15T15,ERCO,WND,8461
2021-03-15T16,ERCO,WND,7637
2021-03-15T17,ERCO,WND,7144
2021-03-15T18,ERCO,WND,5966
2021-03-15T19,ERCO,WND,5043
2021-03-15T20,ERCO,WND,4988
2021-03-15T21,ERCO,WND,5681
2021-03-15T22,ERCO,WND,5591
2021-03-15T23,ERCO,WND,4896
2021-03-16T00,ERCO,WND,4410
2021-03-16T01,ERCO,WND,4516
2021-03-16T02,ERCO,WND,5825
2021-03-16T03,ERCO,WND,6723
2021-03-16T04,ERCO,WND,7637
2021-03-16T05,ERCO,WND,9501
2021-03-16T06,ERCO,WND,11156
2021-03-16T07,ERCO,WND,12929
2021-03-16T08,ERCO,WND,14070
2021-03-16T09,ERCO,WND,14420
2021-03-16T10,ERCO,WND,14899
2021-03-16T11,ERCO,WND,15319
2021-03-16T12,ERCO,WND,15417
2021-03-16T13,ERCO,WND,15394
2021-03-16T14,ERCO,WND,14548
2021-03-16T15,ERCO,WND,12951
2021-03-16T16,ERCO,WND,11296
2021-03-16T17,ERCO,WND,10764
2021-03-16T18,ERCO,WND,11132
2021-03-16T19,ERCO,WND,12476
2021-03-16T20,ERCO,WND,13591
2021-03-16T21,ERCO,WND,15303
2021-03-16T22,ERCO,WND,16481
2021-03-16T23,ERCO,WND,17264
2021-03-17T00,ERCO,WND,18647
2021-03-17T01,ERCO,WND,19282
2021-03-17T02,ERCO,WND,20608
2021-03-17T03,ERCO,WND,21477
2021-03-17T04,ERCO,WND,20934
2021-03-17T05,ERCO,WND,20245
2021-03-17T06,ERCO,WND,20068
2021-03-17T07,ERCO,WND,20198
2021-03-17T08,ERCO,WND,19493
2021-03-17T09,ERCO,WND,19102
2021-03-17T10,ERCO,WND,18103
2021-03-17T11,ERCO,WND,17830
2021-03-17T12,ERCO,WND,18043
2021-03-17T13,ERCO,WND,17279
2021-03-17T14,ERCO,WND,16646
2021-03-17T15,ERCO,WND,17036
2021-03-17T16,ERCO,WND,18781
2021-03-17T17,ERCO,WND,19667
2021-03-17T18,ERCO,WND,20074
2021-03-17T19,ERCO,WND,20433
2021-03-17T20,ERCO,WND,20403
2021-03-17T21,ERCO,WND,20306
2021-03-17T22,ERCO,WND,20112
2021-03-17T23,ERCO,WND,20062
2021-03-18T00,ERCO,WND,19476
2021-03-18T01,ERCO,WND,18670
2021-03-18T02,ERCO,WND,16815
2021-03-18T03,ERCO,WND,16196
2021-03-18T04,ERCO,WND,17155
2021-03-18T05,ERCO,WND,18379
2021-03-18T06,ERCO,WND,18137
2021-03-18T07,ERCO,WND,17664
2021-03-18T08,ERCO,WND,17199
2021-03-18T09,ERCO,WND,17141
2021-03-18T10,ERCO,WND,15711
2021-03-18T11,ERCO,WND,14274
2021-03-18T12,ERCO,WND,13000
2021-03-18T13,ERCO,WND,13056
2021-03-18T14,ERCO,WND,13294
2021-03-18T15,ERCO,WND,12635
2021-03-18T16,ERCO,WND,13493
2021-03-18T17,ERCO,WND,12954
2021-03-18T18,ERCO,WND,11523
2021-03-18T19,ERCO,WND,10834
2021-03-18T20,ERCO,WND,10667
2021-03-18T21,ERCO,WND,10348
2021-03-18T22,ERCO,WND,9807
2021-03-18T23,ERCO,WND,9380
2021-03-19T00,ERCO,WND,8453
2021-03-19T01,ERCO,WND,6651
2021-03-19T02,ERCO,WND,6140
2021-03-19T03,ERCO,WND,7795
2021-03-19T04,ERCO,WND,9565
2021-03-19T05,ERCO,WND,9890
2021-03-19T06,ERCO,WND,9590
2021-03-19T07,ERCO,WND,9277
2021-03-19T08,ERCO,WND,8856
2021-03-19T09,ERCO,WND,8180
2021-03-19T10,ERCO,WND,7686
2021-03-19T11,ERCO,WND,8264
2021-03-19T12,ERCO,WND,8378
2021-03-19T13,ERCO,WND,7580
2021-03-19T14,ERCO,WND,6019
2021-03-19T15,ERCO,WND,3819
2021-03-19T16,ERCO,WND,3814
2021-03-19T17,ERCO,WND,3043
2021-03-19T18,ERCO,WND,2417
2021-03-19T19,ERCO,WND,2272
2021-03-19T20,ERCO,WND,2306
2021-03-19T21,ERCO,WND,2620
2021-03-19T22,ERCO,WND,2961
2021-03-19T23,ERCO,WND,2922
2021-03-20T00,ERCO,WND,3187
2021-03-20T01,ERCO,WND,3902
2021-03-20T02,ERCO,WND,5633
2021-03-20T03,ERCO,WND,7000
2021-03-20T04,ERCO,WND,7427
2021-03-20T05,ERCO,WND,7138
2021-03-20T06,ERCO,WND,6755
2021-03-20T07,ERCO,WND,6709
2021-03-20T08,ERCO,WND,7086
2021-03-20T09,ERCO,WND,7666
2021-03-20T10,ERCO,WND,8000
2021-03-20T11,ERCO,WND,8378
2021-03-20T12,ERCO,WND,8761
2021-03-20T13,ERCO,WND,9092
2021-03-20T14,ERCO,WND,8899
2021-03-20T15,ERCO,WND,6928
2021-03-20T16,ERCO,WND,7920
2021-03-20T17,ERCO,WND,8092
2021-03-20T18,ERCO,WND,7542
2021-03-20T19,ERCO,WND,7279
2021-03-20T20,ERCO,WND,7548
2021-03-20T21,ERCO,WND,8286
2021-03-20T22,ERCO,WND,9314
2021-03-20T23,ERCO,WND,10918
2021-03-21T00,ERCO,WND,12647
2021-03-21T01,ERCO,WND,13803
2021-03-21T02,ERCO,WND,16003
2021-03-21T03,ERCO,WND,18734
2021-03-21T04,ERCO,WND,19942
2021-03-21T05,ERCO,WND,20267
2021-03-21T06,ERCO,WND,20301
2021-03-21T07,ERCO,WND,19979
2021-03-21T08,ERCO,WND,19710
2021-03-21T09,ERCO,WND,19554
2021-03-21T10,ERCO,WND,19184
2021-03-21T11,ERCO,WND,19053
2021-03-21T12,ERCO,WND,19014
2021-03-21T13,ERCO,WND,18870
2021-03-21T14,ERCO,WND,18476
2021-03-21T15,ERCO,WND,17376
2021-03-21T16,ERCO,WND,17793
2021-03-21T17,ERCO,WND,17658
2021-03-21T18,ERCO,WND,17420
2021-03-21T19,ERCO,WND,16687
2021-03-21T20,ERCO,WND,16883
2021-03-21T21,ERCO,WND,18066
2021-03-21T22,ERCO,WND,19555
2021-03-21T23,ERCO,WND,20522
2021-03-22T00,ERCO,WND,20578
2021-03-22T01,ERCO,WND,19414
2021-03-22T02,ERCO,WND,19887
2021-03-22T03,ERCO,WND,20355
2021-03-22T04,ERCO,WND,21006
2021-03-22T05,ERCO,WND,21523
2021-03-22T06,ERCO,WND,20998
2021-03-22T07,ERCO,WND,20141
2021-03-22T08,ERCO,WND,19593
2021-03-22T09,ERCO,WND,19597
2021-03-22T10,ERCO,WND,19889
2021-03-22T11,ERCO,WND,19930
2021-03-22T12,ERCO,WND,18897
2021-03-22T13,ERCO,WND,18312
2021-03-22T14,ERCO,WND,19149
2021-03-22T15,ERCO,WND,19665
2021-03-22T16,ERCO,WND,19927
2021-03-22T17,ERCO,WND,20129
2021-03-22T18,ERCO,WND,21027
2021-03-22T19,ERCO,WND,20161
2021-03-22T20,ERCO,WND,19537
2021-03-22T21,ERCO,WND,18938
2021-03-22T22,ERCO,WND,16552
2021-03-22T23,ERCO,WND,14299
2021-03-23T00,ERCO,WND,16344
2021-03-23T01,ERCO,WND,18631
2021-03-23T02,ERCO,WND,18792
2021-03-23T03,ERCO,WND,18800
2021-03-23T04,ERCO,WND,19057
2021-03-23T05,ERCO,WND,18441
2021-03-23T06,ERCO,WND,17679
2021-03-23T07,ERCO,WND,15622
2021-03-23T08,ERCO,WND,14039
2021-03-23T09,ERCO,WND,12266
2021-03-23T10,ERCO,WND,10918
2021-03-23T11,ERCO,WND,10638
2021-03-23T12,ERCO,WND,9567
2021-03-23T13,ERCO,WND,8772
2021-03-23T14,ERCO,WND,7185
2021-03-23T15,ERCO,WND,4992
2021-03-23T16,ERCO,WND,4988
2021-03-23T17,ERCO,WND,4503
2021-03-23T18,ERCO,WND,3724
2021-03-23T19,ERCO,WND,3446
2021-03-23T20,ERCO,WND,3136
2021-03-23T21,ERCO,WND,2990
2021-03-23T22,ERCO,WND,2900
2021-03-23T23,ERCO,WND,2985
2021-03-24T00,ERCO,WND,2805
2021-03-24T01,ERCO,WND,3748
2021-03-24T02,ERCO,WND,6695
2021-03-24T03,ERCO,WND,10211
2021-03-24T04,ERCO,WND,13272
2021-03-24T05,ERCO,WND,15070
2021-03-24T06,ERCO,WND,16994
2021-03-24T07,ERCO,WND,17535
2021-03-24T08,ERCO,WND,17174
2021-03-24T09,ERCO,WND,17261
2021-03-24T10,ERCO,WND,17470
2021-03-24T11,ERCO,WND,16966
2021-03-24T12,ERCO,WND,15779
2021-03-24T13,ERCO,WND,14722
2021-03-24T14,ERCO,WND,13475
2021-03-24T15,ERCO,WND,12798
2021-03-24T16,ERCO,WND,12682
2021-03-24T17,ERCO,WND,11152
2021-03-24T18,ERCO,WND,9616
2021-03-24T19,ERCO,WND,7756
2021-03-24T20,ERCO,WND,6250
2021-03-24T21,ERCO,WND,4965
2021-03-24T22,ERCO,WND,4794
2021-03-24T23,ERCO,WND,5652
2021-03-25T00,ERCO,WND,8614
2021-03-25T01,ERCO,WND,13136
2021-03-25T02,ERCO,WND,15229
2021-03-25T03,ERCO,WND,16500
2021-03-25T04,ERCO,WND,16283
2021-03-25T05,ERCO,WND,14033
2021-03-25T06,ERCO,WND,12880
2021-03-25T07,ERCO,WND,10268
2021-03-25T08,ERCO,WND,9015
2021-03-25T09,ERCO,WND,8607
2021-03-25T10,ERCO,WND,7627
2021-03-25T11,ERCO,WND,8487
2021-03-25T12,ERCO,WND,9348
2021-03-25T13,ERCO,WND,10094
2021-03-25T14,ERCO,WND,10295
2021-03-25T15,ERCO,WND,10062
2021-03-25T16,ERCO,WND,10466
2021-03-25T17,ERCO,WND,11373
2021-03-25T18,ERCO,WND,13399
2021-03-25T19,ERCO,WND,13062
2021-03-25T20,ERCO,WND,11376
2021-03-25T21,ERCO,WND,9261
2021-03-25T22,ERCO,WND,7738
2021-03-25T23,ERCO,WND,6511
2021-03-26T00,ERCO,WND,5864
2021-03-26T01,ERCO,WND,5535
2021-03-26T02,ERCO,WND,6326
2021-03-26T03,ERCO,WND,8100
2021-03-26T04,ERCO,WND,10496
2021-03-26T05,ERCO,WND,13711
2021-03-26T06,ERCO,WND,16142
2021-03-26T07,ERCO,WND,17289
2021-03-26T08,ERCO,WND,17732
2021-03-26T09,ERCO,WND,17937
2021-03-26T10,ERCO,WND,17965
2021-03-26T11,ERCO,WND,17621
2021-03-26T12,ERCO,WND,17764
2021-03-26T13,ERCO,WND,17931
2021-03-26T14,ERCO,WND,16286
2021-03-26T15,ERCO,WND,14388
2021-03-26T16,ERCO,WND,16118
2021-03-26T17,ERCO,WND,16217
2021-03-26T18,ERCO,WND,15691
2021-03-26T19,ERCO,WND,15297
2021-03-26T20,ERCO,WND,15121
2021-03-26T21,ERCO,WND,14823
2021-03-26T22,ERCO,WND,14580
2021-03-26T23,ERCO,WND,14598
2021-03-27T00,ERCO,WND,14810
2021-03-27T01,ERCO,WND,12420
2021-03-27T02,ERCO,WND,12085
2021-03-27T03,ERCO,WND,13615
2021-03-27T04,ERCO,WND,14878
2021-03-27T05,ERCO,WND,15797
2021-03-27T06,ERCO,WND,16328
2021-03-27T07,ERCO,WND,16465
2021-03-27T08,ERCO,WND,14961
2021-03-27T09,ERCO,WND,13312
2021-03-27T10,ERCO,WND,12280
2021-03-27T11,ERCO,WND,11439
2021-03-27T12,ERCO,WND,9885
2021-03-27T13,ERCO,WND,8951
2021-03-27T14,ERCO,WND,9311
2021-03-27T15,ERCO,WND,8768
2021-03-27T16,ERCO,WND,9044
2021-03-27T17,ERCO,WND,9462
2021-03-27T18,ERCO,WND,9877
2021-03-27T19,ERCO,WND,10359
2021-03-27T20,ERCO,WND,10787
2021-03-27T21,ERCO,WND,11279
2021-03-27T22,ERCO,WND,12588
2021-03-27T23,ERCO,WND,14593
2021-03-28T00,ERCO,WND,16290
2021-03-28T01,ERCO,WND,18365
2021-03-28T02,ERCO,WND,19959
2021-03-28T03,ERCO,WND,21285
2021-03-28T04,ERCO,WND,21370
2021-03-28T05,ERCO,WND,21011
2021-03-28T06,ERCO,WND,20244
2021-03-28T07,ERCO,WND,18854
2021-03-28T08,ERCO,WND,17165
2021-03-28T09,ERCO,WND,14342
2021-03-28T10,ERCO,WND,11991
2021-03-28T11,ERCO,WND,10095
2021-03-28T12,ERCO,WND,9325
2021-03-28T13,ERCO,WND,9473
2021-03-28T14,ERCO,WND,8144
2021-03-28T15,ERCO,WND,7736
2021-03-28T16,ERCO,WND,8826
2021-03-28T17,ERCO,WND,9996
2021-03-28T18,ERCO,WND,9603
2021-03-28T19,ERCO,WND,8853
2021-03-28T20,ERCO,WND,7976
2021-03-28T21,ERCO,WND,7535
2021-03-28T22,ERCO,WND,7176
2021-03-28T23,ERCO,WND,7044
2021-03-29T00,ERCO,WND,6514
2021-03-29T01,ERCO,WND,6080
2021-03-29T02,ERCO,WND,6913
2021-03-29T03,ERCO,WND,8994
2021-03-29T04,ERCO,WND,11044
2021-03-29T05,ERCO,WND,12806
2021-03-29T06,ERCO,WND,14472
2021-03-29T07,ERCO,WND,15789
2021-03-29T08,ERCO,WND,16750
2021-03-29T09,ERCO,WND,17496
2021-03-29T10,ERCO,WND,17711
2021-03-29T11,ERCO,WND,17527
2021-03-29T12,ERCO,WND,17499
2021-03-29T13,ERCO,WND,17409
2021-03-29T14,ERCO,WND,16865
2021-03-29T15,ERCO,WND,14420
2021-03-29T16,ERCO,WND,16031
2021-03-29T17,ERCO,WND,16982
2021-03-29T18,ERCO,WND,17080
2021-03-29T19,ERCO,WND,17127
2021-03-29T20,ERCO,WND,16959
2021-03-29T21,ERCO,WND,16892
2021-03-29T22,ERCO,WND,17162
2021-03-29T23,ERCO,WND,17530
2021-03-30T00,ERCO,WND,18178
2021-03-30T01,ERCO,WND,19189
2021-03-30T02,ERCO,WND,19633
2021-03-30T03,ERCO,WND,19659
2021-03-30T04,ERCO,WND,19202
2021-03-30T05,ERCO,WND,18773
2021-03-30T06,ERCO,WND,18372
2021-03-30T07,ERCO,WND,18275
2021-03-30T08,ERCO,WND,18451
2021-03-30T09,ERCO,WND,18566
2021-03-30T10,ERCO,WND,18551
2021-03-30T11,ERCO,WND,18888
2021-03-30T12,ERCO,WND,19503
2021-03-30T13,ERCO,WND,19118
2021-03-30T14,ERCO,WND,17502
2021-03-30T15,ERCO,WND,16840
2021-03-30T16,ERCO,WND,16082
2021-03-30T17,ERCO,WND,15094
2021-03-30T18,ERCO,WND,13282
2021-03-30T19,ERCO,WND,12357
2021-03-30T20,ERCO,WND,11404
2021-03-30T21,ERCO,WND,10348
2021-03-30T22,ERCO,WND,9711
2021-03-30T23,ERCO,WND,10013
2021-03-31T00,ERCO,WND,11513
2021-03-31T01,ERCO,WND,14985
2021-03-31T02,ERCO,WND,18206
2021-03-31T03,ERCO,WND,20250
2021-03-31T04,ERCO,WND,20653
2021-03-31T05,ERCO,WND,20452
2021-03-31T06,ERCO,WND,20306
2021-03-31T07,ERCO,WND,20564
2021-03-31T08,ERCO,WND,20444
2021-03-31T09,ERCO,WND,20311
2021-03-31T10,ERCO,WND,19973
2021-03-31T11,ERCO,WND,19248
2021-03-31T12,ERCO,WND,18367
2021-03-31T13,ERCO,WND,18286
2021-03-31T14,ERCO,WND,17040
2021-03-31T15,ERCO,WND,16701
2021-03-31T16,ERCO,WND,16931
2021-03-31T17,ERCO,WND,16024
2021-03-31T18,ERCO,WND,15556
2021-03-31T19,ERCO,WND,14876
2021-03-31T20,ERCO,WND,13858
2021-03-31T21,ERCO,WND,12566
2021-03-31T22,ERCO,WND,11816
2021-03-31T23,ERCO,WND,12087
2021-04-01T00,ERCO,WND,11485
2021-04-01T01,ERCO,WND,11121
2021-04-01T02,ERCO,WND,10862
2021-04-01T03,ERCO,WND,11946
2021-04-01T04,ERCO,WND,12818
2021-04-01T05,ERCO,WND,12705
2021-04-01T06,ERCO,WND,12516
2021-04-01T07,ERCO,WND,12159
2021-04-01T08,ERCO,WND,11796
2021-04-01T09,ERCO,WND,11270
2021-04-01T10,ERCO,WND,10928
2021-04-01T11,ERCO,WND,10644
2021-04-01T12,ERCO,WND,10665
2021-04-01T13,ERCO,WND,10570
2021-04-01T14,ERCO,WND,9811
2021-04-01T15,ERCO,WND,8686
2021-04-01T16,ERCO,WND,9213
2021-04-01T17,ERCO,WND,10158
2021-04-01T18,ERCO,WND,10424
2021-04-01T19,ERCO,WND,10121
2021-04-01T20,ERCO,WND,9524
2021-04-01T21,ERCO,WND,8939
2021-04-01T22,ERCO,WND,8732
2021-04-01T23,ERCO,WND,8702
2021-04-02T00,ERCO,WND,8925
2021-04-02T01,ERCO,WND,9522
2021-04-02T02,ERCO,WND,11473
2021-04-02T03,ERCO,WND,14550
2021-04-02T04,ERCO,WND,16458
2021-04-02T05,ERCO,WND,16786
2021-04-02T06,ERCO,WND,16906
2021-04-02T07,ERCO,WND,17113
2021-04-02T08,ERCO,WND,17087
2021-04-02T09,ERCO,WND,16660
2021-04-02T10,ERCO,WND,16330
2021-04-02T11,ERCO,WND,16769
2021-04-02T12,ERCO,WND,16888
2021-04-02T13,ERCO,WND,17044
2021-04-02T14,ERCO,WND,15726
2021-04-02T15,ERCO,WND,15120
2021-04-02T16,ERCO,WND,17716
2021-04-02T17,ERCO,WND,19356
2021-04-02T18,ERCO,WND,19370
2021-04-02T19,ERCO,WND,19310
2021-04-02T20,ERCO,WND,19305
2021-04-02T21,ERCO,WND,19016
2021-04-02T22,ERCO,WND,18804
2021-04-02T23,ERCO,WND,19293
2021-04-03T00,ERCO,WND,19498
2021-04-03T01,ERCO,WND,19794
2021-04-03T02,ERCO,WND,19094
2021-04-03T03,ERCO,WND,19822
2021-04-03T04,ERCO,WND,20485
2021-04-03T05,ERCO,WND,20246
2021-04-03T06,ERCO,WND,19221
2021-04-03T07,ERCO,WND,18842
2021-04-03T08,ERCO,WND,18694
2021-04-03T09,ERCO,WND,18436
2021-04-03T10,ERCO,WND,17952
2021-04-03T11,ERCO,WND,17154
2021-04-03T12,ERCO,WND,15688
2021-04-03T13,ERCO,WND,13845
2021-04-03T14,ERCO,WND,11854
2021-04-03T15,ERCO,WND,12226
2021-04-03T16,ERCO,WND,14059
2021-04-03T17,ERCO,WND,13257
2021-04-03T18,ERCO,WND,12985
2021-04-03T19,ERCO,WND,13394
2021-04-03T20,ERCO,WND,14396
2021-04-03T21,ERCO,WND,14668
2021-04-03T22,ERCO,WND,14529
2021-04-03T23,ERCO,WND,14044
2021-04-04T00,ERCO,WND,13537
2021-04-04T01,ERCO,WND,13179
2021-04-04T02,ERCO,WND,12195
2021-04-04T03,ERCO,WND,12214
2021-04-04T04,ERCO,WND,13879
2021-04-04T05,ERCO,WND,12843
2021-04-04T06,ERCO,WND,12154
2021-04-04T07,ERCO,WND,11972
2021-04-04T08,ERCO,WND,11435
2021-04-04T09,ERCO,WND,10472
2021-04-04T10,ERCO,WND,8611
2021-04-04T11,ERCO,WND,7130
2021-04-04T12,ERCO,WND,6305
2021-04-04T13,ERCO,WND,5724
2021-04-04T14,ERCO,WND,4918
2021-04-04T15,ERCO,WND,4822
2021-04-04T16,ERCO,WND,5899
2021-04-04T17,ERCO,WND,6669
2021-04-04T18,ERCO,WND,7795
2021-04-04T19,ERCO,WND,8596
2021-04-04T20,ERCO,WND,9593
2021-04-04T21,ERCO,WND,10518
2021-04-04T22,ERCO,WND,11529
2021-04-04T23,ERCO,WND,13180
2021-04-05T00,ERCO,WND,14733
2021-04-05T01,ERCO,WND,15446
2021-04-05T02,ERCO,WND,14771
2021-04-05T03,ERCO,WND,15112
2021-04-05T04,ERCO,WND,15136
2021-04-05T05,ERCO,WND,15118
2021-04-05T06,ERCO,WND,15596
2021-04-05T07,ERCO,WND,15836
2021-04-05T08,ERCO,WND,15820
2021-04-05T09,ERCO,WND,15686
2021-04-05T10,ERCO,WND,15474
2021-04-05T11,ERCO,WND,15112
2021-04-05T12,ERCO,WND,14967
2021-04-05T13,ERCO,WND,15409
2021-04-05T14,ERCO,WND,15330
2021-04-05T15,ERCO,WND,16020
2021-04-05T16,ERCO,WND,17547
2021-04-05T17,ERCO,WND,18169
2021-04-05T18,ERCO,WND,18145
2021-04-05T19,ERCO,WND,16901
2021-04-05T20,ERCO,WND,17729
2021-04-05T21,ERCO,WND,18106
2021-04-05T22,ERCO,WND,19792
2021-04-05T23,ERCO,WND,20551
2021-04-06T00,ERCO,WND,21073
2021-04-06T01,ERCO,WND,21683
2021-04-06T02,ERCO,WND,22027
2021-04-06T03,ERCO,WND,22191
2021-04-06T04,ERCO,WND,21685
2021-04-06T05,ERCO,WND,21438
2021-04-06T06,ERCO,WND,21019
2021-04-06T07,ERCO,WND,20754
2021-04-06T08,ERCO,WND,20303
2021-04-06T09,ERCO,WND,20008
2021-04-06T10,ERCO,WND,20294
2021-04-06T11,ERCO,WND,20529
2021-04-06T12,ERCO,WND,20945
2021-04-06T13,ERCO,WND,20578
2021-04-06T14,ERCO,WND,20284
2021-04-06T15,ERCO,WND,20583
2021-04-06T16,ERCO,WND,20667
2021-04-06T17,ERCO,WND,20650
2021-04-06T18,ERCO,WND,20209
2021-04-06T19,ERCO,WND,20368
2021-04-06T20,ERCO,WND,20675
2021-04-06T21,ERCO,WND,20656
2021-04-06T22,ERCO,WND,20856
2021-04-06T23,ERCO,WND,21284
2021-04-07T00,ERCO,WND,21399
2021-04-07T01,ERCO,WND,21657
2021-04-07T02,ERCO,WND,22030
2021-04-07T03,ERCO,WND,22065
2021-04-07T04,ERCO,WND,21586
2021-04-07T05,ERCO,WND,21262
2021-04-07T06,ERCO,WND,20825
2021-04-07T07,ERCO,WND,20423
2021-04-07T08,ERCO,WND,20057
2021-04-07T09,ERCO,WND,19671
2021-04-07T10,ERCO,WND,19433
2021-04-07T11,ERCO,WND,19508
2021-04-07T12,ERCO,WND,18752
2021-04-07T13,ERCO,WND,17351
2021-04-07T14,ERCO,WND,15009
2021-04-07T15,ERCO,WND,14375
2021-04-07T16,ERCO,WND,12513
2021-04-07T17,ERCO,WND,10301
2021-04-07T18,ERCO,WND,9893
2021-04-07T19,ERCO,WND,10320
2021-04-07T20,ERCO,WND,10855
2021-04-07T21,ERCO,WND,10333
2021-04-07T22,ERCO,WND,9933
2021-04-07T23,ERCO,WND,9457
2021-04-08T00,ERCO,WND,8079
2021-04-08T01,ERCO,WND,5352
2021-04-08T02,ERCO,WND,4605
2021-04-08T03,ERCO,WND,5437
2021-04-08T04,ERCO,WND,6298
2021-04-08T05,ERCO,WND,5819
2021-04-08T06,ERCO,WND,6006
2021-04-08T07,ERCO,WND,6198
2021-04-08T08,ERCO,WND,6111
2021-04-08T09,ERCO,WND,5624
2021-04-08T10,ERCO,WND,5319
2021-04-08T11,ERCO,WND,5605
2021-04-08T12,ERCO,WND,5436
2021-04-08T13,ERCO,WND,5957
2021-04-08T14,ERCO,WND,5603
2021-04-08T15,ERCO,WND,3703
2021-04-08T16,ERCO,WND,4828
2021-04-08T17,ERCO,WND,5442
2021-04-08T18,ERCO,WND,4776
2021-04-08T19,ERCO,WND,4581
2021-04-08T20,ERCO,WND,4873
2021-04-08T21,ERCO,WND,4830
2021-04-08T22,ERCO,WND,5175
2021-04-08T23,ERCO,WND,5392
2021-04-09T00,ERCO,WND,5300
2021-04-09T01,ERCO,WND,6509
2021-04-09T02,ERCO,WND,7905
2021-04-09T03,ERCO,WND,10618
2021-04-09T04,ERCO,WND,13510
2021-04-09T05,ERCO,WND,16458
2021-04-09T06,ERCO,WND,18047
2021-04-09T07,ERCO,WND,18757
2021-04-09T08,ERCO,WND,18925
2021-04-09T09,ERCO,WND,18827
2021-04-09T10,ERCO,WND,18650
2021-04-09T11,ERCO,WND,17801
2021-04-09T12,ERCO,WND,17666
2021-04-09T13,ERCO,WND,18893
2021-04-09T14,ERCO,WND,18178
2021-04-09T15,ERCO,WND,16495
2021-04-09T16,ERCO,WND,16763
2021-04-09T17,ERCO,WND,16682
2021-04-09T18,ERCO,WND,16740
2021-04-09T19,ERCO,WND,16189
2021-04-09T20,ERCO,WND,16181
2021-04-09T21,ERCO,WND,16875
2021-04-09T22,ERCO,WND,15772
2021-04-09T23,ERCO,WND,15093
2021-04-10T00,ERCO,WND,15305
2021-04-10T01,ERCO,WND,15817
2021-04-10T02,ERCO,WND,16134
2021-04-10T03,ERCO,WND,17318
2021-04-10T04,ERCO,WND,18246
2021-04-10T05,ERCO,WND,17592
2021-04-10T06,ERCO,WND,17257
2021-04-10T07,ERCO,WND,16662
2021-04-10T08,ERCO,WND,16245
2021-04-10T09,ERCO,WND,15256
2021-04-10T10,ERCO,WND,13216
2021-04-10T11,ERCO,WND,11467
2021-04-10T12,ERCO,WND,10543
2021-04-10T13,ERCO,WND,9347
2021-04-10T14,ERCO,WND,6975
2021-04-10T15,ERCO,WND,6827
2021-04-10T16,ERCO,WND,7033
2021-04-10T17,ERCO,WND,5874
2021-04-10T18,ERCO,WND,5552
2021-04-10T19,ERCO,WND,5445
2021-04-10T20,ERCO,WND,4750
2021-04-10T21,ERCO,WND,4136
2021-04-10T22,ERCO,WND,4111
2021-04-10T23,ERCO,WND,3926
2021-04-11T00,ERCO,WND,3631
2021-04-11T01,ERCO,WND,3213
2021-04-11T02,ERCO,WND,3680
2021-04-11T03,ERCO,WND,6664
2021-04-11T04,ERCO,WND,10718
2021-04-11T05,ERCO,WND,13169
2021-04-11T06,ERCO,WND,15085
2021-04-11T07,ERCO,WND,16818
2021-04-11T08,ERCO,WND,17266
2021-04-11T09,ERCO,WND,17305
2021-04-11T10,ERCO,WND,17069
2021-04-11T11,ERCO,WND,16860
2021-04-11T12,ERCO,WND,16845
2021-04-11T13,ERCO,WND,16720
2021-04-11T14,ERCO,WND,14851
2021-04-11T15,ERCO,WND,12584
2021-04-11T16,ERCO,WND,13302
2021-04-11T17,ERCO,WND,11907
2021-04-11T18,ERCO,WND,9850
2021-04-11T19,ERCO,WND,7880
2021-04-11T20,ERCO,WND,7440
2021-04-11T21,ERCO,WND,8018
2021-04-11T22,ERCO,WND,8395
2021-04-11T23,ERCO,WND,8058
2021-04-12T00,ERCO,WND,6731
2021-04-12T01,ERCO,WND,5174
2021-04-12T02,ERCO,WND,6245
2021-04-12T03,ERCO,WND,9188
2021-04-12T04,ERCO,WND,11503
2021-04-12T05,ERCO,WND,12825
2021-04-12T06,ERCO,WND,14203
2021-04-12T07,ERCO,WND,15514
2021-04-12T08,ERCO,WND,16073
2021-04-12T09,ERCO,WND,16573
2021-04-12T10,ERCO,WND,17130
2021-04-12T11,ERCO,WND,16350
2021-04-12T12,ERCO,WND,15347
2021-04-12T13,ERCO,WND,14945
2021-04-12T14,ERCO,WND,14460
2021-04-12T15,ERCO,WND,14492
2021-04-12T16,ERCO,WND,13883
2021-04-12T17,ERCO,WND,12286
2021-04-12T18,ERCO,WND,10919
2021-04-12T19,ERCO,WND,10100
2021-04-12T20,ERCO,WND,9912
2021-04-12T21,ERCO,WND,9900
2021-04-12T22,ERCO,WND,10328
2021-04-12T23,ERCO,WND,11386
2021-04-13T00,ERCO,WND,13478
2021-04-13T01,ERCO,WND,15433
2021-04-13T02,ERCO,WND,16052
2021-04-13T03,ERCO,WND,16917
2021-04-13T04,ERCO,WND,17698
2021-04-13T05,ERCO,WND,17547
2021-04-13T06,ERCO,WND,16588
2021-04-13T07,ERCO,WND,16010
2021-04-13T08,ERCO,WND,15443
2021-04-13T09,ERCO,WND,15278
2021-04-13T10,ERCO,WND,14765
2021-04-13T11,ERCO,WND,14454
2021-04-13T12,ERCO,WND,13713
2021-04-13T13,ERCO,WND,12775
2021-04-13T14,ERCO,WND,11844
2021-04-13T15,ERCO,WND,10951
2021-04-13T16,ERCO,WND,10042
2021-04-13T17,ERCO,WND,8390
2021-04-13T18,ERCO,WND,7118
2021-04-13T19,ERCO,WND,6115
2021-04-13T20,ERCO,WND,5994
2021-04-13T21,ERCO,WND,5813
2021-04-13T22,ERCO,WND,5388
2021-04-13T23,ERCO,WND,5061
2021-04-14T00,ERCO,WND,5489
2021-04-14T01,ERCO,WND,6044
2021-04-14T02,ERCO,WND,6422
2021-04-14T03,ERCO,WND,7101
2021-04-14T04,ERCO,WND,7873
2021-04-14T05,ERCO,WND,8688
2021-04-14T06,ERCO,WND,10151
2021-04-14T07,ERCO,WND,10449
2021-04-14T08,ERCO,WND,9701
2021-04-14T09,ERCO,WND,10140
2021-04-14T10,ERCO,WND,9865
2021-04-14T11,ERCO,WND,9692
2021-04-14T12,ERCO,WND,9001
2021-04-14T13,ERCO,WND,8121
2021-04-14T14,ERCO,WND,7490
2021-04-14T15,ERCO,WND,7039
2021-04-14T16,ERCO,WND,6055
2021-04-14T17,ERCO,WND,4760
2021-04-14T18,ERCO,WND,3667
2021-04-14T19,ERCO,WND,3562
2021-04-14T20,ERCO,WND,3844
2021-04-14T21,ERCO,WND,4200
2021-04-14T22,ERCO,WND,4765
2021-04-14T23,ERCO,WND,5982
2021-04-15T00,ERCO,WND,7671
2021-04-15T01,ERCO,WND,8628
2021-04-15T02,ERCO,WND,10078
2021-04-15T03,ERCO,WND,10842
2021-04-15T04,ERCO,WND,11341
2021-04-15T05,ERCO,WND,10482
2021-04-15T06,ERCO,WND,8964
2021-04-15T07,ERCO,WND,7832
2021-04-15T08,ERCO,WND,6576
2021-04-15T09,ERCO,WND,6210
2021-04-15T10,ERCO,WND,6567
2021-04-15T11,ERCO,WND,6868
2021-04-15T12,ERCO,WND,7142
2021-04-15T13,ERCO,WND,7919
2021-04-15T14,ERCO,WND,7937
2021-04-15T15,ERCO,WND,8123
2021-04-15T16,ERCO,WND,8095
2021-04-15T17,ERCO,WND,6997
2021-04-15T18,ERCO,WND,6236
2021-04-15T19,ERCO,WND,5701
2021-04-15T20,ERCO,WND,5652
2021-04-15T21,ERCO,WND,6229
2021-04-15T22,ERCO,WND,6745
2021-04-15T23,ERCO,WND,6961
2021-04-16T00,ERCO,WND,7205
2021-04-16T01,ERCO,WND,8112
2021-04-16T02,ERCO,WND,8528
2021-04-16T03,ERCO,WND,8797
2021-04-16T04,ERCO,WND,9257
2021-04-16T05,ERCO,WND,8793
2021-04-16T06,ERCO,WND,6668
2021-04-16T07,ERCO,WND,3868
2021-04-16T08,ERCO,WND,2666
2021-04-16T09,ERCO,WND,2726
2021-04-16T10,ERCO,WND,3301
2021-04-16T11,ERCO,WND,4299
2021-04-16T12,ERCO,WND,5310
2021-04-16T13,ERCO,WND,4969
2021-04-16T14,ERCO,WND,4993
2021-04-16T15,ERCO,WND,4686
2021-04-16T16,ERCO,WND,5422
2021-04-16T17,ERCO,WND,7145
2021-04-16T18,ERCO,WND,8985
2021-04-16T19,ERCO,WND,11297
2021-04-16T20,ERCO,WND,14514
2021-04-16T21,ERCO,WND,15849
2021-04-16T22,ERCO,WND,16113
2021-04-16T23,ERCO,WND,16688
2021-04-17T00,ERCO,WND,17415
2021-04-17T01,ERCO,WND,18199
2021-04-17T02,ERCO,WND,18477
2021-04-17T03,ERCO,WND,18632
2021-04-17T04,ERCO,WND,18984
2021-04-17T05,ERCO,WND,19313
2021-04-17T06,ERCO,WND,19204
2021-04-17T07,ERCO,WND,18675
2021-04-17T08,ERCO,WND,17910
2021-04-17T09,ERCO,WND,17074
2021-04-17T10,ERCO,WND,15610
2021-04-17T11,ERCO,WND,14345
2021-04-17T12,ERCO,WND,14805
2021-04-17T13,ERCO,WND,15037
2021-04-17T14,ERCO,WND,14742
2021-04-17T15,ERCO,WND,16525
2021-04-17T16,ERCO,WND,16566
2021-04-17T17,ERCO,WND,14581
2021-04-17T18,ERCO,WND,12654
2021-04-17T19,ERCO,WND,11134
2021-04-17T20,ERCO,WND,10651
2021-04-17T21,ERCO,WND,10497
2021-04-17T22,ERCO,WND,9526
2021-04-17T23,ERCO,WND,9006
2021-04-18T00,ERCO,WND,7905
2021-04-18T01,ERCO,WND,6515
2021-04-18T02,ERCO,WND,5223
2021-04-18T03,ERCO,WND,5121
2021-04-18T04,ERCO,WND,5965
2021-04-18T05,ERCO,WND,6594
2021-04-18T06,ERCO,WND,7220
2021-04-18T07,ERCO,WND,6000
2021-04-18T08,ERCO,WND,4760
2021-04-18T09,ERCO,WND,4569
2021-04-18T10,ERCO,WND,4583
2021-04-18T11,ERCO,WND,4680
2021-04-18T12,ERCO,WND,4774
2021-04-18T13,ERCO,WND,4841
2021-04-18T14,ERCO,WND,4628
2021-04-18T15,ERCO,WND,4480
2021-04-18T16,ERCO,WND,6418
2021-04-18T17,ERCO,WND,8070
2021-04-18T18,ERCO,WND,7346
2021-04-18T19,ERCO,WND,6194
2021-04-18T20,ERCO,WND,4823
2021-04-18T21,ERCO,WND,3862
2021-04-18T22,ERCO,WND,3109
2021-04-18T23,ERCO,WND,2446
2021-04-19T00,ERCO,WND,1779
2021-04-19T01,ERCO,WND,1178
2021-04-19T02,ERCO,WND,900
2021-04-19T03,ERCO,WND,1306
2021-04-19T04,ERCO,WND,2163
2021-04-19T05,ERCO,WND,3221
2021-04-19T06,ERCO,WND,4024
2021-04-19T07,ERCO,WND,4566
2021-04-19T08,ERCO,WND,4874
2021-04-19T09,ERCO,WND,4879
2021-04-19T10,ERCO,WND,5433
2021-04-19T11,ERCO,WND,6315
2021-04-19T12,ERCO,WND,6970
2021-04-19T13,ERCO,WND,7350
2021-04-19T14,ERCO,WND,6057
2021-04-19T15,ERCO,WND,3756
2021-04-19T16,ERCO,WND,4927
2021-04-19T17,ERCO,WND,5004
2021-04-19T18,ERCO,WND,4010
2021-04-19T19,ERCO,WND,3961
2021-04-19T20,ERCO,WND,4571
2021-04-19T21,ERCO,WND,4564
2021-04-19T22,ERCO,WND,4629
2021-04-19T23,ERCO,WND,4661
2021-04-20T00,ERCO,WND,5201
2021-04-20T01,ERCO,WND,6114
2021-04-20T02,ERCO,WND,9759
2021-04-20T03,ERCO,WND,13843
2021-04-20T04,ERCO,WND,15658
2021-04-20T05,ERCO,WND,15563
2021-04-20T06,ERCO,WND,15566
2021-04-20T07,ERCO,WND,15273
2021-04-20T08,ERCO,WND,14670
2021-04-20T09,ERCO,WND,14434
2021-04-20T10,ERCO,WND,14300
2021-04-20T11,ERCO,WND,13618
2021-04-20T12,ERCO,WND,13916
2021-04-20T13,ERCO,WND,14503
2021-04-20T14,ERCO,WND,14259
2021-04-20T15,ERCO,WND,14080
2021-04-20T16,ERCO,WND,13891
2021-04-20T17,ERCO,WND,13819
2021-04-20T18,ERCO,WND,13655
2021-04-20T19,ERCO,WND,13842
2021-04-20T20,ERCO,WND,13783
2021-04-20T21,ERCO,WND,13060
2021-04-20T22,ERCO,WND,11924
2021-04-20T23,ERCO,WND,11241
2021-04-21T00,ERCO,WND,11110
2021-04-21T01,ERCO,WND,11251
2021-04-21T02,ERCO,WND,11112
2021-04-21T03,ERCO,WND,11533
2021-04-21T04,ERCO,WND,11432
2021-04-21T05,ERCO,WND,10466
2021-04-21T06,ERCO,WND,9413
2021-04-21T07,ERCO,WND,7894
2021-04-21T08,ERCO,WND,7773
2021-04-21T09,ERCO,WND,7072
2021-04-21T10,ERCO,WND,6584
2021-04-21T11,ERCO,WND,7009
2021-04-21T12,ERCO,WND,7219
2021-04-21T13,ERCO,WND,7189
2021-04-21T14,ERCO,WND,7387
2021-04-21T15,ERCO,WND,8367
2021-04-21T16,ERCO,WND,8842
2021-04-21T17,ERCO,WND,9373
2021-04-21T18,ERCO,WND,9185
2021-04-21T19,ERCO,WND,8502
2021-04-21T20,ERCO,WND,7907
2021-04-21T21,ERCO,WND,7913
2021-04-21T22,ERCO,WND,8699
2021-04-21T23,ERCO,WND,9988
2021-04-22T00,ERCO,WND,11090
2021-04-22T01,ERCO,WND,11195
2021-04-22T02,ERCO,WND,10630
2021-04-22T03,ERCO,WND,9952
2021-04-22T04,ERCO,WND,9725
2021-04-22T05,ERCO,WND,9730
2021-04-22T06,ERCO,WND,9942
2021-04-22T07,ERCO,WND,10097
2021-04-22T08,ERCO,WND,10167
2021-04-22T09,ERCO,WND,10183
2021-04-22T10,ERCO,WND,9734
2021-04-22T11,ERCO,WND,10132
2021-04-22T12,ERCO,WND,10980
2021-04-22T13,ERCO,WND,11291
2021-04-22T14,ERCO,WND,11230
2021-04-22T15,ERCO,WND,12218
2021-04-22T16,ERCO,WND,13572
2021-04-22T17,ERCO,WND,14248
2021-04-22T18,ERCO,WND,13970
2021-04-22T19,ERCO,WND,13435
2021-04-22T20,ERCO,WND,12727
2021-04-22T21,ERCO,WND,12959
2021-04-22T22,ERCO,WND,12896
2021-04-22T23,ERCO,WND,13154
2021-04-23T00,ERCO,WND,13411
2021-04-23T01,ERCO,WND,14432
2021-04-23T02,ERCO,WND,14521
2021-04-23T03,ERCO,WND,15084
2021-04-23T04,ERCO,WND,16154
2021-04-23T05,ERCO,WND,16434
2021-04-23T06,ERCO,WND,16284
2021-04-23T07,ERCO,WND,16055
2021-04-23T08,ERCO,WND,15870
2021-04-23T09,ERCO,WND,15754
2021-04-23T10,ERCO,WND,15833
2021-04-23T11,ERCO,WND,15883
2021-04-23T12,ERCO,WND,15452
2021-04-23T13,ERCO,WND,14831
2021-04-23T14,ERCO,WND,14136
2021-04-23T15,ERCO,WND,14440
2021-04-23T16,ERCO,WND,14532
2021-04-23T17,ERCO,WND,13832
2021-04-23T18,ERCO,WND,13083
2021-04-23T19,ERCO,WND,12307
2021-04-23T20,ERCO,WND,12491
2021-04-23T21,ERCO,WND,13136
2021-04-23T22,ERCO,WND,15061
2021-04-23T23,ERCO,WND,17002
2021-04-24T00,ERCO,WND,18665
2021-04-24T01,ERCO,WND,19457
2021-04-24T02,ERCO,WND,19249
2021-04-24T03,ERCO,WND,18706
2021-04-24T04,ERCO,WND,17629
2021-04-24T05,ERCO,WND,15254
2021-04-24T06,ERCO,WND,13486
2021-04-24T07,ERCO,WND,11965
2021-04-24T08,ERCO,WND,11563
2021-04-24T09,ERCO,WND,12495
2021-04-24T10,ERCO,WND,12977
2021-04-24T11,ERCO,WND,12973
2021-04-24T12,ERCO,WND,12674
2021-04-24T13,ERCO,WND,11437
2021-04-24T14,ERCO,WND,8902
2021-04-24T15,ERCO,WND,8115
2021-04-24T16,ERCO,WND,7293
2021-04-24T17,ERCO,WND,6842
2021-04-24T18,ERCO,WND,6809
2021-04-24T19,ERCO,WND,5809
2021-04-24T20,ERCO,WND,4971
2021-04-24T21,ERCO,WND,4348
2021-04-24T22,ERCO,WND,4043
2021-04-24T23,ERCO,WND,3637
2021-04-25T00,ERCO,WND,3522
2021-04-25T01,ERCO,WND,3957
2021-04-25T02,ERCO,WND,6270
2021-04-25T03,ERCO,WND,10679
2021-04-25T04,ERCO,WND,14450
2021-04-25T05,ERCO,WND,16392
2021-04-25T06,ERCO,WND,17218
2021-04-25T07,ERCO,WND,17012
2021-04-25T08,ERCO,WND,16265
2021-04-25T09,ERCO,WND,15631
2021-04-25T10,ERCO,WND,15325
2021-04-25T11,ERCO,WND,15017
2021-04-25T12,ERCO,WND,15254
2021-04-25T13,ERCO,WND,15909
2021-04-25T14,ERCO,WND,15922
2021-04-25T15,ERCO,WND,16460
2021-04-25T16,ERCO,WND,17064
2021-04-25T17,ERCO,WND,17048
2021-04-25T18,ERCO,WND,16877
2021-04-25T19,ERCO,WND,17044
2021-04-25T20,ERCO,WND,17016
2021-04-25T21,ERCO,WND,16957
2021-04-25T22,ERCO,WND,17902
2021-04-25T23,ERCO,WND,19211
2021-04-26T00,ERCO,WND,20278
2021-04-26T01,ERCO,WND,20678
2021-04-26T02,ERCO,WND,20550
2021-04-26T03,ERCO,WND,20576
2021-04-26T04,ERCO,WND,20626
2021-04-26T05,ERCO,WND,20169
2021-04-26T06,ERCO,WND,19506
2021-04-26T07,ERCO,WND,18876
2021-04-26T08,ERCO,WND,18600
2021-04-26T09,ERCO,WND,18356
2021-04-26T10,ERCO,WND,18051
2021-04-26T11,ERCO,WND,18105
2021-04-26T12,ERCO,WND,19235
2021-04-26T13,ERCO,WND,20075
2021-04-26T14,ERCO,WND,19913
2021-04-26T15,ERCO,WND,20137
2021-04-26T16,ERCO,WND,20245
2021-04-26T17,ERCO,WND,19784
2021-04-26T18,ERCO,WND,18542
2021-04-26T19,ERCO,WND,17474
2021-04-26T20,ERCO,WND,17251
2021-04-26T21,ERCO,WND,17560
2021-04-26T22,ERCO,WND,18857
2021-04-26T23,ERCO,WND,20396
2021-04-27T00,ERCO,WND,21358
2021-04-27T01,ERCO,WND,21341
2021-04-27T02,ERCO,WND,20753
2021-04-27T03,ERCO,WND,20553
2021-04-27T04,ERCO,WND,20798
2021-04-27T05,ERCO,WND,20454
2021-04-27T06,ERCO,WND,20300
2021-04-27T07,ERCO,WND,20643
2021-04-27T08,ERCO,WND,20475
2021-04-27T09,ERCO,WND,20029
2021-04-27T10,ERCO,WND,19388
2021-04-27T11,ERCO,WND,18691
2021-04-27T12,ERCO,WND,17952
2021-04-27T13,ERCO,WND,16515
2021-04-27T14,ERCO,WND,15628
2021-04-27T15,ERCO,WND,15819
2021-04-27T16,ERCO,WND,16263
2021-04-27T17,ERCO,WND,16263
2021-04-27T18,ERCO,WND,16277
2021-04-27T19,ERCO,WND,15694
2021-04-27T20,ERCO,WND,15655
2021-04-27T21,ERCO,WND,17675
2021-04-27T22,ERCO,WND,19118
2021-04-27T23,ERCO,WND,19503
2021-04-28T00,ERCO,WND,19906
2021-04-28T01,ERCO,WND,19567
2021-04-28T02,ERCO,WND,18643
2021-04-28T03,ERCO,WND,18409
2021-04-28T04,ERCO,WND,17170
2021-04-28T05,ERCO,WND,14539
2021-04-28T06,ERCO,WND,12900
2021-04-28T07,ERCO,WND,12125
2021-04-28T08,ERCO,WND,11693
2021-04-28T09,ERCO,WND,10683
2021-04-28T10,ERCO,WND,10076
2021-04-28T11,ERCO,WND,10832
2021-04-28T12,ERCO,WND,11431
2021-04-28T13,ERCO,WND,11606
2021-04-28T14,ERCO,WND,11086
2021-04-28T15,ERCO,WND,11312
2021-04-28T16,ERCO,WND,11517
2021-04-28T17,ERCO,WND,12132
2021-04-28T18,ERCO,WND,12338
2021-04-28T19,ERCO,WND,12763
2021-04-28T20,ERCO,WND,12486
2021-04-28T21,ERCO,WND,12305
2021-04-28T22,ERCO,WND,12944
2021-04-28T23,ERCO,WND,13672
2021-04-29T00,ERCO,WND,13680
2021-04-29T01,ERCO,WND,15228
2021-04-29T02,ERCO,WND,16877
2021-04-29T03,ERCO,WND,16707
2021-04-29T04,ERCO,WND,16464
2021-04-29T05,ERCO,WND,17335
2021-04-29T06,ERCO,WND,18021
2021-04-29T07,ERCO,WND,18954
2021-04-29T08,ERCO,WND,18962
2021-04-29T09,ERCO,WND,18291
2021-04-29T10,ERCO,WND,16949
2021-04-29T11,ERCO,WND,15728
2021-04-29T12,ERCO,WND,15301
2021-04-29T13,ERCO,WND,14873
2021-04-29T14,ERCO,WND,14696
2021-04-29T15,ERCO,WND,15770
2021-04-29T16,ERCO,WND,15737
2021-04-29T17,ERCO,WND,15121
2021-04-29T18,ERCO,WND,15498
2021-04-29T19,ERCO,WND,13602
2021-04-29T20,ERCO,WND,11991
2021-04-29T21,ERCO,WND,11602
2021-04-29T22,ERCO,WND,12067
2021-04-29T23,ERCO,WND,12059
2021-04-30T00,ERCO,WND,11452
2021-04-30T01,ERCO,WND,10239
2021-04-30T02,ERCO,WND,8490
2021-04-30T03,ERCO,WND,7503
2021-04-30T04,ERCO,WND,7530
2021-04-30T05,ERCO,WND,8146
2021-04-30T06,ERCO,WND,8460
2021-04-30T07,ERCO,WND,8707
2021-04-30T08,ERCO,WND,9329
2021-04-30T09,ERCO,WND,10202
2021-04-30T10,ERCO,WND,11918
2021-04-30T11,ERCO,WND,12264
2021-04-30T12,ERCO,WND,11514
2021-04-30T13,ERCO,WND,10425
2021-04-30T14,ERCO,WND,9135
2021-04-30T15,ERCO,WND,8768
2021-04-30T16,ERCO,WND,9051
2021-04-30T17,ERCO,WND,8564
2021-04-30T18,ERCO,WND,7897
2021-04-30T19,ERCO,WND,6940
2021-04-30T20,ERCO,WND,6165
2021-04-30T21,ERCO,WND,5754
2021-04-30T22,ERCO,WND,5601
2021-04-30T23,ERCO,WND,5293
2021-05-01T00,ERCO,WND,4653
2021-05-01T01,ERCO,WND,4015
2021-05-01T02,ERCO,WND,4149
2021-05-01T03,ERCO,WND,4379
2021-05-01T04,ERCO,WND,4596
2021-05-01T05,ERCO,WND,4391
2021-05-01T06,ERCO,WND,4189
2021-05-01T07,ERCO,WND,4764
2021-05-01T08,ERCO,WND,4351
2021-05-01T09,ERCO,WND,3843
2021-05-01T10,ERCO,WND,3354
2021-05-01T11,ERCO,WND,3174
2021-05-01T12,ERCO,WND,3311
2021-05-01T13,ERCO,WND,3135
2021-05-01T14,ERCO,WND,3129
2021-05-01T15,ERCO,WND,2651
2021-05-01T16,ERCO,WND,2529
2021-05-01T17,ERCO,WND,3161
2021-05-01T18,ERCO,WND,3688
2021-05-01T19,ERCO,WND,4304
2021-05-01T20,ERCO,WND,4353
2021-05-01T21,ERCO,WND,3853
2021-05-01T22,ERCO,WND,3462
2021-05-01T23,ERCO,WND,3664
2021-05-02T00,ERCO,WND,3641
2021-05-02T01,ERCO,WND,3787
2021-05-02T02,ERCO,WND,4787
2021-05-02T03,ERCO,WND,5878
2021-05-02T04,ERCO,WND,6949
2021-05-02T05,ERCO,WND,7285
2021-05-02T06,ERCO,WND,7433
2021-05-02T07,ERCO,WND,7205
2021-05-02T08,ERCO,WND,7502
2021-05-02T09,ERCO,WND,8188
2021-05-02T10,ERCO,WND,9232
2021-05-02T11,ERCO,WND,9651
2021-05-02T12,ERCO,WND,10192
2021-05-02T13,ERCO,WND,10545
2021-05-02T14,ERCO,WND,9598
2021-05-02T15,ERCO,WND,8640
2021-05-02T16,ERCO,WND,8778
2021-05-02T17,ERCO,WND,9195
2021-05-02T18,ERCO,WND,9961
2021-05-02T19,ERCO,WND,9798
2021-05-02T20,ERCO,WND,10479
2021-05-02T21,ERCO,WND,11353
2021-05-02T22,ERCO,WND,13136
2021-05-02T23,ERCO,WND,14496
2021-05-03T00,ERCO,WND,14908
2021-05-03T01,ERCO,WND,15010
2021-05-03T02,ERCO,WND,16910
2021-05-03T03,ERCO,WND,18754
2021-05-03T04,ERCO,WND,18836
2021-05-03T05,ERCO,WND,19030
2021-05-03T06,ERCO,WND,19535
2021-05-03T07,ERCO,WND,19672
2021-05-03T08,ERCO,WND,19461
2021-05-03T09,ERCO,WND,18806
2021-05-03T10,ERCO,WND,18554
2021-05-03T11,ERCO,WND,18057
2021-05-03T12,ERCO,WND,17239
2021-05-03T13,ERCO,WND,14814
2021-05-03T14,ERCO,WND,12500
2021-05-03T15,ERCO,WND,11860
2021-05-03T16,ERCO,WND,12413
2021-05-03T17,ERCO,WND,12831
2021-05-03T18,ERCO,WND,13241
2021-05-03T19,ERCO,WND,13066
2021-05-03T20,ERCO,WND,12051
2021-05-03T21,ERCO,WND,11401
2021-05-03T22,ERCO,WND,11236
2021-05-03T23,ERCO,WND,11173
2021-05-04T00,ERCO,WND,12269
2021-05-04T01,ERCO,WND,13373
2021-05-04T02,ERCO,WND,14716
2021-05-04T03,ERCO,WND,17234
2021-05-04T04,ERCO,WND,19486
2021-05-04T05,ERCO,WND,19358
2021-05-04T06,ERCO,WND,19179
2021-05-04T07,ERCO,WND,18867
2021-05-04T08,ERCO,WND,18326
2021-05-04T09,ERCO,WND,17868
2021-05-04T10,ERCO,WND,16993
2021-05-04T11,ERCO,WND,15695
2021-05-04T12,ERCO,WND,14870
2021-05-04T13,ERCO,WND,14406
2021-05-04T14,ERCO,WND,14418
2021-05-04T15,ERCO,WND,13925
2021-05-04T16,ERCO,WND,13117
2021-05-04T17,ERCO,WND,12692
2021-05-04T18,ERCO,WND,12174
2021-05-04T19,ERCO,WND,11326
2021-05-04T20,ERCO,WND,10220
2021-05-04T21,ERCO,WND,8645
2021-05-04T22,ERCO,WND,7565
2021-05-04T23,ERCO,WND,6499
2021-05-05T00,ERCO,WND,4903
2021-05-05T01,ERCO,WND,3764
2021-05-05T02,ERCO,WND,3083
2021-05-05T03,ERCO,WND,3750
2021-05-05T04,ERCO,WND,5483
2021-05-05T05,ERCO,WND,7175
2021-05-05T06,ERCO,WND,8439
2021-05-05T07,ERCO,WND,8745
2021-05-05T08,ERCO,WND,8987
2021-05-05T09,ERCO,WND,9128
2021-05-05T10,ERCO,WND,8910
2021-05-05T11,ERCO,WND,8684
2021-05-05T12,ERCO,WND,8710
2021-05-05T13,ERCO,WND,8536
2021-05-05T14,ERCO,WND,7074
2021-05-05T15,ERCO,WND,6936
2021-05-05T16,ERCO,WND,6942
2021-05-05T17,ERCO,WND,6524
2021-05-05T18,ERCO,WND,5988
2021-05-05T19,ERCO,WND,5578
2021-05-05T20,ERCO,WND,5692
2021-05-05T21,ERCO,WND,5858
2021-05-05T22,ERCO,WND,5957
2021-05-05T23,ERCO,WND,6214
2021-05-06T00,ERCO,WND,6764
2021-05-06T01,ERCO,WND,7629
2021-05-06T02,ERCO,WND,9661
2021-05-06T03,ERCO,WND,12790
2021-05-06T04,ERCO,WND,15289
2021-05-06T05,ERCO,WND,16659
2021-05-06T06,ERCO,WND,16718
2021-05-06T07,ERCO,WND,15738
2021-05-06T08,ERCO,WND,14106
2021-05-06T09,ERCO,WND,12979
2021-05-06T10,ERCO,WND,11462
2021-05-06T11,ERCO,WND,11102
2021-05-06T12,ERCO,WND,10734
2021-05-06T13,ERCO,WND,9214
2021-05-06T14,ERCO,WND,6132
2021-05-06T15,ERCO,WND,5460
2021-05-06T16,ERCO,WND,5247
2021-05-06T17,ERCO,WND,5009
2021-05-06T18,ERCO,WND,4962
2021-05-06T19,ERCO,WND,4229
2021-05-06T20,ERCO,WND,4110
2021-05-06T21,ERCO,WND,4450
2021-05-06T22,ERCO,WND,4793
2021-05-06T23,ERCO,WND,5163
2021-05-07T00,ERCO,WND,6069
2021-05-07T01,ERCO,WND,7360
2021-05-07T02,ERCO,WND,9300
2021-05-07T03,ERCO,WND,12484
2021-05-07T04,ERCO,WND,14438
2021-05-07T05,ERCO,WND,15129
2021-05-07T06,ERCO,WND,15854
2021-05-07T07,ERCO,WND,16175
2021-05-07T08,ERCO,WND,14765
2021-05-07T09,ERCO,WND,14450
2021-05-07T10,ERCO,WND,14348
2021-05-07T11,ERCO,WND,14335
2021-05-07T12,ERCO,WND,14403
2021-05-07T13,ERCO,WND,13905
2021-05-07T14,ERCO,WND,12336
2021-05-07T15,ERCO,WND,13777
2021-05-07T16,ERCO,WND,14799
2021-05-07T17,ERCO,WND,14946
2021-05-07T18,ERCO,WND,15185
2021-05-07T19,ERCO,WND,16851
2021-05-07T20,ERCO,WND,17550
2021-05-07T21,ERCO,WND,18160
2021-05-07T22,ERCO,WND,18779
2021-05-07T23,ERCO,WND,19860
2021-05-08T00,ERCO,WND,20070
2021-05-08T01,ERCO,WND,20350
2021-05-08T02,ERCO,WND,20468
2021-05-08T03,ERCO,WND,20270
2021-05-08T04,ERCO,WND,20544
2021-05-08T05,ERCO,WND,20010
2021-05-08T06,ERCO,WND,19290
2021-05-08T07,ERCO,WND,19193
2021-05-08T08,ERCO,WND,18830
2021-05-08T09,ERCO,WND,18186
2021-05-08T10,ERCO,WND,17984
2021-05-08T11,ERCO,WND,18282
2021-05-08T12,ERCO,WND,18971
2021-05-08T13,ERCO,WND,19133
2021-05-08T14,ERCO,WND,19821
2021-05-08T15,ERCO,WND,21092
2021-05-08T16,ERCO,WND,21438
2021-05-08T17,ERCO,WND,21456
2021-05-08T18,ERCO,WND,21441
2021-05-08T19,ERCO,WND,21220
2021-05-08T20,ERCO,WND,21107
2021-05-08T21,ERCO,WND,20945
2021-05-08T22,ERCO,WND,20619
2021-05-08T23,ERCO,WND,21117
2021-05-09T00,ERCO,WND,21493
2021-05-09T01,ERCO,WND,21943
2021-05-09T02,ERCO,WND,22387
2021-05-09T03,ERCO,WND,22230
2021-05-09T04,ERCO,WND,22137
2021-05-09T05,ERCO,WND,21726
2021-05-09T06,ERCO,WND,21600
2021-05-09T07,ERCO,WND,21115
2021-05-09T08,ERCO,WND,20442
2021-05-09T09,ERCO,WND,19631
2021-05-09T10,ERCO,WND,18528
2021-05-09T11,ERCO,WND,18327
2021-05-09T12,ERCO,WND,17734
2021-05-09T13,ERCO,WND,17417
2021-05-09T14,ERCO,WND,17455
2021-05-09T15,ERCO,WND,17632
2021-05-09T16,ERCO,WND,17276
2021-05-09T17,ERCO,WND,15763
2021-05-09T18,ERCO,WND,13730
2021-05-09T19,ERCO,WND,11570
2021-05-09T20,ERCO,WND,9831
2021-05-09T21,ERCO,WND,9146
2021-05-09T22,ERCO,WND,8879
2021-05-09T23,ERCO,WND,8981
2021-05-10T00,ERCO,WND,9090
2021-05-10T01,ERCO,WND,10359
2021-05-10T02,ERCO,WND,12343
2021-05-10T03,ERCO,WND,15710
2021-05-10T04,ERCO,WND,18380
2021-05-10T05,ERCO,WND,19434
2021-05-10T06,ERCO,WND,19131
2021-05-10T07,ERCO,WND,18497
2021-05-10T08,ERCO,WND,17072
2021-05-10T09,ERCO,WND,15264
2021-05-10T10,ERCO,WND,13635
2021-05-10T11,ERCO,WND,12638
2021-05-10T12,ERCO,WND,10592
2021-05-10T13,ERCO,WND,9481
2021-05-10T14,ERCO,WND,10115
2021-05-10T15,ERCO,WND,10181
2021-05-10T16,ERCO,WND,9698
2021-05-10T17,ERCO,WND,9675
2021-05-10T18,ERCO,WND,9782
2021-05-10T19,ERCO,WND,9610
2021-05-10T20,ERCO,WND,9290
2021-05-10T21,ERCO,WND,8837
2021-05-10T22,ERCO,WND,9027
2021-05-10T23,ERCO,WND,9209
2021-05-11T00,ERCO,WND,9210
2021-05-11T01,ERCO,WND,10558
2021-05-11T02,ERCO,WND,11715
2021-05-11T03,ERCO,WND,11735
2021-05-11T04,ERCO,WND,11232
2021-05-11T05,ERCO,WND,9699
2021-05-11T06,ERCO,WND,8026
2021-05-11T07,ERCO,WND,6664
2021-05-11T08,ERCO,WND,6363
2021-05-11T09,ERCO,WND,6210
2021-05-11T10,ERCO,WND,6870
2021-05-11T11,ERCO,WND,8127
2021-05-11T12,ERCO,WND,8063
2021-05-11T13,ERCO,WND,8483
2021-05-11T14,ERCO,WND,9938
2021-05-11T15,ERCO,WND,12180
2021-05-11T16,ERCO,WND,12830
2021-05-11T17,ERCO,WND,12461
2021-05-11T18,ERCO,WND,11074
2021-05-11T19,ERCO,WND,10481
2021-05-11T20,ERCO,WND,10406
2021-05-11T21,ERCO,WND,10844
2021-05-11T22,ERCO,WND,11758
2021-05-11T23,ERCO,WND,12546
2021-05-12T00,ERCO,WND,13555
2021-05-12T01,ERCO,WND,15073
2021-05-12T02,ERCO,WND,16439
2021-05-12T03,ERCO,WND,17282
2021-05-12T04,ERCO,WND,15914
2021-05-12T05,ERCO,WND,15384
2021-05-12T06,ERCO,WND,14848
2021-05-12T07,ERCO,WND,13526
2021-05-12T08,ERCO,WND,12504
2021-05-12T09,ERCO,WND,12848
2021-05-12T10,ERCO,WND,12879
2021-05-12T11,ERCO,WND,12637
2021-05-12T12,ERCO,WND,12503
2021-05-12T13,ERCO,WND,11610
2021-05-12T14,ERCO,WND,11068
2021-05-12T15,ERCO,WND,10460
2021-05-12T16,ERCO,WND,10117
2021-05-12T17,ERCO,WND,9714
2021-05-12T18,ERCO,WND,8940
2021-05-12T19,ERCO,WND,7874
2021-05-12T20,ERCO,WND,6306
2021-05-12T21,ERCO,WND,5139
2021-05-12T22,ERCO,WND,4584
2021-05-12T23,ERCO,WND,4482
2021-05-13T00,ERCO,WND,4476
2021-05-13T01,ERCO,WND,4101
2021-05-13T02,ERCO,WND,4166
2021-05-13T03,ERCO,WND,4529
2021-05-13T04,ERCO,WND,5340
2021-05-13T05,ERCO,WND,6389
2021-05-13T06,ERCO,WND,6455
2021-05-13T07,ERCO,WND,6140
2021-05-13T08,ERCO,WND,5935
2021-05-13T09,ERCO,WND,5791
2021-05-13T10,ERCO,WND,5565
2021-05-13T11,ERCO,WND,5103
2021-05-13T12,ERCO,WND,4770
2021-05-13T13,ERCO,WND,4359
2021-05-13T14,ERCO,WND,4472
2021-05-13T15,ERCO,WND,4607
2021-05-13T16,ERCO,WND,3693
2021-05-13T17,ERCO,WND,2924
2021-05-13T18,ERCO,WND,2539
2021-05-13T19,ERCO,WND,2385
2021-05-13T20,ERCO,WND,2083
2021-05-13T21,ERCO,WND,2174
2021-05-13T22,ERCO,WND,2612
2021-05-13T23,ERCO,WND,3406
2021-05-14T00,ERCO,WND,4792
2021-05-14T01,ERCO,WND,6647
2021-05-14T02,ERCO,WND,9017
2021-05-14T03,ERCO,WND,10983
2021-05-14T04,ERCO,WND,12489
2021-05-14T05,ERCO,WND,13601
2021-05-14T06,ERCO,WND,14243
2021-05-14T07,ERCO,WND,14381
2021-05-14T08,ERCO,WND,14104
2021-05-14T09,ERCO,WND,14039
2021-05-14T10,ERCO,WND,13297
2021-05-14T11,ERCO,WND,12960
2021-05-14T12,ERCO,WND,12101
2021-05-14T13,ERCO,WND,11120
2021-05-14T14,ERCO,WND,10677
2021-05-14T15,ERCO,WND,12745
2021-05-14T16,ERCO,WND,14042
2021-05-14T17,ERCO,WND,13566
2021-05-14T18,ERCO,WND,13237
2021-05-14T19,ERCO,WND,13142
2021-05-14T20,ERCO,WND,13688
2021-05-14T21,ERCO,WND,14889
2021-05-14T22,ERCO,WND,16227
2021-05-14T23,ERCO,WND,17803
2021-05-15T00,ERCO,WND,19785
2021-05-15T01,ERCO,WND,20960
2021-05-15T02,ERCO,WND,21316
2021-05-15T03,ERCO,WND,21373
2021-05-15T04,ERCO,WND,21215
2021-05-15T05,ERCO,WND,19561
2021-05-15T06,ERCO,WND,19310
2021-05-15T07,ERCO,WND,19096
2021-05-15T08,ERCO,WND,18058
2021-05-15T09,ERCO,WND,16737
2021-05-15T10,ERCO,WND,15269
2021-05-15T11,ERCO,WND,15154
2021-05-15T12,ERCO,WND,16165
2021-05-15T13,ERCO,WND,16283
2021-05-15T14,ERCO,WND,15611
2021-05-15T15,ERCO,WND,17061
2021-05-15T16,ERCO,WND,17669
2021-05-15T17,ERCO,WND,17499
2021-05-15T18,ERCO,WND,17048
2021-05-15T19,ERCO,WND,15895
2021-05-15T20,ERCO,WND,15084
2021-05-15T21,ERCO,WND,16059
2021-05-15T22,ERCO,WND,17987
2021-05-15T23,ERCO,WND,19479
2021-05-16T00,ERCO,WND,20045
2021-05-16T01,ERCO,WND,20300
2021-05-16T02,ERCO,WND,19818
2021-05-16T03,ERCO,WND,18713
2021-05-16T04,ERCO,WND,17793
2021-05-16T05,ERCO,WND,16730
2021-05-16T06,ERCO,WND,15490
2021-05-16T07,ERCO,WND,14526
2021-05-16T08,ERCO,WND,13212
2021-05-16T09,ERCO,WND,11780
2021-05-16T10,ERCO,WND,10011
2021-05-16T11,ERCO,WND,8965
2021-05-16T12,ERCO,WND,7096
2021-05-16T13,ERCO,WND,5980
2021-05-16T14,ERCO,WND,6195
2021-05-16T15,ERCO,WND,6795
2021-05-16T16,ERCO,WND,7734
2021-05-16T17,ERCO,WND,7981
2021-05-16T18,ERCO,WND,7667
2021-05-16T19,ERCO,WND,7439
2021-05-16T20,ERCO,WND,7020
2021-05-16T21,ERCO,WND,7034
2021-05-16T22,ERCO,WND,7763
2021-05-16T23,ERCO,WND,10189
2021-05-17T00,ERCO,WND,13044
2021-05-17T01,ERCO,WND,15167
2021-05-17T02,ERCO,WND,16741
2021-05-17T03,ERCO,WND,18943
2021-05-17T04,ERCO,WND,18849
2021-05-17T05,ERCO,WND,19603
2021-05-17T06,ERCO,WND,18387
2021-05-17T07,ERCO,WND,17273
2021-05-17T08,ERCO,WND,15860
2021-05-17T09,ERCO,WND,14139
2021-05-17T10,ERCO,WND,13340
2021-05-17T11,ERCO,WND,12116
2021-05-17T12,ERCO,WND,11589
2021-05-17T13,ERCO,WND,11195
2021-05-17T14,ERCO,WND,11438
2021-05-17T15,ERCO,WND,11873
2021-05-17T16,ERCO,WND,11545
2021-05-17T17,ERCO,WND,10651
2021-05-17T18,ERCO,WND,10397
2021-05-17T19,ERCO,WND,9861
2021-05-17T20,ERCO,WND,10080
2021-05-17T21,ERCO,WND,10232
2021-05-17T22,ERCO,WND,10405
2021-05-17T23,ERCO,WND,12358
2021-05-18T00,ERCO,WND,14769
2021-05-18T01,ERCO,WND,15766
2021-05-18T02,ERCO,WND,16473
2021-05-18T03,ERCO,WND,16238
2021-05-18T04,ERCO,WND,17241
2021-05-18T05,ERCO,WND,17043
2021-05-18T06,ERCO,WND,16212
2021-05-18T07,ERCO,WND,14260
2021-05-18T08,ERCO,WND,13065
2021-05-18T09,ERCO,WND,10554
2021-05-18T10,ERCO,WND,11070
2021-05-18T11,ERCO,WND,12116
2021-05-18T12,ERCO,WND,11572
2021-05-18T13,ERCO,WND,13914
2021-05-18T14,ERCO,WND,13648
2021-05-18T15,ERCO,WND,13277
2021-05-18T16,ERCO,WND,12471
2021-05-18T17,ERCO,WND,11087
2021-05-18T18,ERCO,WND,10860
2021-05-18T19,ERCO,WND,10459
2021-05-18T20,ERCO,WND,9931
2021-05-18T21,ERCO,WND,8920
2021-05-18T22,ERCO,WND,7515
2021-05-18T23,ERCO,WND,7822
2021-05-19T00,ERCO,WND,8332
2021-05-19T01,ERCO,WND,9341
2021-05-19T02,ERCO,WND,9963
2021-05-19T03,ERCO,WND,9348
2021-05-19T04,ERCO,WND,8902
2021-05-19T05,ERCO,WND,8590
2021-05-19T06,ERCO,WND,8936
2021-05-19T07,ERCO,WND,9152
2021-05-19T08,ERCO,WND,9023
2021-05-19T09,ERCO,WND,8742
2021-05-19T10,ERCO,WND,7832
2021-05-19T11,ERCO,WND,6884
2021-05-19T12,ERCO,WND,6676
2021-05-19T13,ERCO,WND,6327
2021-05-19T14,ERCO,WND,7446
2021-05-19T15,ERCO,WND,7865
2021-05-19T16,ERCO,WND,7094
2021-05-19T17,ERCO,WND,6281
2021-05-19T18,ERCO,WND,5875
2021-05-19T19,ERCO,WND,5386
2021-05-19T20,ERCO,WND,5973
2021-05-19T21,ERCO,WND,6441
2021-05-19T22,ERCO,WND,6007
2021-05-19T23,ERCO,WND,6469
2021-05-20T00,ERCO,WND,7344
2021-05-20T01,ERCO,WND,7507
2021-05-20T02,ERCO,WND,8185
2021-05-20T03,ERCO,WND,8560
2021-05-20T04,ERCO,WND,7972
2021-05-20T05,ERCO,WND,7705
2021-05-20T06,ERCO,WND,6818
2021-05-20T07,ERCO,WND,5721
2021-05-20T08,ERCO,WND,5473
2021-05-20T09,ERCO,WND,5284
2021-05-20T10,ERCO,WND,5137
2021-05-20T11,ERCO,WND,5289
2021-05-20T12,ERCO,WND,5883
2021-05-20T13,ERCO,WND,6020
2021-05-20T14,ERCO,WND,4479
2021-05-20T15,ERCO,WND,4316
2021-05-20T16,ERCO,WND,5069
2021-05-20T17,ERCO,WND,5152
2021-05-20T18,ERCO,WND,5105
2021-05-20T19,ERCO,WND,5781
2021-05-20T20,ERCO,WND,7100
2021-05-20T21,ERCO,WND,9145
2021-05-20T22,ERCO,WND,10754
2021-05-20T23,ERCO,WND,12071
2021-05-21T00,ERCO,WND,13013
2021-05-21T01,ERCO,WND,13736
2021-05-21T02,ERCO,WND,14356
2021-05-21T03,ERCO,WND,16476
2021-05-21T04,ERCO,WND,17844
2021-05-21T05,ERCO,WND,18057
2021-05-21T06,ERCO,WND,17629
2021-05-21T07,ERCO,WND,17305
2021-05-21T08,ERCO,WND,17105
2021-05-21T09,ERCO,WND,16407
2021-05-21T10,ERCO,WND,15954
2021-05-21T11,ERCO,WND,15533
2021-05-21T12,ERCO,WND,15530
2021-05-21T13,ERCO,WND,14327
2021-05-21T14,ERCO,WND,13617
2021-05-21T15,ERCO,WND,13911
2021-05-21T16,ERCO,WND,13374
2021-05-21T17,ERCO,WND,12639
2021-05-21T18,ERCO,WND,12549
2021-05-21T19,ERCO,WND,12698
2021-05-21T20,ERCO,WND,12639
2021-05-21T21,ERCO,WND,13028
2021-05-21T22,ERCO,WND,13479
2021-05-21T23,ERCO,WND,14425
2021-05-22T00,ERCO,WND,16386
2021-05-22T01,ERCO,WND,18387
2021-05-22T02,ERCO,WND,18794
2021-05-22T03,ERCO,WND,18679
2021-05-22T04,ERCO,WND,18558
2021-05-22T05,ERCO,WND,18248
2021-05-22T06,ERCO,WND,17563
2021-05-22T07,ERCO,WND,17186
2021-05-22T08,ERCO,WND,16158
2021-05-22T09,ERCO,WND,15444
2021-05-22T10,ERCO,WND,14028
2021-05-22T11,ERCO,WND,12285
2021-05-22T12,ERCO,WND,11244
2021-05-22T13,ERCO,WND,10413
2021-05-22T14,ERCO,WND,9723
2021-05-22T15,ERCO,WND,11022
2021-05-22T16,ERCO,WND,11567
2021-05-22T17,ERCO,WND,10255
2021-05-22T18,ERCO,WND,9066
2021-05-22T19,ERCO,WND,8795
2021-05-22T20,ERCO,WND,9605
2021-05-22T21,ERCO,WND,11063
2021-05-22T22,ERCO,WND,13738
2021-05-22T23,ERCO,WND,16927
2021-05-23T00,ERCO,WND,18653
2021-05-23T01,ERCO,WND,19016
2021-05-23T02,ERCO,WND,18656
2021-05-23T03,ERCO,WND,18474
2021-05-23T04,ERCO,WND,17314
2021-05-23T05,ERCO,WND,15608
2021-05-23T06,ERCO,WND,13816
2021-05-23T07,ERCO,WND,14362
2021-05-23T08,ERCO,WND,15219
2021-05-23T09,ERCO,WND,15277
2021-05-23T10,ERCO,WND,14800
2021-05-23T11,ERCO,WND,14100
2021-05-23T12,ERCO,WND,12942
2021-05-23T13,ERCO,WND,12930
2021-05-23T14,ERCO,WND,13489
2021-05-23T15,ERCO,WND,14672
2021-05-23T16,ERCO,WND,14856
2021-05-23T17,ERCO,WND,14184
2021-05-23T18,ERCO,WND,12916
2021-05-23T19,ERCO,WND,12824
2021-05-23T20,ERCO,WND,13459
2021-05-23T21,ERCO,WND,14380
2021-05-23T22,ERCO,WND,15644
2021-05-23T23,ERCO,WND,17628
2021-05-24T00,ERCO,WND,19068
2021-05-24T01,ERCO,WND,20068
2021-05-24T02,ERCO,WND,20167
2021-05-24T03,ERCO,WND,19444
2021-05-24T04,ERCO,WND,19290
2021-05-24T05,ERCO,WND,18824
2021-05-24T06,ERCO,WND,18049
2021-05-24T07,ERCO,WND,16974
2021-05-24T08,ERCO,WND,16527
2021-05-24T09,ERCO,WND,15185
2021-05-24T10,ERCO,WND,14185
2021-05-24T11,ERCO,WND,12851
2021-05-24T12,ERCO,WND,11875
2021-05-24T13,ERCO,WND,10236
2021-05-24T14,ERCO,WND,9070
2021-05-24T15,ERCO,WND,9726
2021-05-24T16,ERCO,WND,10856
2021-05-24T17,ERCO,WND,11002
2021-05-24T18,ERCO,WND,10649
2021-05-24T19,ERCO,WND,11111
2021-05-24T20,ERCO,WND,10975
2021-05-24T21,ERCO,WND,12004
2021-05-24T22,ERCO,WND,13727
2021-05-24T23,ERCO,WND,15764
2021-05-25T00,ERCO,WND,18000
2021-05-25T01,ERCO,WND,19248
2021-05-25T02,ERCO,WND,19783
2021-05-25T03,ERCO,WND,19748
2021-05-25T04,ERCO,WND,18885
2021-05-25T05,ERCO,WND,16874
2021-05-25T06,ERCO,WND,15660
2021-05-25T07,ERCO,WND,15612
2021-05-25T08,ERCO,WND,14865
2021-05-25T09,ERCO,WND,13156
2021-05-25T10,ERCO,WND,11825
2021-05-25T11,ERCO,WND,11333
2021-05-25T12,ERCO,WND,10299
2021-05-25T13,ERCO,WND,8814
2021-05-25T14,ERCO,WND,9327
2021-05-25T15,ERCO,WND,9166
2021-05-25T16,ERCO,WND,11032
2021-05-25T17,ERCO,WND,11908
2021-05-25T18,ERCO,WND,11825
2021-05-25T19,ERCO,WND,11914
2021-05-25T20,ERCO,WND,11154
2021-05-25T21,ERCO,WND,9792
2021-05-25T22,ERCO,WND,9496
2021-05-25T23,ERCO,WND,9619
2021-05-26T00,ERCO,WND,11612
2021-05-26T01,ERCO,WND,13424
2021-05-26T02,ERCO,WND,14782
2021-05-26T03,ERCO,WND,15725
2021-05-26T04,ERCO,WND,15696
2021-05-26T05,ERCO,WND,14591
2021-05-26T06,ERCO,WND,15611
2021-05-26T07,ERCO,WND,16891
2021-05-26T08,ERCO,WND,16938
2021-05-26T09,ERCO,WND,16912
2021-05-26T10,ERCO,WND,16145
2021-05-26T11,ERCO,WND,15116
2021-05-26T12,ERCO,WND,14773
2021-05-26T13,ERCO,WND,14003
2021-05-26T14,ERCO,WND,13495
2021-05-26T15,ERCO,WND,14061
2021-05-26T16,ERCO,WND,13258
2021-05-26T17,ERCO,WND,12527
2021-05-26T18,ERCO,WND,12196
2021-05-26T19,ERCO,WND,12812
2021-05-26T20,ERCO,WND,14315
2021-05-26T21,ERCO,WND,16040
2021-05-26T22,ERCO,WND,17383
2021-05-26T23,ERCO,WND,18909
2021-05-27T00,ERCO,WND,20231
2021-05-27T01,ERCO,WND,20890
2021-05-27T02,ERCO,WND,20631
2021-05-27T03,ERCO,WND,21001
2021-05-27T04,ERCO,WND,20654
2021-05-27T05,ERCO,WND,20088
2021-05-27T06,ERCO,WND,18592
2021-05-27T07,ERCO,WND,17836
2021-05-27T08,ERCO,WND,16720
2021-05-27T09,ERCO,WND,16862
2021-05-27T10,ERCO,WND,17422
2021-05-27T11,ERCO,WND,16708
2021-05-27T12,ERCO,WND,15323
2021-05-27T13,ERCO,WND,14520
2021-05-27T14,ERCO,WND,15892
2021-05-27T15,ERCO,WND,18143
2021-05-27T16,ERCO,WND,17704
2021-05-27T17,ERCO,WND,16167
2021-05-27T18,ERCO,WND,14150
2021-05-27T19,ERCO,WND,11735
2021-05-27T20,ERCO,WND,9899
2021-05-27T21,ERCO,WND,9350
2021-05-27T22,ERCO,WND,9378
2021-05-27T23,ERCO,WND,10068
2021-05-28T00,ERCO,WND,10631
2021-05-28T01,ERCO,WND,12207
2021-05-28T02,ERCO,WND,13282
2021-05-28T03,ERCO,WND,15478
2021-05-28T04,ERCO,WND,16720
2021-05-28T05,ERCO,WND,17431
2021-05-28T06,ERCO,WND,14385
2021-05-28T07,ERCO,WND,11729
2021-05-28T08,ERCO,WND,11734
2021-05-28T09,ERCO,WND,10771
2021-05-28T10,ERCO,WND,10642
2021-05-28T11,ERCO,WND,10659
2021-05-28T12,ERCO,WND,10764
2021-05-28T13,ERCO,WND,11124
2021-05-28T14,ERCO,WND,11552
2021-05-28T15,ERCO,WND,10683
2021-05-28T16,ERCO,WND,10023
2021-05-28T17,ERCO,WND,9520
2021-05-28T18,ERCO,WND,9980
2021-05-28T19,ERCO,WND,10961
2021-05-28T20,ERCO,WND,12439
2021-05-28T21,ERCO,WND,13313
2021-05-28T22,ERCO,WND,14529
2021-05-28T23,ERCO,WND,15337
2021-05-29T00,ERCO,WND,15196
2021-05-29T01,ERCO,WND,13947
2021-05-29T02,ERCO,WND,12309
2021-05-29T03,ERCO,WND,10614
2021-05-29T04,ERCO,WND,9976
2021-05-29T05,ERCO,WND,9961
2021-05-29T06,ERCO,WND,10600
2021-05-29T07,ERCO,WND,11500
2021-05-29T08,ERCO,WND,11035
2021-05-29T09,ERCO,WND,10644
2021-05-29T10,ERCO,WND,8114
2021-05-29T11,ERCO,WND,6084
2021-05-29T12,ERCO,WND,4943
2021-05-29T13,ERCO,WND,4458
2021-05-29T14,ERCO,WND,4700
2021-05-29T15,ERCO,WND,3998
2021-05-29T16,ERCO,WND,3671
2021-05-29T17,ERCO,WND,4228
2021-05-29T18,ERCO,WND,4926
2021-05-29T19,ERCO,WND,4120
2021-05-29T20,ERCO,WND,3883
2021-05-29T21,ERCO,WND,5032
2021-05-29T22,ERCO,WND,6612
2021-05-29T23,ERCO,WND,8505
2021-05-30T00,ERCO,WND,10438
2021-05-30T01,ERCO,WND,11093
2021-05-30T02,ERCO,WND,10246
2021-05-30T03,ERCO,WND,10802
2021-05-30T04,ERCO,WND,12421
2021-05-30T05,ERCO,WND,13846
2021-05-30T06,ERCO,WND,13568
2021-05-30T07,ERCO,WND,13142
2021-05-30T08,ERCO,WND,12521
2021-05-30T09,ERCO,WND,11048
2021-05-30T10,ERCO,WND,9582
2021-05-30T11,ERCO,WND,9017
2021-05-30T12,ERCO,WND,7908
2021-05-30T13,ERCO,WND,6490
2021-05-30T14,ERCO,WND,5048
2021-05-30T15,ERCO,WND,5527
2021-05-30T16,ERCO,WND,6864
2021-05-30T17,ERCO,WND,8970
2021-05-30T18,ERCO,WND,11478
2021-05-30T19,ERCO,WND,13298
2021-05-30T20,ERCO,WND,15493
2021-05-30T21,ERCO,WND,16969
2021-05-30T22,ERCO,WND,17583
2021-05-30T23,ERCO,WND,18490
2021-05-31T00,ERCO,WND,19113
2021-05-31T01,ERCO,WND,18959
2021-05-31T02,ERCO,WND,18385
2021-05-31T03,ERCO,WND,18327
2021-05-31T04,ERCO,WND,18295
2021-05-31T05,ERCO,WND,17624
2021-05-31T06,ERCO,WND,17371
2021-05-31T07,ERCO,WND,17544
2021-05-31T08,ERCO,WND,16273
2021-05-31T09,ERCO,WND,13929
2021-05-31T10,ERCO,WND,12260
2021-05-31T11,ERCO,WND,10863
2021-05-31T12,ERCO,WND,9720
2021-05-31T13,ERCO,WND,10017
2021-05-31T14,ERCO,WND,11447
2021-05-31T15,ERCO,WND,12827
2021-05-31T16,ERCO,WND,11808
2021-05-31T17,ERCO,WND,11559
2021-05-31T18,ERCO,WND,12388
2021-05-31T19,ERCO,WND,12088
2021-05-31T20,ERCO,WND,10414
2021-05-31T21,ERCO,WND,12562
2021-05-31T22,ERCO,WND,12101
2021-05-31T23,ERCO,WND,11105
2021-06-01T00,ERCO,WND,9251
2021-06-01T01,ERCO,WND,8205
2021-06-01T02,ERCO,WND,7184
2021-06-01T03,ERCO,WND,6474
2021-06-01T04,ERCO,WND,6380
2021-06-01T05,ERCO,WND,6181
2021-06-01T06,ERCO,WND,5263
2021-06-01T07,ERCO,WND,4768
2021-06-01T08,ERCO,WND,4728
2021-06-01T09,ERCO,WND,4397
2021-06-01T10,ERCO,WND,4251
2021-06-01T11,ERCO,WND,4588
2021-06-01T12,ERCO,WND,5542
2021-06-01T13,ERCO,WND,5002
2021-06-01T14,ERCO,WND,4455
2021-06-01T15,ERCO,WND,3843
2021-06-01T16,ERCO,WND,2758
2021-06-01T17,ERCO,WND,2314
2021-06-01T18,ERCO,WND,2313
2021-06-01T19,ERCO,WND,1697
2021-06-01T20,ERCO,WND,1471
2021-06-01T21,ERCO,WND,1163
2021-06-01T22,ERCO,WND,790
2021-06-01T23,ERCO,WND,750
2021-06-02T00,ERCO,WND,603
2021-06-02T01,ERCO,WND,682
2021-06-02T02,ERCO,WND,1321
2021-06-02T03,ERCO,WND,2181
2021-06-02T04,ERCO,WND,2776
2021-06-02T05,ERCO,WND,3306
2021-06-02T06,ERCO,WND,3813
2021-06-02T07,ERCO,WND,4749
2021-06-02T08,ERCO,WND,5182
2021-06-02T09,ERCO,WND,4960
2021-06-02T10,ERCO,WND,4845
2021-06-02T11,ERCO,WND,3934
2021-06-02T12,ERCO,WND,2973
2021-06-02T13,ERCO,WND,2900
2021-06-02T14,ERCO,WND,2097
2021-06-02T15,ERCO,WND,1203
2021-06-02T16,ERCO,WND,1094
2021-06-02T17,ERCO,WND,1274
2021-06-02T18,ERCO,WND,1064
2021-06-02T19,ERCO,WND,927
2021-06-02T20,ERCO,WND,1514
2021-06-02T21,ERCO,WND,1646
2021-06-02T22,ERCO,WND,2617
2021-06-02T23,ERCO,WND,3077
2021-06-03T00,ERCO,WND,3853
2021-06-03T01,ERCO,WND,4431
2021-06-03T02,ERCO,WND,5489
2021-06-03T03,ERCO,WND,5556
2021-06-03T04,ERCO,WND,5686
2021-06-03T05,ERCO,WND,6256
2021-06-03T06,ERCO,WND,7258
2021-06-03T07,ERCO,WND,6625
2021-06-03T08,ERCO,WND,6821
2021-06-03T09,ERCO,WND,7589
2021-06-03T10,ERCO,WND,6232
2021-06-03T11,ERCO,WND,4930
2021-06-03T12,ERCO,WND,3790
2021-06-03T13,ERCO,WND,2840
2021-06-03T14,ERCO,WND,2086
2021-06-03T15,ERCO,WND,2132
2021-06-03T16,ERCO,WND,1986
2021-06-03T17,ERCO,WND,2146
2021-06-03T18,ERCO,WND,2407
2021-06-03T19,ERCO,WND,2809
2021-06-03T20,ERCO,WND,3497
2021-06-03T21,ERCO,WND,3061
2021-06-03T22,ERCO,WND,4186
2021-06-03T23,ERCO,WND,4929
2021-06-04T00,ERCO,WND,5073
2021-06-04T01,ERCO,WND,5414
2021-06-04T02,ERCO,WND,6303
2021-06-04T03,ERCO,WND,7620
2021-06-04T04,ERCO,WND,8221
2021-06-04T05,ERCO,WND,7593
2021-06-04T06,ERCO,WND,6987
2021-06-04T07,ERCO,WND,6645
2021-06-04T08,ERCO,WND,5759
2021-06-04T09,ERCO,WND,4384
2021-06-04T10,ERCO,WND,3410
2021-06-04T11,ERCO,WND,2843
2021-06-04T12,ERCO,WND,2279
2021-06-04T13,ERCO,WND,1540
2021-06-04T14,ERCO,WND,834
2021-06-04T15,ERCO,WND,787
2021-06-04T16,ERCO,WND,778
2021-06-04T17,ERCO,WND,975
2021-06-04T18,ERCO,WND,1322
2021-06-04T19,ERCO,WND,1786
2021-06-04T20,ERCO,WND,2097
2021-06-04T21,ERCO,WND,2296
2021-06-04T22,ERCO,WND,2800
2021-06-04T23,ERCO,WND,3279
2021-06-05T00,ERCO,WND,3905
2021-06-05T01,ERCO,WND,4685
2021-06-05T02,ERCO,WND,5520
2021-06-05T03,ERCO,WND,6489
2021-06-05T04,ERCO,WND,7112
2021-06-05T05,ERCO,WND,7213
2021-06-05T06,ERCO,WND,6912
2021-06-05T07,ERCO,WND,6552
2021-06-05T08,ERCO,WND,6089
2021-06-05T09,ERCO,WND,5758
2021-06-05T10,ERCO,WND,4850
2021-06-05T11,ERCO,WND,4273
2021-06-05T12,ERCO,WND,4118
2021-06-05T13,ERCO,WND,3735
2021-06-05T14,ERCO,WND,2680
2021-06-05T15,ERCO,WND,2770
2021-06-05T16,ERCO,WND,2967
2021-06-05T17,ERCO,WND,3149
2021-06-05T18,ERCO,WND,3560
2021-06-05T19,ERCO,WND,3845
2021-06-05T20,ERCO,WND,4144
2021-06-05T21,ERCO,WND,4442
2021-06-05T22,ERCO,WND,4582
2021-06-05T23,ERCO,WND,5074
2021-06-06T00,ERCO,WND,6090
2021-06-06T01,ERCO,WND,7677
2021-06-06T02,ERCO,WND,9411
2021-06-06T03,ERCO,WND,13250
2021-06-06T04,ERCO,WND,16419
2021-06-06T05,ERCO,WND,17363
2021-06-06T06,ERCO,WND,17231
2021-06-06T07,ERCO,WND,16191
2021-06-06T08,ERCO,WND,15205
2021-06-06T09,ERCO,WND,13837
2021-06-06T10,ERCO,WND,13898
2021-06-06T11,ERCO,WND,14097
2021-06-06T12,ERCO,WND,14572
2021-06-06T13,ERCO,WND,14015
2021-06-06T14,ERCO,WND,12329
2021-06-06T15,ERCO,WND,14007
2021-06-06T16,ERCO,WND,13879
2021-06-06T17,ERCO,WND,12350
2021-06-06T18,ERCO,WND,11190
2021-06-06T19,ERCO,WND,10802
2021-06-06T20,ERCO,WND,10462
2021-06-06T21,ERCO,WND,10724
2021-06-06T22,ERCO,WND,11096
2021-06-06T23,ERCO,WND,11374
2021-06-07T00,ERCO,WND,12107
2021-06-07T01,ERCO,WND,13457
2021-06-07T02,ERCO,WND,14802
2021-06-07T03,ERCO,WND,17209
2021-06-07T04,ERCO,WND,19217
2021-06-07T05,ERCO,WND,19965
2021-06-07T06,ERCO,WND,19329
2021-06-07T07,ERCO,WND,18397
2021-06-07T08,ERCO,WND,15401
2021-06-07T09,ERCO,WND,14643
2021-06-07T10,ERCO,WND,14065
2021-06-07T11,ERCO,WND,13993
2021-06-07T12,ERCO,WND,11521
2021-06-07T13,ERCO,WND,10244
2021-06-07T14,ERCO,WND,9427
2021-06-07T15,ERCO,WND,7752
2021-06-07T16,ERCO,WND,6558
2021-06-07T17,ERCO,WND,6102
2021-06-07T18,ERCO,WND,5739
2021-06-07T19,ERCO,WND,5585
2021-06-07T20,ERCO,WND,5615
2021-06-07T21,ERCO,WND,5530
2021-06-07T22,ERCO,WND,5886
2021-06-07T23,ERCO,WND,6435
2021-06-08T00,ERCO,WND,8029
2021-06-08T01,ERCO,WND,10479
2021-06-08T02,ERCO,WND,13670
2021-06-08T03,ERCO,WND,16852
2021-06-08T04,ERCO,WND,18605
2021-06-08T05,ERCO,WND,19290
2021-06-08T06,ERCO,WND,19181
2021-06-08T07,ERCO,WND,18044
2021-06-08T08,ERCO,WND,17648
2021-06-08T09,ERCO,WND,16788
2021-06-08T10,ERCO,WND,13851
2021-06-08T11,ERCO,WND,14171
2021-06-08T12,ERCO,WND,14607
2021-06-08T13,ERCO,WND,14825
2021-06-08T14,ERCO,WND,13689
2021-06-08T15,ERCO,WND,12498
2021-06-08T16,ERCO,WND,13742
2021-06-08T17,ERCO,WND,15125
2021-06-08T18,ERCO,WND,14732
2021-06-08T19,ERCO,WND,13506
2021-06-08T20,ERCO,WND,11539
2021-06-08T21,ERCO,WND,10242
2021-06-08T22,ERCO,WND,10317
2021-06-08T23,ERCO,WND,10664
2021-06-09T00,ERCO,WND,11552
2021-06-09T01,ERCO,WND,12362
2021-06-09T02,ERCO,WND,13196
2021-06-09T03,ERCO,WND,16584
2021-06-09T04,ERCO,WND,19065
2021-06-09T05,ERCO,WND,19710
2021-06-09T06,ERCO,WND,19813
2021-06-09T07,ERCO,WND,19919
2021-06-09T08,ERCO,WND,19873
2021-06-09T09,ERCO,WND,18911
2021-06-09T10,ERCO,WND,17099
2021-06-09T11,ERCO,WND,15779
2021-06-09T12,ERCO,WND,14041
2021-06-09T13,ERCO,WND,12152
2021-06-09T14,ERCO,WND,10776
2021-06-09T15,ERCO,WND,11581
2021-06-09T16,ERCO,WND,10696
2021-06-09T17,ERCO,WND,9782
2021-06-09T18,ERCO,WND,8990
2021-06-09T19,ERCO,WND,8527
2021-06-09T20,ERCO,WND,8346
2021-06-09T21,ERCO,WND,9207
2021-06-09T22,ERCO,WND,10575
2021-06-09T23,ERCO,WND,12129
2021-06-10T00,ERCO,WND,13745
2021-06-10T01,ERCO,WND,14546
2021-06-10T02,ERCO,WND,14693
2021-06-10T03,ERCO,WND,15937
2021-06-10T04,ERCO,WND,17093
2021-06-10T05,ERCO,WND,17419
2021-06-10T06,ERCO,WND,17928
2021-06-10T07,ERCO,WND,17969
2021-06-10T08,ERCO,WND,17182
2021-06-10T09,ERCO,WND,16354
2021-06-10T10,ERCO,WND,14803
2021-06-10T11,ERCO,WND,13564
2021-06-10T12,ERCO,WND,12875
2021-06-10T13,ERCO,WND,11744
2021-06-10T14,ERCO,WND,10703
2021-06-10T15,ERCO,WND,11235
2021-06-10T16,ERCO,WND,9778
2021-06-10T17,ERCO,WND,8488
2021-06-10T18,ERCO,WND,8438
2021-06-10T19,ERCO,WND,9105
2021-06-10T20,ERCO,WND,10569
2021-06-10T21,ERCO,WND,11975
2021-06-10T22,ERCO,WND,13556
2021-06-10T23,ERCO,WND,15477
2021-06-11T00,ERCO,WND,16981
2021-06-11T01,ERCO,WND,17593
2021-06-11T02,ERCO,WND,18598
2021-06-11T03,ERCO,WND,20157
2021-06-11T04,ERCO,WND,20443
2021-06-11T05,ERCO,WND,20312
2021-06-11T06,ERCO,WND,20266
2021-06-11T07,ERCO,WND,20374
2021-06-11T08,ERCO,WND,20545
2021-06-11T09,ERCO,WND,20205
2021-06-11T10,ERCO,WND,19862
2021-06-11T11,ERCO,WND,19257
2021-06-11T12,ERCO,WND,18604
2021-06-11T13,ERCO,WND,17257
2021-06-11T14,ERCO,WND,15653
2021-06-11T15,ERCO,WND,15909
2021-06-11T16,ERCO,WND,15266
2021-06-11T17,ERCO,WND,14991
2021-06-11T18,ERCO,WND,14408
2021-06-11T19,ERCO,WND,13629
2021-06-11T20,ERCO,WND,12967
2021-06-11T21,ERCO,WND,13330
2021-06-11T22,ERCO,WND,13736
2021-06-11T23,ERCO,WND,14273
2021-06-12T00,ERCO,WND,15008
2021-06-12T01,ERCO,WND,15991
2021-06-12T02,ERCO,WND,16857
2021-06-12T03,ERCO,WND,18164
2021-06-12T04,ERCO,WND,19049
2021-06-12T05,ERCO,WND,18657
2021-06-12T06,ERCO,WND,17690
2021-06-12T07,ERCO,WND,16244
2021-06-12T08,ERCO,WND,15257
2021-06-12T09,ERCO,WND,14556
2021-06-12T10,ERCO,WND,13925
2021-06-12T11,ERCO,WND,13043
2021-06-12T12,ERCO,WND,10214
2021-06-12T13,ERCO,WND,6465
2021-06-12T14,ERCO,WND,5893
2021-06-12T15,ERCO,WND,6334
2021-06-12T16,ERCO,WND,4610
2021-06-12T17,ERCO,WND,3867
2021-06-12T18,ERCO,WND,3872
2021-06-12T19,ERCO,WND,4330
2021-06-12T20,ERCO,WND,5166
2021-06-12T21,ERCO,WND,6005
2021-06-12T22,ERCO,WND,6740
2021-06-12T23,ERCO,WND,7553
2021-06-13T00,ERCO,WND,8004
2021-06-13T01,ERCO,WND,9166
2021-06-13T02,ERCO,WND,10703
2021-06-13T03,ERCO,WND,12367
2021-06-13T04,ERCO,WND,13452
2021-06-13T05,ERCO,WND,14006
2021-06-13T06,ERCO,WND,13387
2021-06-13T07,ERCO,WND,12084
2021-06-13T08,ERCO,WND,10727
2021-06-13T09,ERCO,WND,8508
2021-06-13T10,ERCO,WND,6951
2021-06-13T11,ERCO,WND,6529
2021-06-13T12,ERCO,WND,4873
2021-06-13T13,ERCO,WND,4343
2021-06-13T14,ERCO,WND,2708
2021-06-13T15,ERCO,WND,1856
2021-06-13T16,ERCO,WND,1610
2021-06-13T17,ERCO,WND,2067
2021-06-13T18,ERCO,WND,2313
2021-06-13T19,ERCO,WND,2340
2021-06-13T20,ERCO,WND,2129
2021-06-13T21,ERCO,WND,1908
2021-06-13T22,ERCO,WND,2157
2021-06-13T23,ERCO,WND,2663
2021-06-14T00,ERCO,WND,3580
2021-06-14T01,ERCO,WND,4796
2021-06-14T02,ERCO,WND,6790
2021-06-14T03,ERCO,WND,8641
2021-06-14T04,ERCO,WND,10073
2021-06-14T05,ERCO,WND,10676
2021-06-14T06,ERCO,WND,9414
2021-06-14T07,ERCO,WND,8207
2021-06-14T08,ERCO,WND,7580
2021-06-14T09,ERCO,WND,6154
2021-06-14T10,ERCO,WND,5396
2021-06-14T11,ERCO,WND,5585
2021-06-14T12,ERCO,WND,5797
2021-06-14T13,ERCO,WND,4547
2021-06-14T14,ERCO,WND,4458
2021-06-14T15,ERCO,WND,4094
2021-06-14T16,ERCO,WND,4265
2021-06-14T17,ERCO,WND,3953
2021-06-14T18,ERCO,WND,2924
2021-06-14T19,ERCO,WND,3059
2021-06-14T20,ERCO,WND,3200
2021-06-14T21,ERCO,WND,3681
2021-06-14T22,ERCO,WND,3521
2021-06-14T23,ERCO,WND,3652
2021-06-15T00,ERCO,WND,4495
2021-06-15T01,ERCO,WND,4810
2021-06-15T02,ERCO,WND,4688
2021-06-15T03,ERCO,WND,5144
2021-06-15T04,ERCO,WND,4967
2021-06-15T05,ERCO,WND,4175
2021-06-15T06,ERCO,WND,4043
2021-06-15T07,ERCO,WND,3524
2021-06-15T08,ERCO,WND,3003
2021-06-15T09,ERCO,WND,2447
2021-06-15T10,ERCO,WND,1893
2021-06-15T11,ERCO,WND,1503
2021-06-15T12,ERCO,WND,1091
2021-06-15T13,ERCO,WND,720
2021-06-15T14,ERCO,WND,278
2021-06-15T15,ERCO,WND,179
2021-06-15T16,ERCO,WND,303
2021-06-15T17,ERCO,WND,278
2021-06-15T18,ERCO,WND,357
2021-06-15T19,ERCO,WND,876
2021-06-15T20,ERCO,WND,1268
2021-06-15T21,ERCO,WND,1551
2021-06-15T22,ERCO,WND,1890
2021-06-15T23,ERCO,WND,2217
2021-06-16T00,ERCO,WND,2506
2021-06-16T01,ERCO,WND,2659
2021-06-16T02,ERCO,WND,3541
2021-06-16T03,ERCO,WND,5167
2021-06-16T04,ERCO,WND,7450
2021-06-16T05,ERCO,WND,9769
2021-06-16T06,ERCO,WND,11742
2021-06-16T07,ERCO,WND,12417
2021-06-16T08,ERCO,WND,11898
2021-06-16T09,ERCO,WND,10565
2021-06-16T10,ERCO,WND,8798
2021-06-16T11,ERCO,WND,7508
2021-06-16T12,ERCO,WND,6218
2021-06-16T13,ERCO,WND,5050
2021-06-16T14,ERCO,WND,3305
2021-06-16T15,ERCO,WND,2867
2021-06-16T16,ERCO,WND,2463
2021-06-16T17,ERCO,WND,1894
2021-06-16T18,ERCO,WND,2048
2021-06-16T19,ERCO,WND,2298
2021-06-16T20,ERCO,WND,3095
2021-06-16T21,ERCO,WND,4239
2021-06-16T22,ERCO,WND,5084
2021-06-16T23,ERCO,WND,5550
2021-06-17T00,ERCO,WND,6535
2021-06-17T01,ERCO,WND,7589
2021-06-17T02,ERCO,WND,8606
2021-06-17T03,ERCO,WND,10577
2021-06-17T04,ERCO,WND,12219
2021-06-17T05,ERCO,WND,12805
2021-06-17T06,ERCO,WND,12996
2021-06-17T07,ERCO,WND,12898
2021-06-17T08,ERCO,WND,12380
2021-06-17T09,ERCO,WND,11615
2021-06-17T10,ERCO,WND,10468
2021-06-17T11,ERCO,WND,9317
2021-06-17T12,ERCO,WND,8780
2021-06-17T13,ERCO,WND,7665
2021-06-17T14,ERCO,WND,4747
2021-06-17T15,ERCO,WND,4904
2021-06-17T16,ERCO,WND,5019
2021-06-17T17,ERCO,WND,3713
2021-06-17T18,ERCO,WND,3552
2021-06-17T19,ERCO,WND,3964
2021-06-17T20,ERCO,WND,4082
2021-06-17T21,ERCO,WND,4426
2021-06-17T22,ERCO,WND,4271
2021-06-17T23,ERCO,WND,4643
2021-06-18T00,ERCO,WND,5276
2021-06-18T01,ERCO,WND,5897
2021-06-18T02,ERCO,WND,6753
2021-06-18T03,ERCO,WND,9246
2021-06-18T04,ERCO,WND,11950
2021-06-18T05,ERCO,WND,13080
2021-06-18T06,ERCO,WND,13973
2021-06-18T07,ERCO,WND,14180
2021-06-18T08,ERCO,WND,13840
2021-06-18T09,ERCO,WND,13393
2021-06-18T10,ERCO,WND,12557
2021-06-18T11,ERCO,WND,11467
2021-06-18T12,ERCO,WND,10331
2021-06-18T13,ERCO,WND,8869
2021-06-18T14,ERCO,WND,5694
2021-06-18T15,ERCO,WND,5728
2021-06-18T16,ERCO,WND,5423
2021-06-18T17,ERCO,WND,4297
2021-06-18T18,ERCO,WND,2960
2021-06-18T19,ERCO,WND,2830
2021-06-18T20,ERCO,WND,3470
2021-06-18T21,ERCO,WND,4151
2021-06-18T22,ERCO,WND,4927
2021-06-18T23,ERCO,WND,5793
2021-06-19T00,ERCO,WND,6674
2021-06-19T01,ERCO,WND,7736
2021-06-19T02,ERCO,WND,8696
2021-06-19T03,ERCO,WND,11733
2021-06-19T04,ERCO,WND,13974
2021-06-19T05,ERCO,WND,14633
2021-06-19T06,ERCO,WND,15627
2021-06-19T07,ERCO,WND,15896
2021-06-19T08,ERCO,WND,15443
2021-06-19T09,ERCO,WND,14341
2021-06-19T10,ERCO,WND,13485
2021-06-19T11,ERCO,WND,12693
2021-06-19T12,ERCO,WND,11809
2021-06-19T13,ERCO,WND,10597
2021-06-19T14,ERCO,WND,8119
2021-06-19T15,ERCO,WND,8284
2021-06-19T16,ERCO,WND,6117
2021-06-19T17,ERCO,WND,3929
2021-06-19T18,ERCO,WND,2656
2021-06-19T19,ERCO,WND,2537
2021-06-19T20,ERCO,WND,3362
2021-06-19T21,ERCO,WND,4589
2021-06-19T22,ERCO,WND,5798
2021-06-19T23,ERCO,WND,7728
2021-06-20T00,ERCO,WND,9772
2021-06-20T01,ERCO,WND,11197
2021-06-20T02,ERCO,WND,12264
2021-06-20T03,ERCO,WND,15046
2021-06-20T04,ERCO,WND,18288
2021-06-20T05,ERCO,WND,19556
2021-06-20T06,ERCO,WND,19661
2021-06-20T07,ERCO,WND,19242
2021-06-20T08,ERCO,WND,18711
2021-06-20T09,ERCO,WND,17956
2021-06-20T10,ERCO,WND,17892
2021-06-20T11,ERCO,WND,17925
2021-06-20T12,ERCO,WND,17731
2021-06-20T13,ERCO,WND,16974
2021-06-20T14,ERCO,WND,15916
2021-06-20T15,ERCO,WND,16890
2021-06-20T16,ERCO,WND,15849
2021-06-20T17,ERCO,WND,15153
2021-06-20T18,ERCO,WND,14447
2021-06-20T19,ERCO,WND,13423
2021-06-20T20,ERCO,WND,11798
2021-06-20T21,ERCO,WND,10468
2021-06-20T22,ERCO,WND,9996
2021-06-20T23,ERCO,WND,10927
2021-06-21T00,ERCO,WND,13295
2021-06-21T01,ERCO,WND,15660
2021-06-21T02,ERCO,WND,17325
2021-06-21T03,ERCO,WND,19956
2021-06-21T04,ERCO,WND,21219
2021-06-21T05,ERCO,WND,21249
2021-06-21T06,ERCO,WND,21205
2021-06-21T07,ERCO,WND,19793
2021-06-21T08,ERCO,WND,18554
2021-06-21T09,ERCO,WND,19351
2021-06-21T10,ERCO,WND,19465
2021-06-21T11,ERCO,WND,19213
2021-06-21T12,ERCO,WND,17537
2021-06-21T13,ERCO,WND,16036
2021-06-21T14,ERCO,WND,15641
2021-06-21T15,ERCO,WND,15141
2021-06-21T16,ERCO,WND,14514
2021-06-21T17,ERCO,WND,13915
2021-06-21T18,ERCO,WND,13868
2021-06-21T19,ERCO,WND,14290
2021-06-21T20,ERCO,WND,14581
2021-06-21T21,ERCO,WND,14938
2021-06-21T22,ERCO,WND,15722
2021-06-21T23,ERCO,WND,16652
2021-06-22T00,ERCO,WND,18587
2021-06-22T01,ERCO,WND,19652
2021-06-22T02,ERCO,WND,19319
2021-06-22T03,ERCO,WND,17604
2021-06-22T04,ERCO,WND,14393
2021-06-22T05,ERCO,WND,11633
2021-06-22T06,ERCO,WND,10113
2021-06-22T07,ERCO,WND,8793
2021-06-22T08,ERCO,WND,7060
2021-06-22T09,ERCO,WND,5223
2021-06-22T10,ERCO,WND,4575
2021-06-22T11,ERCO,WND,4316
2021-06-22T12,ERCO,WND,3691
2021-06-22T13,ERCO,WND,3581
2021-06-22T14,ERCO,WND,2900
2021-06-22T15,ERCO,WND,3046
2021-06-22T16,ERCO,WND,3371
2021-06-22T17,ERCO,WND,3276
2021-06-22T18,ERCO,WND,3079
2021-06-22T19,ERCO,WND,3121
2021-06-22T20,ERCO,WND,4391
2021-06-22T21,ERCO,WND,5987
2021-06-22T22,ERCO,WND,7662
2021-06-22T23,ERCO,WND,8978
2021-06-23T00,ERCO,WND,8875
2021-06-23T01,ERCO,WND,8729
2021-06-23T02,ERCO,WND,9124
2021-06-23T03,ERCO,WND,11510
2021-06-23T04,ERCO,WND,14121
2021-06-23T05,ERCO,WND,15426
2021-06-23T06,ERCO,WND,16438
2021-06-23T07,ERCO,WND,17002
2021-06-23T08,ERCO,WND,16995
2021-06-23T09,ERCO,WND,17053
2021-06-23T10,ERCO,WND,17061
2021-06-23T11,ERCO,WND,16820
2021-06-23T12,ERCO,WND,16561
2021-06-23T13,ERCO,WND,17213
2021-06-23T14,ERCO,WND,18058
2021-06-23T15,ERCO,WND,18756
2021-06-23T16,ERCO,WND,18065
2021-06-23T17,ERCO,WND,17045
2021-06-23T18,ERCO,WND,16430
2021-06-23T19,ERCO,WND,17146
2021-06-23T20,ERCO,WND,16662
2021-06-23T21,ERCO,WND,16469
2021-06-23T22,ERCO,WND,16951
2021-06-23T23,ERCO,WND,16837
2021-06-24T00,ERCO,WND,16563
2021-06-24T01,ERCO,WND,16293
2021-06-24T02,ERCO,WND,16396
2021-06-24T03,ERCO,WND,18191
2021-06-24T04,ERCO,WND,19374
2021-06-24T05,ERCO,WND,19544
2021-06-24T06,ERCO,WND,19650
2021-06-24T07,ERCO,WND,19168
2021-06-24T08,ERCO,WND,19003
2021-06-24T09,ERCO,WND,19028
2021-06-24T10,ERCO,WND,18941
2021-06-24T11,ERCO,WND,18802
2021-06-24T12,ERCO,WND,18130
2021-06-24T13,ERCO,WND,16683
2021-06-24T14,ERCO,WND,17634
2021-06-24T15,ERCO,WND,19328
2021-06-24T16,ERCO,WND,18234
2021-06-24T17,ERCO,WND,16337
2021-06-24T18,ERCO,WND,15403
2021-06-24T19,ERCO,WND,15322
2021-06-24T20,ERCO,WND,15620
2021-06-24T21,ERCO,WND,16063
2021-06-24T22,ERCO,WND,16685
2021-06-24T23,ERCO,WND,17602
2021-06-25T00,ERCO,WND,19081
2021-06-25T01,ERCO,WND,19646
2021-06-25T02,ERCO,WND,18616
2021-06-25T03,ERCO,WND,18363
2021-06-25T04,ERCO,WND,18800
2021-06-25T05,ERCO,WND,19030
2021-06-25T06,ERCO,WND,19002
2021-06-25T07,ERCO,WND,18917
2021-06-25T08,ERCO,WND,19043
2021-06-25T09,ERCO,WND,18496
2021-06-25T10,ERCO,WND,17848
2021-06-25T11,ERCO,WND,18005
2021-06-25T12,ERCO,WND,18151
2021-06-25T13,ERCO,WND,17762
2021-06-25T14,ERCO,WND,18936
2021-06-25T15,ERCO,WND,20490
2021-06-25T16,ERCO,WND,19214
2021-06-25T17,ERCO,WND,18099
2021-06-25T18,ERCO,WND,17179
2021-06-25T19,ERCO,WND,16576
2021-06-25T20,ERCO,WND,16136
2021-06-25T21,ERCO,WND,16753
2021-06-25T22,ERCO,WND,18273
2021-06-25T23,ERCO,WND,19661
2021-06-26T00,ERCO,WND,19929
2021-06-26T01,ERCO,WND,20677
2021-06-26T02,ERCO,WND,21234
2021-06-26T03,ERCO,WND,22811
2021-06-26T04,ERCO,WND,23368
2021-06-26T05,ERCO,WND,22973
2021-06-26T06,ERCO,WND,22010
2021-06-26T07,ERCO,WND,21678
2021-06-26T08,ERCO,WND,21095
2021-06-26T09,ERCO,WND,19878
2021-06-26T10,ERCO,WND,18954
2021-06-26T11,ERCO,WND,17992
2021-06-26T12,ERCO,WND,15996
2021-06-26T13,ERCO,WND,13474
2021-06-26T14,ERCO,WND,12886
2021-06-26T15,ERCO,WND,13686
2021-06-26T16,ERCO,WND,12963
2021-06-26T17,ERCO,WND,11951
2021-06-26T18,ERCO,WND,11880
2021-06-26T19,ERCO,WND,11285
2021-06-26T20,ERCO,WND,11027
2021-06-26T21,ERCO,WND,11035
2021-06-26T22,ERCO,WND,11193
2021-06-26T23,ERCO,WND,12458
2021-06-27T00,ERCO,WND,15434
2021-06-27T01,ERCO,WND,16708
2021-06-27T02,ERCO,WND,16717
2021-06-27T03,ERCO,WND,16957
2021-06-27T04,ERCO,WND,15984
2021-06-27T05,ERCO,WND,16288
2021-06-27T06,ERCO,WND,14827
2021-06-27T07,ERCO,WND,14288
2021-06-27T08,ERCO,WND,11904
2021-06-27T09,ERCO,WND,9326
2021-06-27T10,ERCO,WND,7352
2021-06-27T11,ERCO,WND,6700
2021-06-27T12,ERCO,WND,6358
2021-06-27T13,ERCO,WND,5817
2021-06-27T14,ERCO,WND,6140
2021-06-27T15,ERCO,WND,6002
2021-06-27T16,ERCO,WND,4531
2021-06-27T17,ERCO,WND,3641
2021-06-27T18,ERCO,WND,3234
2021-06-27T19,ERCO,WND,3207
2021-06-27T20,ERCO,WND,3434
2021-06-27T21,ERCO,WND,3198
2021-06-27T22,ERCO,WND,4406
2021-06-27T23,ERCO,WND,5301
2021-06-28T00,ERCO,WND,7175
2021-06-28T01,ERCO,WND,8382
2021-06-28T02,ERCO,WND,7460
2021-06-28T03,ERCO,WND,6940
2021-06-28T04,ERCO,WND,6542
2021-06-28T05,ERCO,WND,5709
2021-06-28T06,ERCO,WND,4241
2021-06-28T07,ERCO,WND,3125
2021-06-28T08,ERCO,WND,2942
2021-06-28T09,ERCO,WND,2514
2021-06-28T10,ERCO,WND,2267
2021-06-28T11,ERCO,WND,2014
2021-06-28T12,ERCO,WND,1789
2021-06-28T13,ERCO,WND,1568
2021-06-28T14,ERCO,WND,1186
2021-06-28T15,ERCO,WND,1050
2021-06-28T16,ERCO,WND,1246
2021-06-28T17,ERCO,WND,1738
2021-06-28T18,ERCO,WND,3477
2021-06-28T19,ERCO,WND,5478
2021-06-28T20,ERCO,WND,6062
2021-06-28T21,ERCO,WND,6656
2021-06-28T22,ERCO,WND,7298
2021-06-28T23,ERCO,WND,8456
2021-06-29T00,ERCO,WND,8999
2021-06-29T01,ERCO,WND,9498
2021-06-29T02,ERCO,WND,8877
2021-06-29T03,ERCO,WND,7955
2021-06-29T04,ERCO,WND,7130
2021-06-29T05,ERCO,WND,5770
2021-06-29T06,ERCO,WND,4737
2021-06-29T07,ERCO,WND,3942
2021-06-29T08,ERCO,WND,3254
2021-06-29T09,ERCO,WND,2797
2021-06-29T10,ERCO,WND,2118
2021-06-29T11,ERCO,WND,1801
2021-06-29T12,ERCO,WND,1621
2021-06-29T13,ERCO,WND,1531
2021-06-29T14,ERCO,WND,1415
2021-06-29T15,ERCO,WND,1564
2021-06-29T16,ERCO,WND,1534
2021-06-29T17,ERCO,WND,2120
2021-06-29T18,ERCO,WND,2660
2021-06-29T19,ERCO,WND,3455
2021-06-29T20,ERCO,WND,3442
2021-06-29T21,ERCO,WND,3560
2021-06-29T22,ERCO,WND,4764
2021-06-29T23,ERCO,WND,4591
2021-06-30T00,ERCO,WND,4435
2021-06-30T01,ERCO,WND,5255
2021-06-30T02,ERCO,WND,5596
2021-06-30T03,ERCO,WND,6498
2021-06-30T04,ERCO,WND,6686
2021-06-30T05,ERCO,WND,6378
2021-06-30T06,ERCO,WND,6426
2021-06-30T07,ERCO,WND,6737
2021-06-30T08,ERCO,WND,6648
2021-06-30T09,ERCO,WND,6144
2021-06-30T10,ERCO,WND,5405
2021-06-30T11,ERCO,WND,4071
2021-06-30T12,ERCO,WND,3131
2021-06-30T13,ERCO,WND,2726
2021-06-30T14,ERCO,WND,3068
2021-06-30T15,ERCO,WND,3580
2021-06-30T16,ERCO,WND,3550
2021-06-30T17,ERCO,WND,2995
2021-06-30T18,ERCO,WND,2780
2021-06-30T19,ERCO,WND,2840
2021-06-30T20,ERCO,WND,3489
2021-06-30T21,ERCO,WND,3731
2021-06-30T22,ERCO,WND,3764
2021-06-30T23,ERCO,WND,4165
2021-07-01T00,ERCO,WND,4101
2021-07-01T01,ERCO,WND,3360
2021-07-01T02,ERCO,WND,3087
2021-07-01T03,ERCO,WND,4015
2021-07-01T04,ERCO,WND,5561
2021-07-01T05,ERCO,WND,6579
2021-07-01T06,ERCO,WND,7435
2021-07-01T07,ERCO,WND,7992
2021-07-01T08,ERCO,WND,7865
2021-07-01T09,ERCO,WND,7590
2021-07-01T10,ERCO,WND,6974
2021-07-01T11,ERCO,WND,6331
2021-07-01T12,ERCO,WND,5217
2021-07-01T13,ERCO,WND,4233
2021-07-01T14,ERCO,WND,2784
2021-07-01T15,ERCO,WND,2599
2021-07-01T16,ERCO,WND,1989
2021-07-01T17,ERCO,WND,1451
2021-07-01T18,ERCO,WND,1362
2021-07-01T19,ERCO,WND,1361
2021-07-01T20,ERCO,WND,1651
2021-07-01T21,ERCO,WND,2283
2021-07-01T22,ERCO,WND,2786
2021-07-01T23,ERCO,WND,2941
2021-07-02T00,ERCO,WND,4330
2021-07-02T01,ERCO,WND,5914
2021-07-02T02,ERCO,WND,5778
2021-07-02T03,ERCO,WND,5677
2021-07-02T04,ERCO,WND,5933
2021-07-02T05,ERCO,WND,6340
2021-07-02T06,ERCO,WND,6955
2021-07-02T07,ERCO,WND,6485
2021-07-02T08,ERCO,WND,5926
2021-07-02T09,ERCO,WND,5908
2021-07-02T10,ERCO,WND,6034
2021-07-02T11,ERCO,WND,5731
2021-07-02T12,ERCO,WND,5251
2021-07-02T13,ERCO,WND,4475
2021-07-02T14,ERCO,WND,3230
2021-07-02T15,ERCO,WND,2313
2021-07-02T16,ERCO,WND,1628
2021-07-02T17,ERCO,WND,987
2021-07-02T18,ERCO,WND,987
2021-07-02T19,ERCO,WND,1724
2021-07-02T20,ERCO,WND,2356
2021-07-02T21,ERCO,WND,3147
2021-07-02T22,ERCO,WND,3756
2021-07-02T23,ERCO,WND,4570
2021-07-03T00,ERCO,WND,5014
2021-07-03T01,ERCO,WND,4838
2021-07-03T02,ERCO,WND,5517
2021-07-03T03,ERCO,WND,5932
2021-07-03T04,ERCO,WND,5911
2021-07-03T05,ERCO,WND,5845
2021-07-03T06,ERCO,WND,5303
2021-07-03T07,ERCO,WND,4330
2021-07-03T08,ERCO,WND,3712
2021-07-03T09,ERCO,WND,3427
2021-07-03T10,ERCO,WND,2638
2021-07-03T11,ERCO,WND,2073
2021-07-03T12,ERCO,WND,1722
2021-07-03T13,ERCO,WND,1293
2021-07-03T14,ERCO,WND,1375
2021-07-03T15,ERCO,WND,1694
2021-07-03T16,ERCO,WND,1159
2021-07-03T17,ERCO,WND,986
2021-07-03T18,ERCO,WND,1042
2021-07-03T19,ERCO,WND,1369
2021-07-03T20,ERCO,WND,1946
2021-07-03T21,ERCO,WND,2498
2021-07-03T22,ERCO,WND,2870
2021-07-03T23,ERCO,WND,3349
2021-07-04T00,ERCO,WND,4338
2021-07-04T01,ERCO,WND,4913
2021-07-04T02,ERCO,WND,5345
2021-07-04T03,ERCO,WND,5766
2021-07-04T04,ERCO,WND,5903
2021-07-04T05,ERCO,WND,5873
2021-07-04T06,ERCO,WND,5531
2021-07-04T07,ERCO,WND,4810
2021-07-04T08,ERCO,WND,3925
2021-07-04T09,ERCO,WND,3632
2021-07-04T10,ERCO,WND,3245
2021-07-04T11,ERCO,WND,3067
2021-07-04T12,ERCO,WND,2844
2021-07-04T13,ERCO,WND,2660
2021-07-04T14,ERCO,WND,2146
2021-07-04T15,ERCO,WND,2068
2021-07-04T16,ERCO,WND,1732
2021-07-04T17,ERCO,WND,1251
2021-07-04T18,ERCO,WND,981
2021-07-04T19,ERCO,WND,1340
2021-07-04T20,ERCO,WND,2416
2021-07-04T21,ERCO,WND,3622
2021-07-04T22,ERCO,WND,4711
2021-07-04T23,ERCO,WND,5609
2021-07-05T00,ERCO,WND,7439
2021-07-05T01,ERCO,WND,9800
2021-07-05T02,ERCO,WND,10544
2021-07-05T03,ERCO,WND,10395
2021-07-05T04,ERCO,WND,10233
2021-07-05T05,ERCO,WND,10227
2021-07-05T06,ERCO,WND,9195
2021-07-05T07,ERCO,WND,7917
2021-07-05T08,ERCO,WND,6681
2021-07-05T09,ERCO,WND,6071
2021-07-05T10,ERCO,WND,5397
2021-07-05T11,ERCO,WND,4925
2021-07-05T12,ERCO,WND,4252
2021-07-05T13,ERCO,WND,3687
2021-07-05T14,ERCO,WND,3125
2021-07-05T15,ERCO,WND,3183
2021-07-05T16,ERCO,WND,3046
2021-07-05T17,ERCO,WND,3252
2021-07-05T18,ERCO,WND,3129
2021-07-05T19,ERCO,WND,3222
2021-07-05T20,ERCO,WND,3431
2021-07-05T21,ERCO,WND,3836
2021-07-05T22,ERCO,WND,4695
2021-07-05T23,ERCO,WND,5502
2021-07-06T00,ERCO,WND,5989
2021-07-06T01,ERCO,WND,6415
2021-07-06T02,ERCO,WND,6100
2021-07-06T03,ERCO,WND,5824
2021-07-06T04,ERCO,WND,5923
2021-07-06T05,ERCO,WND,5616
2021-07-06T06,ERCO,WND,4610
2021-07-06T07,ERCO,WND,4073
2021-07-06T08,ERCO,WND,3707
2021-07-06T09,ERCO,WND,3356
2021-07-06T10,ERCO,WND,2604
2021-07-06T11,ERCO,WND,1745
2021-07-06T12,ERCO,WND,1430
2021-07-06T13,ERCO,WND,1114
2021-07-06T14,ERCO,WND,1160
2021-07-06T15,ERCO,WND,1154
2021-07-06T16,ERCO,WND,1234
2021-07-06T17,ERCO,WND,2024
2021-07-06T18,ERCO,WND,2274
2021-07-06T19,ERCO,WND,2798
2021-07-06T20,ERCO,WND,3475
2021-07-06T21,ERCO,WND,3669
2021-07-06T22,ERCO,WND,3748
2021-07-06T23,ERCO,WND,3487
2021-07-07T00,ERCO,WND,3943
2021-07-07T01,ERCO,WND,3709
2021-07-07T02,ERCO,WND,3228
2021-07-07T03,ERCO,WND,3223
2021-07-07T04,ERCO,WND,3119
2021-07-07T05,ERCO,WND,3023
2021-07-07T06,ERCO,WND,3044
2021-07-07T07,ERCO,WND,2590
2021-07-07T08,ERCO,WND,1782
2021-07-07T09,ERCO,WND,1462
2021-07-07T10,ERCO,WND,1071
2021-07-07T11,ERCO,WND,1027
2021-07-07T12,ERCO,WND,1200
2021-07-07T13,ERCO,WND,843
2021-07-07T14,ERCO,WND,882
2021-07-07T15,ERCO,WND,1112
2021-07-07T16,ERCO,WND,1285
2021-07-07T17,ERCO,WND,1289
2021-07-07T18,ERCO,WND,1492
2021-07-07T19,ERCO,WND,1479
2021-07-07T20,ERCO,WND,1806
2021-07-07T21,ERCO,WND,2269
2021-07-07T22,ERCO,WND,2366
2021-07-07T23,ERCO,WND,2676
2021-07-08T00,ERCO,WND,2585
2021-07-08T01,ERCO,WND,2093
2021-07-08T02,ERCO,WND,1929
2021-07-08T03,ERCO,WND,2763
2021-07-08T04,ERCO,WND,3126
2021-07-08T05,ERCO,WND,3366
2021-07-08T06,ERCO,WND,3523
2021-07-08T07,ERCO,WND,3295
2021-07-08T08,ERCO,WND,3288
2021-07-08T09,ERCO,WND,3577
2021-07-08T10,ERCO,WND,3283
2021-07-08T11,ERCO,WND,3498
2021-07-08T12,ERCO,WND,3115
2021-07-08T13,ERCO,WND,2192
2021-07-08T14,ERCO,WND,1561
2021-07-08T15,ERCO,WND,1297
2021-07-08T16,ERCO,WND,1258
2021-07-08T17,ERCO,WND,1401
2021-07-08T18,ERCO,WND,1621
2021-07-08T19,ERCO,WND,1989
2021-07-08T20,ERCO,WND,2509
2021-07-08T21,ERCO,WND,3023
2021-07-08T22,ERCO,WND,3759
2021-07-08T23,ERCO,WND,4403
2021-07-09T00,ERCO,WND,5024
2021-07-09T01,ERCO,WND,5875
2021-07-09T02,ERCO,WND,7281
2021-07-09T03,ERCO,WND,9304
2021-07-09T04,ERCO,WND,11668
2021-07-09T05,ERCO,WND,12857
2021-07-09T06,ERCO,WND,12629
2021-07-09T07,ERCO,WND,11769
2021-07-09T08,ERCO,WND,11145
2021-07-09T09,ERCO,WND,10381
2021-07-09T10,ERCO,WND,9326
2021-07-09T11,ERCO,WND,8767
2021-07-09T12,ERCO,WND,7821
2021-07-09T13,ERCO,WND,6712
2021-07-09T14,ERCO,WND,5665
2021-07-09T15,ERCO,WND,6015
2021-07-09T16,ERCO,WND,5413
2021-07-09T17,ERCO,WND,4959
2021-07-09T18,ERCO,WND,4907
2021-07-09T19,ERCO,WND,5287
2021-07-09T20,ERCO,WND,6292
2021-07-09T21,ERCO,WND,7308
2021-07-09T22,ERCO,WND,8352
2021-07-09T23,ERCO,WND,9092
2021-07-10T00,ERCO,WND,8875
2021-07-10T01,ERCO,WND,8753
2021-07-10T02,ERCO,WND,8411
2021-07-10T03,ERCO,WND,8785
2021-07-10T04,ERCO,WND,10629
2021-07-10T05,ERCO,WND,12330
2021-07-10T06,ERCO,WND,13867
2021-07-10T07,ERCO,WND,14446
2021-07-10T08,ERCO,WND,13125
2021-07-10T09,ERCO,WND,11936
2021-07-10T10,ERCO,WND,10750
2021-07-10T11,ERCO,WND,10162
2021-07-10T12,ERCO,WND,9164
2021-07-10T13,ERCO,WND,8242
2021-07-10T14,ERCO,WND,8631
2021-07-10T15,ERCO,WND,9346
2021-07-10T16,ERCO,WND,9350
2021-07-10T17,ERCO,WND,10437
2021-07-10T18,ERCO,WND,11409
2021-07-10T19,ERCO,WND,11478
2021-07-10T20,ERCO,WND,12119
2021-07-10T21,ERCO,WND,11100
2021-07-10T22,ERCO,WND,10267
2021-07-10T23,ERCO,WND,8966
2021-07-11T00,ERCO,WND,7841
2021-07-11T01,ERCO,WND,8110
2021-07-11T02,ERCO,WND,9035
2021-07-11T03,ERCO,WND,11568
2021-07-11T04,ERCO,WND,13434
2021-07-11T05,ERCO,WND,14387
2021-07-11T06,ERCO,WND,15485
2021-07-11T07,ERCO,WND,15202
2021-07-11T08,ERCO,WND,14010
2021-07-11T09,ERCO,WND,11992
2021-07-11T10,ERCO,WND,10020
2021-07-11T11,ERCO,WND,7984
2021-07-11T12,ERCO,WND,7534
2021-07-11T13,ERCO,WND,8640
2021-07-11T14,ERCO,WND,7114
2021-07-11T15,ERCO,WND,7007
2021-07-11T16,ERCO,WND,7534
2021-07-11T17,ERCO,WND,6819
2021-07-11T18,ERCO,WND,6271
2021-07-11T19,ERCO,WND,6160
2021-07-11T20,ERCO,WND,6413
2021-07-11T21,ERCO,WND,7053
2021-07-11T22,ERCO,WND,7002
2021-07-11T23,ERCO,WND,7559
2021-07-12T00,ERCO,WND,9158
2021-07-12T01,ERCO,WND,9132
2021-07-12T02,ERCO,WND,8411
2021-07-12T03,ERCO,WND,8671
2021-07-12T04,ERCO,WND,6810
2021-07-12T05,ERCO,WND,5936
2021-07-12T06,ERCO,WND,5476
2021-07-12T07,ERCO,WND,4699
2021-07-12T08,ERCO,WND,4085
2021-07-12T09,ERCO,WND,3509
2021-07-12T10,ERCO,WND,3555
2021-07-12T11,ERCO,WND,3854
2021-07-12T12,ERCO,WND,4186
2021-07-12T13,ERCO,WND,3671
2021-07-12T14,ERCO,WND,2828
2021-07-12T15,ERCO,WND,2998
2021-07-12T16,ERCO,WND,3389
2021-07-12T17,ERCO,WND,3903
2021-07-12T18,ERCO,WND,4471
2021-07-12T19,ERCO,WND,5283
2021-07-12T20,ERCO,WND,5112
2021-07-12T21,ERCO,WND,6081
2021-07-12T22,ERCO,WND,9291
2021-07-12T23,ERCO,WND,11858
2021-07-13T00,ERCO,WND,11434
2021-07-13T01,ERCO,WND,10094
2021-07-13T02,ERCO,WND,9155
2021-07-13T03,ERCO,WND,9903
2021-07-13T04,ERCO,WND,10151
2021-07-13T05,ERCO,WND,10167
2021-07-13T06,ERCO,WND,10693
2021-07-13T07,ERCO,WND,11414
2021-07-13T08,ERCO,WND,11849
2021-07-13T09,ERCO,WND,11285
2021-07-13T10,ERCO,WND,10491
2021-07-13T11,ERCO,WND,9886
2021-07-13T12,ERCO,WND,9847
2021-07-13T13,ERCO,WND,9283
2021-07-13T14,ERCO,WND,7311
2021-07-13T15,ERCO,WND,7993
2021-07-13T16,ERCO,WND,7933
2021-07-13T17,ERCO,WND,6623
2021-07-13T18,ERCO,WND,6064
2021-07-13T19,ERCO,WND,7149
2021-07-13T20,ERCO,WND,9109
2021-07-13T21,ERCO,WND,10231
2021-07-13T22,ERCO,WND,10551
2021-07-13T23,ERCO,WND,11050
2021-07-14T00,ERCO,WND,11787
2021-07-14T01,ERCO,WND,11779
2021-07-14T02,ERCO,WND,11669
2021-07-14T03,ERCO,WND,14702
2021-07-14T04,ERCO,WND,16978
2021-07-14T05,ERCO,WND,17718
2021-07-14T06,ERCO,WND,17778
2021-07-14T07,ERCO,WND,17787
2021-07-14T08,ERCO,WND,16735
2021-07-14T09,ERCO,WND,15787
2021-07-14T10,ERCO,WND,14797
2021-07-14T11,ERCO,WND,13741
2021-07-14T12,ERCO,WND,12793
2021-07-14T13,ERCO,WND,12333
2021-07-14T14,ERCO,WND,12061
2021-07-14T15,ERCO,WND,14802
2021-07-14T16,ERCO,WND,15922
2021-07-14T17,ERCO,WND,15025
2021-07-14T18,ERCO,WND,15195
2021-07-14T19,ERCO,WND,15113
2021-07-14T20,ERCO,WND,15366
2021-07-14T21,ERCO,WND,15157
2021-07-14T22,ERCO,WND,15273
2021-07-14T23,ERCO,WND,15473
2021-07-15T00,ERCO,WND,16066
2021-07-15T01,ERCO,WND,16770
2021-07-15T02,ERCO,WND,17819
2021-07-15T03,ERCO,WND,18809
2021-07-15T04,ERCO,WND,18872
2021-07-15T05,ERCO,WND,19276
2021-07-15T06,ERCO,WND,19551
2021-07-15T07,ERCO,WND,19512
2021-07-15T08,ERCO,WND,18890
2021-07-15T09,ERCO,WND,17968
2021-07-15T10,ERCO,WND,16977
2021-07-15T11,ERCO,WND,16283
2021-07-15T12,ERCO,WND,15484
2021-07-15T13,ERCO,WND,14331
2021-07-15T14,ERCO,WND,13798
2021-07-15T15,ERCO,WND,15656
2021-07-15T16,ERCO,WND,15273
2021-07-15T17,ERCO,WND,13494
2021-07-15T18,ERCO,WND,12564
2021-07-15T19,ERCO,WND,12161
2021-07-15T20,ERCO,WND,12262
2021-07-15T21,ERCO,WND,12033
2021-07-15T22,ERCO,WND,11736
2021-07-15T23,ERCO,WND,12738
2021-07-16T00,ERCO,WND,14049
2021-07-16T01,ERCO,WND,14583
2021-07-16T02,ERCO,WND,15058
2021-07-16T03,ERCO,WND,17314
2021-07-16T04,ERCO,WND,18431
2021-07-16T05,ERCO,WND,19020
2021-07-16T06,ERCO,WND,18626
2021-07-16T07,ERCO,WND,18095
2021-07-16T08,ERCO,WND,17330
2021-07-16T09,ERCO,WND,16137
2021-07-16T10,ERCO,WND,14803
2021-07-16T11,ERCO,WND,12940
2021-07-16T12,ERCO,WND,10768
2021-07-16T13,ERCO,WND,9658
2021-07-16T14,ERCO,WND,8818
2021-07-16T15,ERCO,WND,10641
2021-07-16T16,ERCO,WND,11341
2021-07-16T17,ERCO,WND,10610
2021-07-16T18,ERCO,WND,9709
2021-07-16T19,ERCO,WND,8977
2021-07-16T20,ERCO,WND,8827
2021-07-16T21,ERCO,WND,9252
2021-07-16T22,ERCO,WND,9623
2021-07-16T23,ERCO,WND,10056
2021-07-17T00,ERCO,WND,10606
2021-07-17T01,ERCO,WND,10874
2021-07-17T02,ERCO,WND,11275
2021-07-17T03,ERCO,WND,13493
2021-07-17T04,ERCO,WND,16072
2021-07-17T05,ERCO,WND,17418
2021-07-17T06,ERCO,WND,17951
2021-07-17T07,ERCO,WND,17275
2021-07-17T08,ERCO,WND,16636
2021-07-17T09,ERCO,WND,15820
2021-07-17T10,ERCO,WND,15251
2021-07-17T11,ERCO,WND,14684
2021-07-17T12,ERCO,WND,13515
2021-07-17T13,ERCO,WND,11632
2021-07-17T14,ERCO,WND,10292
2021-07-17T15,ERCO,WND,11536
2021-07-17T16,ERCO,WND,9275
2021-07-17T17,ERCO,WND,6416
2021-07-17T18,ERCO,WND,5268
2021-07-17T19,ERCO,WND,5483
2021-07-17T20,ERCO,WND,6461
2021-07-17T21,ERCO,WND,7712
2021-07-17T22,ERCO,WND,9055
2021-07-17T23,ERCO,WND,9864
2021-07-18T00,ERCO,WND,10649
2021-07-18T01,ERCO,WND,10679
2021-07-18T02,ERCO,WND,10498
2021-07-18T03,ERCO,WND,11146
2021-07-18T04,ERCO,WND,10927
2021-07-18T05,ERCO,WND,12247
2021-07-18T06,ERCO,WND,12222
2021-07-18T07,ERCO,WND,11281
2021-07-18T08,ERCO,WND,9797
2021-07-18T09,ERCO,WND,8176
2021-07-18T10,ERCO,WND,7072
2021-07-18T11,ERCO,WND,6610
2021-07-18T12,ERCO,WND,6410
2021-07-18T13,ERCO,WND,5768
2021-07-18T14,ERCO,WND,4436
2021-07-18T15,ERCO,WND,4537
2021-07-18T16,ERCO,WND,3389
2021-07-18T17,ERCO,WND,2245
2021-07-18T18,ERCO,WND,1656
2021-07-18T19,ERCO,WND,1601
2021-07-18T20,ERCO,WND,1861
2021-07-18T21,ERCO,WND,2315
2021-07-18T22,ERCO,WND,3379
2021-07-18T23,ERCO,WND,3715
2021-07-19T00,ERCO,WND,4422
2021-07-19T01,ERCO,WND,5870
2021-07-19T02,ERCO,WND,5586
2021-07-19T03,ERCO,WND,5874
2021-07-19T04,ERCO,WND,7383
2021-07-19T05,ERCO,WND,7749
2021-07-19T06,ERCO,WND,7717
2021-07-19T07,ERCO,WND,7712
2021-07-19T08,ERCO,WND,6601
2021-07-19T09,ERCO,WND,5244
2021-07-19T10,ERCO,WND,4478
2021-07-19T11,ERCO,WND,4078
2021-07-19T12,ERCO,WND,3847
2021-07-19T13,ERCO,WND,3712
2021-07-19T14,ERCO,WND,2759
2021-07-19T15,ERCO,WND,2380
2021-07-19T16,ERCO,WND,1671
2021-07-19T17,ERCO,WND,1191
2021-07-19T18,ERCO,WND,1355
2021-07-19T19,ERCO,WND,1486
2021-07-19T20,ERCO,WND,2637
2021-07-19T21,ERCO,WND,3815
2021-07-19T22,ERCO,WND,4977
2021-07-19T23,ERCO,WND,5633
2021-07-20T00,ERCO,WND,5750
2021-07-20T01,ERCO,WND,5248
2021-07-20T02,ERCO,WND,5167
2021-07-20T03,ERCO,WND,5597
2021-07-20T04,ERCO,WND,6042
2021-07-20T05,ERCO,WND,5563
2021-07-20T06,ERCO,WND,4775
2021-07-20T07,ERCO,WND,4377
2021-07-20T08,ERCO,WND,4184
2021-07-20T09,ERCO,WND,3686
2021-07-20T10,ERCO,WND,3270
2021-07-20T11,ERCO,WND,2970
2021-07-20T12,ERCO,WND,2602
2021-07-20T13,ERCO,WND,1954
2021-07-20T14,ERCO,WND,1481
2021-07-20T15,ERCO,WND,1853
2021-07-20T16,ERCO,WND,1691
2021-07-20T17,ERCO,WND,2767
2021-07-20T18,ERCO,WND,3374
2021-07-20T19,ERCO,WND,4033
2021-07-20T20,ERCO,WND,4641
2021-07-20T21,ERCO,WND,5492
2021-07-20T22,ERCO,WND,6318
2021-07-20T23,ERCO,WND,6415
2021-07-21T00,ERCO,WND,6065
2021-07-21T01,ERCO,WND,5412
2021-07-21T02,ERCO,WND,4992
2021-07-21T03,ERCO,WND,5673
2021-07-21T04,ERCO,WND,5901
2021-07-21T05,ERCO,WND,5779
2021-07-21T06,ERCO,WND,5594
2021-07-21T07,ERCO,WND,5035
2021-07-21T08,ERCO,WND,4292
2021-07-21T09,ERCO,WND,3597
2021-07-21T10,ERCO,WND,3137
2021-07-21T11,ERCO,WND,2582
2021-07-21T12,ERCO,WND,2081
2021-07-21T13,ERCO,WND,1658
2021-07-21T14,ERCO,WND,1071
2021-07-21T15,ERCO,WND,819
2021-07-21T16,ERCO,WND,1000
2021-07-21T17,ERCO,WND,842
2021-07-21T18,ERCO,WND,1067
2021-07-21T19,ERCO,WND,2099
2021-07-21T20,ERCO,WND,3061
2021-07-21T21,ERCO,WND,2513
2021-07-21T22,ERCO,WND,2828
2021-07-21T23,ERCO,WND,3904
2021-07-22T00,ERCO,WND,3978
2021-07-22T01,ERCO,WND,3827
2021-07-22T02,ERCO,WND,4392
2021-07-22T03,ERCO,WND,6893
2021-07-22T04,ERCO,WND,8942
2021-07-22T05,ERCO,WND,10161
2021-07-22T06,ERCO,WND,10664
2021-07-22T07,ERCO,WND,10239
2021-07-22T08,ERCO,WND,10064
2021-07-22T09,ERCO,WND,9760
2021-07-22T10,ERCO,WND,8814
2021-07-22T11,ERCO,WND,7865
2021-07-22T12,ERCO,WND,6997
2021-07-22T13,ERCO,WND,6291
2021-07-22T14,ERCO,WND,4761
2021-07-22T15,ERCO,WND,4444
2021-07-22T16,ERCO,WND,5595
2021-07-22T17,ERCO,WND,6848
2021-07-22T18,ERCO,WND,7166
2021-07-22T19,ERCO,WND,7224
2021-07-22T20,ERCO,WND,7800
2021-07-22T21,ERCO,WND,7936
2021-07-22T22,ERCO,WND,7565
2021-07-22T23,ERCO,WND,7514
2021-07-23T00,ERCO,WND,7981
2021-07-23T01,ERCO,WND,9270
2021-07-23T02,ERCO,WND,11112
2021-07-23T03,ERCO,WND,14207
2021-07-23T04,ERCO,WND,16374
2021-07-23T05,ERCO,WND,17375
2021-07-23T06,ERCO,WND,18091
2021-07-23T07,ERCO,WND,17652
2021-07-23T08,ERCO,WND,17368
2021-07-23T09,ERCO,WND,17275
2021-07-23T10,ERCO,WND,17012
2021-07-23T11,ERCO,WND,16312
2021-07-23T12,ERCO,WND,15571
2021-07-23T13,ERCO,WND,14643
2021-07-23T14,ERCO,WND,13087
2021-07-23T15,ERCO,WND,14901
2021-07-23T16,ERCO,WND,15095
2021-07-23T17,ERCO,WND,13942
2021-07-23T18,ERCO,WND,13045
2021-07-23T19,ERCO,WND,12351
2021-07-23T20,ERCO,WND,12146
2021-07-23T21,ERCO,WND,12436
2021-07-23T22,ERCO,WND,12908
2021-07-23T23,ERCO,WND,13540
2021-07-24T00,ERCO,WND,14690
2021-07-24T01,ERCO,WND,15065
2021-07-24T02,ERCO,WND,15143
2021-07-24T03,ERCO,WND,17771
2021-07-24T04,ERCO,WND,18989
2021-07-24T05,ERCO,WND,19513
2021-07-24T06,ERCO,WND,19398
2021-07-24T07,ERCO,WND,19012
2021-07-24T08,ERCO,WND,18389
2021-07-24T09,ERCO,WND,17583
2021-07-24T10,ERCO,WND,16770
2021-07-24T11,ERCO,WND,15261
2021-07-24T12,ERCO,WND,14272
2021-07-24T13,ERCO,WND,13735
2021-07-24T14,ERCO,WND,11749
2021-07-24T15,ERCO,WND,12656
2021-07-24T16,ERCO,WND,12203
2021-07-24T17,ERCO,WND,10466
2021-07-24T18,ERCO,WND,8404
2021-07-24T19,ERCO,WND,7106
2021-07-24T20,ERCO,WND,6386
2021-07-24T21,ERCO,WND,6046
2021-07-24T22,ERCO,WND,5895
2021-07-24T23,ERCO,WND,6390
2021-07-25T00,ERCO,WND,7144
2021-07-25T01,ERCO,WND,8306
2021-07-25T02,ERCO,WND,10468
2021-07-25T03,ERCO,WND,13228
2021-07-25T04,ERCO,WND,15368
2021-07-25T05,ERCO,WND,16606
2021-07-25T06,ERCO,WND,16871
2021-07-25T07,ERCO,WND,16719
2021-07-25T08,ERCO,WND,16708
2021-07-25T09,ERCO,WND,16075
2021-07-25T10,ERCO,WND,15089
2021-07-25T11,ERCO,WND,13291
2021-07-25T12,ERCO,WND,11824
2021-07-25T13,ERCO,WND,10465
2021-07-25T14,ERCO,WND,7436
2021-07-25T15,ERCO,WND,5763
2021-07-25T16,ERCO,WND,4930
2021-07-25T17,ERCO,WND,3330
2021-07-25T18,ERCO,WND,2484
2021-07-25T19,ERCO,WND,2423
2021-07-25T20,ERCO,WND,2915
2021-07-25T21,ERCO,WND,4188
2021-07-25T22,ERCO,WND,5673
2021-07-25T23,ERCO,WND,6577
2021-07-26T00,ERCO,WND,7033
2021-07-26T01,ERCO,WND,6937
2021-07-26T02,ERCO,WND,7500
2021-07-26T03,ERCO,WND,8737
2021-07-26T04,ERCO,WND,9738
2021-07-26T05,ERCO,WND,10715
2021-07-26T06,ERCO,WND,10941
2021-07-26T07,ERCO,WND,10261
2021-07-26T08,ERCO,WND,10024
2021-07-26T09,ERCO,WND,9805
2021-07-26T10,ERCO,WND,9473
2021-07-26T11,ERCO,WND,8817
2021-07-26T12,ERCO,WND,8888
2021-07-26T13,ERCO,WND,7532
2021-07-26T14,ERCO,WND,5539
2021-07-26T15,ERCO,WND,3625
2021-07-26T16,ERCO,WND,2653
2021-07-26T17,ERCO,WND,1759
2021-07-26T18,ERCO,WND,1386
2021-07-26T19,ERCO,WND,1750
2021-07-26T20,ERCO,WND,2345
2021-07-26T21,ERCO,WND,3000
2021-07-26T22,ERCO,WND,3906
2021-07-26T23,ERCO,WND,5209
2021-07-27T00,ERCO,WND,5812
2021-07-27T01,ERCO,WND,5582
2021-07-27T02,ERCO,WND,5035
2021-07-27T03,ERCO,WND,6249
2021-07-27T04,ERCO,WND,7954
2021-07-27T05,ERCO,WND,8341
2021-07-27T06,ERCO,WND,8700
2021-07-27T07,ERCO,WND,7929
2021-07-27T08,ERCO,WND,7070
2021-07-27T09,ERCO,WND,6142
2021-07-27T10,ERCO,WND,5312
2021-07-27T11,ERCO,WND,4917
2021-07-27T12,ERCO,WND,4791
2021-07-27T13,ERCO,WND,4452
2021-07-27T14,ERCO,WND,3467
2021-07-27T15,ERCO,WND,2089
2021-07-27T16,ERCO,WND,1505
2021-07-27T17,ERCO,WND,971
2021-07-27T18,ERCO,WND,701
2021-07-27T19,ERCO,WND,800
2021-07-27T20,ERCO,WND,1379
2021-07-27T21,ERCO,WND,1853
2021-07-27T22,ERCO,WND,2136
2021-07-27T23,ERCO,WND,2278
2021-07-28T00,ERCO,WND,3041
2021-07-28T01,ERCO,WND,3712
2021-07-28T02,ERCO,WND,4460
2021-07-28T03,ERCO,WND,7174
2021-07-28T04,ERCO,WND,8444
2021-07-28T05,ERCO,WND,9375
2021-07-28T06,ERCO,WND,9679
2021-07-28T07,ERCO,WND,9450
2021-07-28T08,ERCO,WND,8801
2021-07-28T09,ERCO,WND,7826
2021-07-28T10,ERCO,WND,7359
2021-07-28T11,ERCO,WND,6621
2021-07-28T12,ERCO,WND,5882
2021-07-28T13,ERCO,WND,5210
2021-07-28T14,ERCO,WND,3779
2021-07-28T15,ERCO,WND,3892
2021-07-28T16,ERCO,WND,4035
2021-07-28T17,ERCO,WND,3999
2021-07-28T18,ERCO,WND,3499
2021-07-28T19,ERCO,WND,3504
2021-07-28T20,ERCO,WND,2791
2021-07-28T21,ERCO,WND,3307
2021-07-28T22,ERCO,WND,4688
2021-07-28T23,ERCO,WND,5900
2021-07-29T00,ERCO,WND,5798
2021-07-29T01,ERCO,WND,6277
2021-07-29T02,ERCO,WND,5565
2021-07-29T03,ERCO,WND,5319
2021-07-29T04,ERCO,WND,5504
2021-07-29T05,ERCO,WND,5560
2021-07-29T06,ERCO,WND,5510
2021-07-29T07,ERCO,WND,4948
2021-07-29T08,ERCO,WND,4105
2021-07-29T09,ERCO,WND,3029
2021-07-29T10,ERCO,WND,2332
2021-07-29T11,ERCO,WND,2008
2021-07-29T12,ERCO,WND,1667
2021-07-29T13,ERCO,WND,1174
2021-07-29T14,ERCO,WND,613
2021-07-29T15,ERCO,WND,574
2021-07-29T16,ERCO,WND,884
2021-07-29T17,ERCO,WND,858
2021-07-29T18,ERCO,WND,1139
2021-07-29T19,ERCO,WND,1590
2021-07-29T20,ERCO,WND,2029
2021-07-29T21,ERCO,WND,2639
2021-07-29T22,ERCO,WND,3458
2021-07-29T23,ERCO,WND,3323
2021-07-30T00,ERCO,WND,2913
2021-07-30T01,ERCO,WND,3442
2021-07-30T02,ERCO,WND,4157
2021-07-30T03,ERCO,WND,5409
2021-07-30T04,ERCO,WND,6670
2021-07-30T05,ERCO,WND,7323
2021-07-30T06,ERCO,WND,7376
2021-07-30T07,ERCO,WND,7302
2021-07-30T08,ERCO,WND,6635
2021-07-30T09,ERCO,WND,5974
2021-07-30T10,ERCO,WND,5032
2021-07-30T11,ERCO,WND,3860
2021-07-30T12,ERCO,WND,2844
2021-07-30T13,ERCO,WND,2240
2021-07-30T14,ERCO,WND,1367
2021-07-30T15,ERCO,WND,643
2021-07-30T16,ERCO,WND,560
2021-07-30T17,ERCO,WND,501
2021-07-30T18,ERCO,WND,602
2021-07-30T19,ERCO,WND,1098
2021-07-30T20,ERCO,WND,1982
2021-07-30T21,ERCO,WND,3101
2021-07-30T22,ERCO,WND,3858
2021-07-30T23,ERCO,WND,4915
2021-07-31T00,ERCO,WND,6002
2021-07-31T01,ERCO,WND,6649
2021-07-31T02,ERCO,WND,7334
2021-07-31T03,ERCO,WND,8571
2021-07-31T04,ERCO,WND,9925
2021-07-31T05,ERCO,WND,11673
2021-07-31T06,ERCO,WND,12334
2021-07-31T07,ERCO,WND,12916
2021-07-31T08,ERCO,WND,12393
2021-07-31T09,ERCO,WND,11609
2021-07-31T10,ERCO,WND,10823
2021-07-31T11,ERCO,WND,9589
2021-07-31T12,ERCO,WND,8445
2021-07-31T13,ERCO,WND,7759
2021-07-31T14,ERCO,WND,5518
2021-07-31T15,ERCO,WND,5106
2021-07-31T16,ERCO,WND,5029
2021-07-31T17,ERCO,WND,3274
2021-07-31T18,ERCO,WND,2278
2021-07-31T19,ERCO,WND,2080
2021-07-31T20,ERCO,WND,2466
2021-07-31T21,ERCO,WND,3491
2021-07-31T22,ERCO,WND,4375
2021-07-31T23,ERCO,WND,5314
2021-08-01T00,ERCO,WND,6507
2021-08-01T01,ERCO,WND,6588
2021-08-01T02,ERCO,WND,6884
2021-08-01T03,ERCO,WND,8287
2021-08-01T04,ERCO,WND,8938
2021-08-01T05,ERCO,WND,10605
2021-08-01T06,ERCO,WND,11909
2021-08-01T07,ERCO,WND,12973
2021-08-01T08,ERCO,WND,13245
2021-08-01T09,ERCO,WND,12076
2021-08-01T10,ERCO,WND,11859
2021-08-01T11,ERCO,WND,11938
2021-08-01T12,ERCO,WND,11404
2021-08-01T13,ERCO,WND,10032
2021-08-01T14,ERCO,WND,7541
2021-08-01T15,ERCO,WND,6412
2021-08-01T16,ERCO,WND,5101
2021-08-01T17,ERCO,WND,4827
2021-08-01T18,ERCO,WND,5270
2021-08-01T19,ERCO,WND,6364
2021-08-01T20,ERCO,WND,7836
2021-08-01T21,ERCO,WND,8509
2021-08-01T22,ERCO,WND,8573
2021-08-01T23,ERCO,WND,8313
2021-08-02T00,ERCO,WND,7717
2021-08-02T01,ERCO,WND,7545
2021-08-02T02,ERCO,WND,6288
2021-08-02T03,ERCO,WND,6446
2021-08-02T04,ERCO,WND,6359
2021-08-02T05,ERCO,WND,5878
2021-08-02T06,ERCO,WND,5414
2021-08-02T07,ERCO,WND,5581
2021-08-02T08,ERCO,WND,5715
2021-08-02T09,ERCO,WND,5738
2021-08-02T10,ERCO,WND,5166
2021-08-02T11,ERCO,WND,4997
2021-08-02T12,ERCO,WND,4916
2021-08-02T13,ERCO,WND,4309
2021-08-02T14,ERCO,WND,3769
2021-08-02T15,ERCO,WND,4683
2021-08-02T16,ERCO,WND,5022
2021-08-02T17,ERCO,WND,5040
2021-08-02T18,ERCO,WND,5517
2021-08-02T19,ERCO,WND,6020
2021-08-02T20,ERCO,WND,5918
2021-08-02T21,ERCO,WND,6441
2021-08-02T22,ERCO,WND,6526
2021-08-02T23,ERCO,WND,6473
2021-08-03T00,ERCO,WND,5758
2021-08-03T01,ERCO,WND,5508
2021-08-03T02,ERCO,WND,5866
2021-08-03T03,ERCO,WND,6199
2021-08-03T04,ERCO,WND,6212
2021-08-03T05,ERCO,WND,5089
2021-08-03T06,ERCO,WND,4453
2021-08-03T07,ERCO,WND,3960
2021-08-03T08,ERCO,WND,3016
2021-08-03T09,ERCO,WND,2225
2021-08-03T10,ERCO,WND,2025
2021-08-03T11,ERCO,WND,1508
2021-08-03T12,ERCO,WND,1390
2021-08-03T13,ERCO,WND,1295
2021-08-03T14,ERCO,WND,979
2021-08-03T15,ERCO,WND,718
2021-08-03T16,ERCO,WND,697
2021-08-03T17,ERCO,WND,814
2021-08-03T18,ERCO,WND,789
2021-08-03T19,ERCO,WND,987
2021-08-03T20,ERCO,WND,1239
2021-08-03T21,ERCO,WND,1500
2021-08-03T22,ERCO,WND,2096
2021-08-03T23,ERCO,WND,2770
2021-08-04T00,ERCO,WND,2398
2021-08-04T01,ERCO,WND,2402
2021-08-04T02,ERCO,WND,2624
2021-08-04T03,ERCO,WND,3725
2021-08-04T04,ERCO,WND,4778
2021-08-04T05,ERCO,WND,5325
2021-08-04T06,ERCO,WND,5055
2021-08-04T07,ERCO,WND,4470
2021-08-04T08,ERCO,WND,3834
2021-08-04T09,ERCO,WND,3582
2021-08-04T10,ERCO,WND,3127
2021-08-04T11,ERCO,WND,2366
2021-08-04T12,ERCO,WND,1498
2021-08-04T13,ERCO,WND,1193
2021-08-04T14,ERCO,WND,969
2021-08-04T15,ERCO,WND,564
2021-08-04T16,ERCO,WND,666
2021-08-04T17,ERCO,WND,967
2021-08-04T18,ERCO,WND,548
2021-08-04T19,ERCO,WND,391
2021-08-04T20,ERCO,WND,583
2021-08-04T21,ERCO,WND,992
2021-08-04T22,ERCO,WND,1690
2021-08-04T23,ERCO,WND,2289
2021-08-05T00,ERCO,WND,2693
2021-08-05T01,ERCO,WND,3014
2021-08-05T02,ERCO,WND,3886
2021-08-05T03,ERCO,WND,5093
2021-08-05T04,ERCO,WND,6703
2021-08-05T05,ERCO,WND,7787
2021-08-05T06,ERCO,WND,8228
2021-08-05T07,ERCO,WND,8814
2021-08-05T08,ERCO,WND,8498
2021-08-05T09,ERCO,WND,7661
2021-08-05T10,ERCO,WND,7092
2021-08-05T11,ERCO,WND,6163
2021-08-05T12,ERCO,WND,5194
2021-08-05T13,ERCO,WND,4596
2021-08-05T14,ERCO,WND,3786
2021-08-05T15,ERCO,WND,3173
2021-08-05T16,ERCO,WND,3366
2021-08-05T17,ERCO,WND,3007
2021-08-05T18,ERCO,WND,2638
2021-08-05T19,ERCO,WND,2555
2021-08-05T20,ERCO,WND,2894
2021-08-05T21,ERCO,WND,3664
2021-08-05T22,ERCO,WND,3631
2021-08-05T23,ERCO,WND,4417
2021-08-06T00,ERCO,WND,4819
2021-08-06T01,ERCO,WND,4783
2021-08-06T02,ERCO,WND,5959
2021-08-06T03,ERCO,WND,8160
2021-08-06T04,ERCO,WND,9585
2021-08-06T05,ERCO,WND,10938
2021-08-06T06,ERCO,WND,11991
2021-08-06T07,ERCO,WND,12596
2021-08-06T08,ERCO,WND,12586
2021-08-06T09,ERCO,WND,11998
2021-08-06T10,ERCO,WND,11594
2021-08-06T11,ERCO,WND,11746
2021-08-06T12,ERCO,WND,11186
2021-08-06T13,ERCO,WND,10301
2021-08-06T14,ERCO,WND,7903
2021-08-06T15,ERCO,WND,6768
2021-08-06T16,ERCO,WND,5584
2021-08-06T17,ERCO,WND,4938
2021-08-06T18,ERCO,WND,4424
2021-08-06T19,ERCO,WND,4396
2021-08-06T20,ERCO,WND,4708
2021-08-06T21,ERCO,WND,4335
2021-08-06T22,ERCO,WND,5212
2021-08-06T23,ERCO,WND,5628
2021-08-07T00,ERCO,WND,7021
2021-08-07T01,ERCO,WND,8346
2021-08-07T02,ERCO,WND,11352
2021-08-07T03,ERCO,WND,14203
2021-08-07T04,ERCO,WND,16772
2021-08-07T05,ERCO,WND,18753
2021-08-07T06,ERCO,WND,19328
2021-08-07T07,ERCO,WND,19116
2021-08-07T08,ERCO,WND,18305
2021-08-07T09,ERCO,WND,17550
2021-08-07T10,ERCO,WND,16630
2021-08-07T11,ERCO,WND,15640
2021-08-07T12,ERCO,WND,15084
2021-08-07T13,ERCO,WND,14656
2021-08-07T14,ERCO,WND,14075
2021-08-07T15,ERCO,WND,16880
2021-08-07T16,ERCO,WND,17857
2021-08-07T17,ERCO,WND,17639
2021-08-07T18,ERCO,WND,17211
2021-08-07T19,ERCO,WND,17147
2021-08-07T20,ERCO,WND,17145
2021-08-07T21,ERCO,WND,17025
2021-08-07T22,ERCO,WND,17300
2021-08-07T23,ERCO,WND,17852
2021-08-08T00,ERCO,WND,18463
2021-08-08T01,ERCO,WND,18691
2021-08-08T02,ERCO,WND,19363
2021-08-08T03,ERCO,WND,20621
2021-08-08T04,ERCO,WND,22035
2021-08-08T05,ERCO,WND,22907
2021-08-08T06,ERCO,WND,23039
2021-08-08T07,ERCO,WND,22673
2021-08-08T08,ERCO,WND,22404
2021-08-08T09,ERCO,WND,21988
2021-08-08T10,ERCO,WND,21011
2021-08-08T11,ERCO,WND,19885
2021-08-08T12,ERCO,WND,18719
2021-08-08T13,ERCO,WND,17821
2021-08-08T14,ERCO,WND,17459
2021-08-08T15,ERCO,WND,19802
2021-08-08T16,ERCO,WND,19930
2021-08-08T17,ERCO,WND,18238
2021-08-08T18,ERCO,WND,16387
2021-08-08T19,ERCO,WND,14844
2021-08-08T20,ERCO,WND,14116
2021-08-08T21,ERCO,WND,13961
2021-08-08T22,ERCO,WND,14243
2021-08-08T23,ERCO,WND,14411
2021-08-09T00,ERCO,WND,15204
2021-08-09T01,ERCO,WND,16038
2021-08-09T02,ERCO,WND,16964
2021-08-09T03,ERCO,WND,18703
2021-08-09T04,ERCO,WND,19348
2021-08-09T05,ERCO,WND,20711
2021-08-09T06,ERCO,WND,21251
2021-08-09T07,ERCO,WND,21325
2021-08-09T08,ERCO,WND,21177
2021-08-09T09,ERCO,WND,20747
2021-08-09T10,ERCO,WND,20565
2021-08-09T11,ERCO,WND,20002
2021-08-09T12,ERCO,WND,19453
2021-08-09T13,ERCO,WND,18507
2021-08-09T14,ERCO,WND,17457
2021-08-09T15,ERCO,WND,18530
2021-08-09T16,ERCO,WND,17996
2021-08-09T17,ERCO,WND,16866
2021-08-09T18,ERCO,WND,15867
2021-08-09T19,ERCO,WND,15480
2021-08-09T20,ERCO,WND,15038
2021-08-09T21,ERCO,WND,15239
2021-08-09T22,ERCO,WND,15974
2021-08-09T23,ERCO,WND,16623
2021-08-10T00,ERCO,WND,18287
2021-08-10T01,ERCO,WND,19570
2021-08-10T02,ERCO,WND,20223
2021-08-10T03,ERCO,WND,21495
2021-08-10T04,ERCO,WND,22117
2021-08-10T05,ERCO,WND,22117
2021-08-10T06,ERCO,WND,22303
2021-08-10T07,ERCO,WND,21901
2021-08-10T08,ERCO,WND,21623
2021-08-10T09,ERCO,WND,21408
2021-08-10T10,ERCO,WND,21057
2021-08-10T11,ERCO,WND,20171
2021-08-10T12,ERCO,WND,19140
2021-08-10T13,ERCO,WND,18085
2021-08-10T14,ERCO,WND,17370
2021-08-10T15,ERCO,WND,19266
2021-08-10T16,ERCO,WND,19106
2021-08-10T17,ERCO,WND,18386
2021-08-10T18,ERCO,WND,17857
2021-08-10T19,ERCO,WND,17162
2021-08-10T20,ERCO,WND,17727
2021-08-10T21,ERCO,WND,18318
2021-08-10T22,ERCO,WND,18559
2021-08-10T23,ERCO,WND,18800
2021-08-11T00,ERCO,WND,19525
2021-08-11T01,ERCO,WND,19493
2021-08-11T02,ERCO,WND,18151
2021-08-11T03,ERCO,WND,19398
2021-08-11T04,ERCO,WND,20667
2021-08-11T05,ERCO,WND,21169
2021-08-11T06,ERCO,WND,20900
2021-08-11T07,ERCO,WND,20849
2021-08-11T08,ERCO,WND,20109
2021-08-11T09,ERCO,WND,19223
2021-08-11T10,ERCO,WND,18170
2021-08-11T11,ERCO,WND,17351
2021-08-11T12,ERCO,WND,16765
2021-08-11T13,ERCO,WND,15865
2021-08-11T14,ERCO,WND,14149
2021-08-11T15,ERCO,WND,15357
2021-08-11T16,ERCO,WND,15090
2021-08-11T17,ERCO,WND,13748
2021-08-11T18,ERCO,WND,13102
2021-08-11T19,ERCO,WND,12953
2021-08-11T20,ERCO,WND,14228
2021-08-11T21,ERCO,WND,14801
2021-08-11T22,ERCO,WND,15400
2021-08-11T23,ERCO,WND,15548
2021-08-12T00,ERCO,WND,15297
2021-08-12T01,ERCO,WND,14925
2021-08-12T02,ERCO,WND,14985
2021-08-12T03,ERCO,WND,17127
2021-08-12T04,ERCO,WND,19201
2021-08-12T05,ERCO,WND,19961
2021-08-12T06,ERCO,WND,19869
2021-08-12T07,ERCO,WND,19426
2021-08-12T08,ERCO,WND,19267
2021-08-12T09,ERCO,WND,18557
2021-08-12T10,ERCO,WND,17480
2021-08-12T11,ERCO,WND,16313
2021-08-12T12,ERCO,WND,15369
2021-08-12T13,ERCO,WND,14142
2021-08-12T14,ERCO,WND,12613
2021-08-12T15,ERCO,WND,14548
2021-08-12T16,ERCO,WND,14478
2021-08-12T17,ERCO,WND,12420
2021-08-12T18,ERCO,WND,9847
2021-08-12T19,ERCO,WND,8778
2021-08-12T20,ERCO,WND,9747
2021-08-12T21,ERCO,WND,10923
2021-08-12T22,ERCO,WND,11950
2021-08-12T23,ERCO,WND,12663
2021-08-13T00,ERCO,WND,13286
2021-08-13T01,ERCO,WND,12348
2021-08-13T02,ERCO,WND,13078
2021-08-13T03,ERCO,WND,13971
2021-08-13T04,ERCO,WND,13232
2021-08-13T05,ERCO,WND,12808
2021-08-13T06,ERCO,WND,12318
2021-08-13T07,ERCO,WND,11610
2021-08-13T08,ERCO,WND,11242
2021-08-13T09,ERCO,WND,10643
2021-08-13T10,ERCO,WND,9515
2021-08-13T11,ERCO,WND,8576
2021-08-13T12,ERCO,WND,7041
2021-08-13T13,ERCO,WND,5837
2021-08-13T14,ERCO,WND,4457
2021-08-13T15,ERCO,WND,4219
2021-08-13T16,ERCO,WND,4095
2021-08-13T17,ERCO,WND,3552
2021-08-13T18,ERCO,WND,2968
2021-08-13T19,ERCO,WND,3300
2021-08-13T20,ERCO,WND,4751
2021-08-13T21,ERCO,WND,6622
2021-08-13T22,ERCO,WND,8078
2021-08-13T23,ERCO,WND,9687
2021-08-14T00,ERCO,WND,10083
2021-08-14T01,ERCO,WND,9444
2021-08-14T02,ERCO,WND,8145
2021-08-14T03,ERCO,WND,10134
2021-08-14T04,ERCO,WND,10719
2021-08-14T05,ERCO,WND,9910
2021-08-14T06,ERCO,WND,9683
2021-08-14T07,ERCO,WND,8933
2021-08-14T08,ERCO,WND,6856
2021-08-14T09,ERCO,WND,5691
2021-08-14T10,ERCO,WND,5637
2021-08-14T11,ERCO,WND,4620
2021-08-14T12,ERCO,WND,4219
2021-08-14T13,ERCO,WND,3272
2021-08-14T14,ERCO,WND,2220
2021-08-14T15,ERCO,WND,1662
2021-08-14T16,ERCO,WND,1114
2021-08-14T17,ERCO,WND,905
2021-08-14T18,ERCO,WND,963
2021-08-14T19,ERCO,WND,1302
2021-08-14T20,ERCO,WND,2049
2021-08-14T21,ERCO,WND,3239
2021-08-14T22,ERCO,WND,4123
2021-08-14T23,ERCO,WND,5488
2021-08-15T00,ERCO,WND,6861
2021-08-15T01,ERCO,WND,6548
2021-08-15T02,ERCO,WND,5920
2021-08-15T03,ERCO,WND,5043
2021-08-15T04,ERCO,WND,3958
2021-08-15T05,ERCO,WND,4009
2021-08-15T06,ERCO,WND,3951
2021-08-15T07,ERCO,WND,3220
2021-08-15T08,ERCO,WND,2340
2021-08-15T09,ERCO,WND,1534
2021-08-15T10,ERCO,WND,972
2021-08-15T11,ERCO,WND,629
2021-08-15T12,ERCO,WND,605
2021-08-15T13,ERCO,WND,722
2021-08-15T14,ERCO,WND,989
2021-08-15T15,ERCO,WND,849
2021-08-15T16,ERCO,WND,700
2021-08-15T17,ERCO,WND,832
2021-08-15T18,ERCO,WND,1576
2021-08-15T19,ERCO,WND,1818
2021-08-15T20,ERCO,WND,1841
2021-08-15T21,ERCO,WND,1937
2021-08-15T22,ERCO,WND,2343
2021-08-15T23,ERCO,WND,2776
2021-08-16T00,ERCO,WND,3039
2021-08-16T01,ERCO,WND,3978
2021-08-16T02,ERCO,WND,4828
2021-08-16T03,ERCO,WND,5713
2021-08-16T04,ERCO,WND,6292
2021-08-16T05,ERCO,WND,6677
2021-08-16T06,ERCO,WND,6611
2021-08-16T07,ERCO,WND,5836
2021-08-16T08,ERCO,WND,5271
2021-08-16T09,ERCO,WND,5342
2021-08-16T10,ERCO,WND,5426
2021-08-16T11,ERCO,WND,4999
2021-08-16T12,ERCO,WND,4190
2021-08-16T13,ERCO,WND,3623
2021-08-16T14,ERCO,WND,2418
2021-08-16T15,ERCO,WND,1725
2021-08-16T16,ERCO,WND,1171
2021-08-16T17,ERCO,WND,1206
2021-08-16T18,ERCO,WND,1174
2021-08-16T19,ERCO,WND,1754
2021-08-16T20,ERCO,WND,2761
2021-08-16T21,ERCO,WND,3885
2021-08-16T22,ERCO,WND,4966
2021-08-16T23,ERCO,WND,7004
2021-08-17T00,ERCO,WND,9872
2021-08-17T01,ERCO,WND,10802
2021-08-17T02,ERCO,WND,9513
2021-08-17T03,ERCO,WND,10640
2021-08-17T04,ERCO,WND,10278
2021-08-17T05,ERCO,WND,9397
2021-08-17T06,ERCO,WND,7122
2021-08-17T07,ERCO,WND,5918
2021-08-17T08,ERCO,WND,4924
2021-08-17T09,ERCO,WND,3604
2021-08-17T10,ERCO,WND,2723
2021-08-17T11,ERCO,WND,2178
2021-08-17T12,ERCO,WND,2445
2021-08-17T13,ERCO,WND,3383
2021-08-17T14,ERCO,WND,2989
2021-08-17T15,ERCO,WND,3125
2021-08-17T16,ERCO,WND,3365
2021-08-17T17,ERCO,WND,3610
2021-08-17T18,ERCO,WND,4054
2021-08-17T19,ERCO,WND,5055
2021-08-17T20,ERCO,WND,6137
2021-08-17T21,ERCO,WND,6481
2021-08-17T22,ERCO,WND,6850
2021-08-17T23,ERCO,WND,6960
2021-08-18T00,ERCO,WND,7907
2021-08-18T01,ERCO,WND,9007
2021-08-18T02,ERCO,WND,8946
2021-08-18T03,ERCO,WND,9921
2021-08-18T04,ERCO,WND,10135
2021-08-18T05,ERCO,WND,9741
2021-08-18T06,ERCO,WND,9186
2021-08-18T07,ERCO,WND,8899
2021-08-18T08,ERCO,WND,8364
2021-08-18T09,ERCO,WND,7778
2021-08-18T10,ERCO,WND,7227
2021-08-18T11,ERCO,WND,7127
2021-08-18T12,ERCO,WND,7329
2021-08-18T13,ERCO,WND,7567
2021-08-18T14,ERCO,WND,7572
2021-08-18T15,ERCO,WND,8446
2021-08-18T16,ERCO,WND,9329
2021-08-18T17,ERCO,WND,9408
2021-08-18T18,ERCO,WND,8888
2021-08-18T19,ERCO,WND,8880
2021-08-18T20,ERCO,WND,8990
2021-08-18T21,ERCO,WND,8657
2021-08-18T22,ERCO,WND,8786
2021-08-18T23,ERCO,WND,9502
2021-08-19T00,ERCO,WND,10682
2021-08-19T01,ERCO,WND,11976
2021-08-19T02,ERCO,WND,13102
2021-08-19T03,ERCO,WND,14980
2021-08-19T04,ERCO,WND,15759
2021-08-19T05,ERCO,WND,16092
2021-08-19T06,ERCO,WND,16276
2021-08-19T07,ERCO,WND,15683
2021-08-19T08,ERCO,WND,15158
2021-08-19T09,ERCO,WND,14871
2021-08-19T10,ERCO,WND,15207
2021-08-19T11,ERCO,WND,15124
2021-08-19T12,ERCO,WND,15101
2021-08-19T13,ERCO,WND,14319
2021-08-19T14,ERCO,WND,13864
2021-08-19T15,ERCO,WND,16799
2021-08-19T16,ERCO,WND,17422
2021-08-19T17,ERCO,WND,15394
2021-08-19T18,ERCO,WND,13116
2021-08-19T19,ERCO,WND,12109
2021-08-19T20,ERCO,WND,11699
2021-08-19T21,ERCO,WND,11491
2021-08-19T22,ERCO,WND,11926
2021-08-19T23,ERCO,WND,13054
2021-08-20T00,ERCO,WND,13990
2021-08-20T01,ERCO,WND,14415
2021-08-20T02,ERCO,WND,15080
2021-08-20T03,ERCO,WND,15955
2021-08-20T04,ERCO,WND,17278
2021-08-20T05,ERCO,WND,17072
2021-08-20T06,ERCO,WND,15983
2021-08-20T07,ERCO,WND,15543
2021-08-20T08,ERCO,WND,15345
2021-08-20T09,ERCO,WND,15851
2021-08-20T10,ERCO,WND,15720
2021-08-20T11,ERCO,WND,15390
2021-08-20T12,ERCO,WND,14862
2021-08-20T13,ERCO,WND,14426
2021-08-20T14,ERCO,WND,12841
2021-08-20T15,ERCO,WND,13482
2021-08-20T16,ERCO,WND,14475
2021-08-20T17,ERCO,WND,12992
2021-08-20T18,ERCO,WND,12464
2021-08-20T19,ERCO,WND,12483
2021-08-20T20,ERCO,WND,12916
2021-08-20T21,ERCO,WND,13724
2021-08-20T22,ERCO,WND,14797
2021-08-20T23,ERCO,WND,16125
2021-08-21T00,ERCO,WND,17409
2021-08-21T01,ERCO,WND,16297
2021-08-21T02,ERCO,WND,15401
2021-08-21T03,ERCO,WND,16847
2021-08-21T04,ERCO,WND,18525
2021-08-21T05,ERCO,WND,18220
2021-08-21T06,ERCO,WND,17298
2021-08-21T07,ERCO,WND,16802
2021-08-21T08,ERCO,WND,17061
2021-08-21T09,ERCO,WND,16298
2021-08-21T10,ERCO,WND,15481
2021-08-21T11,ERCO,WND,14606
2021-08-21T12,ERCO,WND,13069
2021-08-21T13,ERCO,WND,12501
2021-08-21T14,ERCO,WND,10891
2021-08-21T15,ERCO,WND,12190
2021-08-21T16,ERCO,WND,12769
2021-08-21T17,ERCO,WND,11963
2021-08-21T18,ERCO,WND,10699
2021-08-21T19,ERCO,WND,9908
2021-08-21T20,ERCO,WND,9823
2021-08-21T21,ERCO,WND,10839
2021-08-21T22,ERCO,WND,12440
2021-08-21T23,ERCO,WND,14445
2021-08-22T00,ERCO,WND,15195
2021-08-22T01,ERCO,WND,12775
2021-08-22T02,ERCO,WND,11393
2021-08-22T03,ERCO,WND,11358
2021-08-22T04,ERCO,WND,12611
2021-08-22T05,ERCO,WND,13402
2021-08-22T06,ERCO,WND,13609
2021-08-22T07,ERCO,WND,13897
2021-08-22T08,ERCO,WND,13848
2021-08-22T09,ERCO,WND,14068
2021-08-22T10,ERCO,WND,13638
2021-08-22T11,ERCO,WND,13013
2021-08-22T12,ERCO,WND,12604
2021-08-22T13,ERCO,WND,11410
2021-08-22T14,ERCO,WND,9697
2021-08-22T15,ERCO,WND,11460
2021-08-22T16,ERCO,WND,11447
2021-08-22T17,ERCO,WND,11076
2021-08-22T18,ERCO,WND,11952
2021-08-22T19,ERCO,WND,13222
2021-08-22T20,ERCO,WND,14086
2021-08-22T21,ERCO,WND,14996
2021-08-22T22,ERCO,WND,15259
2021-08-22T23,ERCO,WND,15812
2021-08-23T00,ERCO,WND,16349
2021-08-23T01,ERCO,WND,15679
2021-08-23T02,ERCO,WND,15532
2021-08-23T03,ERCO,WND,17701
2021-08-23T04,ERCO,WND,19304
2021-08-23T05,ERCO,WND,20158
2021-08-23T06,ERCO,WND,20282
2021-08-23T07,ERCO,WND,19988
2021-08-23T08,ERCO,WND,19430
2021-08-23T09,ERCO,WND,18869
2021-08-23T10,ERCO,WND,18214
2021-08-23T11,ERCO,WND,17847
2021-08-23T12,ERCO,WND,16785
2021-08-23T13,ERCO,WND,15529
2021-08-23T14,ERCO,WND,12894
2021-08-23T15,ERCO,WND,11759
2021-08-23T16,ERCO,WND,11752
2021-08-23T17,ERCO,WND,10111
2021-08-23T18,ERCO,WND,8891
2021-08-23T19,ERCO,WND,9045
2021-08-23T20,ERCO,WND,9817
2021-08-23T21,ERCO,WND,10708
2021-08-23T22,ERCO,WND,12086
2021-08-23T23,ERCO,WND,13951
2021-08-24T00,ERCO,WND,15414
2021-08-24T01,ERCO,WND,15169
2021-08-24T02,ERCO,WND,15424
2021-08-24T03,ERCO,WND,17213
2021-08-24T04,ERCO,WND,18379
2021-08-24T05,ERCO,WND,19339
2021-08-24T06,ERCO,WND,20232
2021-08-24T07,ERCO,WND,20027
2021-08-24T08,ERCO,WND,19489
2021-08-24T09,ERCO,WND,18783
2021-08-24T10,ERCO,WND,18084
2021-08-24T11,ERCO,WND,16209
2021-08-24T12,ERCO,WND,14779
2021-08-24T13,ERCO,WND,14120
2021-08-24T14,ERCO,WND,11518
2021-08-24T15,ERCO,WND,11423
2021-08-24T16,ERCO,WND,11762
2021-08-24T17,ERCO,WND,9829
2021-08-24T18,ERCO,WND,7936
2021-08-24T19,ERCO,WND,8067
2021-08-24T20,ERCO,WND,8921
2021-08-24T21,ERCO,WND,9935
2021-08-24T22,ERCO,WND,10573
2021-08-24T23,ERCO,WND,11284
2021-08-25T00,ERCO,WND,12473
2021-08-25T01,ERCO,WND,12735
2021-08-25T02,ERCO,WND,13163
2021-08-25T03,ERCO,WND,15534
2021-08-25T04,ERCO,WND,17219
2021-08-25T05,ERCO,WND,18119
2021-08-25T06,ERCO,WND,18315
2021-08-25T07,ERCO,WND,17821
2021-08-25T08,ERCO,WND,17248
2021-08-25T09,ERCO,WND,16689
2021-08-25T10,ERCO,WND,15465
2021-08-25T11,ERCO,WND,13932
2021-08-25T12,ERCO,WND,12230
2021-08-25T13,ERCO,WND,10863
2021-08-25T14,ERCO,WND,7777
2021-08-25T15,ERCO,WND,6261
2021-08-25T16,ERCO,WND,5879
2021-08-25T17,ERCO,WND,4497
2021-08-25T18,ERCO,WND,3814
2021-08-25T19,ERCO,WND,5275
2021-08-25T20,ERCO,WND,6687
2021-08-25T21,ERCO,WND,7470
2021-08-25T22,ERCO,WND,8177
2021-08-25T23,ERCO,WND,9302
2021-08-26T00,ERCO,WND,9964
2021-08-26T01,ERCO,WND,9623
2021-08-26T02,ERCO,WND,9658
2021-08-26T03,ERCO,WND,10769
2021-08-26T04,ERCO,WND,11042
2021-08-26T05,ERCO,WND,11539
2021-08-26T06,ERCO,WND,11805
2021-08-26T07,ERCO,WND,11588
2021-08-26T08,ERCO,WND,10942
2021-08-26T09,ERCO,WND,10060
2021-08-26T10,ERCO,WND,8898
2021-08-26T11,ERCO,WND,7461
2021-08-26T12,ERCO,WND,6464
2021-08-26T13,ERCO,WND,5425
2021-08-26T14,ERCO,WND,3526
2021-08-26T15,ERCO,WND,2124
2021-08-26T16,ERCO,WND,2100
2021-08-26T17,ERCO,WND,1770
2021-08-26T18,ERCO,WND,1581
2021-08-26T19,ERCO,WND,2348
2021-08-26T20,ERCO,WND,3132
2021-08-26T21,ERCO,WND,3481
2021-08-26T22,ERCO,WND,4420
2021-08-26T23,ERCO,WND,5423
2021-08-27T00,ERCO,WND,6254
2021-08-27T01,ERCO,WND,6790
2021-08-27T02,ERCO,WND,8441
2021-08-27T03,ERCO,WND,10716
2021-08-27T04,ERCO,WND,11462
2021-08-27T05,ERCO,WND,11350
2021-08-27T06,ERCO,WND,10197
2021-08-27T07,ERCO,WND,9057
2021-08-27T08,ERCO,WND,8184
2021-08-27T09,ERCO,WND,7362
2021-08-27T10,ERCO,WND,6338
2021-08-27T11,ERCO,WND,5345
2021-08-27T12,ERCO,WND,4540
2021-08-27T13,ERCO,WND,3969
2021-08-27T14,ERCO,WND,2685
2021-08-27T15,ERCO,WND,1934
2021-08-27T16,ERCO,WND,2348
2021-08-27T17,ERCO,WND,1836
2021-08-27T18,ERCO,WND,1787
2021-08-27T19,ERCO,WND,2311
2021-08-27T20,ERCO,WND,3108
2021-08-27T21,ERCO,WND,3961
2021-08-27T22,ERCO,WND,4946
2021-08-27T23,ERCO,WND,6276
2021-08-28T00,ERCO,WND,8719
2021-08-28T01,ERCO,WND,10287
2021-08-28T02,ERCO,WND,11228
2021-08-28T03,ERCO,WND,13286
2021-08-28T04,ERCO,WND,14439
2021-08-28T05,ERCO,WND,14683
2021-08-28T06,ERCO,WND,14495
2021-08-28T07,ERCO,WND,13728
2021-08-28T08,ERCO,WND,12377
2021-08-28T09,ERCO,WND,10730
2021-08-28T10,ERCO,WND,9330
2021-08-28T11,ERCO,WND,8219
2021-08-28T12,ERCO,WND,7095
2021-08-28T13,ERCO,WND,6291
2021-08-28T14,ERCO,WND,4342
2021-08-28T15,ERCO,WND,4070
2021-08-28T16,ERCO,WND,4504
2021-08-28T17,ERCO,WND,4075
2021-08-28T18,ERCO,WND,3561
2021-08-28T19,ERCO,WND,3636
2021-08-28T20,ERCO,WND,4545
2021-08-28T21,ERCO,WND,5724
2021-08-28T22,ERCO,WND,7363
2021-08-28T23,ERCO,WND,9300
2021-08-29T00,ERCO,WND,10961
2021-08-29T01,ERCO,WND,11582
2021-08-29T02,ERCO,WND,12053
2021-08-29T03,ERCO,WND,13484
2021-08-29T04,ERCO,WND,13785
2021-08-29T05,ERCO,WND,13095
2021-08-29T06,ERCO,WND,11914
2021-08-29T07,ERCO,WND,10402
2021-08-29T08,ERCO,WND,8717
2021-08-29T09,ERCO,WND,7106
2021-08-29T10,ERCO,WND,5609
2021-08-29T11,ERCO,WND,4183
2021-08-29T12,ERCO,WND,3490
2021-08-29T13,ERCO,WND,3004
2021-08-29T14,ERCO,WND,1890
2021-08-29T15,ERCO,WND,1188
2021-08-29T16,ERCO,WND,905
2021-08-29T17,ERCO,WND,498
2021-08-29T18,ERCO,WND,568
2021-08-29T19,ERCO,WND,959
2021-08-29T20,ERCO,WND,1880
2021-08-29T21,ERCO,WND,3293
2021-08-29T22,ERCO,WND,5367
2021-08-29T23,ERCO,WND,6387
2021-08-30T00,ERCO,WND,6233
2021-08-30T01,ERCO,WND,6330
2021-08-30T02,ERCO,WND,6819
2021-08-30T03,ERCO,WND,6507
2021-08-30T04,ERCO,WND,6409
2021-08-30T05,ERCO,WND,6044
2021-08-30T06,ERCO,WND,5362
2021-08-30T07,ERCO,WND,4698
2021-08-30T08,ERCO,WND,4099
2021-08-30T09,ERCO,WND,3514
2021-08-30T10,ERCO,WND,3119
2021-08-30T11,ERCO,WND,2682
2021-08-30T12,ERCO,WND,2175
2021-08-30T13,ERCO,WND,1561
2021-08-30T14,ERCO,WND,899
2021-08-30T15,ERCO,WND,529
2021-08-30T16,ERCO,WND,454
2021-08-30T17,ERCO,WND,378
2021-08-30T18,ERCO,WND,442
2021-08-30T19,ERCO,WND,694
2021-08-30T20,ERCO,WND,1014
2021-08-30T21,ERCO,WND,1721
2021-08-30T22,ERCO,WND,2759
2021-08-30T23,ERCO,WND,4303
2021-08-31T00,ERCO,WND,5069
2021-08-31T01,ERCO,WND,5796
2021-08-31T02,ERCO,WND,6266
2021-08-31T03,ERCO,WND,7319
2021-08-31T04,ERCO,WND,7789
2021-08-31T05,ERCO,WND,7979
2021-08-31T06,ERCO,WND,8031
2021-08-31T07,ERCO,WND,7979
2021-08-31T08,ERCO,WND,7169
2021-08-31T09,ERCO,WND,7131
2021-08-31T10,ERCO,WND,6949
2021-08-31T11,ERCO,WND,6152
2021-08-31T12,ERCO,WND,5443
2021-08-31T13,ERCO,WND,4908
2021-08-31T14,ERCO,WND,3486
2021-08-31T15,ERCO,WND,2251
2021-08-31T16,ERCO,WND,2541
2021-08-31T17,ERCO,WND,2216
2021-08-31T18,ERCO,WND,1586
2021-08-31T19,ERCO,WND,1607
2021-08-31T20,ERCO,WND,2726
2021-08-31T21,ERCO,WND,4049
2021-08-31T22,ERCO,WND,4957
2021-08-31T23,ERCO,WND,6675
2021-09-01T00,ERCO,WND,8301
2021-09-01T01,ERCO,WND,9080
2021-09-01T02,ERCO,WND,10003
2021-09-01T03,ERCO,WND,11606
2021-09-01T04,ERCO,WND,13234
2021-09-01T05,ERCO,WND,14352
2021-09-01T06,ERCO,WND,15226
2021-09-01T07,ERCO,WND,15739
2021-09-01T08,ERCO,WND,14744
2021-09-01T09,ERCO,WND,13687
2021-09-01T10,ERCO,WND,12787
2021-09-01T11,ERCO,WND,11647
2021-09-01T12,ERCO,WND,10737
2021-09-01T13,ERCO,WND,9876
2021-09-01T14,ERCO,WND,8060
2021-09-01T15,ERCO,WND,7489
2021-09-01T16,ERCO,WND,7489
2021-09-01T17,ERCO,WND,6205
2021-09-01T18,ERCO,WND,6187
2021-09-01T19,ERCO,WND,7933
2021-09-01T20,ERCO,WND,9357
2021-09-01T21,ERCO,WND,10500
2021-09-01T22,ERCO,WND,11826
2021-09-01T23,ERCO,WND,13169
2021-09-02T00,ERCO,WND,13942
2021-09-02T01,ERCO,WND,13591
2021-09-02T02,ERCO,WND,13117
2021-09-02T03,ERCO,WND,14315
2021-09-02T04,ERCO,WND,16048
2021-09-02T05,ERCO,WND,16889
2021-09-02T06,ERCO,WND,17086
2021-09-02T07,ERCO,WND,16110
2021-09-02T08,ERCO,WND,14803
2021-09-02T09,ERCO,WND,14080
2021-09-02T10,ERCO,WND,13038
2021-09-02T11,ERCO,WND,12014
2021-09-02T12,ERCO,WND,10267
2021-09-02T13,ERCO,WND,8304
2021-09-02T14,ERCO,WND,5932
2021-09-02T15,ERCO,WND,5993
2021-09-02T16,ERCO,WND,6723
2021-09-02T17,ERCO,WND,6757
2021-09-02T18,ERCO,WND,6761
2021-09-02T19,ERCO,WND,7061
2021-09-02T20,ERCO,WND,8205
2021-09-02T21,ERCO,WND,9700
2021-09-02T22,ERCO,WND,10750
2021-09-02T23,ERCO,WND,12029
2021-09-03T00,ERCO,WND,13244
2021-09-03T01,ERCO,WND,12932
2021-09-03T02,ERCO,WND,12669
2021-09-03T03,ERCO,WND,13741
2021-09-03T04,ERCO,WND,15154
2021-09-03T05,ERCO,WND,15851
2021-09-03T06,ERCO,WND,15682
2021-09-03T07,ERCO,WND,15000
2021-09-03T08,ERCO,WND,14299
2021-09-03T09,ERCO,WND,14093
2021-09-03T10,ERCO,WND,13905
2021-09-03T11,ERCO,WND,13254
2021-09-03T12,ERCO,WND,12001
2021-09-03T13,ERCO,WND,11014
2021-09-03T14,ERCO,WND,9175
2021-09-03T15,ERCO,WND,10227
2021-09-03T16,ERCO,WND,10411
2021-09-03T17,ERCO,WND,8974
2021-09-03T18,ERCO,WND,7344
2021-09-03T19,ERCO,WND,6463
2021-09-03T20,ERCO,WND,7225
2021-09-03T21,ERCO,WND,8569
2021-09-03T22,ERCO,WND,9763
2021-09-03T23,ERCO,WND,10645
2021-09-04T00,ERCO,WND,11991
2021-09-04T01,ERCO,WND,11790
2021-09-04T02,ERCO,WND,12296
2021-09-04T03,ERCO,WND,14158
2021-09-04T04,ERCO,WND,15589
2021-09-04T05,ERCO,WND,16644
2021-09-04T06,ERCO,WND,17689
2021-09-04T07,ERCO,WND,17953
2021-09-04T08,ERCO,WND,16966
2021-09-04T09,ERCO,WND,15987
2021-09-04T10,ERCO,WND,14760
2021-09-04T11,ERCO,WND,13821
2021-09-04T12,ERCO,WND,13166
2021-09-04T13,ERCO,WND,12261
2021-09-04T14,ERCO,WND,10001
2021-09-04T15,ERCO,WND,9618
2021-09-04T16,ERCO,WND,8985
2021-09-04T17,ERCO,WND,6848
2021-09-04T18,ERCO,WND,5010
2021-09-04T19,ERCO,WND,4386
2021-09-04T20,ERCO,WND,4905
2021-09-04T21,ERCO,WND,5557
2021-09-04T22,ERCO,WND,6138
2021-09-04T23,ERCO,WND,7104
2021-09-05T00,ERCO,WND,7876
2021-09-05T01,ERCO,WND,8293
2021-09-05T02,ERCO,WND,7785
2021-09-05T03,ERCO,WND,8702
2021-09-05T04,ERCO,WND,9020
2021-09-05T05,ERCO,WND,8947
2021-09-05T06,ERCO,WND,8672
2021-09-05T07,ERCO,WND,7996
2021-09-05T08,ERCO,WND,7661
2021-09-05T09,ERCO,WND,7410
2021-09-05T10,ERCO,WND,7084
2021-09-05T11,ERCO,WND,6832
2021-09-05T12,ERCO,WND,6095
2021-09-05T13,ERCO,WND,5082
2021-09-05T14,ERCO,WND,3191
2021-09-05T15,ERCO,WND,2802
2021-09-05T16,ERCO,WND,2876
2021-09-05T17,ERCO,WND,2193
2021-09-05T18,ERCO,WND,1861
2021-09-05T19,ERCO,WND,2047
2021-09-05T20,ERCO,WND,2823
2021-09-05T21,ERCO,WND,4621
2021-09-05T22,ERCO,WND,6238
2021-09-05T23,ERCO,WND,6572
2021-09-06T00,ERCO,WND,6339
2021-09-06T01,ERCO,WND,6313
2021-09-06T02,ERCO,WND,6311
2021-09-06T03,ERCO,WND,6073
2021-09-06T04,ERCO,WND,5316
2021-09-06T05,ERCO,WND,5257
2021-09-06T06,ERCO,WND,5744
2021-09-06T07,ERCO,WND,5649
2021-09-06T08,ERCO,WND,5307
2021-09-06T09,ERCO,WND,5178
2021-09-06T10,ERCO,WND,4298
2021-09-06T11,ERCO,WND,3211
2021-09-06T12,ERCO,WND,2580
2021-09-06T13,ERCO,WND,2308
2021-09-06T14,ERCO,WND,1721
2021-09-06T15,ERCO,WND,1252
2021-09-06T16,ERCO,WND,1368
2021-09-06T17,ERCO,WND,985
2021-09-06T18,ERCO,WND,757
2021-09-06T19,ERCO,WND,840
2021-09-06T20,ERCO,WND,1678
2021-09-06T21,ERCO,WND,2507
2021-09-06T22,ERCO,WND,3116
2021-09-06T23,ERCO,WND,3291
2021-09-07T00,ERCO,WND,3792
2021-09-07T01,ERCO,WND,5709
2021-09-07T02,ERCO,WND,9195
2021-09-07T03,ERCO,WND,11394
2021-09-07T04,ERCO,WND,12109
2021-09-07T05,ERCO,WND,12684
2021-09-07T06,ERCO,WND,12943
2021-09-07T07,ERCO,WND,12274
2021-09-07T08,ERCO,WND,10544
2021-09-07T09,ERCO,WND,8907
2021-09-07T10,ERCO,WND,8280
2021-09-07T11,ERCO,WND,7949
2021-09-07T12,ERCO,WND,7938
2021-09-07T13,ERCO,WND,7782
2021-09-07T14,ERCO,WND,6023
2021-09-07T15,ERCO,WND,3624
2021-09-07T16,ERCO,WND,3892
2021-09-07T17,ERCO,WND,3385
2021-09-07T18,ERCO,WND,2173
2021-09-07T19,ERCO,WND,1468
2021-09-07T20,ERCO,WND,1248
2021-09-07T21,ERCO,WND,1527
2021-09-07T22,ERCO,WND,1958
2021-09-07T23,ERCO,WND,2381
2021-09-08T00,ERCO,WND,3415
2021-09-08T01,ERCO,WND,4467
2021-09-08T02,ERCO,WND,6674
2021-09-08T03,ERCO,WND,9655
2021-09-08T04,ERCO,WND,11960
2021-09-08T05,ERCO,WND,12829
2021-09-08T06,ERCO,WND,11563
2021-09-08T07,ERCO,WND,10346
2021-09-08T08,ERCO,WND,9648
2021-09-08T09,ERCO,WND,8426
2021-09-08T10,ERCO,WND,6994
2021-09-08T11,ERCO,WND,5351
2021-09-08T12,ERCO,WND,4991
2021-09-08T13,ERCO,WND,5022
2021-09-08T14,ERCO,WND,4640
2021-09-08T15,ERCO,WND,5025
2021-09-08T16,ERCO,WND,4706
2021-09-08T17,ERCO,WND,3137
2021-09-08T18,ERCO,WND,2585
2021-09-08T19,ERCO,WND,3512
2021-09-08T20,ERCO,WND,4099
2021-09-08T21,ERCO,WND,4444
2021-09-08T22,ERCO,WND,4676
2021-09-08T23,ERCO,WND,5372
2021-09-09T00,ERCO,WND,6006
2021-09-09T01,ERCO,WND,6749
2021-09-09T02,ERCO,WND,7879
2021-09-09T03,ERCO,WND,9653
2021-09-09T04,ERCO,WND,10080
2021-09-09T05,ERCO,WND,9616
2021-09-09T06,ERCO,WND,8198
2021-09-09T07,ERCO,WND,7149
2021-09-09T08,ERCO,WND,6046
2021-09-09T09,ERCO,WND,5683
2021-09-09T10,ERCO,WND,5414
2021-09-09T11,ERCO,WND,5437
2021-09-09T12,ERCO,WND,5669
2021-09-09T13,ERCO,WND,5925
2021-09-09T14,ERCO,WND,5609
2021-09-09T15,ERCO,WND,3983
2021-09-09T16,ERCO,WND,5005
2021-09-09T17,ERCO,WND,5280
2021-09-09T18,ERCO,WND,4539
2021-09-09T19,ERCO,WND,4025
2021-09-09T20,ERCO,WND,3664
2021-09-09T21,ERCO,WND,3532
2021-09-09T22,ERCO,WND,4046
2021-09-09T23,ERCO,WND,4723
2021-09-10T00,ERCO,WND,5610
2021-09-10T01,ERCO,WND,7231
2021-09-10T02,ERCO,WND,10787
2021-09-10T03,ERCO,WND,14694
2021-09-10T04,ERCO,WND,16739
2021-09-10T05,ERCO,WND,17567
2021-09-10T06,ERCO,WND,18072
2021-09-10T07,ERCO,WND,17840
2021-09-10T08,ERCO,WND,17139
2021-09-10T09,ERCO,WND,16460
2021-09-10T10,ERCO,WND,15927
2021-09-10T11,ERCO,WND,15477
2021-09-10T12,ERCO,WND,14822
2021-09-10T13,ERCO,WND,14230
2021-09-10T14,ERCO,WND,12869
2021-09-10T15,ERCO,WND,9823
2021-09-10T16,ERCO,WND,9874
2021-09-10T17,ERCO,WND,9469
2021-09-10T18,ERCO,WND,8458
2021-09-10T19,ERCO,WND,7302
2021-09-10T20,ERCO,WND,6874
2021-09-10T21,ERCO,WND,6966
2021-09-10T22,ERCO,WND,7593
2021-09-10T23,ERCO,WND,8663
2021-09-11T00,ERCO,WND,10400
2021-09-11T01,ERCO,WND,12639
2021-09-11T02,ERCO,WND,16513
2021-09-11T03,ERCO,WND,19055
2021-09-11T04,ERCO,WND,20109
2021-09-11T05,ERCO,WND,20319
2021-09-11T06,ERCO,WND,20273
2021-09-11T07,ERCO,WND,19774
2021-09-11T08,ERCO,WND,18744
2021-09-11T09,ERCO,WND,17801
2021-09-11T10,ERCO,WND,16801
2021-09-11T11,ERCO,WND,15953
2021-09-11T12,ERCO,WND,14922
2021-09-11T13,ERCO,WND,13747
2021-09-11T14,ERCO,WND,11815
2021-09-11T15,ERCO,WND,8058
2021-09-11T16,ERCO,WND,6839
2021-09-11T17,ERCO,WND,5693
2021-09-11T18,ERCO,WND,5141
2021-09-11T19,ERCO,WND,5419
2021-09-11T20,ERCO,WND,6107
2021-09-11T21,ERCO,WND,6613
2021-09-11T22,ERCO,WND,7007
2021-09-11T23,ERCO,WND,7464
2021-09-12T00,ERCO,WND,8064
2021-09-12T01,ERCO,WND,9223
2021-09-12T02,ERCO,WND,13095
2021-09-12T03,ERCO,WND,16186
2021-09-12T04,ERCO,WND,17470
2021-09-12T05,ERCO,WND,18033
2021-09-12T06,ERCO,WND,18033
2021-09-12T07,ERCO,WND,17309
2021-09-12T08,ERCO,WND,16547
2021-09-12T09,ERCO,WND,15500
2021-09-12T10,ERCO,WND,14775
2021-09-12T11,ERCO,WND,13487
2021-09-12T12,ERCO,WND,12334
2021-09-12T13,ERCO,WND,11334
2021-09-12T14,ERCO,WND,9886
2021-09-12T15,ERCO,WND,6768
2021-09-12T16,ERCO,WND,7298
2021-09-12T17,ERCO,WND,6422
2021-09-12T18,ERCO,WND,5728
2021-09-12T19,ERCO,WND,5019
2021-09-12T20,ERCO,WND,5586
2021-09-12T21,ERCO,WND,5841
2021-09-12T22,ERCO,WND,5324
2021-09-12T23,ERCO,WND,6083
2021-09-13T00,ERCO,WND,7182
2021-09-13T01,ERCO,WND,8246
2021-09-13T02,ERCO,WND,10972
2021-09-13T03,ERCO,WND,13012
2021-09-13T04,ERCO,WND,13470
2021-09-13T05,ERCO,WND,14224
2021-09-13T06,ERCO,WND,14448
2021-09-13T07,ERCO,WND,14267
2021-09-13T08,ERCO,WND,13438
2021-09-13T09,ERCO,WND,12730
2021-09-13T10,ERCO,WND,12296
2021-09-13T11,ERCO,WND,12169
2021-09-13T12,ERCO,WND,11485
2021-09-13T13,ERCO,WND,10855
2021-09-13T14,ERCO,WND,9529
2021-09-13T15,ERCO,WND,7236
2021-09-13T16,ERCO,WND,7783
2021-09-13T17,ERCO,WND,7572
2021-09-13T18,ERCO,WND,7395
2021-09-13T19,ERCO,WND,7668
2021-09-13T20,ERCO,WND,8482
2021-09-13T21,ERCO,WND,8920
2021-09-13T22,ERCO,WND,8699
2021-09-13T23,ERCO,WND,8299
2021-09-14T00,ERCO,WND,8139
2021-09-14T01,ERCO,WND,7793
2021-09-14T02,ERCO,WND,9620
2021-09-14T03,ERCO,WND,12407
2021-09-14T04,ERCO,WND,14041
2021-09-14T05,ERCO,WND,14397
2021-09-14T06,ERCO,WND,14218
2021-09-14T07,ERCO,WND,13935
2021-09-14T08,ERCO,WND,13525
2021-09-14T09,ERCO,WND,12583
2021-09-14T10,ERCO,WND,11556
2021-09-14T11,ERCO,WND,10511
2021-09-14T12,ERCO,WND,10131
2021-09-14T13,ERCO,WND,9497
2021-09-14T14,ERCO,WND,7433
2021-09-14T15,ERCO,WND,5860
2021-09-14T16,ERCO,WND,5022
2021-09-14T17,ERCO,WND,3609
2021-09-14T18,ERCO,WND,2882
2021-09-14T19,ERCO,WND,2913
2021-09-14T20,ERCO,WND,2878
2021-09-14T21,ERCO,WND,2801
2021-09-14T22,ERCO,WND,3114
2021-09-14T23,ERCO,WND,3893
2021-09-15T00,ERCO,WND,5137
2021-09-15T01,ERCO,WND,6493
2021-09-15T02,ERCO,WND,8820
2021-09-15T03,ERCO,WND,11621
2021-09-15T04,ERCO,WND,12453
2021-09-15T05,ERCO,WND,11946
2021-09-15T06,ERCO,WND,10774
2021-09-15T07,ERCO,WND,9418
2021-09-15T08,ERCO,WND,7564
2021-09-15T09,ERCO,WND,5574
2021-09-15T10,ERCO,WND,4456
2021-09-15T11,ERCO,WND,3469
2021-09-15T12,ERCO,WND,3602
2021-09-15T13,ERCO,WND,3603
2021-09-15T14,ERCO,WND,2898
2021-09-15T15,ERCO,WND,2384
2021-09-15T16,ERCO,WND,2242
2021-09-15T17,ERCO,WND,2551
2021-09-15T18,ERCO,WND,2998
2021-09-15T19,ERCO,WND,2933
2021-09-15T20,ERCO,WND,2429
2021-09-15T21,ERCO,WND,2134
2021-09-15T22,ERCO,WND,2046
2021-09-15T23,ERCO,WND,1991
2021-09-16T00,ERCO,WND,2111
2021-09-16T01,ERCO,WND,2925
2021-09-16T02,ERCO,WND,4935
2021-09-16T03,ERCO,WND,7462
2021-09-16T04,ERCO,WND,9312
2021-09-16T05,ERCO,WND,10241
2021-09-16T06,ERCO,WND,11016
2021-09-16T07,ERCO,WND,11597
2021-09-16T08,ERCO,WND,11336
2021-09-16T09,ERCO,WND,10572
2021-09-16T10,ERCO,WND,9783
2021-09-16T11,ERCO,WND,8558
2021-09-16T12,ERCO,WND,7880
2021-09-16T13,ERCO,WND,7482
2021-09-16T14,ERCO,WND,6338
2021-09-16T15,ERCO,WND,5742
2021-09-16T16,ERCO,WND,6278
2021-09-16T17,ERCO,WND,5630
2021-09-16T18,ERCO,WND,4900
2021-09-16T19,ERCO,WND,4382
2021-09-16T20,ERCO,WND,4186
2021-09-16T21,ERCO,WND,4369
2021-09-16T22,ERCO,WND,4682
2021-09-16T23,ERCO,WND,5198
2021-09-17T00,ERCO,WND,5923
2021-09-17T01,ERCO,WND,7039
2021-09-17T02,ERCO,WND,9609
2021-09-17T03,ERCO,WND,12260
2021-09-17T04,ERCO,WND,13724
2021-09-17T05,ERCO,WND,14348
2021-09-17T06,ERCO,WND,14692
2021-09-17T07,ERCO,WND,15253
2021-09-17T08,ERCO,WND,15198
2021-09-17T09,ERCO,WND,14616
2021-09-17T10,ERCO,WND,13913
2021-09-17T11,ERCO,WND,13021
2021-09-17T12,ERCO,WND,12336
2021-09-17T13,ERCO,WND,11432
2021-09-17T14,ERCO,WND,9318
2021-09-17T15,ERCO,WND,7676
2021-09-17T16,ERCO,WND,8445
2021-09-17T17,ERCO,WND,7339
2021-09-17T18,ERCO,WND,5667
2021-09-17T19,ERCO,WND,4571
2021-09-17T20,ERCO,WND,4012
2021-09-17T21,ERCO,WND,3847
2021-09-17T22,ERCO,WND,4049
2021-09-17T23,ERCO,WND,4115
2021-09-18T00,ERCO,WND,4898
2021-09-18T01,ERCO,WND,6341
2021-09-18T02,ERCO,WND,9874
2021-09-18T03,ERCO,WND,13095
2021-09-18T04,ERCO,WND,13040
2021-09-18T05,ERCO,WND,12359
2021-09-18T06,ERCO,WND,11278
2021-09-18T07,ERCO,WND,9359
2021-09-18T08,ERCO,WND,6814
2021-09-18T09,ERCO,WND,6132
2021-09-18T10,ERCO,WND,6474
2021-09-18T11,ERCO,WND,6128
2021-09-18T12,ERCO,WND,5121
2021-09-18T13,ERCO,WND,3522
2021-09-18T14,ERCO,WND,2399
2021-09-18T15,ERCO,WND,1001
2021-09-18T16,ERCO,WND,863
2021-09-18T17,ERCO,WND,696
2021-09-18T18,ERCO,WND,946
2021-09-18T19,ERCO,WND,1231
2021-09-18T20,ERCO,WND,1815
2021-09-18T21,ERCO,WND,2597
2021-09-18T22,ERCO,WND,3548
2021-09-18T23,ERCO,WND,4201
2021-09-19T00,ERCO,WND,4863
2021-09-19T01,ERCO,WND,5619
2021-09-19T02,ERCO,WND,6745
2021-09-19T03,ERCO,WND,7448
2021-09-19T04,ERCO,WND,7579
2021-09-19T05,ERCO,WND,7404
2021-09-19T06,ERCO,WND,7496
2021-09-19T07,ERCO,WND,7305
2021-09-19T08,ERCO,WND,7141
2021-09-19T09,ERCO,WND,6545
2021-09-19T10,ERCO,WND,6279
2021-09-19T11,ERCO,WND,6099
2021-09-19T12,ERCO,WND,5543
2021-09-19T13,ERCO,WND,5234
2021-09-19T14,ERCO,WND,4359
2021-09-19T15,ERCO,WND,2488
2021-09-19T16,ERCO,WND,3359
2021-09-19T17,ERCO,WND,3531
2021-09-19T18,ERCO,WND,3018
2021-09-19T19,ERCO,WND,2837
2021-09-19T20,ERCO,WND,3061
2021-09-19T21,ERCO,WND,3516
2021-09-19T22,ERCO,WND,4219
2021-09-19T23,ERCO,WND,5414
2021-09-20T00,ERCO,WND,6709
2021-09-20T01,ERCO,WND,8313
2021-09-20T02,ERCO,WND,11695
2021-09-20T03,ERCO,WND,15141
2021-09-20T04,ERCO,WND,17692
2021-09-20T05,ERCO,WND,19117
2021-09-20T06,ERCO,WND,19217
2021-09-20T07,ERCO,WND,18648
2021-09-20T08,ERCO,WND,18485
2021-09-20T09,ERCO,WND,17954
2021-09-20T10,ERCO,WND,17550
2021-09-20T11,ERCO,WND,17255
2021-09-20T12,ERCO,WND,17425
2021-09-20T13,ERCO,WND,17574
2021-09-20T14,ERCO,WND,15700
2021-09-20T15,ERCO,WND,13520
2021-09-20T16,ERCO,WND,13819
2021-09-20T17,ERCO,WND,12546
2021-09-20T18,ERCO,WND,10813
2021-09-20T19,ERCO,WND,10231
2021-09-20T20,ERCO,WND,9515
2021-09-20T21,ERCO,WND,8776
2021-09-20T22,ERCO,WND,8699
2021-09-20T23,ERCO,WND,9304
2021-09-21T00,ERCO,WND,10998
2021-09-21T01,ERCO,WND,13048
2021-09-21T02,ERCO,WND,15115
2021-09-21T03,ERCO,WND,16326
2021-09-21T04,ERCO,WND,17332
2021-09-21T05,ERCO,WND,17212
2021-09-21T06,ERCO,WND,16848
2021-09-21T07,ERCO,WND,16648
2021-09-21T08,ERCO,WND,16944
2021-09-21T09,ERCO,WND,17760
2021-09-21T10,ERCO,WND,18026
2021-09-21T11,ERCO,WND,17498
2021-09-21T12,ERCO,WND,17116
2021-09-21T13,ERCO,WND,16944
2021-09-21T14,ERCO,WND,16342
2021-09-21T15,ERCO,WND,16846
2021-09-21T16,ERCO,WND,17034
2021-09-21T17,ERCO,WND,17019
2021-09-21T18,ERCO,WND,17144
2021-09-21T19,ERCO,WND,16983
2021-09-21T20,ERCO,WND,16858
2021-09-21T21,ERCO,WND,17344
2021-09-21T22,ERCO,WND,17417
2021-09-21T23,ERCO,WND,16987
2021-09-22T00,ERCO,WND,16259
2021-09-22T01,ERCO,WND,12934
2021-09-22T02,ERCO,WND,10953
2021-09-22T03,ERCO,WND,11600
2021-09-22T04,ERCO,WND,11417
2021-09-22T05,ERCO,WND,10757
2021-09-22T06,ERCO,WND,10003
2021-09-22T07,ERCO,WND,8512
2021-09-22T08,ERCO,WND,8451
2021-09-22T09,ERCO,WND,7522
2021-09-22T10,ERCO,WND,7604
2021-09-22T11,ERCO,WND,7208
2021-09-22T12,ERCO,WND,6320
2021-09-22T13,ERCO,WND,6362
2021-09-22T14,ERCO,WND,5816
2021-09-22T15,ERCO,WND,5315
2021-09-22T16,ERCO,WND,6300
2021-09-22T17,ERCO,WND,6494
2021-09-22T18,ERCO,WND,6026
2021-09-22T19,ERCO,WND,5690
2021-09-22T20,ERCO,WND,4969
2021-09-22T21,ERCO,WND,3996
2021-09-22T22,ERCO,WND,3032
2021-09-22T23,ERCO,WND,2754
2021-09-23T00,ERCO,WND,2227
2021-09-23T01,ERCO,WND,2290
2021-09-23T02,ERCO,WND,3734
2021-09-23T03,ERCO,WND,5134
2021-09-23T04,ERCO,WND,6572
2021-09-23T05,ERCO,WND,8301
2021-09-23T06,ERCO,WND,10027
2021-09-23T07,ERCO,WND,11336
2021-09-23T08,ERCO,WND,12065
2021-09-23T09,ERCO,WND,12734
2021-09-23T10,ERCO,WND,13333
2021-09-23T11,ERCO,WND,13171
2021-09-23T12,ERCO,WND,13312
2021-09-23T13,ERCO,WND,13472
2021-09-23T14,ERCO,WND,12640
2021-09-23T15,ERCO,WND,9531
2021-09-23T16,ERCO,WND,10875
2021-09-23T17,ERCO,WND,10085
2021-09-23T18,ERCO,WND,8038
2021-09-23T19,ERCO,WND,6802
2021-09-23T20,ERCO,WND,6353
2021-09-23T21,ERCO,WND,6615
2021-09-23T22,ERCO,WND,6779
2021-09-23T23,ERCO,WND,6970
2021-09-24T00,ERCO,WND,7400
2021-09-24T01,ERCO,WND,8433
2021-09-24T02,ERCO,WND,12621
2021-09-24T03,ERCO,WND,15831
2021-09-24T04,ERCO,WND,17847
2021-09-24T05,ERCO,WND,18324
2021-09-24T06,ERCO,WND,17660
2021-09-24T07,ERCO,WND,16895
2021-09-24T08,ERCO,WND,16288
2021-09-24T09,ERCO,WND,15706
2021-09-24T10,ERCO,WND,15068
2021-09-24T11,ERCO,WND,15420
2021-09-24T12,ERCO,WND,15233
2021-09-24T13,ERCO,WND,14270
2021-09-24T14,ERCO,WND,12307
2021-09-24T15,ERCO,WND,8545
2021-09-24T16,ERCO,WND,8193
2021-09-24T17,ERCO,WND,6345
2021-09-24T18,ERCO,WND,4842
2021-09-24T19,ERCO,WND,4616
2021-09-24T20,ERCO,WND,5091
2021-09-24T21,ERCO,WND,5266
2021-09-24T22,ERCO,WND,4748
2021-09-24T23,ERCO,WND,4310
2021-09-25T00,ERCO,WND,4399
2021-09-25T01,ERCO,WND,5521
2021-09-25T02,ERCO,WND,8526
2021-09-25T03,ERCO,WND,11000
2021-09-25T04,ERCO,WND,12121
2021-09-25T05,ERCO,WND,12176
2021-09-25T06,ERCO,WND,12263
2021-09-25T07,ERCO,WND,12268
2021-09-25T08,ERCO,WND,11916
2021-09-25T09,ERCO,WND,10731
2021-09-25T10,ERCO,WND,9140
2021-09-25T11,ERCO,WND,7776
2021-09-25T12,ERCO,WND,6299
2021-09-25T13,ERCO,WND,5245
2021-09-25T14,ERCO,WND,4112
2021-09-25T15,ERCO,WND,2163
2021-09-25T16,ERCO,WND,1371
2021-09-25T17,ERCO,WND,801
2021-09-25T18,ERCO,WND,1386
2021-09-25T19,ERCO,WND,2809
2021-09-25T20,ERCO,WND,3385
2021-09-25T21,ERCO,WND,3513
2021-09-25T22,ERCO,WND,3865
2021-09-25T23,ERCO,WND,4865
2021-09-26T00,ERCO,WND,6052
2021-09-26T01,ERCO,WND,7397
2021-09-26T02,ERCO,WND,10663
2021-09-26T03,ERCO,WND,13215
2021-09-26T04,ERCO,WND,14721
2021-09-26T05,ERCO,WND,15001
2021-09-26T06,ERCO,WND,14724
2021-09-26T07,ERCO,WND,14621
2021-09-26T08,ERCO,WND,14277
2021-09-26T09,ERCO,WND,14251
2021-09-26T10,ERCO,WND,14142
2021-09-26T11,ERCO,WND,13641
2021-09-26T12,ERCO,WND,13046
2021-09-26T13,ERCO,WND,12286
2021-09-26T14,ERCO,WND,11345
2021-09-26T15,ERCO,WND,7834
2021-09-26T16,ERCO,WND,8090
2021-09-26T17,ERCO,WND,7918
2021-09-26T18,ERCO,WND,8639
2021-09-26T19,ERCO,WND,8085
2021-09-26T20,ERCO,WND,7475
2021-09-26T21,ERCO,WND,7525
2021-09-26T22,ERCO,WND,7622
2021-09-26T23,ERCO,WND,8268
2021-09-27T00,ERCO,WND,9296
2021-09-27T01,ERCO,WND,9971
2021-09-27T02,ERCO,WND,14240
2021-09-27T03,ERCO,WND,17646
2021-09-27T04,ERCO,WND,19017
2021-09-27T05,ERCO,WND,19390
2021-09-27T06,ERCO,WND,18972
2021-09-27T07,ERCO,WND,18235
2021-09-27T08,ERCO,WND,17617
2021-09-27T09,ERCO,WND,16793
2021-09-27T10,ERCO,WND,15163
2021-09-27T11,ERCO,WND,13771
2021-09-27T12,ERCO,WND,12526
2021-09-27T13,ERCO,WND,11190
2021-09-27T14,ERCO,WND,8893
2021-09-27T15,ERCO,WND,5678
2021-09-27T16,ERCO,WND,4646
2021-09-27T17,ERCO,WND,4135
2021-09-27T18,ERCO,WND,3824
2021-09-27T19,ERCO,WND,3403
2021-09-27T20,ERCO,WND,3824
2021-09-27T21,ERCO,WND,4343
2021-09-27T22,ERCO,WND,4851
2021-09-27T23,ERCO,WND,5965
2021-09-28T00,ERCO,WND,7121
2021-09-28T01,ERCO,WND,8593
2021-09-28T02,ERCO,WND,10699
2021-09-28T03,ERCO,WND,12396
2021-09-28T04,ERCO,WND,13033
2021-09-28T05,ERCO,WND,12823
2021-09-28T06,ERCO,WND,12297
2021-09-28T07,ERCO,WND,12221
2021-09-28T08,ERCO,WND,11512
2021-09-28T09,ERCO,WND,11499
2021-09-28T10,ERCO,WND,11500
2021-09-28T11,ERCO,WND,10856
2021-09-28T12,ERCO,WND,10014
2021-09-28T13,ERCO,WND,9813
2021-09-28T14,ERCO,WND,8712
2021-09-28T15,ERCO,WND,7385
2021-09-28T16,ERCO,WND,8329
2021-09-28T17,ERCO,WND,7388
2021-09-28T18,ERCO,WND,7646
2021-09-28T19,ERCO,WND,8550
2021-09-28T20,ERCO,WND,9753
2021-09-28T21,ERCO,WND,12006
2021-09-28T22,ERCO,WND,11659
2021-09-28T23,ERCO,WND,12073
2021-09-29T00,ERCO,WND,11849
2021-09-29T01,ERCO,WND,11666
2021-09-29T02,ERCO,WND,13089
2021-09-29T03,ERCO,WND,14114
2021-09-29T04,ERCO,WND,14845
2021-09-29T05,ERCO,WND,14808
2021-09-29T06,ERCO,WND,14724
2021-09-29T07,ERCO,WND,14981
2021-09-29T08,ERCO,WND,15180
2021-09-29T09,ERCO,WND,14007
2021-09-29T10,ERCO,WND,12597
2021-09-29T11,ERCO,WND,12958
2021-09-29T12,ERCO,WND,13378
2021-09-29T13,ERCO,WND,13037
2021-09-29T14,ERCO,WND,11903
2021-09-29T15,ERCO,WND,10752
2021-09-29T16,ERCO,WND,10384
2021-09-29T17,ERCO,WND,9542
2021-09-29T18,ERCO,WND,8762
2021-09-29T19,ERCO,WND,8000
2021-09-29T20,ERCO,WND,8192
2021-09-29T21,ERCO,WND,8162
2021-09-29T22,ERCO,WND,7836
2021-09-29T23,ERCO,WND,7752
2021-09-30T00,ERCO,WND,7328
2021-09-30T01,ERCO,WND,8646
2021-09-30T02,ERCO,WND,11272
2021-09-30T03,ERCO,WND,13244
2021-09-30T04,ERCO,WND,14788
2021-09-30T05,ERCO,WND,15814
2021-09-30T06,ERCO,WND,16470
2021-09-30T07,ERCO,WND,15664
2021-09-30T08,ERCO,WND,15211
2021-09-30T09,ERCO,WND,14180
2021-09-30T10,ERCO,WND,12780
2021-09-30T11,ERCO,WND,11945
2021-09-30T12,ERCO,WND,11202
2021-09-30T13,ERCO,WND,10451
2021-09-30T14,ERCO,WND,9524
2021-09-30T15,ERCO,WND,7575
2021-09-30T16,ERCO,WND,7299
2021-09-30T17,ERCO,WND,7367
2021-09-30T18,ERCO,WND,7245
2021-09-30T19,ERCO,WND,8496
2021-09-30T20,ERCO,WND,10613
2021-09-30T21,ERCO,WND,12773
2021-09-30T22,ERCO,WND,12011
2021-09-30T23,ERCO,WND,11983
2021-10-01T00,ERCO,WND,13126
2021-10-01T01,ERCO,WND,12528
2021-10-01T02,ERCO,WND,11452
2021-10-01T03,ERCO,WND,10452
2021-10-01T04,ERCO,WND,8667
2021-10-01T05,ERCO,WND,7889
2021-10-01T06,ERCO,WND,7519
2021-10-01T07,ERCO,WND,6091
2021-10-01T08,ERCO,WND,4452
2021-10-01T09,ERCO,WND,3817
2021-10-01T10,ERCO,WND,3501
2021-10-01T11,ERCO,WND,3495
2021-10-01T12,ERCO,WND,2534
2021-10-01T13,ERCO,WND,1986
2021-10-01T14,ERCO,WND,2167
2021-10-01T15,ERCO,WND,1998
2021-10-01T16,ERCO,WND,1996
2021-10-01T17,ERCO,WND,2804
2021-10-01T18,ERCO,WND,2651
2021-10-01T19,ERCO,WND,2624
2021-10-01T20,ERCO,WND,3427
2021-10-01T21,ERCO,WND,4168
2021-10-01T22,ERCO,WND,3998
2021-10-01T23,ERCO,WND,4072
2021-10-02T00,ERCO,WND,4178
2021-10-02T01,ERCO,WND,4701
2021-10-02T02,ERCO,WND,4041
2021-10-02T03,ERCO,WND,3397
2021-10-02T04,ERCO,WND,3517
2021-10-02T05,ERCO,WND,3332
2021-10-02T06,ERCO,WND,2964
2021-10-02T07,ERCO,WND,3194
2021-10-02T08,ERCO,WND,3150
2021-10-02T09,ERCO,WND,2194
2021-10-02T10,ERCO,WND,1772
2021-10-02T11,ERCO,WND,1966
2021-10-02T12,ERCO,WND,1470
2021-10-02T13,ERCO,WND,1478
2021-10-02T14,ERCO,WND,1356
2021-10-02T15,ERCO,WND,858
2021-10-02T16,ERCO,WND,684
2021-10-02T17,ERCO,WND,527
2021-10-02T18,ERCO,WND,480
2021-10-02T19,ERCO,WND,594
2021-10-02T20,ERCO,WND,723
2021-10-02T21,ERCO,WND,968
2021-10-02T22,ERCO,WND,1397
2021-10-02T23,ERCO,WND,2006
2021-10-03T00,ERCO,WND,2098
2021-10-03T01,ERCO,WND,2322
2021-10-03T02,ERCO,WND,2506
2021-10-03T03,ERCO,WND,2219
2021-10-03T04,ERCO,WND,1887
2021-10-03T05,ERCO,WND,1611
2021-10-03T06,ERCO,WND,1378
2021-10-03T07,ERCO,WND,1282
2021-10-03T08,ERCO,WND,1227
2021-10-03T09,ERCO,WND,864
2021-10-03T10,ERCO,WND,605
2021-10-03T11,ERCO,WND,661
2021-10-03T12,ERCO,WND,910
2021-10-03T13,ERCO,WND,1310
2021-10-03T14,ERCO,WND,1580
2021-10-03T15,ERCO,WND,851
2021-10-03T16,ERCO,WND,531
2021-10-03T17,ERCO,WND,744
2021-10-03T18,ERCO,WND,931
2021-10-03T19,ERCO,WND,1393
2021-10-03T20,ERCO,WND,1720
2021-10-03T21,ERCO,WND,1983
2021-10-03T22,ERCO,WND,2530
2021-10-03T23,ERCO,WND,2501
2021-10-04T00,ERCO,WND,2382
2021-10-04T01,ERCO,WND,2118
2021-10-04T02,ERCO,WND,2233
2021-10-04T03,ERCO,WND,2219
2021-10-04T04,ERCO,WND,2407
2021-10-04T05,ERCO,WND,2921
2021-10-04T06,ERCO,WND,3134
2021-10-04T07,ERCO,WND,2985
2021-10-04T08,ERCO,WND,3036
2021-10-04T09,ERCO,WND,2912
2021-10-04T10,ERCO,WND,2925
2021-10-04T11,ERCO,WND,2749
2021-10-04T12,ERCO,WND,2331
2021-10-04T13,ERCO,WND,2090
2021-10-04T14,ERCO,WND,1936
2021-10-04T15,ERCO,WND,1209
2021-10-04T16,ERCO,WND,1037
2021-10-04T17,ERCO,WND,1170
2021-10-04T18,ERCO,WND,894
2021-10-04T19,ERCO,WND,911
2021-10-04T20,ERCO,WND,1150
2021-10-04T21,ERCO,WND,1585
2021-10-04T22,ERCO,WND,1449
2021-10-04T23,ERCO,WND,1263
2021-10-05T00,ERCO,WND,1731
2021-10-05T01,ERCO,WND,2275
2021-10-05T02,ERCO,WND,3510
2021-10-05T03,ERCO,WND,5206
2021-10-05T04,ERCO,WND,6901
2021-10-05T05,ERCO,WND,8415
2021-10-05T06,ERCO,WND,8820
2021-10-05T07,ERCO,WND,8460
2021-10-05T08,ERCO,WND,7942
2021-10-05T09,ERCO,WND,7693
2021-10-05T10,ERCO,WND,7694
2021-10-05T11,ERCO,WND,6886
2021-10-05T12,ERCO,WND,5790
2021-10-05T13,ERCO,WND,4533
2021-10-05T14,ERCO,WND,3556
2021-10-05T15,ERCO,WND,1915
2021-10-05T16,ERCO,WND,1584
2021-10-05T17,ERCO,WND,2178
2021-10-05T18,ERCO,WND,2359
2021-10-05T19,ERCO,WND,2098
2021-10-05T20,ERCO,WND,2093
2021-10-05T21,ERCO,WND,2282
2021-10-05T22,ERCO,WND,2409
2021-10-05T23,ERCO,WND,2854
2021-10-06T00,ERCO,WND,4380
2021-10-06T01,ERCO,WND,6714
2021-10-06T02,ERCO,WND,9294
2021-10-06T03,ERCO,WND,10472
2021-10-06T04,ERCO,WND,11072
2021-10-06T05,ERCO,WND,11545
2021-10-06T06,ERCO,WND,11179
2021-10-06T07,ERCO,WND,10611
2021-10-06T08,ERCO,WND,9910
2021-10-06T09,ERCO,WND,8902
2021-10-06T10,ERCO,WND,8297
2021-10-06T11,ERCO,WND,7558
2021-10-06T12,ERCO,WND,6709
2021-10-06T13,ERCO,WND,6005
2021-10-06T14,ERCO,WND,5150
2021-10-06T15,ERCO,WND,3065
2021-10-06T16,ERCO,WND,3613
2021-10-06T17,ERCO,WND,4078
2021-10-06T18,ERCO,WND,2976
2021-10-06T19,ERCO,WND,2001
2021-10-06T20,ERCO,WND,1436
2021-10-06T21,ERCO,WND,1221
2021-10-06T22,ERCO,WND,1421
2021-10-06T23,ERCO,WND,1979
2021-10-07T00,ERCO,WND,3377
2021-10-07T01,ERCO,WND,6448
2021-10-07T02,ERCO,WND,10782
2021-10-07T03,ERCO,WND,13891
2021-10-07T04,ERCO,WND,16095
2021-10-07T05,ERCO,WND,17061
2021-10-07T06,ERCO,WND,16873
2021-10-07T07,ERCO,WND,16381
2021-10-07T08,ERCO,WND,16045
2021-10-07T09,ERCO,WND,15459
2021-10-07T10,ERCO,WND,14534
2021-10-07T11,ERCO,WND,14046
2021-10-07T12,ERCO,WND,13638
2021-10-07T13,ERCO,WND,12979
2021-10-07T14,ERCO,WND,11723
2021-10-07T15,ERCO,WND,7995
2021-10-07T16,ERCO,WND,7065
2021-10-07T17,ERCO,WND,6726
2021-10-07T18,ERCO,WND,6022
2021-10-07T19,ERCO,WND,5993
2021-10-07T20,ERCO,WND,6654
2021-10-07T21,ERCO,WND,7393
2021-10-07T22,ERCO,WND,8437
2021-10-07T23,ERCO,WND,10321
2021-10-08T00,ERCO,WND,11659
2021-10-08T01,ERCO,WND,13608
2021-10-08T02,ERCO,WND,16945
2021-10-08T03,ERCO,WND,18309
2021-10-08T04,ERCO,WND,18700
2021-10-08T05,ERCO,WND,18706
2021-10-08T06,ERCO,WND,18884
2021-10-08T07,ERCO,WND,19077
2021-10-08T08,ERCO,WND,18746
2021-10-08T09,ERCO,WND,18176
2021-10-08T10,ERCO,WND,17768
2021-10-08T11,ERCO,WND,17620
2021-10-08T12,ERCO,WND,17525
2021-10-08T13,ERCO,WND,17059
2021-10-08T14,ERCO,WND,15737
2021-10-08T15,ERCO,WND,13398
2021-10-08T16,ERCO,WND,13523
2021-10-08T17,ERCO,WND,12326
2021-10-08T18,ERCO,WND,11489
2021-10-08T19,ERCO,WND,11722
2021-10-08T20,ERCO,WND,12187
2021-10-08T21,ERCO,WND,12490
2021-10-08T22,ERCO,WND,13384
2021-10-08T23,ERCO,WND,14409
2021-10-09T00,ERCO,WND,14820
2021-10-09T01,ERCO,WND,16391
2021-10-09T02,ERCO,WND,19753
2021-10-09T03,ERCO,WND,20852
2021-10-09T04,ERCO,WND,20813
2021-10-09T05,ERCO,WND,20600
2021-10-09T06,ERCO,WND,20581
2021-10-09T07,ERCO,WND,20212
2021-10-09T08,ERCO,WND,19893
2021-10-09T09,ERCO,WND,19492
2021-10-09T10,ERCO,WND,19186
2021-10-09T11,ERCO,WND,18804
2021-10-09T12,ERCO,WND,18576
2021-10-09T13,ERCO,WND,18552
2021-10-09T14,ERCO,WND,17631
2021-10-09T15,ERCO,WND,15345
2021-10-09T16,ERCO,WND,14763
2021-10-09T17,ERCO,WND,13984
2021-10-09T18,ERCO,WND,13717
2021-10-09T19,ERCO,WND,14467
2021-10-09T20,ERCO,WND,15362
2021-10-09T21,ERCO,WND,16079
2021-10-09T22,ERCO,WND,16921
2021-10-09T23,ERCO,WND,18215
2021-10-10T00,ERCO,WND,19253
2021-10-10T01,ERCO,WND,20046
2021-10-10T02,ERCO,WND,21773
2021-10-10T03,ERCO,WND,22085
2021-10-10T04,ERCO,WND,22109
2021-10-10T05,ERCO,WND,21980
2021-10-10T06,ERCO,WND,21773
2021-10-10T07,ERCO,WND,21650
2021-10-10T08,ERCO,WND,21731
2021-10-10T09,ERCO,WND,21498
2021-10-10T10,ERCO,WND,21268
2021-10-10T11,ERCO,WND,21136
2021-10-10T12,ERCO,WND,21206
2021-10-10T13,ERCO,WND,21386
2021-10-10T14,ERCO,WND,20563
2021-10-10T15,ERCO,WND,19271
2021-10-10T16,ERCO,WND,19640
2021-10-10T17,ERCO,WND,19174
2021-10-10T18,ERCO,WND,18730
2021-10-10T19,ERCO,WND,18601
2021-10-10T20,ERCO,WND,19441
2021-10-10T21,ERCO,WND,20080
2021-10-10T22,ERCO,WND,20578
2021-10-10T23,ERCO,WND,21423
2021-10-11T00,ERCO,WND,22428
2021-10-11T01,ERCO,WND,22838
2021-10-11T02,ERCO,WND,22674
2021-10-11T03,ERCO,WND,22554
2021-10-11T04,ERCO,WND,22208
2021-10-11T05,ERCO,WND,21273
2021-10-11T06,ERCO,WND,19974
2021-10-11T07,ERCO,WND,17952
2021-10-11T08,ERCO,WND,15676
2021-10-11T09,ERCO,WND,12747
2021-10-11T10,ERCO,WND,10946
2021-10-11T11,ERCO,WND,8854
2021-10-11T12,ERCO,WND,6620
2021-10-11T13,ERCO,WND,4962
2021-10-11T14,ERCO,WND,3228
2021-10-11T15,ERCO,WND,1351
2021-10-11T16,ERCO,WND,813
2021-10-11T17,ERCO,WND,1326
2021-10-11T18,ERCO,WND,2080
2021-10-11T19,ERCO,WND,3415
2021-10-11T20,ERCO,WND,5217
2021-10-11T21,ERCO,WND,6945
2021-10-11T22,ERCO,WND,8302
2021-10-11T23,ERCO,WND,9895
2021-10-12T00,ERCO,WND,11498
2021-10-12T01,ERCO,WND,13421
2021-10-12T02,ERCO,WND,17272
2021-10-12T03,ERCO,WND,19461
2021-10-12T04,ERCO,WND,19798
2021-10-12T05,ERCO,WND,19995
2021-10-12T06,ERCO,WND,20401
2021-10-12T07,ERCO,WND,20507
2021-10-12T08,ERCO,WND,20605
2021-10-12T09,ERCO,WND,20560
2021-10-12T10,ERCO,WND,20679
2021-10-12T11,ERCO,WND,20844
2021-10-12T12,ERCO,WND,20880
2021-10-12T13,ERCO,WND,20562
2021-10-12T14,ERCO,WND,19662
2021-10-12T15,ERCO,WND,18952
2021-10-12T16,ERCO,WND,19399
2021-10-12T17,ERCO,WND,19935
2021-10-12T18,ERCO,WND,20194
2021-10-12T19,ERCO,WND,20333
2021-10-12T20,ERCO,WND,20760
2021-10-12T21,ERCO,WND,21628
2021-10-12T22,ERCO,WND,21834
2021-10-12T23,ERCO,WND,22133
2021-10-13T00,ERCO,WND,22682
2021-10-13T01,ERCO,WND,23028
2021-10-13T02,ERCO,WND,23044
2021-10-13T03,ERCO,WND,23338
2021-10-13T04,ERCO,WND,23033
2021-10-13T05,ERCO,WND,22612
2021-10-13T06,ERCO,WND,22432
2021-10-13T07,ERCO,WND,22051
2021-10-13T08,ERCO,WND,21967
2021-10-13T09,ERCO,WND,22050
2021-10-13T10,ERCO,WND,21192
2021-10-13T11,ERCO,WND,20376
2021-10-13T12,ERCO,WND,17303
2021-10-13T13,ERCO,WND,14463
2021-10-13T14,ERCO,WND,12637
2021-10-13T15,ERCO,WND,10966
2021-10-13T16,ERCO,WND,10074
2021-10-13T17,ERCO,WND,10116
2021-10-13T18,ERCO,WND,9947
2021-10-13T19,ERCO,WND,10023
2021-10-13T20,ERCO,WND,10161
2021-10-13T21,ERCO,WND,9603
2021-10-13T22,ERCO,WND,10086
2021-10-13T23,ERCO,WND,10534
2021-10-14T00,ERCO,WND,11652
2021-10-14T01,ERCO,WND,11222
2021-10-14T02,ERCO,WND,10579
2021-10-14T03,ERCO,WND,9840
2021-10-14T04,ERCO,WND,9442
2021-10-14T05,ERCO,WND,9610
2021-10-14T06,ERCO,WND,10151
2021-10-14T07,ERCO,WND,10438
2021-10-14T08,ERCO,WND,9672
2021-10-14T09,ERCO,WND,8215
2021-10-14T10,ERCO,WND,7002
2021-10-14T11,ERCO,WND,5732
2021-10-14T12,ERCO,WND,5049
2021-10-14T13,ERCO,WND,4731
2021-10-14T14,ERCO,WND,4720
2021-10-14T15,ERCO,WND,4244
2021-10-14T16,ERCO,WND,3792
2021-10-14T17,ERCO,WND,3642
2021-10-14T18,ERCO,WND,4807
2021-10-14T19,ERCO,WND,6444
2021-10-14T20,ERCO,WND,7317
2021-10-14T21,ERCO,WND,7879
2021-10-14T22,ERCO,WND,8087
2021-10-14T23,ERCO,WND,8922
2021-10-15T00,ERCO,WND,8664
2021-10-15T01,ERCO,WND,8833
2021-10-15T02,ERCO,WND,10128
2021-10-15T03,ERCO,WND,10115
2021-10-15T04,ERCO,WND,9695
2021-10-15T05,ERCO,WND,9675
2021-10-15T06,ERCO,WND,10078
2021-10-15T07,ERCO,WND,10391
2021-10-15T08,ERCO,WND,10400
2021-10-15T09,ERCO,WND,10078
2021-10-15T10,ERCO,WND,10861
2021-10-15T11,ERCO,WND,11840
2021-10-15T12,ERCO,WND,14060
2021-10-15T13,ERCO,WND,15888
2021-10-15T14,ERCO,WND,15916
2021-10-15T15,ERCO,WND,13980
2021-10-15T16,ERCO,WND,13722
2021-10-15T17,ERCO,WND,13850
2021-10-15T18,ERCO,WND,14594
2021-10-15T19,ERCO,WND,14537
2021-10-15T20,ERCO,WND,14406
2021-10-15T21,ERCO,WND,14373
2021-10-15T22,ERCO,WND,14428
2021-10-15T23,ERCO,WND,14211
2021-10-16T00,ERCO,WND,12844
2021-10-16T01,ERCO,WND,10884
2021-10-16T02,ERCO,WND,11341
2021-10-16T03,ERCO,WND,12145
2021-10-16T04,ERCO,WND,12252
2021-10-16T05,ERCO,WND,11267
2021-10-16T06,ERCO,WND,9937
2021-10-16T07,ERCO,WND,10181
2021-10-16T08,ERCO,WND,9997
2021-10-16T09,ERCO,WND,9322
2021-10-16T10,ERCO,WND,8972
2021-10-16T11,ERCO,WND,8282
2021-10-16T12,ERCO,WND,7620
2021-10-16T13,ERCO,WND,7100
2021-10-16T14,ERCO,WND,6786
2021-10-16T15,ERCO,WND,6071
2021-10-16T16,ERCO,WND,6043
2021-10-16T17,ERCO,WND,6297
2021-10-16T18,ERCO,WND,5826
2021-10-16T19,ERCO,WND,5202
2021-10-16T20,ERCO,WND,4552
2021-10-16T21,ERCO,WND,3902
2021-10-16T22,ERCO,WND,3566
2021-10-16T23,ERCO,WND,3312
2021-10-17T00,ERCO,WND,2763
2021-10-17T01,ERCO,WND,3510
2021-10-17T02,ERCO,WND,4950
2021-10-17T03,ERCO,WND,5922
2021-10-17T04,ERCO,WND,6653
2021-10-17T05,ERCO,WND,7381
2021-10-17T06,ERCO,WND,7837
2021-10-17T07,ERCO,WND,8042
2021-10-17T08,ERCO,WND,8419
2021-10-17T09,ERCO,WND,8608
2021-10-17T10,ERCO,WND,8658
2021-10-17T11,ERCO,WND,8277
2021-10-17T12,ERCO,WND,8022
2021-10-17T13,ERCO,WND,7841
2021-10-17T14,ERCO,WND,7403
2021-10-17T15,ERCO,WND,5179
2021-10-17T16,ERCO,WND,4578
2021-10-17T17,ERCO,WND,5066
2021-10-17T18,ERCO,WND,4872
2021-10-17T19,ERCO,WND,5265
2021-10-17T20,ERCO,WND,5235
2021-10-17T21,ERCO,WND,5187
2021-10-17T22,ERCO,WND,5414
2021-10-17T23,ERCO,WND,5939
2021-10-18T00,ERCO,WND,6387
2021-10-18T01,ERCO,WND,8631
2021-10-18T02,ERCO,WND,12401
2021-10-18T03,ERCO,WND,15064
2021-10-18T04,ERCO,WND,16544
2021-10-18T05,ERCO,WND,17355
2021-10-18T06,ERCO,WND,17403
2021-10-18T07,ERCO,WND,17136
2021-10-18T08,ERCO,WND,16924
2021-10-18T09,ERCO,WND,16536
2021-10-18T10,ERCO,WND,15921
2021-10-18T11,ERCO,WND,14542
2021-10-18T12,ERCO,WND,14369
2021-10-18T13,ERCO,WND,14218
2021-10-18T14,ERCO,WND,14275
2021-10-18T15,ERCO,WND,11933
2021-10-18T16,ERCO,WND,12782
2021-10-18T17,ERCO,WND,13232
2021-10-18T18,ERCO,WND,12811
2021-10-18T19,ERCO,WND,13594
2021-10-18T20,ERCO,WND,14939
2021-10-18T21,ERCO,WND,15833
2021-10-18T22,ERCO,WND,16551
2021-10-18T23,ERCO,WND,17003
2021-10-19T00,ERCO,WND,16917
2021-10-19T01,ERCO,WND,18366
2021-10-19T02,ERCO,WND,19990
2021-10-19T03,ERCO,WND,20167
2021-10-19T04,ERCO,WND,20005
2021-10-19T05,ERCO,WND,19816
2021-10-19T06,ERCO,WND,19535
2021-10-19T07,ERCO,WND,19434
2021-10-19T08,ERCO,WND,19038
2021-10-19T09,ERCO,WND,18666
2021-10-19T10,ERCO,WND,18268
2021-10-19T11,ERCO,WND,18009
2021-10-19T12,ERCO,WND,18052
2021-10-19T13,ERCO,WND,18356
2021-10-19T14,ERCO,WND,17202
2021-10-19T15,ERCO,WND,14539
2021-10-19T16,ERCO,WND,14953
2021-10-19T17,ERCO,WND,15159
2021-10-19T18,ERCO,WND,14357
2021-10-19T19,ERCO,WND,14293
2021-10-19T20,ERCO,WND,14942
2021-10-19T21,ERCO,WND,15921
2021-10-19T22,ERCO,WND,17027
2021-10-19T23,ERCO,WND,17935
2021-10-20T00,ERCO,WND,18143
2021-10-20T01,ERCO,WND,18363
2021-10-20T02,ERCO,WND,19926
2021-10-20T03,ERCO,WND,20831
2021-10-20T04,ERCO,WND,20746
2021-10-20T05,ERCO,WND,20216
2021-10-20T06,ERCO,WND,19358
2021-10-20T07,ERCO,WND,18402
2021-10-20T08,ERCO,WND,17843
2021-10-20T09,ERCO,WND,16922
2021-10-20T10,ERCO,WND,15423
2021-10-20T11,ERCO,WND,13899
2021-10-20T12,ERCO,WND,12508
2021-10-20T13,ERCO,WND,11208
2021-10-20T14,ERCO,WND,9859
2021-10-20T15,ERCO,WND,6751
2021-10-20T16,ERCO,WND,4868
2021-10-20T17,ERCO,WND,3713
2021-10-20T18,ERCO,WND,2504
2021-10-20T19,ERCO,WND,1544
2021-10-20T20,ERCO,WND,1202
2021-10-20T21,ERCO,WND,1484
2021-10-20T22,ERCO,WND,2143
2021-10-20T23,ERCO,WND,2529
2021-10-21T00,ERCO,WND,3107
2021-10-21T01,ERCO,WND,4947
2021-10-21T02,ERCO,WND,7330
2021-10-21T03,ERCO,WND,8733
2021-10-21T04,ERCO,WND,9337
2021-10-21T05,ERCO,WND,9258
2021-10-21T06,ERCO,WND,8580
2021-10-21T07,ERCO,WND,8177
2021-10-21T08,ERCO,WND,7705
2021-10-21T09,ERCO,WND,7454
2021-10-21T10,ERCO,WND,7173
2021-10-21T11,ERCO,WND,6384
2021-10-21T12,ERCO,WND,5081
2021-10-21T13,ERCO,WND,3781
2021-10-21T14,ERCO,WND,3581
2021-10-21T15,ERCO,WND,2355
2021-10-21T16,ERCO,WND,1933
2021-10-21T17,ERCO,WND,1734
2021-10-21T18,ERCO,WND,1650
2021-10-21T19,ERCO,WND,1540
2021-10-21T20,ERCO,WND,1876
2021-10-21T21,ERCO,WND,2441
2021-10-21T22,ERCO,WND,2928
2021-10-21T23,ERCO,WND,3489
2021-10-22T00,ERCO,WND,4560
2021-10-22T01,ERCO,WND,6541
2021-10-22T02,ERCO,WND,8850
2021-10-22T03,ERCO,WND,9910
2021-10-22T04,ERCO,WND,10636
2021-10-22T05,ERCO,WND,11373
2021-10-22T06,ERCO,WND,11899
2021-10-22T07,ERCO,WND,11253
2021-10-22T08,ERCO,WND,10526
2021-10-22T09,ERCO,WND,9962
2021-10-22T10,ERCO,WND,9875
2021-10-22T11,ERCO,WND,9027
2021-10-22T12,ERCO,WND,9095
2021-10-22T13,ERCO,WND,8580
2021-10-22T14,ERCO,WND,8092
2021-10-22T15,ERCO,WND,5799
2021-10-22T16,ERCO,WND,6050
2021-10-22T17,ERCO,WND,6543
2021-10-22T18,ERCO,WND,6431
2021-10-22T19,ERCO,WND,6344
2021-10-22T20,ERCO,WND,7210
2021-10-22T21,ERCO,WND,8418
2021-10-22T22,ERCO,WND,9850
2021-10-22T23,ERCO,WND,11503
2021-10-23T00,ERCO,WND,11837
2021-10-23T01,ERCO,WND,13709
2021-10-23T02,ERCO,WND,17093
2021-10-23T03,ERCO,WND,18838
2021-10-23T04,ERCO,WND,19154
2021-10-23T05,ERCO,WND,19285
2021-10-23T06,ERCO,WND,19669
2021-10-23T07,ERCO,WND,19164
2021-10-23T08,ERCO,WND,18092
2021-10-23T09,ERCO,WND,16926
2021-10-23T10,ERCO,WND,15877
2021-10-23T11,ERCO,WND,15828
2021-10-23T12,ERCO,WND,15957
2021-10-23T13,ERCO,WND,16174
2021-10-23T14,ERCO,WND,15313
2021-10-23T15,ERCO,WND,13663
2021-10-23T16,ERCO,WND,14444
2021-10-23T17,ERCO,WND,14717
2021-10-23T18,ERCO,WND,14616
2021-10-23T19,ERCO,WND,15403
2021-10-23T20,ERCO,WND,16614
2021-10-23T21,ERCO,WND,17659
2021-10-23T22,ERCO,WND,18604
2021-10-23T23,ERCO,WND,19732
2021-10-24T00,ERCO,WND,19448
2021-10-24T01,ERCO,WND,20115
2021-10-24T02,ERCO,WND,20879
2021-10-24T03,ERCO,WND,20725
2021-10-24T04,ERCO,WND,20648
2021-10-24T05,ERCO,WND,20251
2021-10-24T06,ERCO,WND,19879
2021-10-24T07,ERCO,WND,19482
2021-10-24T08,ERCO,WND,19110
2021-10-24T09,ERCO,WND,18543
2021-10-24T10,ERCO,WND,18288
2021-10-24T11,ERCO,WND,18125
2021-10-24T12,ERCO,WND,17023
2021-10-24T13,ERCO,WND,15409
2021-10-24T14,ERCO,WND,14452
2021-10-24T15,ERCO,WND,12154
2021-10-24T16,ERCO,WND,11303
2021-10-24T17,ERCO,WND,10232
2021-10-24T18,ERCO,WND,9537
2021-10-24T19,ERCO,WND,7697
2021-10-24T20,ERCO,WND,6706
2021-10-24T21,ERCO,WND,5912
2021-10-24T22,ERCO,WND,5129
2021-10-24T23,ERCO,WND,4481
2021-10-25T00,ERCO,WND,4284
2021-10-25T01,ERCO,WND,5748
2021-10-25T02,ERCO,WND,7513
2021-10-25T03,ERCO,WND,8207
2021-10-25T04,ERCO,WND,8868
2021-10-25T05,ERCO,WND,9971
2021-10-25T06,ERCO,WND,10209
2021-10-25T07,ERCO,WND,10084
2021-10-25T08,ERCO,WND,9488
2021-10-25T09,ERCO,WND,8431
2021-10-25T10,ERCO,WND,7390
2021-10-25T11,ERCO,WND,6902
2021-10-25T12,ERCO,WND,6056
2021-10-25T13,ERCO,WND,5540
2021-10-25T14,ERCO,WND,5470
2021-10-25T15,ERCO,WND,4022
2021-10-25T16,ERCO,WND,3523
2021-10-25T17,ERCO,WND,3890
2021-10-25T18,ERCO,WND,3886
2021-10-25T19,ERCO,WND,4433
2021-10-25T20,ERCO,WND,5489
2021-10-25T21,ERCO,WND,6162
2021-10-25T22,ERCO,WND,6737
2021-10-25T23,ERCO,WND,8027
2021-10-26T00,ERCO,WND,8953
2021-10-26T01,ERCO,WND,12016
2021-10-26T02,ERCO,WND,16777
2021-10-26T03,ERCO,WND,19127
2021-10-26T04,ERCO,WND,20075
2021-10-26T05,ERCO,WND,20066
2021-10-26T06,ERCO,WND,19845
2021-10-26T07,ERCO,WND,19759
2021-10-26T08,ERCO,WND,19907
2021-10-26T09,ERCO,WND,19631
2021-10-26T10,ERCO,WND,19505
2021-10-26T11,ERCO,WND,19608
2021-10-26T12,ERCO,WND,19822
2021-10-26T13,ERCO,WND,20214
2021-10-26T14,ERCO,WND,19653
2021-10-26T15,ERCO,WND,18850
2021-10-26T16,ERCO,WND,19824
2021-10-26T17,ERCO,WND,20185
2021-10-26T18,ERCO,WND,20705
2021-10-26T19,ERCO,WND,21394
2021-10-26T20,ERCO,WND,21956
2021-10-26T21,ERCO,WND,22289
2021-10-26T22,ERCO,WND,22404
2021-10-26T23,ERCO,WND,22644
2021-10-27T00,ERCO,WND,23119
2021-10-27T01,ERCO,WND,23262
2021-10-27T02,ERCO,WND,23268
2021-10-27T03,ERCO,WND,22414
2021-10-27T04,ERCO,WND,21447
2021-10-27T05,ERCO,WND,21043
2021-10-27T06,ERCO,WND,19933
2021-10-27T07,ERCO,WND,20084
2021-10-27T08,ERCO,WND,20551
2021-10-27T09,ERCO,WND,20225
2021-10-27T10,ERCO,WND,20960
2021-10-27T11,ERCO,WND,21240
2021-10-27T12,ERCO,WND,20969
2021-10-27T13,ERCO,WND,20080
2021-10-27T14,ERCO,WND,19680
2021-10-27T15,ERCO,WND,19701
2021-10-27T16,ERCO,WND,19593
2021-10-27T17,ERCO,WND,20471
2021-10-27T18,ERCO,WND,21481
2021-10-27T19,ERCO,WND,21990
2021-10-27T20,ERCO,WND,22045
2021-10-27T21,ERCO,WND,22075
2021-10-27T22,ERCO,WND,22285
2021-10-27T23,ERCO,WND,22500
2021-10-28T00,ERCO,WND,21569
2021-10-28T01,ERCO,WND,17589
2021-10-28T02,ERCO,WND,17185
2021-10-28T03,ERCO,WND,17633
2021-10-28T04,ERCO,WND,17353
2021-10-28T05,ERCO,WND,17236
2021-10-28T06,ERCO,WND,16601
2021-10-28T07,ERCO,WND,16692
2021-10-28T08,ERCO,WND,16731
2021-10-28T09,ERCO,WND,17177
2021-10-28T10,ERCO,WND,17511
2021-10-28T11,ERCO,WND,18444
2021-10-28T12,ERCO,WND,19880
2021-10-28T13,ERCO,WND,20350
2021-10-28T14,ERCO,WND,19416
2021-10-28T15,ERCO,WND,16839
2021-10-28T16,ERCO,WND,16471
2021-10-28T17,ERCO,WND,18539
2021-10-28T18,ERCO,WND,20097
2021-10-28T19,ERCO,WND,20208
2021-10-28T20,ERCO,WND,19972
2021-10-28T21,ERCO,WND,20186
2021-10-28T22,ERCO,WND,20578
2021-10-28T23,ERCO,WND,20468
2021-10-29T00,ERCO,WND,18845
2021-10-29T01,ERCO,WND,16368
2021-10-29T02,ERCO,WND,16793
2021-10-29T03,ERCO,WND,17747
2021-10-29T04,ERCO,WND,18124
2021-10-29T05,ERCO,WND,18658
2021-10-29T06,ERCO,WND,19029
2021-10-29T07,ERCO,WND,18808
2021-10-29T08,ERCO,WND,18909
2021-10-29T09,ERCO,WND,18756
2021-10-29T10,ERCO,WND,18374
2021-10-29T11,ERCO,WND,18245
2021-10-29T12,ERCO,WND,18499
2021-10-29T13,ERCO,WND,18395
2021-10-29T14,ERCO,WND,17061
2021-10-29T15,ERCO,WND,13735
2021-10-29T16,ERCO,WND,14335
2021-10-29T17,ERCO,WND,15319
2021-10-29T18,ERCO,WND,15595
2021-10-29T19,ERCO,WND,16111
2021-10-29T20,ERCO,WND,16413
2021-10-29T21,ERCO,WND,16052
2021-10-29T22,ERCO,WND,14763
2021-10-29T23,ERCO,WND,12164
2021-10-30T00,ERCO,WND,7011
2021-10-30T01,ERCO,WND,4900
2021-10-30T02,ERCO,WND,4423
2021-10-30T03,ERCO,WND,3948
2021-10-30T04,ERCO,WND,3482
2021-10-30T05,ERCO,WND,2797
2021-10-30T06,ERCO,WND,2285
2021-10-30T07,ERCO,WND,2656
2021-10-30T08,ERCO,WND,2943
2021-10-30T09,ERCO,WND,3351
2021-10-30T10,ERCO,WND,4470
2021-10-30T11,ERCO,WND,5392
2021-10-30T12,ERCO,WND,6076
2021-10-30T13,ERCO,WND,6814
2021-10-30T14,ERCO,WND,7385
2021-10-30T15,ERCO,WND,6362
2021-10-30T16,ERCO,WND,4233
2021-10-30T17,ERCO,WND,5118
2021-10-30T18,ERCO,WND,5687
2021-10-30T19,ERCO,WND,5726
2021-10-30T20,ERCO,WND,5313
2021-10-30T21,ERCO,WND,4992
2021-10-30T22,ERCO,WND,4665
2021-10-30T23,ERCO,WND,4818
2021-10-31T00,ERCO,WND,6124
2021-10-31T01,ERCO,WND,10609
2021-10-31T02,ERCO,WND,15543
2021-10-31T03,ERCO,WND,17725
2021-10-31T04,ERCO,WND,18342
2021-10-31T05,ERCO,WND,17985
2021-10-31T06,ERCO,WND,17041
2021-10-31T07,ERCO,WND,15937
2021-10-31T08,ERCO,WND,15027
2021-10-31T09,ERCO,WND,14469
2021-10-31T10,ERCO,WND,13509
2021-10-31T11,ERCO,WND,12718
2021-10-31T12,ERCO,WND,12584
2021-10-31T13,ERCO,WND,13041
2021-10-31T14,ERCO,WND,12944
2021-10-31T15,ERCO,WND,11538
2021-10-31T16,ERCO,WND,11373
2021-10-31T17,ERCO,WND,11433
2021-10-31T18,ERCO,WND,10512
2021-10-31T19,ERCO,WND,10032
2021-10-31T20,ERCO,WND,9533
2021-10-31T21,ERCO,WND,9050
2021-10-31T22,ERCO,WND,8695
2021-10-31T23,ERCO,WND,9038
2021-11-01T00,ERCO,WND,9958
2021-11-01T01,ERCO,WND,11889
2021-11-01T02,ERCO,WND,13726
2021-11-01T03,ERCO,WND,13963
2021-11-01T04,ERCO,WND,13731
2021-11-01T05,ERCO,WND,12929
2021-11-01T06,ERCO,WND,11222
2021-11-01T07,ERCO,WND,10226
2021-11-01T08,ERCO,WND,9477
2021-11-01T09,ERCO,WND,8726
2021-11-01T10,ERCO,WND,7983
2021-11-01T11,ERCO,WND,7372
2021-11-01T12,ERCO,WND,6663
2021-11-01T13,ERCO,WND,5758
2021-11-01T14,ERCO,WND,4637
2021-11-01T15,ERCO,WND,2519
2021-11-01T16,ERCO,WND,2311
2021-11-01T17,ERCO,WND,2360
2021-11-01T18,ERCO,WND,2271
2021-11-01T19,ERCO,WND,2349
2021-11-01T20,ERCO,WND,2695
2021-11-01T21,ERCO,WND,3681
2021-11-01T22,ERCO,WND,4462
2021-11-01T23,ERCO,WND,4872
2021-11-02T00,ERCO,WND,5539
2021-11-02T01,ERCO,WND,7696
2021-11-02T02,ERCO,WND,9645
2021-11-02T03,ERCO,WND,10325
2021-11-02T04,ERCO,WND,10877
2021-11-02T05,ERCO,WND,11078
2021-11-02T06,ERCO,WND,11482
2021-11-02T07,ERCO,WND,12204
2021-11-02T08,ERCO,WND,13203
2021-11-02T09,ERCO,WND,13203
2021-11-02T10,ERCO,WND,12288
2021-11-02T11,ERCO,WND,11318
2021-11-02T12,ERCO,WND,10235
2021-11-02T13,ERCO,WND,9147
2021-11-02T14,ERCO,WND,8166
2021-11-02T15,ERCO,WND,6563
2021-11-02T16,ERCO,WND,6259
2021-11-02T17,ERCO,WND,5809
2021-11-02T18,ERCO,WND,4499
2021-11-02T19,ERCO,WND,3762
2021-11-02T20,ERCO,WND,3559
2021-11-02T21,ERCO,WND,4342
2021-11-02T22,ERCO,WND,5462
2021-11-02T23,ERCO,WND,6316
2021-11-03T00,ERCO,WND,6744
2021-11-03T01,ERCO,WND,6595
2021-11-03T02,ERCO,WND,6985
2021-11-03T03,ERCO,WND,6713
2021-11-03T04,ERCO,WND,6566
2021-11-03T05,ERCO,WND,6331
2021-11-03T06,ERCO,WND,5817
2021-11-03T07,ERCO,WND,5934
2021-11-03T08,ERCO,WND,6474
2021-11-03T09,ERCO,WND,6779
2021-11-03T10,ERCO,WND,7781
2021-11-03T11,ERCO,WND,8702
2021-11-03T12,ERCO,WND,9018
2021-11-03T13,ERCO,WND,9382
2021-11-03T14,ERCO,WND,9192
2021-11-03T15,ERCO,WND,8609
2021-11-03T16,ERCO,WND,8704
2021-11-03T17,ERCO,WND,7463
2021-11-03T18,ERCO,WND,6138
2021-11-03T19,ERCO,WND,5764
2021-11-03T20,ERCO,WND,5763
2021-11-03T21,ERCO,WND,6229
2021-11-03T22,ERCO,WND,6916
2021-11-03T23,ERCO,WND,7173
2021-11-04T00,ERCO,WND,7672
2021-11-04T01,ERCO,WND,7982
2021-11-04T02,ERCO,WND,7604
2021-11-04T03,ERCO,WND,7030
2021-11-04T04,ERCO,WND,6390
2021-11-04T05,ERCO,WND,5914
2021-11-04T06,ERCO,WND,5352
2021-11-04T07,ERCO,WND,5102
2021-11-04T08,ERCO,WND,4922
2021-11-04T09,ERCO,WND,4716
2021-11-04T10,ERCO,WND,4531
2021-11-04T11,ERCO,WND,4375
2021-11-04T12,ERCO,WND,4287
2021-11-04T13,ERCO,WND,4438
2021-11-04T14,ERCO,WND,4344
2021-11-04T15,ERCO,WND,4357
2021-11-04T16,ERCO,WND,3866
2021-11-04T17,ERCO,WND,3596
2021-11-04T18,ERCO,WND,3411
2021-11-04T19,ERCO,WND,3506
2021-11-04T20,ERCO,WND,3869
2021-11-04T21,ERCO,WND,4171
2021-11-04T22,ERCO,WND,3950
2021-11-04T23,ERCO,WND,3450
2021-11-05T00,ERCO,WND,3587
2021-11-05T01,ERCO,WND,4650
2021-11-05T02,ERCO,WND,5785
2021-11-05T03,ERCO,WND,6373
2021-11-05T04,ERCO,WND,6553
2021-11-05T05,ERCO,WND,6773
2021-11-05T06,ERCO,WND,6523
2021-11-05T07,ERCO,WND,6808
2021-11-05T08,ERCO,WND,7425
2021-11-05T09,ERCO,WND,8102
2021-11-05T10,ERCO,WND,7937
2021-11-05T11,ERCO,WND,7818
2021-11-05T12,ERCO,WND,7621
2021-11-05T13,ERCO,WND,8008
2021-11-05T14,ERCO,WND,8086
2021-11-05T15,ERCO,WND,6668
2021-11-05T16,ERCO,WND,6969
2021-11-05T17,ERCO,WND,6791
2021-11-05T18,ERCO,WND,6321
2021-11-05T19,ERCO,WND,5538
2021-11-05T20,ERCO,WND,5203
2021-11-05T21,ERCO,WND,5310
2021-11-05T22,ERCO,WND,5740
2021-11-05T23,ERCO,WND,5569
2021-11-06T00,ERCO,WND,6376
2021-11-06T01,ERCO,WND,9192
2021-11-06T02,ERCO,WND,11753
2021-11-06T03,ERCO,WND,12630
2021-11-06T04,ERCO,WND,13124
2021-11-06T05,ERCO,WND,13581
2021-11-06T06,ERCO,WND,14254
2021-11-06T07,ERCO,WND,14760
2021-11-06T08,ERCO,WND,14290
2021-11-06T09,ERCO,WND,13656
2021-11-06T10,ERCO,WND,12276
2021-11-06T11,ERCO,WND,10168
2021-11-06T12,ERCO,WND,9110
2021-11-06T13,ERCO,WND,8912
2021-11-06T14,ERCO,WND,8672
2021-11-06T15,ERCO,WND,6128
2021-11-06T16,ERCO,WND,3303
2021-11-06T17,ERCO,WND,2934
2021-11-06T18,ERCO,WND,3293
2021-11-06T19,ERCO,WND,3941
2021-11-06T20,ERCO,WND,4485
2021-11-06T21,ERCO,WND,4925
2021-11-06T22,ERCO,WND,5778
2021-11-06T23,ERCO,WND,6765
2021-11-07T00,ERCO,WND,8146
2021-11-07T01,ERCO,WND,12118
2021-11-07T02,ERCO,WND,15773
2021-11-07T03,ERCO,WND,17605
2021-11-07T04,ERCO,WND,18129
2021-11-07T05,ERCO,WND,18257
2021-11-07T06,ERCO,WND,17962
2021-11-07T07,ERCO,WND,17406
2021-11-07T08,ERCO,WND,17152
2021-11-07T09,ERCO,WND,16678
2021-11-07T10,ERCO,WND,16633
2021-11-07T11,ERCO,WND,16208
2021-11-07T12,ERCO,WND,15266
2021-11-07T13,ERCO,WND,16229
2021-11-07T14,ERCO,WND,16591
2021-11-07T15,ERCO,WND,13949
2021-11-07T16,ERCO,WND,12714
2021-11-07T17,ERCO,WND,11380
2021-11-07T18,ERCO,WND,9992
2021-11-07T19,ERCO,WND,10547
2021-11-07T20,ERCO,WND,11215
2021-11-07T21,ERCO,WND,11735
2021-11-07T22,ERCO,WND,12292
2021-11-07T23,ERCO,WND,12790
2021-11-08T00,ERCO,WND,13376
2021-11-08T01,ERCO,WND,16966
2021-11-08T02,ERCO,WND,19311
2021-11-08T03,ERCO,WND,19499
2021-11-08T04,ERCO,WND,19170
2021-11-08T05,ERCO,WND,18842
2021-11-08T06,ERCO,WND,18587
2021-11-08T07,ERCO,WND,18190
2021-11-08T08,ERCO,WND,18154
2021-11-08T09,ERCO,WND,18169
2021-11-08T10,ERCO,WND,18317
2021-11-08T11,ERCO,WND,18518
2021-11-08T12,ERCO,WND,18733
2021-11-08T13,ERCO,WND,18780
2021-11-08T14,ERCO,WND,18111
2021-11-08T15,ERCO,WND,15121
2021-11-08T16,ERCO,WND,13923
2021-11-08T17,ERCO,WND,13950
2021-11-08T18,ERCO,WND,12302
2021-11-08T19,ERCO,WND,11411
2021-11-08T20,ERCO,WND,11306
2021-11-08T21,ERCO,WND,11568
2021-11-08T22,ERCO,WND,12690
2021-11-08T23,ERCO,WND,13838
2021-11-09T00,ERCO,WND,14615
2021-11-09T01,ERCO,WND,17872
2021-11-09T02,ERCO,WND,19819
2021-11-09T03,ERCO,WND,20472
2021-11-09T04,ERCO,WND,20680
2021-11-09T05,ERCO,WND,20672
2021-11-09T06,ERCO,WND,19945
2021-11-09T07,ERCO,WND,19120
2021-11-09T08,ERCO,WND,18211
2021-11-09T09,ERCO,WND,17420
2021-11-09T10,ERCO,WND,16373
2021-11-09T11,ERCO,WND,15345
2021-11-09T12,ERCO,WND,14014
2021-11-09T13,ERCO,WND,12750
2021-11-09T14,ERCO,WND,11107
2021-11-09T15,ERCO,WND,8428
2021-11-09T16,ERCO,WND,6620
2021-11-09T17,ERCO,WND,5805
2021-11-09T18,ERCO,WND,4108
2021-11-09T19,ERCO,WND,3093
2021-11-09T20,ERCO,WND,2887
2021-11-09T21,ERCO,WND,3052
2021-11-09T22,ERCO,WND,3442
2021-11-09T23,ERCO,WND,3958
2021-11-10T00,ERCO,WND,4886
2021-11-10T01,ERCO,WND,7673
2021-11-10T02,ERCO,WND,11686
2021-11-10T03,ERCO,WND,14795
2021-11-10T04,ERCO,WND,16776
2021-11-10T05,ERCO,WND,17940
2021-11-10T06,ERCO,WND,18422
2021-11-10T07,ERCO,WND,18466
2021-11-10T08,ERCO,WND,18295
2021-11-10T09,ERCO,WND,18196
2021-11-10T10,ERCO,WND,17824
2021-11-10T11,ERCO,WND,18085
2021-11-10T12,ERCO,WND,18622
2021-11-10T13,ERCO,WND,18596
2021-11-10T14,ERCO,WND,18667
2021-11-10T15,ERCO,WND,17496
2021-11-10T16,ERCO,WND,17561
2021-11-10T17,ERCO,WND,18999
2021-11-10T18,ERCO,WND,18768
2021-11-10T19,ERCO,WND,17704
2021-11-10T20,ERCO,WND,16755
2021-11-10T21,ERCO,WND,15925
2021-11-10T22,ERCO,WND,15720
2021-11-10T23,ERCO,WND,15421
2021-11-11T00,ERCO,WND,15093
2021-11-11T01,ERCO,WND,15561
2021-11-11T02,ERCO,WND,16506
2021-11-11T03,ERCO,WND,16314
2021-11-11T04,ERCO,WND,14662
2021-11-11T05,ERCO,WND,13438
2021-11-11T06,ERCO,WND,13639
2021-11-11T07,ERCO,WND,13868
2021-11-11T08,ERCO,WND,13879
2021-11-11T09,ERCO,WND,13578
2021-11-11T10,ERCO,WND,12390
2021-11-11T11,ERCO,WND,10557
2021-11-11T12,ERCO,WND,8405
2021-11-11T13,ERCO,WND,6248
2021-11-11T14,ERCO,WND,4433
2021-11-11T15,ERCO,WND,3012
2021-11-11T16,ERCO,WND,3108
2021-11-11T17,ERCO,WND,2801
2021-11-11T18,ERCO,WND,2336
2021-11-11T19,ERCO,WND,2438
2021-11-11T20,ERCO,WND,2103
2021-11-11T21,ERCO,WND,1705
2021-11-11T22,ERCO,WND,1788
2021-11-11T23,ERCO,WND,2039
2021-11-12T00,ERCO,WND,2585
2021-11-12T01,ERCO,WND,4447
2021-11-12T02,ERCO,WND,6640
2021-11-12T03,ERCO,WND,8631
2021-11-12T04,ERCO,WND,10479
2021-11-12T05,ERCO,WND,12975
2021-11-12T06,ERCO,WND,15532
2021-11-12T07,ERCO,WND,17499
2021-11-12T08,ERCO,WND,17912
2021-11-12T09,ERCO,WND,17840
2021-11-12T10,ERCO,WND,17795
2021-11-12T11,ERCO,WND,17845
2021-11-12T12,ERCO,WND,17325
2021-11-12T13,ERCO,WND,15639
2021-11-12T14,ERCO,WND,13752
2021-11-12T15,ERCO,WND,11116
2021-11-12T16,ERCO,WND,10093
2021-11-12T17,ERCO,WND,11194
2021-11-12T18,ERCO,WND,13430
2021-11-12T19,ERCO,WND,14643
2021-11-12T20,ERCO,WND,13390
2021-11-12T21,ERCO,WND,10935
2021-11-12T22,ERCO,WND,8905
2021-11-12T23,ERCO,WND,6764
2021-11-13T00,ERCO,WND,4766
2021-11-13T01,ERCO,WND,4607
2021-11-13T02,ERCO,WND,4753
2021-11-13T03,ERCO,WND,4681
2021-11-13T04,ERCO,WND,4538
2021-11-13T05,ERCO,WND,4144
2021-11-13T06,ERCO,WND,4070
2021-11-13T07,ERCO,WND,4502
2021-11-13T08,ERCO,WND,5451
2021-11-13T09,ERCO,WND,6032
2021-11-13T10,ERCO,WND,6373
2021-11-13T11,ERCO,WND,6628
2021-11-13T12,ERCO,WND,7451
2021-11-13T13,ERCO,WND,8463
2021-11-13T14,ERCO,WND,9709
2021-11-13T15,ERCO,WND,10529
2021-11-13T16,ERCO,WND,10278
2021-11-13T17,ERCO,WND,12172
2021-11-13T18,ERCO,WND,12831
2021-11-13T19,ERCO,WND,13276
2021-11-13T20,ERCO,WND,14286
2021-11-13T21,ERCO,WND,14424
2021-11-13T22,ERCO,WND,14467
2021-11-13T23,ERCO,WND,13987
2021-11-14T00,ERCO,WND,12417
2021-11-14T01,ERCO,WND,14760
2021-11-14T02,ERCO,WND,17213
2021-11-14T03,ERCO,WND,18552
2021-11-14T04,ERCO,WND,19003
2021-11-14T05,ERCO,WND,18890
2021-11-14T06,ERCO,WND,18345
2021-11-14T07,ERCO,WND,17745
2021-11-14T08,ERCO,WND,16871
2021-11-14T09,ERCO,WND,15650
2021-11-14T10,ERCO,WND,13692
2021-11-14T11,ERCO,WND,12427
2021-11-14T12,ERCO,WND,11455
2021-11-14T13,ERCO,WND,11454
2021-11-14T14,ERCO,WND,12346
2021-11-14T15,ERCO,WND,12811
2021-11-14T16,ERCO,WND,12749
2021-11-14T17,ERCO,WND,12149
2021-11-14T18,ERCO,WND,8655
2021-11-14T19,ERCO,WND,5112
2021-11-14T20,ERCO,WND,3120
2021-11-14T21,ERCO,WND,2892
2021-11-14T22,ERCO,WND,3335
2021-11-14T23,ERCO,WND,3600
2021-11-15T00,ERCO,WND,3804
2021-11-15T01,ERCO,WND,4511
2021-11-15T02,ERCO,WND,5158
2021-11-15T03,ERCO,WND,5604
2021-11-15T04,ERCO,WND,5781
2021-11-15T05,ERCO,WND,6078
2021-11-15T06,ERCO,WND,6347
2021-11-15T07,ERCO,WND,7087
2021-11-15T08,ERCO,WND,7699
2021-11-15T09,ERCO,WND,8479
2021-11-15T10,ERCO,WND,9270
2021-11-15T11,ERCO,WND,10187
2021-11-15T12,ERCO,WND,10489
2021-11-15T13,ERCO,WND,10940
2021-11-15T14,ERCO,WND,11178
2021-11-15T15,ERCO,WND,9476
2021-11-15T16,ERCO,WND,6707
2021-11-15T17,ERCO,WND,6007
2021-11-15T18,ERCO,WND,5110
2021-11-15T19,ERCO,WND,4957
2021-11-15T20,ERCO,WND,5680
2021-11-15T21,ERCO,WND,6569
2021-11-15T22,ERCO,WND,6903
2021-11-15T23,ERCO,WND,6367
2021-11-16T00,ERCO,WND,6959
2021-11-16T01,ERCO,WND,10538
2021-11-16T02,ERCO,WND,14619
2021-11-16T03,ERCO,WND,18298
2021-11-16T04,ERCO,WND,20589
2021-11-16T05,ERCO,WND,21516
2021-11-16T06,ERCO,WND,20717
2021-11-16T07,ERCO,WND,20816
2021-11-16T08,ERCO,WND,20271
2021-11-16T09,ERCO,WND,20024
2021-11-16T10,ERCO,WND,19942
2021-11-16T11,ERCO,WND,20011
2021-11-16T12,ERCO,WND,20362
2021-11-16T13,ERCO,WND,21299
2021-11-16T14,ERCO,WND,21713
2021-11-16T15,ERCO,WND,19451
2021-11-16T16,ERCO,WND,18088
2021-11-16T17,ERCO,WND,18519
2021-11-16T18,ERCO,WND,19105
2021-11-16T19,ERCO,WND,19876
2021-11-16T20,ERCO,WND,20076
2021-11-16T21,ERCO,WND,19966
2021-11-16T22,ERCO,WND,20391
2021-11-16T23,ERCO,WND,20321
2021-11-17T00,ERCO,WND,20495
2021-11-17T01,ERCO,WND,22702
2021-11-17T02,ERCO,WND,23311
2021-11-17T03,ERCO,WND,23280
2021-11-17T04,ERCO,WND,23229
2021-11-17T05,ERCO,WND,23052
2021-11-17T06,ERCO,WND,22587
2021-11-17T07,ERCO,WND,22253
2021-11-17T08,ERCO,WND,22004
2021-11-17T09,ERCO,WND,21375
2021-11-17T10,ERCO,WND,21241
2021-11-17T11,ERCO,WND,21495
2021-11-17T12,ERCO,WND,21355
2021-11-17T13,ERCO,WND,20916
2021-11-17T14,ERCO,WND,19909
2021-11-17T15,ERCO,WND,17682
2021-11-17T16,ERCO,WND,16497
2021-11-17T17,ERCO,WND,16719
2021-11-17T18,ERCO,WND,17117
2021-11-17T19,ERCO,WND,16775
2021-11-17T20,ERCO,WND,16160
2021-11-17T21,ERCO,WND,16023
2021-11-17T22,ERCO,WND,17121
2021-11-17T23,ERCO,WND,19719
2021-11-18T00,ERCO,WND,21510
2021-11-18T01,ERCO,WND,22322
2021-11-18T02,ERCO,WND,22334
2021-11-18T03,ERCO,WND,22291
2021-11-18T04,ERCO,WND,22203
2021-11-18T05,ERCO,WND,21868
2021-11-18T06,ERCO,WND,21623
2021-11-18T07,ERCO,WND,21010
2021-11-18T08,ERCO,WND,20332
2021-11-18T09,ERCO,WND,19420
2021-11-18T10,ERCO,WND,18062
2021-11-18T11,ERCO,WND,16708
2021-11-18T12,ERCO,WND,15968
2021-11-18T13,ERCO,WND,15343
2021-11-18T14,ERCO,WND,15011
2021-11-18T15,ERCO,WND,12891
2021-11-18T16,ERCO,WND,13617
2021-11-18T17,ERCO,WND,13981
2021-11-18T18,ERCO,WND,11922
2021-11-18T19,ERCO,WND,10399
2021-11-18T20,ERCO,WND,9533
2021-11-18T21,ERCO,WND,9140
2021-11-18T22,ERCO,WND,8715
2021-11-18T23,ERCO,WND,7893
2021-11-19T00,ERCO,WND,6978
2021-11-19T01,ERCO,WND,7988
2021-11-19T02,ERCO,WND,9140
2021-11-19T03,ERCO,WND,8895
2021-11-19T04,ERCO,WND,8396
2021-11-19T05,ERCO,WND,8775
2021-11-19T06,ERCO,WND,9197
2021-11-19T07,ERCO,WND,9873
2021-11-19T08,ERCO,WND,10432
2021-11-19T09,ERCO,WND,11002
2021-11-19T10,ERCO,WND,12623
2021-11-19T11,ERCO,WND,14256
2021-11-19T12,ERCO,WND,15337
2021-11-19T13,ERCO,WND,15901
2021-11-19T14,ERCO,WND,16310
2021-11-19T15,ERCO,WND,14944
2021-11-19T16,ERCO,WND,13995
2021-11-19T17,ERCO,WND,13472
2021-11-19T18,ERCO,WND,12861
2021-11-19T19,ERCO,WND,13028
2021-11-19T20,ERCO,WND,13658
2021-11-19T21,ERCO,WND,14435
2021-11-19T22,ERCO,WND,15445
2021-11-19T23,ERCO,WND,16066
2021-11-20T00,ERCO,WND,16527
2021-11-20T01,ERCO,WND,18337
2021-11-20T02,ERCO,WND,18992
2021-11-20T03,ERCO,WND,18942
2021-11-20T04,ERCO,WND,18862
2021-11-20T05,ERCO,WND,18646
2021-11-20T06,ERCO,WND,18659
2021-11-20T07,ERCO,WND,18897
2021-11-20T08,ERCO,WND,18849
2021-11-20T09,ERCO,WND,18711
2021-11-20T10,ERCO,WND,18584
2021-11-20T11,ERCO,WND,18568
2021-11-20T12,ERCO,WND,18779
2021-11-20T13,ERCO,WND,18861
2021-11-20T14,ERCO,WND,18429
2021-11-20T15,ERCO,WND,16098
2021-11-20T16,ERCO,WND,13390
2021-11-20T17,ERCO,WND,12166
2021-11-20T18,ERCO,WND,10890
2021-11-20T19,ERCO,WND,10626
2021-11-20T20,ERCO,WND,10459
2021-11-20T21,ERCO,WND,10615
2021-11-20T22,ERCO,WND,10975
2021-11-20T23,ERCO,WND,10883
2021-11-21T00,ERCO,WND,11027
2021-11-21T01,ERCO,WND,14524
2021-11-21T02,ERCO,WND,17509
2021-11-21T03,ERCO,WND,19004
2021-11-21T04,ERCO,WND,19650
2021-11-21T05,ERCO,WND,19549
2021-11-21T06,ERCO,WND,19494
2021-11-21T07,ERCO,WND,18658
2021-11-21T08,ERCO,WND,17976
2021-11-21T09,ERCO,WND,17612
2021-11-21T10,ERCO,WND,17103
2021-11-21T11,ERCO,WND,16267
2021-11-21T12,ERCO,WND,15257
2021-11-21T13,ERCO,WND,14555
2021-11-21T14,ERCO,WND,14820
2021-11-21T15,ERCO,WND,14420
2021-11-21T16,ERCO,WND,15781
2021-11-21T17,ERCO,WND,17117
2021-11-21T18,ERCO,WND,17850
2021-11-21T19,ERCO,WND,17914
2021-11-21T20,ERCO,WND,18583
2021-11-21T21,ERCO,WND,19297
2021-11-21T22,ERCO,WND,18840
2021-11-21T23,ERCO,WND,16364
2021-11-22T00,ERCO,WND,12201
2021-11-22T01,ERCO,WND,9557
2021-11-22T02,ERCO,WND,7789
2021-11-22T03,ERCO,WND,7410
2021-11-22T04,ERCO,WND,6601
2021-11-22T05,ERCO,WND,6287
2021-11-22T06,ERCO,WND,7477
2021-11-22T07,ERCO,WND,8171
2021-11-22T08,ERCO,WND,7685
2021-11-22T09,ERCO,WND,8111
2021-11-22T10,ERCO,WND,8090
2021-11-22T11,ERCO,WND,7717
2021-11-22T12,ERCO,WND,7580
2021-11-22T13,ERCO,WND,7930
2021-11-22T14,ERCO,WND,7761
2021-11-22T15,ERCO,WND,7263
2021-11-22T16,ERCO,WND,6177
2021-11-22T17,ERCO,WND,6117
2021-11-22T18,ERCO,WND,5783
2021-11-22T19,ERCO,WND,4966
2021-11-22T20,ERCO,WND,4462
2021-11-22T21,ERCO,WND,4029
2021-11-22T22,ERCO,WND,3273
2021-11-22T23,ERCO,WND,2534
2021-11-23T00,ERCO,WND,2249
2021-11-23T01,ERCO,WND,3257
2021-11-23T02,ERCO,WND,4631
2021-11-23T03,ERCO,WND,6134
2021-11-23T04,ERCO,WND,7831
2021-11-23T05,ERCO,WND,9735
2021-11-23T06,ERCO,WND,11981
2021-11-23T07,ERCO,WND,13756
2021-11-23T08,ERCO,WND,14995
2021-11-23T09,ERCO,WND,15981
2021-11-23T10,ERCO,WND,15984
2021-11-23T11,ERCO,WND,15866
2021-11-23T12,ERCO,WND,16158
2021-11-23T13,ERCO,WND,16029
2021-11-23T14,ERCO,WND,16336
2021-11-23T15,ERCO,WND,15579
2021-11-23T16,ERCO,WND,12704
2021-11-23T17,ERCO,WND,13159
2021-11-23T18,ERCO,WND,14043
2021-11-23T19,ERCO,WND,15163
2021-11-23T20,ERCO,WND,16880
2021-11-23T21,ERCO,WND,17923
2021-11-23T22,ERCO,WND,18951
2021-11-23T23,ERCO,WND,19618
2021-11-24T00,ERCO,WND,20352
2021-11-24T01,ERCO,WND,20907
2021-11-24T02,ERCO,WND,21414
2021-11-24T03,ERCO,WND,21525
2021-11-24T04,ERCO,WND,21670
2021-11-24T05,ERCO,WND,21740
2021-11-24T06,ERCO,WND,21781
2021-11-24T07,ERCO,WND,21396
2021-11-24T08,ERCO,WND,20960
2021-11-24T09,ERCO,WND,20646
2021-11-24T10,ERCO,WND,20543
2021-11-24T11,ERCO,WND,21083
2021-11-24T12,ERCO,WND,22349
2021-11-24T13,ERCO,WND,23024
2021-11-24T14,ERCO,WND,22714
2021-11-24T15,ERCO,WND,21433
2021-11-24T16,ERCO,WND,20868
2021-11-24T17,ERCO,WND,21014
2021-11-24T18,ERCO,WND,20697
2021-11-24T19,ERCO,WND,18417
2021-11-24T20,ERCO,WND,15340
2021-11-24T21,ERCO,WND,13713
2021-11-24T22,ERCO,WND,12795
2021-11-24T23,ERCO,WND,12429
2021-11-25T00,ERCO,WND,12095
2021-11-25T01,ERCO,WND,12680
2021-11-25T02,ERCO,WND,13784
2021-11-25T03,ERCO,WND,15628
2021-11-25T04,ERCO,WND,16860
2021-11-25T05,ERCO,WND,18392
2021-11-25T06,ERCO,WND,20537
2021-11-25T07,ERCO,WND,20828
2021-11-25T08,ERCO,WND,20796
2021-11-25T09,ERCO,WND,20143
2021-11-25T10,ERCO,WND,19822
2021-11-25T11,ERCO,WND,19512
2021-11-25T12,ERCO,WND,19269
2021-11-25T13,ERCO,WND,19461
2021-11-25T14,ERCO,WND,18942
2021-11-25T15,ERCO,WND,18779
2021-11-25T16,ERCO,WND,18361
2021-11-25T17,ERCO,WND,18510
2021-11-25T18,ERCO,WND,17985
2021-11-25T19,ERCO,WND,17005
2021-11-25T20,ERCO,WND,16456
2021-11-25T21,ERCO,WND,14806
2021-11-25T22,ERCO,WND,13576
2021-11-25T23,ERCO,WND,12146
2021-11-26T00,ERCO,WND,9931
2021-11-26T01,ERCO,WND,9569
2021-11-26T02,ERCO,WND,8979
2021-11-26T03,ERCO,WND,8726
2021-11-26T04,ERCO,WND,9143
2021-11-26T05,ERCO,WND,9638
2021-11-26T06,ERCO,WND,9399
2021-11-26T07,ERCO,WND,8925
2021-11-26T08,ERCO,WND,8582
2021-11-26T09,ERCO,WND,8321
2021-11-26T10,ERCO,WND,8777
2021-11-26T11,ERCO,WND,8911
2021-11-26T12,ERCO,WND,9158
2021-11-26T13,ERCO,WND,9573
2021-11-26T14,ERCO,WND,9411
2021-11-26T15,ERCO,WND,9008
2021-11-26T16,ERCO,WND,7658
2021-11-26T17,ERCO,WND,6560
2021-11-26T18,ERCO,WND,6197
2021-11-26T19,ERCO,WND,6705
2021-11-26T20,ERCO,WND,7268
2021-11-26T21,ERCO,WND,7532
2021-11-26T22,ERCO,WND,7459
2021-11-26T23,ERCO,WND,7482
2021-11-27T00,ERCO,WND,8261
2021-11-27T01,ERCO,WND,11339
2021-11-27T02,ERCO,WND,14192
2021-11-27T03,ERCO,WND,16511
2021-11-27T04,ERCO,WND,17390
2021-11-27T05,ERCO,WND,16573
2021-11-27T06,ERCO,WND,15656
2021-11-27T07,ERCO,WND,14409
2021-11-27T08,ERCO,WND,13599
2021-11-27T09,ERCO,WND,12746
2021-11-27T10,ERCO,WND,12297
2021-11-27T11,ERCO,WND,11663
2021-11-27T12,ERCO,WND,10623
2021-11-27T13,ERCO,WND,10156
2021-11-27T14,ERCO,WND,9436
2021-11-27T15,ERCO,WND,8770
2021-11-27T16,ERCO,WND,6711
2021-11-27T17,ERCO,WND,5051
2021-11-27T18,ERCO,WND,4477
2021-11-27T19,ERCO,WND,4438
2021-11-27T20,ERCO,WND,4512
2021-11-27T21,ERCO,WND,4720
2021-11-27T22,ERCO,WND,5054
2021-11-27T23,ERCO,WND,4962
2021-11-28T00,ERCO,WND,4627
2021-11-28T01,ERCO,WND,5019
2021-11-28T02,ERCO,WND,5519
2021-11-28T03,ERCO,WND,5605
2021-11-28T04,ERCO,WND,6340
2021-11-28T05,ERCO,WND,6981
2021-11-28T06,ERCO,WND,7452
2021-11-28T07,ERCO,WND,8529
2021-11-28T08,ERCO,WND,9700
2021-11-28T09,ERCO,WND,10556
2021-11-28T10,ERCO,WND,11410
2021-11-28T11,ERCO,WND,12423
2021-11-28T12,ERCO,WND,12379
2021-11-28T13,ERCO,WND,12063
2021-11-28T14,ERCO,WND,11215
2021-11-28T15,ERCO,WND,8184
2021-11-28T16,ERCO,WND,4838
2021-11-28T17,ERCO,WND,3416
2021-11-28T18,ERCO,WND,3100
2021-11-28T19,ERCO,WND,3316
2021-11-28T20,ERCO,WND,3708
2021-11-28T21,ERCO,WND,3899
2021-11-28T22,ERCO,WND,3815
2021-11-28T23,ERCO,WND,3626
2021-11-29T00,ERCO,WND,3484
2021-11-29T01,ERCO,WND,4253
2021-11-29T02,ERCO,WND,5178
2021-11-29T03,ERCO,WND,5894
2021-11-29T04,ERCO,WND,6872
2021-11-29T05,ERCO,WND,8113
2021-11-29T06,ERCO,WND,10008
2021-11-29T07,ERCO,WND,10877
2021-11-29T08,ERCO,WND,10980
2021-11-29T09,ERCO,WND,11378
2021-11-29T10,ERCO,WND,12121
2021-11-29T11,ERCO,WND,12516
2021-11-29T12,ERCO,WND,12621
2021-11-29T13,ERCO,WND,12782
2021-11-29T14,ERCO,WND,12685
2021-11-29T15,ERCO,WND,11281
2021-11-29T16,ERCO,WND,6770
2021-11-29T17,ERCO,WND,4703
2021-11-29T18,ERCO,WND,4395
2021-11-29T19,ERCO,WND,4288
2021-11-29T20,ERCO,WND,4018
2021-11-29T21,ERCO,WND,3724
2021-11-29T22,ERCO,WND,3601
2021-11-29T23,ERCO,WND,3842
2021-11-30T00,ERCO,WND,5349
2021-11-30T01,ERCO,WND,9127
2021-11-30T02,ERCO,WND,14299
2021-11-30T03,ERCO,WND,17572
2021-11-30T04,ERCO,WND,19632
2021-11-30T05,ERCO,WND,19933
2021-11-30T06,ERCO,WND,19873
2021-11-30T07,ERCO,WND,19829
2021-11-30T08,ERCO,WND,19582
2021-11-30T09,ERCO,WND,19482
2021-11-30T10,ERCO,WND,18237
2021-11-30T11,ERCO,WND,16934
2021-11-30T12,ERCO,WND,15722
2021-11-30T13,ERCO,WND,14430
2021-11-30T14,ERCO,WND,13292
2021-11-30T15,ERCO,WND,11303
2021-11-30T16,ERCO,WND,6793
2021-11-30T17,ERCO,WND,5604
2021-11-30T18,ERCO,WND,6573
2021-11-30T19,ERCO,WND,6870
2021-11-30T20,ERCO,WND,7410
2021-11-30T21,ERCO,WND,8539
2021-11-30T22,ERCO,WND,8166
2021-11-30T23,ERCO,WND,6518
2021-12-01T00,ERCO,WND,5870
2021-12-01T01,ERCO,WND,8555
2021-12-01T02,ERCO,WND,11900
2021-12-01T03,ERCO,WND,14759
2021-12-01T04,ERCO,WND,16687
2021-12-01T05,ERCO,WND,16195
2021-12-01T06,ERCO,WND,14920
2021-12-01T07,ERCO,WND,14406
2021-12-01T08,ERCO,WND,15287
2021-12-01T09,ERCO,WND,15129
2021-12-01T10,ERCO,WND,13209
2021-12-01T11,ERCO,WND,11390
2021-12-01T12,ERCO,WND,10155
2021-12-01T13,ERCO,WND,9223
2021-12-01T14,ERCO,WND,7887
2021-12-01T15,ERCO,WND,5939
2021-12-01T16,ERCO,WND,3371
2021-12-01T17,ERCO,WND,1969
2021-12-01T18,ERCO,WND,1388
2021-12-01T19,ERCO,WND,719
2021-12-01T20,ERCO,WND,360
2021-12-01T21,ERCO,WND,286
2021-12-01T22,ERCO,WND,314
2021-12-01T23,ERCO,WND,577
2021-12-02T00,ERCO,WND,1039
2021-12-02T01,ERCO,WND,2002
2021-12-02T02,ERCO,WND,3087
2021-12-02T03,ERCO,WND,4137
2021-12-02T04,ERCO,WND,5484
2021-12-02T05,ERCO,WND,7173
2021-12-02T06,ERCO,WND,8179
2021-12-02T07,ERCO,WND,9416
2021-12-02T08,ERCO,WND,10159
2021-12-02T09,ERCO,WND,9689
2021-12-02T10,ERCO,WND,8248
2021-12-02T11,ERCO,WND,6232
2021-12-02T12,ERCO,WND,4614
2021-12-02T13,ERCO,WND,3731
2021-12-02T14,ERCO,WND,3328
2021-12-02T15,ERCO,WND,2851
2021-12-02T16,ERCO,WND,1716
2021-12-02T17,ERCO,WND,1033
2021-12-02T18,ERCO,WND,1286
2021-12-02T19,ERCO,WND,2101
2021-12-02T20,ERCO,WND,3252
2021-12-02T21,ERCO,WND,4116
2021-12-02T22,ERCO,WND,5221
2021-12-02T23,ERCO,WND,5772
2021-12-03T00,ERCO,WND,6293
2021-12-03T01,ERCO,WND,9508
2021-12-03T02,ERCO,WND,13796
2021-12-03T03,ERCO,WND,16965
2021-12-03T04,ERCO,WND,19074
2021-12-03T05,ERCO,WND,20691
2021-12-03T06,ERCO,WND,20177
2021-12-03T07,ERCO,WND,19676
2021-12-03T08,ERCO,WND,18835
2021-12-03T09,ERCO,WND,18242
2021-12-03T10,ERCO,WND,17366
2021-12-03T11,ERCO,WND,16247
2021-12-03T12,ERCO,WND,15808
2021-12-03T13,ERCO,WND,14651
2021-12-03T14,ERCO,WND,13582
2021-12-03T15,ERCO,WND,11914
2021-12-03T16,ERCO,WND,8111
2021-12-03T17,ERCO,WND,6490
2021-12-03T18,ERCO,WND,6116
2021-12-03T19,ERCO,WND,5747
2021-12-03T20,ERCO,WND,6649
2021-12-03T21,ERCO,WND,7756
2021-12-03T22,ERCO,WND,8427
2021-12-03T23,ERCO,WND,8746
2021-12-04T00,ERCO,WND,8780
2021-12-04T01,ERCO,WND,11357
2021-12-04T02,ERCO,WND,13310
2021-12-04T03,ERCO,WND,14395
2021-12-04T04,ERCO,WND,14910
2021-12-04T05,ERCO,WND,15357
2021-12-04T06,ERCO,WND,16245
2021-12-04T07,ERCO,WND,16018
2021-12-04T08,ERCO,WND,15023
2021-12-04T09,ERCO,WND,13665
2021-12-04T10,ERCO,WND,12695
2021-12-04T11,ERCO,WND,12339
2021-12-04T12,ERCO,WND,11875
2021-12-04T13,ERCO,WND,11468
2021-12-04T14,ERCO,WND,11255
2021-12-04T15,ERCO,WND,8910
2021-12-04T16,ERCO,WND,6110
2021-12-04T17,ERCO,WND,5365
2021-12-04T18,ERCO,WND,4784
2021-12-04T19,ERCO,WND,4563
2021-12-04T20,ERCO,WND,4043
2021-12-04T21,ERCO,WND,3498
2021-12-04T22,ERCO,WND,3448
2021-12-04T23,ERCO,WND,3316
2021-12-05T00,ERCO,WND,3549
2021-12-05T01,ERCO,WND,3918
2021-12-05T02,ERCO,WND,4307
2021-12-05T03,ERCO,WND,4670
2021-12-05T04,ERCO,WND,5186
2021-12-05T05,ERCO,WND,6244
2021-12-05T06,ERCO,WND,7939
2021-12-05T07,ERCO,WND,10343
2021-12-05T08,ERCO,WND,13272
2021-12-05T09,ERCO,WND,15196
2021-12-05T10,ERCO,WND,16442
2021-12-05T11,ERCO,WND,16790
2021-12-05T12,ERCO,WND,17439
2021-12-05T13,ERCO,WND,18227
2021-12-05T14,ERCO,WND,18585
2021-12-05T15,ERCO,WND,19000
2021-12-05T16,ERCO,WND,18949
2021-12-05T17,ERCO,WND,18738
2021-12-05T18,ERCO,WND,19104
2021-12-05T19,ERCO,WND,19081
2021-12-05T20,ERCO,WND,19171
2021-12-05T21,ERCO,WND,19060
2021-12-05T22,ERCO,WND,18554
2021-12-05T23,ERCO,WND,17985
2021-12-06T00,ERCO,WND,17967
2021-12-06T01,ERCO,WND,19296
2021-12-06T02,ERCO,WND,19923
2021-12-06T03,ERCO,WND,20121
2021-12-06T04,ERCO,WND,20223
2021-12-06T05,ERCO,WND,19930
2021-12-06T06,ERCO,WND,19636
2021-12-06T07,ERCO,WND,18997
2021-12-06T08,ERCO,WND,18849
2021-12-06T09,ERCO,WND,18826
2021-12-06T10,ERCO,WND,18988
2021-12-06T11,ERCO,WND,19147
2021-12-06T12,ERCO,WND,19229
2021-12-06T13,ERCO,WND,19433
2021-12-06T14,ERCO,WND,19444
2021-12-06T15,ERCO,WND,18245
2021-12-06T16,ERCO,WND,17717
2021-12-06T17,ERCO,WND,16663
2021-12-06T18,ERCO,WND,14108
2021-12-06T19,ERCO,WND,11900
2021-12-06T20,ERCO,WND,9955
2021-12-06T21,ERCO,WND,9768
2021-12-06T22,ERCO,WND,8846
2021-12-06T23,ERCO,WND,8335
2021-12-07T00,ERCO,WND,7717
2021-12-07T01,ERCO,WND,9131
2021-12-07T02,ERCO,WND,9879
2021-12-07T03,ERCO,WND,9948
2021-12-07T04,ERCO,WND,9480
2021-12-07T05,ERCO,WND,9557
2021-12-07T06,ERCO,WND,9585
2021-12-07T07,ERCO,WND,9802
2021-12-07T08,ERCO,WND,10793
2021-12-07T09,ERCO,WND,12722
2021-12-07T10,ERCO,WND,13741
2021-12-07T11,ERCO,WND,13874
2021-12-07T12,ERCO,WND,14128
2021-12-07T13,ERCO,WND,13134
2021-12-07T14,ERCO,WND,12839
2021-12-07T15,ERCO,WND,11991
2021-12-07T16,ERCO,WND,10578
2021-12-07T17,ERCO,WND,9900
2021-12-07T18,ERCO,WND,8339
2021-12-07T19,ERCO,WND,7169
2021-12-07T20,ERCO,WND,5902
2021-12-07T21,ERCO,WND,4702
2021-12-07T22,ERCO,WND,3491
2021-12-07T23,ERCO,WND,2625
2021-12-08T00,ERCO,WND,3247
2021-12-08T01,ERCO,WND,4683
2021-12-08T02,ERCO,WND,5172
2021-12-08T03,ERCO,WND,6115
2021-12-08T04,ERCO,WND,6111
2021-12-08T05,ERCO,WND,5339
2021-12-08T06,ERCO,WND,4474
2021-12-08T07,ERCO,WND,3884
2021-12-08T08,ERCO,WND,3724
2021-12-08T09,ERCO,WND,3692
2021-12-08T10,ERCO,WND,3461
2021-12-08T11,ERCO,WND,3242
2021-12-08T12,ERCO,WND,3264
2021-12-08T13,ERCO,WND,2750
2021-12-08T14,ERCO,WND,2232
2021-12-08T15,ERCO,WND,2260
2021-12-08T16,ERCO,WND,1559
2021-12-08T17,ERCO,WND,1345
2021-12-08T18,ERCO,WND,2028
2021-12-08T19,ERCO,WND,3675
2021-12-08T20,ERCO,WND,6469
2021-12-08T21,ERCO,WND,8713
2021-12-08T22,ERCO,WND,10299
2021-12-08T23,ERCO,WND,11214
2021-12-09T00,ERCO,WND,11424
2021-12-09T01,ERCO,WND,14762
2021-12-09T02,ERCO,WND,18327
2021-12-09T03,ERCO,WND,20131
2021-12-09T04,ERCO,WND,20136
2021-12-09T05,ERCO,WND,19888
2021-12-09T06,ERCO,WND,19627
2021-12-09T07,ERCO,WND,19521
2021-12-09T08,ERCO,WND,19495
2021-12-09T09,ERCO,WND,18803
2021-12-09T10,ERCO,WND,18677
2021-12-09T11,ERCO,WND,18645
2021-12-09T12,ERCO,WND,17929
2021-12-09T13,ERCO,WND,16891
2021-12-09T14,ERCO,WND,15509
2021-12-09T15,ERCO,WND,14400
2021-12-09T16,ERCO,WND,13302
2021-12-09T17,ERCO,WND,12656
2021-12-09T18,ERCO,WND,13280
2021-12-09T19,ERCO,WND,14182
2021-12-09T20,ERCO,WND,14964
2021-12-09T21,ERCO,WND,14920
2021-12-09T22,ERCO,WND,14066
2021-12-09T23,ERCO,WND,13009
2021-12-10T00,ERCO,WND,12657
2021-12-10T01,ERCO,WND,15305
2021-12-10T02,ERCO,WND,18859
2021-12-10T03,ERCO,WND,21144
2021-12-10T04,ERCO,WND,21638
2021-12-10T05,ERCO,WND,22097
2021-12-10T06,ERCO,WND,21599
2021-12-10T07,ERCO,WND,21013
2021-12-10T08,ERCO,WND,20401
2021-12-10T09,ERCO,WND,20002
2021-12-10T10,ERCO,WND,19633
2021-12-10T11,ERCO,WND,19415
2021-12-10T12,ERCO,WND,19747
2021-12-10T13,ERCO,WND,20154
2021-12-10T14,ERCO,WND,19153
2021-12-10T15,ERCO,WND,19263
2021-12-10T16,ERCO,WND,18846
2021-12-10T17,ERCO,WND,19357
2021-12-10T18,ERCO,WND,19963
2021-12-10T19,ERCO,WND,20449
2021-12-10T20,ERCO,WND,20073
2021-12-10T21,ERCO,WND,19930
2021-12-10T22,ERCO,WND,19372
2021-12-10T23,ERCO,WND,19241
2021-12-11T00,ERCO,WND,20364
2021-12-11T01,ERCO,WND,20921
2021-12-11T02,ERCO,WND,20615
2021-12-11T03,ERCO,WND,20937
2021-12-11T04,ERCO,WND,20533
2021-12-11T05,ERCO,WND,20110
2021-12-11T06,ERCO,WND,19655
2021-12-11T07,ERCO,WND,18826
2021-12-11T08,ERCO,WND,18575
2021-12-11T09,ERCO,WND,18288
2021-12-11T10,ERCO,WND,17674
2021-12-11T11,ERCO,WND,16887
2021-12-11T12,ERCO,WND,15532
2021-12-11T13,ERCO,WND,15270
2021-12-11T14,ERCO,WND,13249
2021-12-11T15,ERCO,WND,11310
2021-12-11T16,ERCO,WND,9582
2021-12-11T17,ERCO,WND,9357
2021-12-11T18,ERCO,WND,8359
2021-12-11T19,ERCO,WND,6938
2021-12-11T20,ERCO,WND,6040
2021-12-11T21,ERCO,WND,5982
2021-12-11T22,ERCO,WND,6165
2021-12-11T23,ERCO,WND,6222
2021-12-12T00,ERCO,WND,6338
2021-12-12T01,ERCO,WND,8155
2021-12-12T02,ERCO,WND,9848
2021-12-12T03,ERCO,WND,11640
2021-12-12T04,ERCO,WND,14032
2021-12-12T05,ERCO,WND,16438
2021-12-12T06,ERCO,WND,17834
2021-12-12T07,ERCO,WND,18808
2021-12-12T08,ERCO,WND,19020
2021-12-12T09,ERCO,WND,19021
2021-12-12T10,ERCO,WND,19051
2021-12-12T11,ERCO,WND,19448
2021-12-12T12,ERCO,WND,19995
2021-12-12T13,ERCO,WND,20379
2021-12-12T14,ERCO,WND,20689
2021-12-12T15,ERCO,WND,18721
2021-12-12T16,ERCO,WND,15130
2021-12-12T17,ERCO,WND,13758
2021-12-12T18,ERCO,WND,13012
2021-12-12T19,ERCO,WND,12398
2021-12-12T20,ERCO,WND,11906
2021-12-12T21,ERCO,WND,11614
2021-12-12T22,ERCO,WND,11882
2021-12-12T23,ERCO,WND,12836
2021-12-13T00,ERCO,WND,14273
2021-12-13T01,ERCO,WND,17774
2021-12-13T02,ERCO,WND,19272
2021-12-13T03,ERCO,WND,19390
2021-12-13T04,ERCO,WND,19232
2021-12-13T05,ERCO,WND,18901
2021-12-13T06,ERCO,WND,18375
2021-12-13T07,ERCO,WND,17901
2021-12-13T08,ERCO,WND,17677
2021-12-13T09,ERCO,WND,17517
2021-12-13T10,ERCO,WND,17638
2021-12-13T11,ERCO,WND,17956
2021-12-13T12,ERCO,WND,17540
2021-12-13T13,ERCO,WND,16815
2021-12-13T14,ERCO,WND,16269
2021-12-13T15,ERCO,WND,14492
2021-12-13T16,ERCO,WND,10076
2021-12-13T17,ERCO,WND,8303
2021-12-13T18,ERCO,WND,8078
2021-12-13T19,ERCO,WND,9454
2021-12-13T20,ERCO,WND,10405
2021-12-13T21,ERCO,WND,10735
2021-12-13T22,ERCO,WND,10900
2021-12-13T23,ERCO,WND,11213
2021-12-14T00,ERCO,WND,12277
2021-12-14T01,ERCO,WND,14719
2021-12-14T02,ERCO,WND,16459
2021-12-14T03,ERCO,WND,17331
2021-12-14T04,ERCO,WND,17787
2021-12-14T05,ERCO,WND,17936
2021-12-14T06,ERCO,WND,17237
2021-12-14T07,ERCO,WND,16525
2021-12-14T08,ERCO,WND,15941
2021-12-14T09,ERCO,WND,15526
2021-12-14T10,ERCO,WND,15378
2021-12-14T11,ERCO,WND,15401
2021-12-14T12,ERCO,WND,16060
2021-12-14T13,ERCO,WND,16440
2021-12-14T14,ERCO,WND,16496
2021-12-14T15,ERCO,WND,15576
2021-12-14T16,ERCO,WND,14249
2021-12-14T17,ERCO,WND,14788
2021-12-14T18,ERCO,WND,15075
2021-12-14T19,ERCO,WND,15544
2021-12-14T20,ERCO,WND,16229
2021-12-14T21,ERCO,WND,16896
2021-12-14T22,ERCO,WND,18151
2021-12-14T23,ERCO,WND,18580
2021-12-15T00,ERCO,WND,18577
2021-12-15T01,ERCO,WND,21505
2021-12-15T02,ERCO,WND,22896
2021-12-15T03,ERCO,WND,23040
2021-12-15T04,ERCO,WND,23024
2021-12-15T05,ERCO,WND,22767
2021-12-15T06,ERCO,WND,21998
2021-12-15T07,ERCO,WND,21218
2021-12-15T08,ERCO,WND,20754
2021-12-15T09,ERCO,WND,20622
2021-12-15T10,ERCO,WND,20506
2021-12-15T11,ERCO,WND,20405
2021-12-15T12,ERCO,WND,20822
2021-12-15T13,ERCO,WND,21955
2021-12-15T14,ERCO,WND,22539
2021-12-15T15,ERCO,WND,22513
2021-12-15T16,ERCO,WND,22248
2021-12-15T17,ERCO,WND,22317
2021-12-15T18,ERCO,WND,22145
2021-12-15T19,ERCO,WND,22521
2021-12-15T20,ERCO,WND,23007
2021-12-15T21,ERCO,WND,23029
2021-12-15T22,ERCO,WND,22950
2021-12-15T23,ERCO,WND,22980
2021-12-16T00,ERCO,WND,22840
2021-12-16T01,ERCO,WND,22755
2021-12-16T02,ERCO,WND,22729
2021-12-16T03,ERCO,WND,22025
2021-12-16T04,ERCO,WND,21949
2021-12-16T05,ERCO,WND,21743
2021-12-16T06,ERCO,WND,21047
2021-12-16T07,ERCO,WND,19589
2021-12-16T08,ERCO,WND,17720
2021-12-16T09,ERCO,WND,15306
2021-12-16T10,ERCO,WND,13012
2021-12-16T11,ERCO,WND,11217
2021-12-16T12,ERCO,WND,11616
2021-12-16T13,ERCO,WND,11767
2021-12-16T14,ERCO,WND,11383
2021-12-16T15,ERCO,WND,11395
2021-12-16T16,ERCO,WND,10845
2021-12-16T17,ERCO,WND,9340
2021-12-16T18,ERCO,WND,7800
2021-12-16T19,ERCO,WND,6706
2021-12-16T20,ERCO,WND,5920
2021-12-16T21,ERCO,WND,5398
2021-12-16T22,ERCO,WND,5526
2021-12-16T23,ERCO,WND,5733
2021-12-17T00,ERCO,WND,6037
2021-12-17T01,ERCO,WND,7138
2021-12-17T02,ERCO,WND,8425
2021-12-17T03,ERCO,WND,9772
2021-12-17T04,ERCO,WND,10478
2021-12-17T05,ERCO,WND,10881
2021-12-17T06,ERCO,WND,10970
2021-12-17T07,ERCO,WND,10908
2021-12-17T08,ERCO,WND,11709
2021-12-17T09,ERCO,WND,12057
2021-12-17T10,ERCO,WND,12255
2021-12-17T11,ERCO,WND,12746
2021-12-17T12,ERCO,WND,13266
2021-12-17T13,ERCO,WND,14007
2021-12-17T14,ERCO,WND,14594
2021-12-17T15,ERCO,WND,14381
2021-12-17T16,ERCO,WND,14473
2021-12-17T17,ERCO,WND,15913
2021-12-17T18,ERCO,WND,16407
2021-12-17T19,ERCO,WND,16565
2021-12-17T20,ERCO,WND,16431
2021-12-17T21,ERCO,WND,15191
2021-12-17T22,ERCO,WND,13082
2021-12-17T23,ERCO,WND,11485
2021-12-18T00,ERCO,WND,10610
2021-12-18T01,ERCO,WND,10643
2021-12-18T02,ERCO,WND,11272
2021-12-18T03,ERCO,WND,11559
2021-12-18T04,ERCO,WND,12955
2021-12-18T05,ERCO,WND,14004
2021-12-18T06,ERCO,WND,15069
2021-12-18T07,ERCO,WND,16240
2021-12-18T08,ERCO,WND,16378
2021-12-18T09,ERCO,WND,16394
2021-12-18T10,ERCO,WND,16213
2021-12-18T11,ERCO,WND,16477
2021-12-18T12,ERCO,WND,16926
2021-12-18T13,ERCO,WND,17252
2021-12-18T14,ERCO,WND,17852
2021-12-18T15,ERCO,WND,17435
2021-12-18T16,ERCO,WND,17326
2021-12-18T17,ERCO,WND,19138
2021-12-18T18,ERCO,WND,19398
2021-12-18T19,ERCO,WND,18944
2021-12-18T20,ERCO,WND,18203
2021-12-18T21,ERCO,WND,18359
2021-12-18T22,ERCO,WND,19060
2021-12-18T23,ERCO,WND,19144
2021-12-19T00,ERCO,WND,18243
2021-12-19T01,ERCO,WND,17675
2021-12-19T02,ERCO,WND,17457
2021-12-19T03,ERCO,WND,17115
2021-12-19T04,ERCO,WND,16432
2021-12-19T05,ERCO,WND,15402
2021-12-19T06,ERCO,WND,13361
2021-12-19T07,ERCO,WND,11221
2021-12-19T08,ERCO,WND,10631
2021-12-19T09,ERCO,WND,9756
2021-12-19T10,ERCO,WND,8964
2021-12-19T11,ERCO,WND,8245
2021-12-19T12,ERCO,WND,8240
2021-12-19T13,ERCO,WND,8259
2021-12-19T14,ERCO,WND,8079
2021-12-19T15,ERCO,WND,6972
2021-12-19T16,ERCO,WND,5680
2021-12-19T17,ERCO,WND,5017
2021-12-19T18,ERCO,WND,5306
2021-12-19T19,ERCO,WND,5411
2021-12-19T20,ERCO,WND,6086
2021-12-19T21,ERCO,WND,6632
2021-12-19T22,ERCO,WND,7043
2021-12-19T23,ERCO,WND,7380
2021-12-20T00,ERCO,WND,7649
2021-12-20T01,ERCO,WND,8970
2021-12-20T02,ERCO,WND,10380
2021-12-20T03,ERCO,WND,10689
2021-12-20T04,ERCO,WND,11118
2021-12-20T05,ERCO,WND,11543
2021-12-20T06,ERCO,WND,11770
2021-12-20T07,ERCO,WND,11174
2021-12-20T08,ERCO,WND,10995
2021-12-20T09,ERCO,WND,12111
2021-12-20T10,ERCO,WND,12045
2021-12-20T11,ERCO,WND,11490
2021-12-20T12,ERCO,WND,9962
2021-12-20T13,ERCO,WND,8689
2021-12-20T14,ERCO,WND,7226
2021-12-20T15,ERCO,WND,5500
2021-12-20T16,ERCO,WND,2560
2021-12-20T17,ERCO,WND,1501
2021-12-20T18,ERCO,WND,1283
2021-12-20T19,ERCO,WND,1091
2021-12-20T20,ERCO,WND,985
2021-12-20T21,ERCO,WND,982
2021-12-20T22,ERCO,WND,975
2021-12-20T23,ERCO,WND,905
2021-12-21T00,ERCO,WND,1216
2021-12-21T01,ERCO,WND,2212
2021-12-21T02,ERCO,WND,3361
2021-12-21T03,ERCO,WND,4901
2021-12-21T04,ERCO,WND,5677
2021-12-21T05,ERCO,WND,5936
2021-12-21T06,ERCO,WND,6122
2021-12-21T07,ERCO,WND,5778
2021-12-21T08,ERCO,WND,5504
2021-12-21T09,ERCO,WND,5084
2021-12-21T10,ERCO,WND,4999
2021-12-21T11,ERCO,WND,5217
2021-12-21T12,ERCO,WND,5070
2021-12-21T13,ERCO,WND,4841
2021-12-21T14,ERCO,WND,5094
2021-12-21T15,ERCO,WND,5718
2021-12-21T16,ERCO,WND,5413
2021-12-21T17,ERCO,WND,3459
2021-12-21T18,ERCO,WND,2810
2021-12-21T19,ERCO,WND,3881
2021-12-21T20,ERCO,WND,5655
2021-12-21T21,ERCO,WND,7360
2021-12-21T22,ERCO,WND,8236
2021-12-21T23,ERCO,WND,7546
2021-12-22T00,ERCO,WND,7727
2021-12-22T01,ERCO,WND,9418
2021-12-22T02,ERCO,WND,10823
2021-12-22T03,ERCO,WND,11333
2021-12-22T04,ERCO,WND,10926
2021-12-22T05,ERCO,WND,9852
2021-12-22T06,ERCO,WND,9283
2021-12-22T07,ERCO,WND,8367
2021-12-22T08,ERCO,WND,7608
2021-12-22T09,ERCO,WND,7450
2021-12-22T10,ERCO,WND,6631
2021-12-22T11,ERCO,WND,6250
2021-12-22T12,ERCO,WND,5933
2021-12-22T13,ERCO,WND,5770
2021-12-22T14,ERCO,WND,5949
2021-12-22T15,ERCO,WND,6078
2021-12-22T16,ERCO,WND,3715
2021-12-22T17,ERCO,WND,2948
2021-12-22T18,ERCO,WND,3844
2021-12-22T19,ERCO,WND,3903
2021-12-22T20,ERCO,WND,3727
2021-12-22T21,ERCO,WND,3280
2021-12-22T22,ERCO,WND,3070
2021-12-22T23,ERCO,WND,3402
2021-12-23T00,ERCO,WND,4253
2021-12-23T01,ERCO,WND,6480
2021-12-23T02,ERCO,WND,9307
2021-12-23T03,ERCO,WND,11208
2021-12-23T04,ERCO,WND,13065
2021-12-23T05,ERCO,WND,14889
2021-12-23T06,ERCO,WND,16385
2021-12-23T07,ERCO,WND,17520
2021-12-23T08,ERCO,WND,17407
2021-12-23T09,ERCO,WND,17156
2021-12-23T10,ERCO,WND,17613
2021-12-23T11,ERCO,WND,17853
2021-12-23T12,ERCO,WND,18435
2021-12-23T13,ERCO,WND,19351
2021-12-23T14,ERCO,WND,19660
2021-12-23T15,ERCO,WND,19103
2021-12-23T16,ERCO,WND,15919
2021-12-23T17,ERCO,WND,13217
2021-12-23T18,ERCO,WND,13731
2021-12-23T19,ERCO,WND,14970
2021-12-23T20,ERCO,WND,16437
2021-12-23T21,ERCO,WND,17756
2021-12-23T22,ERCO,WND,18444
2021-12-23T23,ERCO,WND,18447
2021-12-24T00,ERCO,WND,19306
2021-12-24T01,ERCO,WND,22966
2021-12-24T02,ERCO,WND,24354
2021-12-24T03,ERCO,WND,24463
2021-12-24T04,ERCO,WND,24385
2021-12-24T05,ERCO,WND,24377
2021-12-24T06,ERCO,WND,23747
2021-12-24T07,ERCO,WND,22645
2021-12-24T08,ERCO,WND,21630
2021-12-24T09,ERCO,WND,20418
2021-12-24T10,ERCO,WND,19840
2021-12-24T11,ERCO,WND,19716
2021-12-24T12,ERCO,WND,20842
2021-12-24T13,ERCO,WND,21788
2021-12-24T14,ERCO,WND,22593
2021-12-24T15,ERCO,WND,22437
2021-12-24T16,ERCO,WND,21686
2021-12-24T17,ERCO,WND,21735
2021-12-24T18,ERCO,WND,22191
2021-12-24T19,ERCO,WND,22430
2021-12-24T20,ERCO,WND,22328
2021-12-24T21,ERCO,WND,22164
2021-12-24T22,ERCO,WND,22666
2021-12-24T23,ERCO,WND,23170
2021-12-25T00,ERCO,WND,23980
2021-12-25T01,ERCO,WND,24160
2021-12-25T02,ERCO,WND,23839
2021-12-25T03,ERCO,WND,23724
2021-12-25T04,ERCO,WND,23690
2021-12-25T05,ERCO,WND,22459
2021-12-25T06,ERCO,WND,20905
2021-12-25T07,ERCO,WND,19335
2021-12-25T08,ERCO,WND,18304
2021-12-25T09,ERCO,WND,17690
2021-12-25T10,ERCO,WND,16227
2021-12-25T11,ERCO,WND,14382
2021-12-25T12,ERCO,WND,13034
2021-12-25T13,ERCO,WND,12319
2021-12-25T14,ERCO,WND,11674
2021-12-25T15,ERCO,WND,10384
2021-12-25T16,ERCO,WND,8905
2021-12-25T17,ERCO,WND,7898
2021-12-25T18,ERCO,WND,7600
2021-12-25T19,ERCO,WND,8187
2021-12-25T20,ERCO,WND,9290
2021-12-25T21,ERCO,WND,8824
2021-12-25T22,ERCO,WND,8340
2021-12-25T23,ERCO,WND,7217
2021-12-26T00,ERCO,WND,6140
2021-12-26T01,ERCO,WND,6086
2021-12-26T02,ERCO,WND,6321
2021-12-26T03,ERCO,WND,6176
2021-12-26T04,ERCO,WND,7077
2021-12-26T05,ERCO,WND,8530
2021-12-26T06,ERCO,WND,10585
2021-12-26T07,ERCO,WND,12982
2021-12-26T08,ERCO,WND,16078
2021-12-26T09,ERCO,WND,17663
2021-12-26T10,ERCO,WND,17905
2021-12-26T11,ERCO,WND,18213
2021-12-26T12,ERCO,WND,18379
2021-12-26T13,ERCO,WND,19132
2021-12-26T14,ERCO,WND,19933
2021-12-26T15,ERCO,WND,20190
2021-12-26T16,ERCO,WND,18893
2021-12-26T17,ERCO,WND,19688
2021-12-26T18,ERCO,WND,21153
2021-12-26T19,ERCO,WND,21639
2021-12-26T20,ERCO,WND,21840
2021-12-26T21,ERCO,WND,21528
2021-12-26T22,ERCO,WND,21259
2021-12-26T23,ERCO,WND,20305
2021-12-27T00,ERCO,WND,19962
2021-12-27T01,ERCO,WND,20896
2021-12-27T02,ERCO,WND,21618
2021-12-27T03,ERCO,WND,22247
2021-12-27T04,ERCO,WND,21825
2021-12-27T05,ERCO,WND,20807
2021-12-27T06,ERCO,WND,20844
2021-12-27T07,ERCO,WND,20112
2021-12-27T08,ERCO,WND,18744
2021-12-27T09,ERCO,WND,17662
2021-12-27T10,ERCO,WND,16210
2021-12-27T11,ERCO,WND,14116
2021-12-27T12,ERCO,WND,11964
2021-12-27T13,ERCO,WND,9719
2021-12-27T14,ERCO,WND,6911
2021-12-27T15,ERCO,WND,5459
2021-12-27T16,ERCO,WND,5269
2021-12-27T17,ERCO,WND,6508
2021-12-27T18,ERCO,WND,6755
2021-12-27T19,ERCO,WND,6927
2021-12-27T20,ERCO,WND,7136
2021-12-27T21,ERCO,WND,7344
2021-12-27T22,ERCO,WND,7062
2021-12-27T23,ERCO,WND,7374
2021-12-28T00,ERCO,WND,8489
2021-12-28T01,ERCO,WND,10311
2021-12-28T02,ERCO,WND,12170
2021-12-28T03,ERCO,WND,15202
2021-12-28T04,ERCO,WND,17106
2021-12-28T05,ERCO,WND,17426
2021-12-28T06,ERCO,WND,19155
2021-12-28T07,ERCO,WND,19320
2021-12-28T08,ERCO,WND,19302
2021-12-28T09,ERCO,WND,19458
2021-12-28T10,ERCO,WND,19725
2021-12-28T11,ERCO,WND,19112
2021-12-28T12,ERCO,WND,17223
2021-12-28T13,ERCO,WND,15947
2021-12-28T14,ERCO,WND,15878
2021-12-28T15,ERCO,WND,15887
2021-12-28T16,ERCO,WND,15346
2021-12-28T17,ERCO,WND,17645
2021-12-28T18,ERCO,WND,18310
2021-12-28T19,ERCO,WND,17916
2021-12-28T20,ERCO,WND,16364
2021-12-28T21,ERCO,WND,14656
2021-12-28T22,ERCO,WND,13519
2021-12-28T23,ERCO,WND,11079
2021-12-29T00,ERCO,WND,8003
2021-12-29T01,ERCO,WND,6908
2021-12-29T02,ERCO,WND,6604
2021-12-29T03,ERCO,WND,6360
2021-12-29T04,ERCO,WND,7094
2021-12-29T05,ERCO,WND,7376
2021-12-29T06,ERCO,WND,8487
2021-12-29T07,ERCO,WND,9362
2021-12-29T08,ERCO,WND,10624
2021-12-29T09,ERCO,WND,11301
2021-12-29T10,ERCO,WND,10082
2021-12-29T11,ERCO,WND,8313
2021-12-29T12,ERCO,WND,8235
2021-12-29T13,ERCO,WND,8779
2021-12-29T14,ERCO,WND,8604
2021-12-29T15,ERCO,WND,8642
2021-12-29T16,ERCO,WND,8439
2021-12-29T17,ERCO,WND,10734
2021-12-29T18,ERCO,WND,13172
2021-12-29T19,ERCO,WND,14802
2021-12-29T20,ERCO,WND,15608
2021-12-29T21,ERCO,WND,15523
2021-12-29T22,ERCO,WND,14780
2021-12-29T23,ERCO,WND,13033
2021-12-30T00,ERCO,WND,9171
2021-12-30T01,ERCO,WND,7165
2021-12-30T02,ERCO,WND,6674
2021-12-30T03,ERCO,WND,6970
2021-12-30T04,ERCO,WND,7193
2021-12-30T05,ERCO,WND,6886
2021-12-30T06,ERCO,WND,7477
2021-12-30T07,ERCO,WND,7454
2021-12-30T08,ERCO,WND,7141
2021-12-30T09,ERCO,WND,7765
2021-12-30T10,ERCO,WND,9058
2021-12-30T11,ERCO,WND,8750
2021-12-30T12,ERCO,WND,8663
2021-12-30T13,ERCO,WND,8776
2021-12-30T14,ERCO,WND,8655
2021-12-30T15,ERCO,WND,8026
2021-12-30T16,ERCO,WND,5560
2021-12-30T17,ERCO,WND,4569
2021-12-30T18,ERCO,WND,5292
2021-12-30T19,ERCO,WND,6511
2021-12-30T20,ERCO,WND,7522
2021-12-30T21,ERCO,WND,8698
2021-12-30T22,ERCO,WND,9870
2021-12-30T23,ERCO,WND,10165
2021-12-31T00,ERCO,WND,9062
2021-12-31T01,ERCO,WND,9602
2021-12-31T02,ERCO,WND,11404
2021-12-31T03,ERCO,WND,12884
2021-12-31T04,ERCO,WND,14406
2021-12-31T05,ERCO,WND,15156
2021-12-31T06,ERCO,WND,15920
2021-12-31T07,ERCO,WND,17054
2021-12-31T08,ERCO,WND,17365
2021-12-31T09,ERCO,WND,16928
2021-12-31T10,ERCO,WND,15980
2021-12-31T11,ERCO,WND,14768
2021-12-31T12,ERCO,WND,13457
2021-12-31T13,ERCO,WND,12106
2021-12-31T14,ERCO,WND,11144
2021-12-31T15,ERCO,WND,10542
2021-12-31T16,ERCO,WND,11074
2021-12-31T17,ERCO,WND,11805
2021-12-31T18,ERCO,WND,11830
2021-12-31T19,ERCO,WND,12155
2021-12-31T20,ERCO,WND,11476
2021-12-31T21,ERCO,WND,11650
2021-12-31T22,ERCO,WND,12184
2021-12-31T23,ERCO,WND,13728
