period,respondent,fueltype,value
2022-01-01T00,ERCO,SUN,50
2022-01-01T01,ERCO,SUN,0
2022-01-01T02,ERCO,SUN,0
2022-01-01T03,ERCO,SUN,0
2022-01-01T04,ERCO,SUN,0
2022-01-01T05,ERCO,SUN,0
2022-01-01T06,ERCO,SUN,0
2022-01-01T07,ERCO,SUN,0
2022-01-01T08,ERCO,SUN,0
2022-01-01T09,ERCO,SUN,0
2022-01-01T10,ERCO,SUN,0
2022-01-01T11,ERCO,SUN,0
2022-01-01T12,ERCO,SUN,0
2022-01-01T13,ERCO,SUN,0
2022-01-01T14,ERCO,SUN,8
2022-01-01T15,ERCO,SUN,1349
2022-01-01T16,ERCO,SUN,3459
2022-01-01T17,ERCO,SUN,3242
2022-01-01T18,ERCO,SUN,2691
2022-01-01T19,ERCO,SUN,3593
2022-01-01T20,ERCO,SUN,4743
2022-01-01T21,ERCO,SUN,5070
2022-01-01T22,ERCO,SUN,4630
2022-01-01T23,ERCO,SUN,2008
2022-01-02T00,ERCO,SUN,231
2022-01-02T01,ERCO,SUN,0
2022-01-02T02,ERCO,SUN,0
2022-01-02T03,ERCO,SUN,0
2022-01-02T04,ERCO,SUN,0
2022-01-02T05,ERCO,SUN,0
2022-01-02T06,ERCO,SUN,0
2022-01-02T07,ERCO,SUN,0
2022-01-02T08,ERCO,SUN,0
2022-01-02T09,ERCO,SUN,0
2022-01-02T10,ERCO,SUN,0
2022-01-02T11,ERCO,SUN,0
2022-01-02T12,ERCO,SUN,0
2022-01-02T13,ERCO,SUN,0
2022-01-02T14,ERCO,SUN,17
2022-01-02T15,ERCO,SUN,1869
2022-01-02T16,ERCO,SUN,5499
2022-01-02T17,ERCO,SUN,6236
2022-01-02T18,ERCO,SUN,6052
2022-01-02T19,ERCO,SUN,6223
2022-01-02T20,ERCO,SUN,6477
2022-01-02T21,ERCO,SUN,6796
2022-01-02T22,ERCO,SUN,6830
2022-01-02T23,ERCO,SUN,5163
2022-01-03T00,ERCO,SUN,951
2022-01-03T01,ERCO,SUN,0
2022-01-03T02,ERCO,SUN,0
2022-01-03T03,ERCO,SUN,0
2022-01-03T04,ERCO,SUN,0
2022-01-03T05,ERCO,SUN,0
2022-01-03T06,ERCO,SUN,0
2022-01-03T07,ERCO,SUN,0
2022-01-03T08,ERCO,SUN,0
2022-01-03T09,ERCO,SUN,0
2022-01-03T10,ERCO,SUN,0
2022-01-03T11,ERCO,SUN,0
2022-01-03T12,ERCO,SUN,0
2022-01-03T13,ERCO,SUN,0
2022-01-03T14,ERCO,SUN,65
2022-01-03T15,ERCO,SUN,2578
2022-01-03T16,ERCO,SUN,6653
2022-01-03T17,ERCO,SUN,7084
2022-01-03T18,ERCO,SUN,6769
2022-01-03T19,ERCO,SUN,6567
2022-01-03T20,ERCO,SUN,6668
2022-01-03T21,ERCO,SUN,6979
2022-01-03T22,ERCO,SUN,6693
2022-01-03T23,ERCO,SUN,4135
2022-01-04T00,ERCO,SUN,566
2022-01-04T01,ERCO,SUN,0
2022-01-04T02,ERCO,SUN,0
2022-01-04T03,ERCO,SUN,0
2022-01-04T04,ERCO,SUN,0
2022-01-04T05,ERCO,SUN,0
2022-01-04T06,ERCO,SUN,0
2022-01-04T07,ERCO,SUN,0
2022-01-04T08,ERCO,SUN,0
2022-01-04T09,ERCO,SUN,0
2022-01-04T10,ERCO,SUN,0
2022-01-04T11,ERCO,SUN,0
2022-01-04T12,ERCO,SUN,0
2022-01-04T13,ERCO,SUN,0
2022-01-04T14,ERCO,SUN,51
2022-01-04T15,ERCO,SUN,1279
2022-01-04T16,ERCO,SUN,3251
2022-01-04T17,ERCO,SUN,3977
2022-01-04T18,ERCO,SUN,3867
2022-01-04T19,ERCO,SUN,3749
2022-01-04T20,ERCO,SUN,3887
2022-01-04T21,ERCO,SUN,4010
2022-01-04T22,ERCO,SUN,4377
2022-01-04T23,ERCO,SUN,4509
2022-01-05T00,ERCO,SUN,930
2022-01-05T01,ERCO,SUN,0
2022-01-05T02,ERCO,SUN,0
2022-01-05T03,ERCO,SUN,0
2022-01-05T04,ERCO,SUN,0
2022-01-05T05,ERCO,SUN,0
2022-01-05T06,ERCO,SUN,0
2022-01-05T07,ERCO,SUN,0
2022-01-05T08,ERCO,SUN,0
2022-01-05T09,ERCO,SUN,0
2022-01-05T10,ERCO,SUN,0
2022-01-05T11,ERCO,SUN,0
2022-01-05T12,ERCO,SUN,0
2022-01-05T13,ERCO,SUN,0
2022-01-05T14,ERCO,SUN,37
2022-01-05T15,ERCO,SUN,2208
2022-01-05T16,ERCO,SUN,6102
2022-01-05T17,ERCO,SUN,6637
2022-01-05T18,ERCO,SUN,6516
2022-01-05T19,ERCO,SUN,6391
2022-01-05T20,ERCO,SUN,6468
2022-01-05T21,ERCO,SUN,6735
2022-01-05T22,ERCO,SUN,6745
2022-01-05T23,ERCO,SUN,5185
2022-01-06T00,ERCO,SUN,1026
2022-01-06T01,ERCO,SUN,0
2022-01-06T02,ERCO,SUN,0
2022-01-06T03,ERCO,SUN,0
2022-01-06T04,ERCO,SUN,0
2022-01-06T05,ERCO,SUN,0
2022-01-06T06,ERCO,SUN,0
2022-01-06T07,ERCO,SUN,0
2022-01-06T08,ERCO,SUN,0
2022-01-06T09,ERCO,SUN,0
2022-01-06T10,ERCO,SUN,0
2022-01-06T11,ERCO,SUN,0
2022-01-06T12,ERCO,SUN,0
2022-01-06T13,ERCO,SUN,0
2022-01-06T14,ERCO,SUN,35
2022-01-06T15,ERCO,SUN,1338
2022-01-06T16,ERCO,SUN,3072
2022-01-06T17,ERCO,SUN,4279
2022-01-06T18,ERCO,SUN,5601
2022-01-06T19,ERCO,SUN,6436
2022-01-06T20,ERCO,SUN,6665
2022-01-06T21,ERCO,SUN,6979
2022-01-06T22,ERCO,SUN,6889
2022-01-06T23,ERCO,SUN,5132
2022-01-07T00,ERCO,SUN,1083
2022-01-07T01,ERCO,SUN,1
2022-01-07T02,ERCO,SUN,0
2022-01-07T03,ERCO,SUN,0
2022-01-07T04,ERCO,SUN,0
2022-01-07T05,ERCO,SUN,0
2022-01-07T06,ERCO,SUN,0
2022-01-07T07,ERCO,SUN,0
2022-01-07T08,ERCO,SUN,0
2022-01-07T09,ERCO,SUN,0
2022-01-07T10,ERCO,SUN,0
2022-01-07T11,ERCO,SUN,0
2022-01-07T12,ERCO,SUN,0
2022-01-07T13,ERCO,SUN,0
2022-01-07T14,ERCO,SUN,27
2022-01-07T15,ERCO,SUN,1960
2022-01-07T16,ERCO,SUN,5681
2022-01-07T17,ERCO,SUN,6247
2022-01-07T18,ERCO,SUN,6059
2022-01-07T19,ERCO,SUN,5934
2022-01-07T20,ERCO,SUN,5849
2022-01-07T21,ERCO,SUN,5900
2022-01-07T22,ERCO,SUN,5811
2022-01-07T23,ERCO,SUN,4517
2022-01-08T00,ERCO,SUN,1032
2022-01-08T01,ERCO,SUN,1
2022-01-08T02,ERCO,SUN,0
2022-01-08T03,ERCO,SUN,0
2022-01-08T04,ERCO,SUN,0
2022-01-08T05,ERCO,SUN,0
2022-01-08T06,ERCO,SUN,0
2022-01-08T07,ERCO,SUN,0
2022-01-08T08,ERCO,SUN,0
2022-01-08T09,ERCO,SUN,0
2022-01-08T10,ERCO,SUN,0
2022-01-08T11,ERCO,SUN,0
2022-01-08T12,ERCO,SUN,0
2022-01-08T13,ERCO,SUN,0
2022-01-08T14,ERCO,SUN,5
2022-01-08T15,ERCO,SUN,1255
2022-01-08T16,ERCO,SUN,3121
2022-01-08T17,ERCO,SUN,4302
2022-01-08T18,ERCO,SUN,4770
2022-01-08T19,ERCO,SUN,4815
2022-01-08T20,ERCO,SUN,4600
2022-01-08T21,ERCO,SUN,4993
2022-01-08T22,ERCO,SUN,5261
2022-01-08T23,ERCO,SUN,4325
2022-01-09T00,ERCO,SUN,1185
2022-01-09T01,ERCO,SUN,197
2022-01-09T02,ERCO,SUN,56
2022-01-09T03,ERCO,SUN,0
2022-01-09T04,ERCO,SUN,0
2022-01-09T05,ERCO,SUN,0
2022-01-09T06,ERCO,SUN,0
2022-01-09T07,ERCO,SUN,0
2022-01-09T08,ERCO,SUN,0
2022-01-09T09,ERCO,SUN,0
2022-01-09T10,ERCO,SUN,0
2022-01-09T11,ERCO,SUN,0
2022-01-09T12,ERCO,SUN,0
2022-01-09T13,ERCO,SUN,0
2022-01-09T14,ERCO,SUN,13
2022-01-09T15,ERCO,SUN,470
2022-01-09T16,ERCO,SUN,1098
2022-01-09T17,ERCO,SUN,1497
2022-01-09T18,ERCO,SUN,2272
2022-01-09T19,ERCO,SUN,3343
2022-01-09T20,ERCO,SUN,3990
2022-01-09T21,ERCO,SUN,4044
2022-01-09T22,ERCO,SUN,3414
2022-01-09T23,ERCO,SUN,2180
2022-01-10T00,ERCO,SUN,392
2022-01-10T01,ERCO,SUN,0
2022-01-10T02,ERCO,SUN,0
2022-01-10T03,ERCO,SUN,0
2022-01-10T04,ERCO,SUN,0
2022-01-10T05,ERCO,SUN,0
2022-01-10T06,ERCO,SUN,0
2022-01-10T07,ERCO,SUN,0
2022-01-10T08,ERCO,SUN,0
2022-01-10T09,ERCO,SUN,0
2022-01-10T10,ERCO,SUN,0
2022-01-10T11,ERCO,SUN,0
2022-01-10T12,ERCO,SUN,0
2022-01-10T13,ERCO,SUN,0
2022-01-10T14,ERCO,SUN,32
2022-01-10T15,ERCO,SUN,1064
2022-01-10T16,ERCO,SUN,3013
2022-01-10T17,ERCO,SUN,3735
2022-01-10T18,ERCO,SUN,4582
2022-01-10T19,ERCO,SUN,4636
2022-01-10T20,ERCO,SUN,4684
2022-01-10T21,ERCO,SUN,4836
2022-01-10T22,ERCO,SUN,3863
2022-01-10T23,ERCO,SUN,2645
2022-01-11T00,ERCO,SUN,400
2022-01-11T01,ERCO,SUN,0
2022-01-11T02,ERCO,SUN,0
2022-01-11T03,ERCO,SUN,0
2022-01-11T04,ERCO,SUN,0
2022-01-11T05,ERCO,SUN,0
2022-01-11T06,ERCO,SUN,0
2022-01-11T07,ERCO,SUN,0
2022-01-11T08,ERCO,SUN,0
2022-01-11T09,ERCO,SUN,0
2022-01-11T10,ERCO,SUN,0
2022-01-11T11,ERCO,SUN,0
2022-01-11T12,ERCO,SUN,0
2022-01-11T13,ERCO,SUN,0
2022-01-11T14,ERCO,SUN,44
2022-01-11T15,ERCO,SUN,983
2022-01-11T16,ERCO,SUN,3046
2022-01-11T17,ERCO,SUN,3870
2022-01-11T18,ERCO,SUN,4815
2022-01-11T19,ERCO,SUN,4971
2022-01-11T20,ERCO,SUN,4952
2022-01-11T21,ERCO,SUN,5368
2022-01-11T22,ERCO,SUN,5104
2022-01-11T23,ERCO,SUN,3162
2022-01-12T00,ERCO,SUN,664
2022-01-12T01,ERCO,SUN,2
2022-01-12T02,ERCO,SUN,0
2022-01-12T03,ERCO,SUN,0
2022-01-12T04,ERCO,SUN,0
2022-01-12T05,ERCO,SUN,0
2022-01-12T06,ERCO,SUN,0
2022-01-12T07,ERCO,SUN,0
2022-01-12T08,ERCO,SUN,0
2022-01-12T09,ERCO,SUN,0
2022-01-12T10,ERCO,SUN,0
2022-01-12T11,ERCO,SUN,0
2022-01-12T12,ERCO,SUN,0
2022-01-12T13,ERCO,SUN,0
2022-01-12T14,ERCO,SUN,13
2022-01-12T15,ERCO,SUN,1911
2022-01-12T16,ERCO,SUN,5704
2022-01-12T17,ERCO,SUN,6257
2022-01-12T18,ERCO,SUN,6260
2022-01-12T19,ERCO,SUN,6108
2022-01-12T20,ERCO,SUN,6293
2022-01-12T21,ERCO,SUN,6486
2022-01-12T22,ERCO,SUN,6765
2022-01-12T23,ERCO,SUN,5486
2022-01-13T00,ERCO,SUN,1354
2022-01-13T01,ERCO,SUN,0
2022-01-13T02,ERCO,SUN,0
2022-01-13T03,ERCO,SUN,0
2022-01-13T04,ERCO,SUN,0
2022-01-13T05,ERCO,SUN,0
2022-01-13T06,ERCO,SUN,0
2022-01-13T07,ERCO,SUN,0
2022-01-13T08,ERCO,SUN,0
2022-01-13T09,ERCO,SUN,0
2022-01-13T10,ERCO,SUN,0
2022-01-13T11,ERCO,SUN,0
2022-01-13T12,ERCO,SUN,0
2022-01-13T13,ERCO,SUN,0
2022-01-13T14,ERCO,SUN,58
2022-01-13T15,ERCO,SUN,2600
2022-01-13T16,ERCO,SUN,6602
2022-01-13T17,ERCO,SUN,7000
2022-01-13T18,ERCO,SUN,6714
2022-01-13T19,ERCO,SUN,6474
2022-01-13T20,ERCO,SUN,6534
2022-01-13T21,ERCO,SUN,6740
2022-01-13T22,ERCO,SUN,6881
2022-01-13T23,ERCO,SUN,5676
2022-01-14T00,ERCO,SUN,1439
2022-01-14T01,ERCO,SUN,3
2022-01-14T02,ERCO,SUN,0
2022-01-14T03,ERCO,SUN,0
2022-01-14T04,ERCO,SUN,0
2022-01-14T05,ERCO,SUN,0
2022-01-14T06,ERCO,SUN,0
2022-01-14T07,ERCO,SUN,0
2022-01-14T08,ERCO,SUN,0
2022-01-14T09,ERCO,SUN,0
2022-01-14T10,ERCO,SUN,0
2022-01-14T11,ERCO,SUN,0
2022-01-14T12,ERCO,SUN,0
2022-01-14T13,ERCO,SUN,0
2022-01-14T14,ERCO,SUN,48
2022-01-14T15,ERCO,SUN,2014
2022-01-14T16,ERCO,SUN,4807
2022-01-14T17,ERCO,SUN,5812
2022-01-14T18,ERCO,SUN,5488
2022-01-14T19,ERCO,SUN,3936
2022-01-14T20,ERCO,SUN,4283
2022-01-14T21,ERCO,SUN,5214
2022-01-14T22,ERCO,SUN,5017
2022-01-14T23,ERCO,SUN,3846
2022-01-15T00,ERCO,SUN,911
2022-01-15T01,ERCO,SUN,2
2022-01-15T02,ERCO,SUN,0
2022-01-15T03,ERCO,SUN,0
2022-01-15T04,ERCO,SUN,0
2022-01-15T05,ERCO,SUN,0
2022-01-15T06,ERCO,SUN,0
2022-01-15T07,ERCO,SUN,0
2022-01-15T08,ERCO,SUN,0
2022-01-15T09,ERCO,SUN,0
2022-01-15T10,ERCO,SUN,0
2022-01-15T11,ERCO,SUN,0
2022-01-15T12,ERCO,SUN,0
2022-01-15T13,ERCO,SUN,0
2022-01-15T14,ERCO,SUN,14
2022-01-15T15,ERCO,SUN,830
2022-01-15T16,ERCO,SUN,2127
2022-01-15T17,ERCO,SUN,2483
2022-01-15T18,ERCO,SUN,2698
2022-01-15T19,ERCO,SUN,2713
2022-01-15T20,ERCO,SUN,2806
2022-01-15T21,ERCO,SUN,2684
2022-01-15T22,ERCO,SUN,2415
2022-01-15T23,ERCO,SUN,2165
2022-01-16T00,ERCO,SUN,728
2022-01-16T01,ERCO,SUN,2
2022-01-16T02,ERCO,SUN,0
2022-01-16T03,ERCO,SUN,0
2022-01-16T04,ERCO,SUN,0
2022-01-16T05,ERCO,SUN,0
2022-01-16T06,ERCO,SUN,0
2022-01-16T07,ERCO,SUN,0
2022-01-16T08,ERCO,SUN,0
2022-01-16T09,ERCO,SUN,0
2022-01-16T10,ERCO,SUN,0
2022-01-16T11,ERCO,SUN,0
2022-01-16T12,ERCO,SUN,0
2022-01-16T13,ERCO,SUN,0
2022-01-16T14,ERCO,SUN,61
2022-01-16T15,ERCO,SUN,2662
2022-01-16T16,ERCO,SUN,6846
2022-01-16T17,ERCO,SUN,7290
2022-01-16T18,ERCO,SUN,7018
2022-01-16T19,ERCO,SUN,6782
2022-01-16T20,ERCO,SUN,6783
2022-01-16T21,ERCO,SUN,7049
2022-01-16T22,ERCO,SUN,7180
2022-01-16T23,ERCO,SUN,5947
2022-01-17T00,ERCO,SUN,1535
2022-01-17T01,ERCO,SUN,2
2022-01-17T02,ERCO,SUN,0
2022-01-17T03,ERCO,SUN,0
2022-01-17T04,ERCO,SUN,0
2022-01-17T05,ERCO,SUN,0
2022-01-17T06,ERCO,SUN,0
2022-01-17T07,ERCO,SUN,0
2022-01-17T08,ERCO,SUN,0
2022-01-17T09,ERCO,SUN,0
2022-01-17T10,ERCO,SUN,0
2022-01-17T11,ERCO,SUN,0
2022-01-17T12,ERCO,SUN,0
2022-01-17T13,ERCO,SUN,0
2022-01-17T14,ERCO,SUN,71
2022-01-17T15,ERCO,SUN,2641
2022-01-17T16,ERCO,SUN,6571
2022-01-17T17,ERCO,SUN,6982
2022-01-17T18,ERCO,SUN,6703
2022-01-17T19,ERCO,SUN,6469
2022-01-17T20,ERCO,SUN,6388
2022-01-17T21,ERCO,SUN,6404
2022-01-17T22,ERCO,SUN,5547
2022-01-17T23,ERCO,SUN,3903
2022-01-18T00,ERCO,SUN,1302
2022-01-18T01,ERCO,SUN,12
2022-01-18T02,ERCO,SUN,0
2022-01-18T03,ERCO,SUN,0
2022-01-18T04,ERCO,SUN,0
2022-01-18T05,ERCO,SUN,0
2022-01-18T06,ERCO,SUN,0
2022-01-18T07,ERCO,SUN,0
2022-01-18T08,ERCO,SUN,0
2022-01-18T09,ERCO,SUN,0
2022-01-18T10,ERCO,SUN,0
2022-01-18T11,ERCO,SUN,0
2022-01-18T12,ERCO,SUN,0
2022-01-18T13,ERCO,SUN,0
2022-01-18T14,ERCO,SUN,39
2022-01-18T15,ERCO,SUN,1971
2022-01-18T16,ERCO,SUN,4679
2022-01-18T17,ERCO,SUN,5609
2022-01-18T18,ERCO,SUN,5077
2022-01-18T19,ERCO,SUN,3632
2022-01-18T20,ERCO,SUN,3414
2022-01-18T21,ERCO,SUN,3379
2022-01-18T22,ERCO,SUN,3491
2022-01-18T23,ERCO,SUN,3164
2022-01-19T00,ERCO,SUN,962
2022-01-19T01,ERCO,SUN,6
2022-01-19T02,ERCO,SUN,0
2022-01-19T03,ERCO,SUN,0
2022-01-19T04,ERCO,SUN,0
2022-01-19T05,ERCO,SUN,0
2022-01-19T06,ERCO,SUN,0
2022-01-19T07,ERCO,SUN,0
2022-01-19T08,ERCO,SUN,0
2022-01-19T09,ERCO,SUN,0
2022-01-19T10,ERCO,SUN,0
2022-01-19T11,ERCO,SUN,0
2022-01-19T12,ERCO,SUN,0
2022-01-19T13,ERCO,SUN,0
2022-01-19T14,ERCO,SUN,28
2022-01-19T15,ERCO,SUN,1885
2022-01-19T16,ERCO,SUN,5430
2022-01-19T17,ERCO,SUN,4430
2022-01-19T18,ERCO,SUN,3285
2022-01-19T19,ERCO,SUN,3039
2022-01-19T20,ERCO,SUN,2858
2022-01-19T21,ERCO,SUN,2628
2022-01-19T22,ERCO,SUN,1820
2022-01-19T23,ERCO,SUN,927
2022-01-20T00,ERCO,SUN,403
2022-01-20T01,ERCO,SUN,2
2022-01-20T02,ERCO,SUN,0
2022-01-20T03,ERCO,SUN,0
2022-01-20T04,ERCO,SUN,0
2022-01-20T05,ERCO,SUN,0
2022-01-20T06,ERCO,SUN,0
2022-01-20T07,ERCO,SUN,0
2022-01-20T08,ERCO,SUN,0
2022-01-20T09,ERCO,SUN,0
2022-01-20T10,ERCO,SUN,0
2022-01-20T11,ERCO,SUN,0
2022-01-20T12,ERCO,SUN,0
2022-01-20T13,ERCO,SUN,0
2022-01-20T14,ERCO,SUN,8
2022-01-20T15,ERCO,SUN,330
2022-01-20T16,ERCO,SUN,1106
2022-01-20T17,ERCO,SUN,1743
2022-01-20T18,ERCO,SUN,2502
2022-01-20T19,ERCO,SUN,2895
2022-01-20T20,ERCO,SUN,3262
2022-01-20T21,ERCO,SUN,3371
2022-01-20T22,ERCO,SUN,2643
2022-01-20T23,ERCO,SUN,1645
2022-01-21T00,ERCO,SUN,484
2022-01-21T01,ERCO,SUN,5
2022-01-21T02,ERCO,SUN,0
2022-01-21T03,ERCO,SUN,0
2022-01-21T04,ERCO,SUN,0
2022-01-21T05,ERCO,SUN,0
2022-01-21T06,ERCO,SUN,0
2022-01-21T07,ERCO,SUN,0
2022-01-21T08,ERCO,SUN,0
2022-01-21T09,ERCO,SUN,0
2022-01-21T10,ERCO,SUN,0
2022-01-21T11,ERCO,SUN,0
2022-01-21T12,ERCO,SUN,0
2022-01-21T13,ERCO,SUN,0
2022-01-21T14,ERCO,SUN,34
2022-01-21T15,ERCO,SUN,2149
2022-01-21T16,ERCO,SUN,5911
2022-01-21T17,ERCO,SUN,6557
2022-01-21T18,ERCO,SUN,6573
2022-01-21T19,ERCO,SUN,6621
2022-01-21T20,ERCO,SUN,6705
2022-01-21T21,ERCO,SUN,6854
2022-01-21T22,ERCO,SUN,7168
2022-01-21T23,ERCO,SUN,6053
2022-01-22T00,ERCO,SUN,1838
2022-01-22T01,ERCO,SUN,18
2022-01-22T02,ERCO,SUN,0
2022-01-22T03,ERCO,SUN,0
2022-01-22T04,ERCO,SUN,0
2022-01-22T05,ERCO,SUN,0
2022-01-22T06,ERCO,SUN,0
2022-01-22T07,ERCO,SUN,0
2022-01-22T08,ERCO,SUN,0
2022-01-22T09,ERCO,SUN,0
2022-01-22T10,ERCO,SUN,0
2022-01-22T11,ERCO,SUN,0
2022-01-22T12,ERCO,SUN,0
2022-01-22T13,ERCO,SUN,0
2022-01-22T14,ERCO,SUN,67
2022-01-22T15,ERCO,SUN,2250
2022-01-22T16,ERCO,SUN,4777
2022-01-22T17,ERCO,SUN,4359
2022-01-22T18,ERCO,SUN,4107
2022-01-22T19,ERCO,SUN,4136
2022-01-22T20,ERCO,SUN,3967
2022-01-22T21,ERCO,SUN,3912
2022-01-22T22,ERCO,SUN,3305
2022-01-22T23,ERCO,SUN,2377
2022-01-23T00,ERCO,SUN,613
2022-01-23T01,ERCO,SUN,6
2022-01-23T02,ERCO,SUN,0
2022-01-23T03,ERCO,SUN,0
2022-01-23T04,ERCO,SUN,0
2022-01-23T05,ERCO,SUN,0
2022-01-23T06,ERCO,SUN,0
2022-01-23T07,ERCO,SUN,0
2022-01-23T08,ERCO,SUN,0
2022-01-23T09,ERCO,SUN,0
2022-01-23T10,ERCO,SUN,0
2022-01-23T11,ERCO,SUN,0
2022-01-23T12,ERCO,SUN,0
2022-01-23T13,ERCO,SUN,0
2022-01-23T14,ERCO,SUN,39
2022-01-23T15,ERCO,SUN,1140
2022-01-23T16,ERCO,SUN,3059
2022-01-23T17,ERCO,SUN,3913
2022-01-23T18,ERCO,SUN,4453
2022-01-23T19,ERCO,SUN,4736
2022-01-23T20,ERCO,SUN,5040
2022-01-23T21,ERCO,SUN,4848
2022-01-23T22,ERCO,SUN,4818
2022-01-23T23,ERCO,SUN,3731
2022-01-24T00,ERCO,SUN,1032
2022-01-24T01,ERCO,SUN,9
2022-01-24T02,ERCO,SUN,0
2022-01-24T03,ERCO,SUN,0
2022-01-24T04,ERCO,SUN,0
2022-01-24T05,ERCO,SUN,0
2022-01-24T06,ERCO,SUN,0
2022-01-24T07,ERCO,SUN,0
2022-01-24T08,ERCO,SUN,0
2022-01-24T09,ERCO,SUN,0
2022-01-24T10,ERCO,SUN,0
2022-01-24T11,ERCO,SUN,0
2022-01-24T12,ERCO,SUN,0
2022-01-24T13,ERCO,SUN,0
2022-01-24T14,ERCO,SUN,6
2022-01-24T15,ERCO,SUN,1291
2022-01-24T16,ERCO,SUN,4386
2022-01-24T17,ERCO,SUN,5335
2022-01-24T18,ERCO,SUN,5347
2022-01-24T19,ERCO,SUN,5253
2022-01-24T20,ERCO,SUN,5457
2022-01-24T21,ERCO,SUN,5630
2022-01-24T22,ERCO,SUN,5553
2022-01-24T23,ERCO,SUN,5099
2022-01-25T00,ERCO,SUN,1865
2022-01-25T01,ERCO,SUN,23
2022-01-25T02,ERCO,SUN,0
2022-01-25T03,ERCO,SUN,0
2022-01-25T04,ERCO,SUN,0
2022-01-25T05,ERCO,SUN,0
2022-01-25T06,ERCO,SUN,0
2022-01-25T07,ERCO,SUN,0
2022-01-25T08,ERCO,SUN,0
2022-01-25T09,ERCO,SUN,0
2022-01-25T10,ERCO,SUN,0
2022-01-25T11,ERCO,SUN,0
2022-01-25T12,ERCO,SUN,0
2022-01-25T13,ERCO,SUN,0
2022-01-25T14,ERCO,SUN,39
2022-01-25T15,ERCO,SUN,2312
2022-01-25T16,ERCO,SUN,5983
2022-01-25T17,ERCO,SUN,6529
2022-01-25T18,ERCO,SUN,6438
2022-01-25T19,ERCO,SUN,6305
2022-01-25T20,ERCO,SUN,6365
2022-01-25T21,ERCO,SUN,6588
2022-01-25T22,ERCO,SUN,6708
2022-01-25T23,ERCO,SUN,5868
2022-01-26T00,ERCO,SUN,2104
2022-01-26T01,ERCO,SUN,74
2022-01-26T02,ERCO,SUN,47
2022-01-26T03,ERCO,SUN,47
2022-01-26T04,ERCO,SUN,47
2022-01-26T05,ERCO,SUN,47
2022-01-26T06,ERCO,SUN,47
2022-01-26T07,ERCO,SUN,47
2022-01-26T08,ERCO,SUN,47
2022-01-26T09,ERCO,SUN,47
2022-01-26T10,ERCO,SUN,47
2022-01-26T11,ERCO,SUN,47
2022-01-26T12,ERCO,SUN,47
2022-01-26T13,ERCO,SUN,35
2022-01-26T14,ERCO,SUN,41
2022-01-26T15,ERCO,SUN,671
2022-01-26T16,ERCO,SUN,1431
2022-01-26T17,ERCO,SUN,1879
2022-01-26T18,ERCO,SUN,2312
2022-01-26T19,ERCO,SUN,2684
2022-01-26T20,ERCO,SUN,2954
2022-01-26T21,ERCO,SUN,2756
2022-01-26T22,ERCO,SUN,2433
2022-01-26T23,ERCO,SUN,1777
2022-01-27T00,ERCO,SUN,595
2022-01-27T01,ERCO,SUN,60
2022-01-27T02,ERCO,SUN,52
2022-01-27T03,ERCO,SUN,52
2022-01-27T04,ERCO,SUN,52
2022-01-27T05,ERCO,SUN,52
2022-01-27T06,ERCO,SUN,52
2022-01-27T07,ERCO,SUN,52
2022-01-27T08,ERCO,SUN,52
2022-01-27T09,ERCO,SUN,52
2022-01-27T10,ERCO,SUN,52
2022-01-27T11,ERCO,SUN,19
2022-01-27T12,ERCO,SUN,0
2022-01-27T13,ERCO,SUN,0
2022-01-27T14,ERCO,SUN,39
2022-01-27T15,ERCO,SUN,733
2022-01-27T16,ERCO,SUN,1997
2022-01-27T17,ERCO,SUN,2840
2022-01-27T18,ERCO,SUN,3939
2022-01-27T19,ERCO,SUN,4294
2022-01-27T20,ERCO,SUN,4698
2022-01-27T21,ERCO,SUN,4987
2022-01-27T22,ERCO,SUN,5150
2022-01-27T23,ERCO,SUN,4423
2022-01-28T00,ERCO,SUN,1670
2022-01-28T01,ERCO,SUN,31
2022-01-28T02,ERCO,SUN,1
2022-01-28T03,ERCO,SUN,0
2022-01-28T04,ERCO,SUN,0
2022-01-28T05,ERCO,SUN,0
2022-01-28T06,ERCO,SUN,0
2022-01-28T07,ERCO,SUN,0
2022-01-28T08,ERCO,SUN,0
2022-01-28T09,ERCO,SUN,0
2022-01-28T10,ERCO,SUN,0
2022-01-28T11,ERCO,SUN,0
2022-01-28T12,ERCO,SUN,0
2022-01-28T13,ERCO,SUN,0
2022-01-28T14,ERCO,SUN,64
2022-01-28T15,ERCO,SUN,2689
2022-01-28T16,ERCO,SUN,6737
2022-01-28T17,ERCO,SUN,7268
2022-01-28T18,ERCO,SUN,7285
2022-01-28T19,ERCO,SUN,7282
2022-01-28T20,ERCO,SUN,7413
2022-01-28T21,ERCO,SUN,7626
2022-01-28T22,ERCO,SUN,7846
2022-01-28T23,ERCO,SUN,6947
2022-01-29T00,ERCO,SUN,2532
2022-01-29T01,ERCO,SUN,47
2022-01-29T02,ERCO,SUN,1
2022-01-29T03,ERCO,SUN,1
2022-01-29T04,ERCO,SUN,1
2022-01-29T05,ERCO,SUN,1
2022-01-29T06,ERCO,SUN,1
2022-01-29T07,ERCO,SUN,1
2022-01-29T08,ERCO,SUN,1
2022-01-29T09,ERCO,SUN,1
2022-01-29T10,ERCO,SUN,1
2022-01-29T11,ERCO,SUN,0
2022-01-29T12,ERCO,SUN,0
2022-01-29T13,ERCO,SUN,0
2022-01-29T14,ERCO,SUN,127
2022-01-29T15,ERCO,SUN,3246
2022-01-29T16,ERCO,SUN,7271
2022-01-29T17,ERCO,SUN,7479
2022-01-29T18,ERCO,SUN,7407
2022-01-29T19,ERCO,SUN,6785
2022-01-29T20,ERCO,SUN,6583
2022-01-29T21,ERCO,SUN,7259
2022-01-29T22,ERCO,SUN,7751
2022-01-29T23,ERCO,SUN,6888
2022-01-30T00,ERCO,SUN,2576
2022-01-30T01,ERCO,SUN,54
2022-01-30T02,ERCO,SUN,0
2022-01-30T03,ERCO,SUN,0
2022-01-30T04,ERCO,SUN,0
2022-01-30T05,ERCO,SUN,0
2022-01-30T06,ERCO,SUN,0
2022-01-30T07,ERCO,SUN,0
2022-01-30T08,ERCO,SUN,0
2022-01-30T09,ERCO,SUN,0
2022-01-30T10,ERCO,SUN,0
2022-01-30T11,ERCO,SUN,0
2022-01-30T12,ERCO,SUN,0
2022-01-30T13,ERCO,SUN,0
2022-01-30T14,ERCO,SUN,119
2022-01-30T15,ERCO,SUN,3047
2022-01-30T16,ERCO,SUN,6802
2022-01-30T17,ERCO,SUN,7368
2022-01-30T18,ERCO,SUN,7100
2022-01-30T19,ERCO,SUN,6775
2022-01-30T20,ERCO,SUN,6773
2022-01-30T21,ERCO,SUN,6294
2022-01-30T22,ERCO,SUN,5358
2022-01-30T23,ERCO,SUN,4367
2022-01-31T00,ERCO,SUN,1259
2022-01-31T01,ERCO,SUN,22
2022-01-31T02,ERCO,SUN,0
2022-01-31T03,ERCO,SUN,0
2022-01-31T04,ERCO,SUN,0
2022-01-31T05,ERCO,SUN,0
2022-01-31T06,ERCO,SUN,0
2022-01-31T07,ERCO,SUN,0
2022-01-31T08,ERCO,SUN,0
2022-01-31T09,ERCO,SUN,0
2022-01-31T10,ERCO,SUN,0
2022-01-31T11,ERCO,SUN,0
2022-01-31T12,ERCO,SUN,0
2022-01-31T13,ERCO,SUN,0
2022-01-31T14,ERCO,SUN,38
2022-01-31T15,ERCO,SUN,1518
2022-01-31T16,ERCO,SUN,4000
2022-01-31T17,ERCO,SUN,4922
2022-01-31T18,ERCO,SUN,5710
2022-01-31T19,ERCO,SUN,6018
2022-01-31T20,ERCO,SUN,6053
2022-01-31T21,ERCO,SUN,6353
2022-01-31T22,ERCO,SUN,6240
2022-01-31T23,ERCO,SUN,5696
2022-02-01T00,ERCO,SUN,2506
2022-02-01T01,ERCO,SUN,60
2022-02-01T02,ERCO,SUN,0
2022-02-01T03,ERCO,SUN,0
2022-02-01T04,ERCO,SUN,0
2022-02-01T05,ERCO,SUN,0
2022-02-01T06,ERCO,SUN,0
2022-02-01T07,ERCO,SUN,0
2022-02-01T08,ERCO,SUN,0
2022-02-01T09,ERCO,SUN,0
2022-02-01T10,ERCO,SUN,0
2022-02-01T11,ERCO,SUN,0
2022-02-01T12,ERCO,SUN,0
2022-02-01T13,ERCO,SUN,0
2022-02-01T14,ERCO,SUN,21
2022-02-01T15,ERCO,SUN,825
2022-02-01T16,ERCO,SUN,2269
2022-02-01T17,ERCO,SUN,3076
2022-02-01T18,ERCO,SUN,3886
2022-02-01T19,ERCO,SUN,4747
2022-02-01T20,ERCO,SUN,5316
2022-02-01T21,ERCO,SUN,6108
2022-02-01T22,ERCO,SUN,5287
2022-02-01T23,ERCO,SUN,4542
2022-02-02T00,ERCO,SUN,1764
2022-02-02T01,ERCO,SUN,19
2022-02-02T02,ERCO,SUN,1
2022-02-02T03,ERCO,SUN,1
2022-02-02T04,ERCO,SUN,1
2022-02-02T05,ERCO,SUN,1
2022-02-02T06,ERCO,SUN,0
2022-02-02T07,ERCO,SUN,0
2022-02-02T08,ERCO,SUN,0
2022-02-02T09,ERCO,SUN,0
2022-02-02T10,ERCO,SUN,0
2022-02-02T11,ERCO,SUN,0
2022-02-02T12,ERCO,SUN,0
2022-02-02T13,ERCO,SUN,0
2022-02-02T14,ERCO,SUN,10
2022-02-02T15,ERCO,SUN,104
2022-02-02T16,ERCO,SUN,304
2022-02-02T17,ERCO,SUN,764
2022-02-02T18,ERCO,SUN,1236
2022-02-02T19,ERCO,SUN,1574
2022-02-02T20,ERCO,SUN,1739
2022-02-02T21,ERCO,SUN,1516
2022-02-02T22,ERCO,SUN,1002
2022-02-02T23,ERCO,SUN,558
2022-02-03T00,ERCO,SUN,141
2022-02-03T01,ERCO,SUN,1
2022-02-03T02,ERCO,SUN,0
2022-02-03T03,ERCO,SUN,0
2022-02-03T04,ERCO,SUN,0
2022-02-03T05,ERCO,SUN,0
2022-02-03T06,ERCO,SUN,0
2022-02-03T07,ERCO,SUN,0
2022-02-03T08,ERCO,SUN,0
2022-02-03T09,ERCO,SUN,0
2022-02-03T10,ERCO,SUN,0
2022-02-03T11,ERCO,SUN,0
2022-02-03T12,ERCO,SUN,0
2022-02-03T13,ERCO,SUN,0
2022-02-03T14,ERCO,SUN,10
2022-02-03T15,ERCO,SUN,390
2022-02-03T16,ERCO,SUN,1236
2022-02-03T17,ERCO,SUN,2290
2022-02-03T18,ERCO,SUN,3223
2022-02-03T19,ERCO,SUN,3497
2022-02-03T20,ERCO,SUN,3615
2022-02-03T21,ERCO,SUN,3272
2022-02-03T22,ERCO,SUN,3092
2022-02-03T23,ERCO,SUN,2900
2022-02-04T00,ERCO,SUN,1550
2022-02-04T01,ERCO,SUN,62
2022-02-04T02,ERCO,SUN,1
2022-02-04T03,ERCO,SUN,0
2022-02-04T04,ERCO,SUN,0
2022-02-04T05,ERCO,SUN,0
2022-02-04T06,ERCO,SUN,0
2022-02-04T07,ERCO,SUN,0
2022-02-04T08,ERCO,SUN,0
2022-02-04T09,ERCO,SUN,0
2022-02-04T10,ERCO,SUN,0
2022-02-04T11,ERCO,SUN,0
2022-02-04T12,ERCO,SUN,0
2022-02-04T13,ERCO,SUN,0
2022-02-04T14,ERCO,SUN,49
2022-02-04T15,ERCO,SUN,2286
2022-02-04T16,ERCO,SUN,5549
2022-02-04T17,ERCO,SUN,6493
2022-02-04T18,ERCO,SUN,6828
2022-02-04T19,ERCO,SUN,6881
2022-02-04T20,ERCO,SUN,6976
2022-02-04T21,ERCO,SUN,7225
2022-02-04T22,ERCO,SUN,7400
2022-02-04T23,ERCO,SUN,7101
2022-02-05T00,ERCO,SUN,3237
2022-02-05T01,ERCO,SUN,113
2022-02-05T02,ERCO,SUN,0
2022-02-05T03,ERCO,SUN,0
2022-02-05T04,ERCO,SUN,0
2022-02-05T05,ERCO,SUN,0
2022-02-05T06,ERCO,SUN,0
2022-02-05T07,ERCO,SUN,0
2022-02-05T08,ERCO,SUN,0
2022-02-05T09,ERCO,SUN,0
2022-02-05T10,ERCO,SUN,0
2022-02-05T11,ERCO,SUN,0
2022-02-05T12,ERCO,SUN,0
2022-02-05T13,ERCO,SUN,0
2022-02-05T14,ERCO,SUN,179
2022-02-05T15,ERCO,SUN,3699
2022-02-05T16,ERCO,SUN,7763
2022-02-05T17,ERCO,SUN,8178
2022-02-05T18,ERCO,SUN,7996
2022-02-05T19,ERCO,SUN,7642
2022-02-05T20,ERCO,SUN,6911
2022-02-05T21,ERCO,SUN,5413
2022-02-05T22,ERCO,SUN,4410
2022-02-05T23,ERCO,SUN,4326
2022-02-06T00,ERCO,SUN,3001
2022-02-06T01,ERCO,SUN,127
2022-02-06T02,ERCO,SUN,0
2022-02-06T03,ERCO,SUN,0
2022-02-06T04,ERCO,SUN,0
2022-02-06T05,ERCO,SUN,0
2022-02-06T06,ERCO,SUN,0
2022-02-06T07,ERCO,SUN,0
2022-02-06T08,ERCO,SUN,0
2022-02-06T09,ERCO,SUN,0
2022-02-06T10,ERCO,SUN,0
2022-02-06T11,ERCO,SUN,0
2022-02-06T12,ERCO,SUN,0
2022-02-06T13,ERCO,SUN,0
2022-02-06T14,ERCO,SUN,204
2022-02-06T15,ERCO,SUN,3843
2022-02-06T16,ERCO,SUN,7940
2022-02-06T17,ERCO,SUN,8133
2022-02-06T18,ERCO,SUN,7854
2022-02-06T19,ERCO,SUN,7601
2022-02-06T20,ERCO,SUN,7066
2022-02-06T21,ERCO,SUN,6773
2022-02-06T22,ERCO,SUN,5195
2022-02-06T23,ERCO,SUN,3745
2022-02-07T00,ERCO,SUN,2227
2022-02-07T01,ERCO,SUN,109
2022-02-07T02,ERCO,SUN,1
2022-02-07T03,ERCO,SUN,1
2022-02-07T04,ERCO,SUN,1
2022-02-07T05,ERCO,SUN,1
2022-02-07T06,ERCO,SUN,1
2022-02-07T07,ERCO,SUN,1
2022-02-07T08,ERCO,SUN,1
2022-02-07T09,ERCO,SUN,1
2022-02-07T10,ERCO,SUN,1
2022-02-07T11,ERCO,SUN,1
2022-02-07T12,ERCO,SUN,1
2022-02-07T13,ERCO,SUN,1
2022-02-07T14,ERCO,SUN,162
2022-02-07T15,ERCO,SUN,3592
2022-02-07T16,ERCO,SUN,7586
2022-02-07T17,ERCO,SUN,8032
2022-02-07T18,ERCO,SUN,7840
2022-02-07T19,ERCO,SUN,7728
2022-02-07T20,ERCO,SUN,7770
2022-02-07T21,ERCO,SUN,7943
2022-02-07T22,ERCO,SUN,8073
2022-02-07T23,ERCO,SUN,7451
2022-02-08T00,ERCO,SUN,3454
2022-02-08T01,ERCO,SUN,144
2022-02-08T02,ERCO,SUN,0
2022-02-08T03,ERCO,SUN,0
2022-02-08T04,ERCO,SUN,0
2022-02-08T05,ERCO,SUN,0
2022-02-08T06,ERCO,SUN,0
2022-02-08T07,ERCO,SUN,0
2022-02-08T08,ERCO,SUN,0
2022-02-08T09,ERCO,SUN,0
2022-02-08T10,ERCO,SUN,0
2022-02-08T11,ERCO,SUN,0
2022-02-08T12,ERCO,SUN,0
2022-02-08T13,ERCO,SUN,0
2022-02-08T14,ERCO,SUN,223
2022-02-08T15,ERCO,SUN,3845
2022-02-08T16,ERCO,SUN,7549
2022-02-08T17,ERCO,SUN,8292
2022-02-08T18,ERCO,SUN,7757
2022-02-08T19,ERCO,SUN,6164
2022-02-08T20,ERCO,SUN,4396
2022-02-08T21,ERCO,SUN,4099
2022-02-08T22,ERCO,SUN,4376
2022-02-08T23,ERCO,SUN,5198
2022-02-09T00,ERCO,SUN,3290
2022-02-09T01,ERCO,SUN,157
2022-02-09T02,ERCO,SUN,1
2022-02-09T03,ERCO,SUN,1
2022-02-09T04,ERCO,SUN,1
2022-02-09T05,ERCO,SUN,1
2022-02-09T06,ERCO,SUN,1
2022-02-09T07,ERCO,SUN,1
2022-02-09T08,ERCO,SUN,1
2022-02-09T09,ERCO,SUN,1
2022-02-09T10,ERCO,SUN,1
2022-02-09T11,ERCO,SUN,1
2022-02-09T12,ERCO,SUN,1
2022-02-09T13,ERCO,SUN,1
2022-02-09T14,ERCO,SUN,212
2022-02-09T15,ERCO,SUN,3847
2022-02-09T16,ERCO,SUN,7423
2022-02-09T17,ERCO,SUN,7760
2022-02-09T18,ERCO,SUN,7588
2022-02-09T19,ERCO,SUN,7433
2022-02-09T20,ERCO,SUN,7434
2022-02-09T21,ERCO,SUN,7578
2022-02-09T22,ERCO,SUN,7724
2022-02-09T23,ERCO,SUN,7094
2022-02-10T00,ERCO,SUN,3382
2022-02-10T01,ERCO,SUN,162
2022-02-10T02,ERCO,SUN,1
2022-02-10T03,ERCO,SUN,1
2022-02-10T04,ERCO,SUN,1
2022-02-10T05,ERCO,SUN,1
2022-02-10T06,ERCO,SUN,1
2022-02-10T07,ERCO,SUN,1
2022-02-10T08,ERCO,SUN,1
2022-02-10T09,ERCO,SUN,1
2022-02-10T10,ERCO,SUN,1
2022-02-10T11,ERCO,SUN,1
2022-02-10T12,ERCO,SUN,1
2022-02-10T13,ERCO,SUN,1
2022-02-10T14,ERCO,SUN,224
2022-02-10T15,ERCO,SUN,3324
2022-02-10T16,ERCO,SUN,6917
2022-02-10T17,ERCO,SUN,7589
2022-02-10T18,ERCO,SUN,7163
2022-02-10T19,ERCO,SUN,7000
2022-02-10T20,ERCO,SUN,7036
2022-02-10T21,ERCO,SUN,7303
2022-02-10T22,ERCO,SUN,7445
2022-02-10T23,ERCO,SUN,6836
2022-02-11T00,ERCO,SUN,3252
2022-02-11T01,ERCO,SUN,157
2022-02-11T02,ERCO,SUN,0
2022-02-11T03,ERCO,SUN,0
2022-02-11T04,ERCO,SUN,0
2022-02-11T05,ERCO,SUN,0
2022-02-11T06,ERCO,SUN,0
2022-02-11T07,ERCO,SUN,0
2022-02-11T08,ERCO,SUN,0
2022-02-11T09,ERCO,SUN,0
2022-02-11T10,ERCO,SUN,0
2022-02-11T11,ERCO,SUN,0
2022-02-11T12,ERCO,SUN,0
2022-02-11T13,ERCO,SUN,0
2022-02-11T14,ERCO,SUN,180
2022-02-11T15,ERCO,SUN,2316
2022-02-11T16,ERCO,SUN,5627
2022-02-11T17,ERCO,SUN,6285
2022-02-11T18,ERCO,SUN,6469
2022-02-11T19,ERCO,SUN,7197
2022-02-11T20,ERCO,SUN,7209
2022-02-11T21,ERCO,SUN,7386
2022-02-11T22,ERCO,SUN,7489
2022-02-11T23,ERCO,SUN,6059
2022-02-12T00,ERCO,SUN,2836
2022-02-12T01,ERCO,SUN,153
2022-02-12T02,ERCO,SUN,0
2022-02-12T03,ERCO,SUN,0
2022-02-12T04,ERCO,SUN,0
2022-02-12T05,ERCO,SUN,0
2022-02-12T06,ERCO,SUN,0
2022-02-12T07,ERCO,SUN,0
2022-02-12T08,ERCO,SUN,0
2022-02-12T09,ERCO,SUN,0
2022-02-12T10,ERCO,SUN,0
2022-02-12T11,ERCO,SUN,0
2022-02-12T12,ERCO,SUN,0
2022-02-12T13,ERCO,SUN,0
2022-02-12T14,ERCO,SUN,40
2022-02-12T15,ERCO,SUN,803
2022-02-12T16,ERCO,SUN,1945
2022-02-12T17,ERCO,SUN,2794
2022-02-12T18,ERCO,SUN,4739
2022-02-12T19,ERCO,SUN,5868
2022-02-12T20,ERCO,SUN,6630
2022-02-12T21,ERCO,SUN,7067
2022-02-12T22,ERCO,SUN,7673
2022-02-12T23,ERCO,SUN,7262
2022-02-13T00,ERCO,SUN,3629
2022-02-13T01,ERCO,SUN,205
2022-02-13T02,ERCO,SUN,1
2022-02-13T03,ERCO,SUN,1
2022-02-13T04,ERCO,SUN,1
2022-02-13T05,ERCO,SUN,1
2022-02-13T06,ERCO,SUN,1
2022-02-13T07,ERCO,SUN,1
2022-02-13T08,ERCO,SUN,1
2022-02-13T09,ERCO,SUN,1
2022-02-13T10,ERCO,SUN,1
2022-02-13T11,ERCO,SUN,1
2022-02-13T12,ERCO,SUN,1
2022-02-13T13,ERCO,SUN,1
2022-02-13T14,ERCO,SUN,328
2022-02-13T15,ERCO,SUN,4582
2022-02-13T16,ERCO,SUN,8148
2022-02-13T17,ERCO,SUN,8365
2022-02-13T18,ERCO,SUN,8183
2022-02-13T19,ERCO,SUN,7987
2022-02-13T20,ERCO,SUN,8013
2022-02-13T21,ERCO,SUN,8219
2022-02-13T22,ERCO,SUN,8378
2022-02-13T23,ERCO,SUN,7835
2022-02-14T00,ERCO,SUN,4026
2022-02-14T01,ERCO,SUN,236
2022-02-14T02,ERCO,SUN,0
2022-02-14T03,ERCO,SUN,0
2022-02-14T04,ERCO,SUN,0
2022-02-14T05,ERCO,SUN,0
2022-02-14T06,ERCO,SUN,0
2022-02-14T07,ERCO,SUN,0
2022-02-14T08,ERCO,SUN,0
2022-02-14T09,ERCO,SUN,0
2022-02-14T10,ERCO,SUN,0
2022-02-14T11,ERCO,SUN,0
2022-02-14T12,ERCO,SUN,0
2022-02-14T13,ERCO,SUN,0
2022-02-14T14,ERCO,SUN,343
2022-02-14T15,ERCO,SUN,4696
2022-02-14T16,ERCO,SUN,8188
2022-02-14T17,ERCO,SUN,8411
2022-02-14T18,ERCO,SUN,8227
2022-02-14T19,ERCO,SUN,8053
2022-02-14T20,ERCO,SUN,8028
2022-02-14T21,ERCO,SUN,8208
2022-02-14T22,ERCO,SUN,8258
2022-02-14T23,ERCO,SUN,7611
2022-02-15T00,ERCO,SUN,3931
2022-02-15T01,ERCO,SUN,244
2022-02-15T02,ERCO,SUN,1
2022-02-15T03,ERCO,SUN,1
2022-02-15T04,ERCO,SUN,1
2022-02-15T05,ERCO,SUN,1
2022-02-15T06,ERCO,SUN,1
2022-02-15T07,ERCO,SUN,1
2022-02-15T08,ERCO,SUN,1
2022-02-15T09,ERCO,SUN,1
2022-02-15T10,ERCO,SUN,1
2022-02-15T11,ERCO,SUN,1
2022-02-15T12,ERCO,SUN,1
2022-02-15T13,ERCO,SUN,1
2022-02-15T14,ERCO,SUN,233
2022-02-15T15,ERCO,SUN,2383
2022-02-15T16,ERCO,SUN,3887
2022-02-15T17,ERCO,SUN,3204
2022-02-15T18,ERCO,SUN,1831
2022-02-15T19,ERCO,SUN,1519
2022-02-15T20,ERCO,SUN,1505
2022-02-15T21,ERCO,SUN,1413
2022-02-15T22,ERCO,SUN,1405
2022-02-15T23,ERCO,SUN,1151
2022-02-16T00,ERCO,SUN,384
2022-02-16T01,ERCO,SUN,19
2022-02-16T02,ERCO,SUN,1
2022-02-16T03,ERCO,SUN,1
2022-02-16T04,ERCO,SUN,1
2022-02-16T05,ERCO,SUN,1
2022-02-16T06,ERCO,SUN,1
2022-02-16T07,ERCO,SUN,1
2022-02-16T08,ERCO,SUN,1
2022-02-16T09,ERCO,SUN,1
2022-02-16T10,ERCO,SUN,1
2022-02-16T11,ERCO,SUN,1
2022-02-16T12,ERCO,SUN,1
2022-02-16T13,ERCO,SUN,1
2022-02-16T14,ERCO,SUN,59
2022-02-16T15,ERCO,SUN,844
2022-02-16T16,ERCO,SUN,2088
2022-02-16T17,ERCO,SUN,2421
2022-02-16T18,ERCO,SUN,2757
2022-02-16T19,ERCO,SUN,3465
2022-02-16T20,ERCO,SUN,4173
2022-02-16T21,ERCO,SUN,4379
2022-02-16T22,ERCO,SUN,3795
2022-02-16T23,ERCO,SUN,2320
2022-02-17T00,ERCO,SUN,990
2022-02-17T01,ERCO,SUN,80
2022-02-17T02,ERCO,SUN,0
2022-02-17T03,ERCO,SUN,0
2022-02-17T04,ERCO,SUN,0
2022-02-17T05,ERCO,SUN,0
2022-02-17T06,ERCO,SUN,0
2022-02-17T07,ERCO,SUN,0
2022-02-17T08,ERCO,SUN,0
2022-02-17T09,ERCO,SUN,0
2022-02-17T10,ERCO,SUN,0
2022-02-17T11,ERCO,SUN,0
2022-02-17T12,ERCO,SUN,0
2022-02-17T13,ERCO,SUN,0
2022-02-17T14,ERCO,SUN,68
2022-02-17T15,ERCO,SUN,1110
2022-02-17T16,ERCO,SUN,1533
2022-02-17T17,ERCO,SUN,1662
2022-02-17T18,ERCO,SUN,1803
2022-02-17T19,ERCO,SUN,1950
2022-02-17T20,ERCO,SUN,2705
2022-02-17T21,ERCO,SUN,3235
2022-02-17T22,ERCO,SUN,3821
2022-02-17T23,ERCO,SUN,4944
2022-02-18T00,ERCO,SUN,3340
2022-02-18T01,ERCO,SUN,240
2022-02-18T02,ERCO,SUN,0
2022-02-18T03,ERCO,SUN,0
2022-02-18T04,ERCO,SUN,0
2022-02-18T05,ERCO,SUN,0
2022-02-18T06,ERCO,SUN,0
2022-02-18T07,ERCO,SUN,0
2022-02-18T08,ERCO,SUN,0
2022-02-18T09,ERCO,SUN,0
2022-02-18T10,ERCO,SUN,0
2022-02-18T11,ERCO,SUN,0
2022-02-18T12,ERCO,SUN,0
2022-02-18T13,ERCO,SUN,1
2022-02-18T14,ERCO,SUN,348
2022-02-18T15,ERCO,SUN,4444
2022-02-18T16,ERCO,SUN,7803
2022-02-18T17,ERCO,SUN,8323
2022-02-18T18,ERCO,SUN,8294
2022-02-18T19,ERCO,SUN,8149
2022-02-18T20,ERCO,SUN,8141
2022-02-18T21,ERCO,SUN,8310
2022-02-18T22,ERCO,SUN,8409
2022-02-18T23,ERCO,SUN,7985
2022-02-19T00,ERCO,SUN,4360
2022-02-19T01,ERCO,SUN,325
2022-02-19T02,ERCO,SUN,1
2022-02-19T03,ERCO,SUN,1
2022-02-19T04,ERCO,SUN,1
2022-02-19T05,ERCO,SUN,1
2022-02-19T06,ERCO,SUN,1
2022-02-19T07,ERCO,SUN,1
2022-02-19T08,ERCO,SUN,1
2022-02-19T09,ERCO,SUN,1
2022-02-19T10,ERCO,SUN,1
2022-02-19T11,ERCO,SUN,1
2022-02-19T12,ERCO,SUN,1
2022-02-19T13,ERCO,SUN,1
2022-02-19T14,ERCO,SUN,433
2022-02-19T15,ERCO,SUN,4714
2022-02-19T16,ERCO,SUN,7824
2022-02-19T17,ERCO,SUN,8147
2022-02-19T18,ERCO,SUN,8138
2022-02-19T19,ERCO,SUN,8125
2022-02-19T20,ERCO,SUN,8199
2022-02-19T21,ERCO,SUN,8181
2022-02-19T22,ERCO,SUN,8320
2022-02-19T23,ERCO,SUN,7862
2022-02-20T00,ERCO,SUN,4385
2022-02-20T01,ERCO,SUN,343
2022-02-20T02,ERCO,SUN,1
2022-02-20T03,ERCO,SUN,1
2022-02-20T04,ERCO,SUN,1
2022-02-20T05,ERCO,SUN,1
2022-02-20T06,ERCO,SUN,1
2022-02-20T07,ERCO,SUN,1
2022-02-20T08,ERCO,SUN,1
2022-02-20T09,ERCO,SUN,1
2022-02-20T10,ERCO,SUN,1
2022-02-20T11,ERCO,SUN,1
2022-02-20T12,ERCO,SUN,1
2022-02-20T13,ERCO,SUN,1
2022-02-20T14,ERCO,SUN,216
2022-02-20T15,ERCO,SUN,1832
2022-02-20T16,ERCO,SUN,2967
2022-02-20T17,ERCO,SUN,3620
2022-02-20T18,ERCO,SUN,4543
2022-02-20T19,ERCO,SUN,5155
2022-02-20T20,ERCO,SUN,5735
2022-02-20T21,ERCO,SUN,5618
2022-02-20T22,ERCO,SUN,5154
2022-02-20T23,ERCO,SUN,4566
2022-02-21T00,ERCO,SUN,2994
2022-02-21T01,ERCO,SUN,333
2022-02-21T02,ERCO,SUN,1
2022-02-21T03,ERCO,SUN,1
2022-02-21T04,ERCO,SUN,1
2022-02-21T05,ERCO,SUN,1
2022-02-21T06,ERCO,SUN,1
2022-02-21T07,ERCO,SUN,1
2022-02-21T08,ERCO,SUN,1
2022-02-21T09,ERCO,SUN,1
2022-02-21T10,ERCO,SUN,1
2022-02-21T11,ERCO,SUN,1
2022-02-21T12,ERCO,SUN,1
2022-02-21T13,ERCO,SUN,1
2022-02-21T14,ERCO,SUN,184
2022-02-21T15,ERCO,SUN,2066
2022-02-21T16,ERCO,SUN,3855
2022-02-21T17,ERCO,SUN,3729
2022-02-21T18,ERCO,SUN,4017
2022-02-21T19,ERCO,SUN,3509
2022-02-21T20,ERCO,SUN,3426
2022-02-21T21,ERCO,SUN,3012
2022-02-21T22,ERCO,SUN,2743
2022-02-21T23,ERCO,SUN,2167
2022-02-22T00,ERCO,SUN,1190
2022-02-22T01,ERCO,SUN,85
2022-02-22T02,ERCO,SUN,0
2022-02-22T03,ERCO,SUN,0
2022-02-22T04,ERCO,SUN,1
2022-02-22T05,ERCO,SUN,1
2022-02-22T06,ERCO,SUN,1
2022-02-22T07,ERCO,SUN,0
2022-02-22T08,ERCO,SUN,0
2022-02-22T09,ERCO,SUN,1
2022-02-22T10,ERCO,SUN,0
2022-02-22T11,ERCO,SUN,0
2022-02-22T12,ERCO,SUN,0
2022-02-22T13,ERCO,SUN,1
2022-02-22T14,ERCO,SUN,193
2022-02-22T15,ERCO,SUN,2600
2022-02-22T16,ERCO,SUN,5166
2022-02-22T17,ERCO,SUN,6277
2022-02-22T18,ERCO,SUN,6854
2022-02-22T19,ERCO,SUN,7234
2022-02-22T20,ERCO,SUN,7496
2022-02-22T21,ERCO,SUN,7529
2022-02-22T22,ERCO,SUN,7238
2022-02-22T23,ERCO,SUN,6236
2022-02-23T00,ERCO,SUN,3321
2022-02-23T01,ERCO,SUN,271
2022-02-23T02,ERCO,SUN,1
2022-02-23T03,ERCO,SUN,1
2022-02-23T04,ERCO,SUN,1
2022-02-23T05,ERCO,SUN,1
2022-02-23T06,ERCO,SUN,1
2022-02-23T07,ERCO,SUN,1
2022-02-23T08,ERCO,SUN,1
2022-02-23T09,ERCO,SUN,1
2022-02-23T10,ERCO,SUN,1
2022-02-23T11,ERCO,SUN,1
2022-02-23T12,ERCO,SUN,1
2022-02-23T13,ERCO,SUN,1
2022-02-23T14,ERCO,SUN,52
2022-02-23T15,ERCO,SUN,560
2022-02-23T16,ERCO,SUN,1393
2022-02-23T17,ERCO,SUN,2599
2022-02-23T18,ERCO,SUN,3604
2022-02-23T19,ERCO,SUN,4083
2022-02-23T20,ERCO,SUN,4390
2022-02-23T21,ERCO,SUN,4403
2022-02-23T22,ERCO,SUN,4238
2022-02-23T23,ERCO,SUN,3443
2022-02-24T00,ERCO,SUN,1979
2022-02-24T01,ERCO,SUN,226
2022-02-24T02,ERCO,SUN,0
2022-02-24T03,ERCO,SUN,0
2022-02-24T04,ERCO,SUN,0
2022-02-24T05,ERCO,SUN,0
2022-02-24T06,ERCO,SUN,0
2022-02-24T07,ERCO,SUN,0
2022-02-24T08,ERCO,SUN,0
2022-02-24T09,ERCO,SUN,0
2022-02-24T10,ERCO,SUN,0
2022-02-24T11,ERCO,SUN,0
2022-02-24T12,ERCO,SUN,0
2022-02-24T13,ERCO,SUN,0
2022-02-24T14,ERCO,SUN,34
2022-02-24T15,ERCO,SUN,402
2022-02-24T16,ERCO,SUN,1213
2022-02-24T17,ERCO,SUN,2177
2022-02-24T18,ERCO,SUN,3772
2022-02-24T19,ERCO,SUN,5304
2022-02-24T20,ERCO,SUN,5714
2022-02-24T21,ERCO,SUN,5758
2022-02-24T22,ERCO,SUN,5710
2022-02-24T23,ERCO,SUN,5641
2022-02-25T00,ERCO,SUN,3274
2022-02-25T01,ERCO,SUN,295
2022-02-25T02,ERCO,SUN,0
2022-02-25T03,ERCO,SUN,0
2022-02-25T04,ERCO,SUN,0
2022-02-25T05,ERCO,SUN,0
2022-02-25T06,ERCO,SUN,0
2022-02-25T07,ERCO,SUN,0
2022-02-25T08,ERCO,SUN,0
2022-02-25T09,ERCO,SUN,0
2022-02-25T10,ERCO,SUN,0
2022-02-25T11,ERCO,SUN,0
2022-02-25T12,ERCO,SUN,0
2022-02-25T13,ERCO,SUN,0
2022-02-25T14,ERCO,SUN,349
2022-02-25T15,ERCO,SUN,2432
2022-02-25T16,ERCO,SUN,4755
2022-02-25T17,ERCO,SUN,5599
2022-02-25T18,ERCO,SUN,6217
2022-02-25T19,ERCO,SUN,6089
2022-02-25T20,ERCO,SUN,6153
2022-02-25T21,ERCO,SUN,5185
2022-02-25T22,ERCO,SUN,4911
2022-02-25T23,ERCO,SUN,4086
2022-02-26T00,ERCO,SUN,2106
2022-02-26T01,ERCO,SUN,125
2022-02-26T02,ERCO,SUN,0
2022-02-26T03,ERCO,SUN,0
2022-02-26T04,ERCO,SUN,0
2022-02-26T05,ERCO,SUN,0
2022-02-26T06,ERCO,SUN,0
2022-02-26T07,ERCO,SUN,0
2022-02-26T08,ERCO,SUN,0
2022-02-26T09,ERCO,SUN,0
2022-02-26T10,ERCO,SUN,0
2022-02-26T11,ERCO,SUN,0
2022-02-26T12,ERCO,SUN,0
2022-02-26T13,ERCO,SUN,0
2022-02-26T14,ERCO,SUN,62
2022-02-26T15,ERCO,SUN,1048
2022-02-26T16,ERCO,SUN,2803
2022-02-26T17,ERCO,SUN,4115
2022-02-26T18,ERCO,SUN,5243
2022-02-26T19,ERCO,SUN,5844
2022-02-26T20,ERCO,SUN,5830
2022-02-26T21,ERCO,SUN,5750
2022-02-26T22,ERCO,SUN,5518
2022-02-26T23,ERCO,SUN,5271
2022-02-27T00,ERCO,SUN,3511
2022-02-27T01,ERCO,SUN,420
2022-02-27T02,ERCO,SUN,1
2022-02-27T03,ERCO,SUN,1
2022-02-27T04,ERCO,SUN,1
2022-02-27T05,ERCO,SUN,1
2022-02-27T06,ERCO,SUN,1
2022-02-27T07,ERCO,SUN,1
2022-02-27T08,ERCO,SUN,1
2022-02-27T09,ERCO,SUN,1
2022-02-27T10,ERCO,SUN,1
2022-02-27T11,ERCO,SUN,1
2022-02-27T12,ERCO,SUN,1
2022-02-27T13,ERCO,SUN,1
2022-02-27T14,ERCO,SUN,672
2022-02-27T15,ERCO,SUN,5359
2022-02-27T16,ERCO,SUN,7973
2022-02-27T17,ERCO,SUN,8263
2022-02-27T18,ERCO,SUN,8337
2022-02-27T19,ERCO,SUN,8415
2022-02-27T20,ERCO,SUN,8493
2022-02-27T21,ERCO,SUN,8565
2022-02-27T22,ERCO,SUN,8691
2022-02-27T23,ERCO,SUN,8326
2022-02-28T00,ERCO,SUN,5114
2022-02-28T01,ERCO,SUN,539
2022-02-28T02,ERCO,SUN,1
2022-02-28T03,ERCO,SUN,1
2022-02-28T04,ERCO,SUN,1
2022-02-28T05,ERCO,SUN,1
2022-02-28T06,ERCO,SUN,1
2022-02-28T07,ERCO,SUN,1
2022-02-28T08,ERCO,SUN,1
2022-02-28T09,ERCO,SUN,1
2022-02-28T10,ERCO,SUN,1
2022-02-28T11,ERCO,SUN,1
2022-02-28T12,ERCO,SUN,1
2022-02-28T13,ERCO,SUN,1
2022-02-28T14,ERCO,SUN,927
2022-02-28T15,ERCO,SUN,5206
2022-02-28T16,ERCO,SUN,7415
2022-02-28T17,ERCO,SUN,7925
2022-02-28T18,ERCO,SUN,7714
2022-02-28T19,ERCO,SUN,7506
2022-02-28T20,ERCO,SUN,7062
2022-02-28T21,ERCO,SUN,6073
2022-02-28T22,ERCO,SUN,4409
2022-02-28T23,ERCO,SUN,3271
2022-03-01T00,ERCO,SUN,1688
2022-03-01T01,ERCO,SUN,210
2022-03-01T02,ERCO,SUN,0
2022-03-01T03,ERCO,SUN,0
2022-03-01T04,ERCO,SUN,0
2022-03-01T05,ERCO,SUN,0
2022-03-01T06,ERCO,SUN,0
2022-03-01T07,ERCO,SUN,0
2022-03-01T08,ERCO,SUN,0
2022-03-01T09,ERCO,SUN,0
2022-03-01T10,ERCO,SUN,0
2022-03-01T11,ERCO,SUN,0
2022-03-01T12,ERCO,SUN,0
2022-03-01T13,ERCO,SUN,1
2022-03-01T14,ERCO,SUN,630
2022-03-01T15,ERCO,SUN,3206
2022-03-01T16,ERCO,SUN,5001
2022-03-01T17,ERCO,SUN,5874
2022-03-01T18,ERCO,SUN,6366
2022-03-01T19,ERCO,SUN,6337
2022-03-01T20,ERCO,SUN,6249
2022-03-01T21,ERCO,SUN,5706
2022-03-01T22,ERCO,SUN,5137
2022-03-01T23,ERCO,SUN,3537
2022-03-02T00,ERCO,SUN,1429
2022-03-02T01,ERCO,SUN,149
2022-03-02T02,ERCO,SUN,0
2022-03-02T03,ERCO,SUN,0
2022-03-02T04,ERCO,SUN,0
2022-03-02T05,ERCO,SUN,0
2022-03-02T06,ERCO,SUN,0
2022-03-02T07,ERCO,SUN,0
2022-03-02T08,ERCO,SUN,0
2022-03-02T09,ERCO,SUN,0
2022-03-02T10,ERCO,SUN,0
2022-03-02T11,ERCO,SUN,0
2022-03-02T12,ERCO,SUN,0
2022-03-02T13,ERCO,SUN,1
2022-03-02T14,ERCO,SUN,783
2022-03-02T15,ERCO,SUN,4894
2022-03-02T16,ERCO,SUN,7467
2022-03-02T17,ERCO,SUN,7887
2022-03-02T18,ERCO,SUN,7688
2022-03-02T19,ERCO,SUN,7720
2022-03-02T20,ERCO,SUN,7714
2022-03-02T21,ERCO,SUN,7573
2022-03-02T22,ERCO,SUN,7374
2022-03-02T23,ERCO,SUN,6488
2022-03-03T00,ERCO,SUN,3745
2022-03-03T01,ERCO,SUN,476
2022-03-03T02,ERCO,SUN,1
2022-03-03T03,ERCO,SUN,1
2022-03-03T04,ERCO,SUN,0
2022-03-03T05,ERCO,SUN,0
2022-03-03T06,ERCO,SUN,0
2022-03-03T07,ERCO,SUN,0
2022-03-03T08,ERCO,SUN,0
2022-03-03T09,ERCO,SUN,0
2022-03-03T10,ERCO,SUN,0
2022-03-03T11,ERCO,SUN,0
2022-03-03T12,ERCO,SUN,0
2022-03-03T13,ERCO,SUN,1
2022-03-03T14,ERCO,SUN,750
2022-03-03T15,ERCO,SUN,5234
2022-03-03T16,ERCO,SUN,7516
2022-03-03T17,ERCO,SUN,7504
2022-03-03T18,ERCO,SUN,7591
2022-03-03T19,ERCO,SUN,7521
2022-03-03T20,ERCO,SUN,7040
2022-03-03T21,ERCO,SUN,7066
2022-03-03T22,ERCO,SUN,6727
2022-03-03T23,ERCO,SUN,5377
2022-03-04T00,ERCO,SUN,2342
2022-03-04T01,ERCO,SUN,233
2022-03-04T02,ERCO,SUN,0
2022-03-04T03,ERCO,SUN,0
2022-03-04T04,ERCO,SUN,0
2022-03-04T05,ERCO,SUN,0
2022-03-04T06,ERCO,SUN,0
2022-03-04T07,ERCO,SUN,0
2022-03-04T08,ERCO,SUN,0
2022-03-04T09,ERCO,SUN,0
2022-03-04T10,ERCO,SUN,0
2022-03-04T11,ERCO,SUN,0
2022-03-04T12,ERCO,SUN,0
2022-03-04T13,ERCO,SUN,1
2022-03-04T14,ERCO,SUN,360
2022-03-04T15,ERCO,SUN,2542
2022-03-04T16,ERCO,SUN,3072
2022-03-04T17,ERCO,SUN,2691
2022-03-04T18,ERCO,SUN,2360
2022-03-04T19,ERCO,SUN,2488
2022-03-04T20,ERCO,SUN,2922
2022-03-04T21,ERCO,SUN,3134
2022-03-04T22,ERCO,SUN,2460
2022-03-04T23,ERCO,SUN,1357
2022-03-05T00,ERCO,SUN,669
2022-03-05T01,ERCO,SUN,118
2022-03-05T02,ERCO,SUN,0
2022-03-05T03,ERCO,SUN,0
2022-03-05T04,ERCO,SUN,0
2022-03-05T05,ERCO,SUN,0
2022-03-05T06,ERCO,SUN,0
2022-03-05T07,ERCO,SUN,0
2022-03-05T08,ERCO,SUN,0
2022-03-05T09,ERCO,SUN,0
2022-03-05T10,ERCO,SUN,0
2022-03-05T11,ERCO,SUN,0
2022-03-05T12,ERCO,SUN,0
2022-03-05T13,ERCO,SUN,1
2022-03-05T14,ERCO,SUN,601
2022-03-05T15,ERCO,SUN,4043
2022-03-05T16,ERCO,SUN,5289
2022-03-05T17,ERCO,SUN,4447
2022-03-05T18,ERCO,SUN,3807
2022-03-05T19,ERCO,SUN,3330
2022-03-05T20,ERCO,SUN,3305
2022-03-05T21,ERCO,SUN,3817
2022-03-05T22,ERCO,SUN,3546
2022-03-05T23,ERCO,SUN,2974
2022-03-06T00,ERCO,SUN,2912
2022-03-06T01,ERCO,SUN,657
2022-03-06T02,ERCO,SUN,0
2022-03-06T03,ERCO,SUN,0
2022-03-06T04,ERCO,SUN,0
2022-03-06T05,ERCO,SUN,0
2022-03-06T06,ERCO,SUN,0
2022-03-06T07,ERCO,SUN,0
2022-03-06T08,ERCO,SUN,0
2022-03-06T09,ERCO,SUN,0
2022-03-06T10,ERCO,SUN,0
2022-03-06T11,ERCO,SUN,0
2022-03-06T12,ERCO,SUN,0
2022-03-06T13,ERCO,SUN,0
2022-03-06T14,ERCO,SUN,335
2022-03-06T15,ERCO,SUN,2417
2022-03-06T16,ERCO,SUN,3789
2022-03-06T17,ERCO,SUN,5370
2022-03-06T18,ERCO,SUN,5722
2022-03-06T19,ERCO,SUN,6054
2022-03-06T20,ERCO,SUN,6073
2022-03-06T21,ERCO,SUN,5824
2022-03-06T22,ERCO,SUN,4408
2022-03-06T23,ERCO,SUN,3009
2022-03-07T00,ERCO,SUN,1747
2022-03-07T01,ERCO,SUN,430
2022-03-07T02,ERCO,SUN,0
2022-03-07T03,ERCO,SUN,0
2022-03-07T04,ERCO,SUN,0
2022-03-07T05,ERCO,SUN,0
2022-03-07T06,ERCO,SUN,0
2022-03-07T07,ERCO,SUN,0
2022-03-07T08,ERCO,SUN,0
2022-03-07T09,ERCO,SUN,0
2022-03-07T10,ERCO,SUN,0
2022-03-07T11,ERCO,SUN,0
2022-03-07T12,ERCO,SUN,0
2022-03-07T13,ERCO,SUN,0
2022-03-07T14,ERCO,SUN,626
2022-03-07T15,ERCO,SUN,3575
2022-03-07T16,ERCO,SUN,3447
2022-03-07T17,ERCO,SUN,5498
2022-03-07T18,ERCO,SUN,7163
2022-03-07T19,ERCO,SUN,7228
2022-03-07T20,ERCO,SUN,7173
2022-03-07T21,ERCO,SUN,7057
2022-03-07T22,ERCO,SUN,6818
2022-03-07T23,ERCO,SUN,6152
2022-03-08T00,ERCO,SUN,3930
2022-03-08T01,ERCO,SUN,540
2022-03-08T02,ERCO,SUN,0
2022-03-08T03,ERCO,SUN,0
2022-03-08T04,ERCO,SUN,0
2022-03-08T05,ERCO,SUN,0
2022-03-08T06,ERCO,SUN,0
2022-03-08T07,ERCO,SUN,0
2022-03-08T08,ERCO,SUN,0
2022-03-08T09,ERCO,SUN,0
2022-03-08T10,ERCO,SUN,0
2022-03-08T11,ERCO,SUN,0
2022-03-08T12,ERCO,SUN,0
2022-03-08T13,ERCO,SUN,2
2022-03-08T14,ERCO,SUN,387
2022-03-08T15,ERCO,SUN,3118
2022-03-08T16,ERCO,SUN,5242
2022-03-08T17,ERCO,SUN,6080
2022-03-08T18,ERCO,SUN,6697
2022-03-08T19,ERCO,SUN,7096
2022-03-08T20,ERCO,SUN,7290
2022-03-08T21,ERCO,SUN,7417
2022-03-08T22,ERCO,SUN,7543
2022-03-08T23,ERCO,SUN,7621
2022-03-09T00,ERCO,SUN,5378
2022-03-09T01,ERCO,SUN,785
2022-03-09T02,ERCO,SUN,0
2022-03-09T03,ERCO,SUN,0
2022-03-09T04,ERCO,SUN,0
2022-03-09T05,ERCO,SUN,0
2022-03-09T06,ERCO,SUN,0
2022-03-09T07,ERCO,SUN,0
2022-03-09T08,ERCO,SUN,0
2022-03-09T09,ERCO,SUN,0
2022-03-09T10,ERCO,SUN,0
2022-03-09T11,ERCO,SUN,0
2022-03-09T12,ERCO,SUN,0
2022-03-09T13,ERCO,SUN,3
2022-03-09T14,ERCO,SUN,1219
2022-03-09T15,ERCO,SUN,6284
2022-03-09T16,ERCO,SUN,8363
2022-03-09T17,ERCO,SUN,8432
2022-03-09T18,ERCO,SUN,8404
2022-03-09T19,ERCO,SUN,8385
2022-03-09T20,ERCO,SUN,8166
2022-03-09T21,ERCO,SUN,7634
2022-03-09T22,ERCO,SUN,7057
2022-03-09T23,ERCO,SUN,6152
2022-03-10T00,ERCO,SUN,4395
2022-03-10T01,ERCO,SUN,798
2022-03-10T02,ERCO,SUN,0
2022-03-10T03,ERCO,SUN,0
2022-03-10T04,ERCO,SUN,0
2022-03-10T05,ERCO,SUN,0
2022-03-10T06,ERCO,SUN,0
2022-03-10T07,ERCO,SUN,0
2022-03-10T08,ERCO,SUN,0
2022-03-10T09,ERCO,SUN,0
2022-03-10T10,ERCO,SUN,0
2022-03-10T11,ERCO,SUN,0
2022-03-10T12,ERCO,SUN,0
2022-03-10T13,ERCO,SUN,6
2022-03-10T14,ERCO,SUN,1269
2022-03-10T15,ERCO,SUN,5749
2022-03-10T16,ERCO,SUN,8224
2022-03-10T17,ERCO,SUN,8683
2022-03-10T18,ERCO,SUN,8635
2022-03-10T19,ERCO,SUN,8586
2022-03-10T20,ERCO,SUN,8525
2022-03-10T21,ERCO,SUN,8544
2022-03-10T22,ERCO,SUN,8558
2022-03-10T23,ERCO,SUN,8221
2022-03-11T00,ERCO,SUN,5346
2022-03-11T01,ERCO,SUN,820
2022-03-11T02,ERCO,SUN,0
2022-03-11T03,ERCO,SUN,0
2022-03-11T04,ERCO,SUN,0
2022-03-11T05,ERCO,SUN,0
2022-03-11T06,ERCO,SUN,0
2022-03-11T07,ERCO,SUN,0
2022-03-11T08,ERCO,SUN,0
2022-03-11T09,ERCO,SUN,0
2022-03-11T10,ERCO,SUN,0
2022-03-11T11,ERCO,SUN,0
2022-03-11T12,ERCO,SUN,0
2022-03-11T13,ERCO,SUN,1
2022-03-11T14,ERCO,SUN,226
2022-03-11T15,ERCO,SUN,984
2022-03-11T16,ERCO,SUN,2065
2022-03-11T17,ERCO,SUN,2526
2022-03-11T18,ERCO,SUN,2907
2022-03-11T19,ERCO,SUN,2622
2022-03-11T20,ERCO,SUN,2617
2022-03-11T21,ERCO,SUN,3354
2022-03-11T22,ERCO,SUN,3681
2022-03-11T23,ERCO,SUN,4104
2022-03-12T00,ERCO,SUN,4214
2022-03-12T01,ERCO,SUN,869
2022-03-12T02,ERCO,SUN,1
2022-03-12T03,ERCO,SUN,0
2022-03-12T04,ERCO,SUN,0
2022-03-12T05,ERCO,SUN,0
2022-03-12T06,ERCO,SUN,0
2022-03-12T07,ERCO,SUN,0
2022-03-12T08,ERCO,SUN,0
2022-03-12T09,ERCO,SUN,0
2022-03-12T10,ERCO,SUN,0
2022-03-12T11,ERCO,SUN,0
2022-03-12T12,ERCO,SUN,0
2022-03-12T13,ERCO,SUN,14
2022-03-12T14,ERCO,SUN,1724
2022-03-12T15,ERCO,SUN,7223
2022-03-12T16,ERCO,SUN,8788
2022-03-12T17,ERCO,SUN,8873
2022-03-12T18,ERCO,SUN,8842
2022-03-12T19,ERCO,SUN,8534
2022-03-12T20,ERCO,SUN,8113
2022-03-12T21,ERCO,SUN,7206
2022-03-12T22,ERCO,SUN,6329
2022-03-12T23,ERCO,SUN,6431
2022-03-13T00,ERCO,SUN,5218
2022-03-13T01,ERCO,SUN,1013
2022-03-13T02,ERCO,SUN,0
2022-03-13T03,ERCO,SUN,0
2022-03-13T04,ERCO,SUN,0
2022-03-13T05,ERCO,SUN,0
2022-03-13T06,ERCO,SUN,0
2022-03-13T07,ERCO,SUN,0
2022-03-13T08,ERCO,SUN,0
2022-03-13T09,ERCO,SUN,0
2022-03-13T10,ERCO,SUN,0
2022-03-13T11,ERCO,SUN,0
2022-03-13T12,ERCO,SUN,0
2022-03-13T13,ERCO,SUN,15
2022-03-13T14,ERCO,SUN,1237
2022-03-13T15,ERCO,SUN,3967
2022-03-13T16,ERCO,SUN,4136
2022-03-13T17,ERCO,SUN,3693
2022-03-13T18,ERCO,SUN,3516
2022-03-13T19,ERCO,SUN,3467
2022-03-13T20,ERCO,SUN,2971
2022-03-13T21,ERCO,SUN,2485
2022-03-13T22,ERCO,SUN,1997
2022-03-13T23,ERCO,SUN,1642
2022-03-14T00,ERCO,SUN,942
2022-03-14T01,ERCO,SUN,179
2022-03-14T02,ERCO,SUN,0
2022-03-14T03,ERCO,SUN,0
2022-03-14T04,ERCO,SUN,0
2022-03-14T05,ERCO,SUN,0
2022-03-14T06,ERCO,SUN,0
2022-03-14T07,ERCO,SUN,0
2022-03-14T08,ERCO,SUN,0
2022-03-14T09,ERCO,SUN,0
2022-03-14T10,ERCO,SUN,0
2022-03-14T11,ERCO,SUN,0
2022-03-14T12,ERCO,SUN,0
2022-03-14T13,ERCO,SUN,6
2022-03-14T14,ERCO,SUN,1218
2022-03-14T15,ERCO,SUN,3789
2022-03-14T16,ERCO,SUN,4193
2022-03-14T17,ERCO,SUN,4449
2022-03-14T18,ERCO,SUN,4849
2022-03-14T19,ERCO,SUN,4066
2022-03-14T20,ERCO,SUN,4043
2022-03-14T21,ERCO,SUN,3504
2022-03-14T22,ERCO,SUN,3556
2022-03-14T23,ERCO,SUN,2809
2022-03-15T00,ERCO,SUN,1767
2022-03-15T01,ERCO,SUN,389
2022-03-15T02,ERCO,SUN,0
2022-03-15T03,ERCO,SUN,0
2022-03-15T04,ERCO,SUN,0
2022-03-15T05,ERCO,SUN,0
2022-03-15T06,ERCO,SUN,0
2022-03-15T07,ERCO,SUN,0
2022-03-15T08,ERCO,SUN,0
2022-03-15T09,ERCO,SUN,0
2022-03-15T10,ERCO,SUN,0
2022-03-15T11,ERCO,SUN,0
2022-03-15T12,ERCO,SUN,0
2022-03-15T13,ERCO,SUN,12
2022-03-15T14,ERCO,SUN,1669
2022-03-15T15,ERCO,SUN,6505
2022-03-15T16,ERCO,SUN,8081
2022-03-15T17,ERCO,SUN,8170
2022-03-15T18,ERCO,SUN,8403
2022-03-15T19,ERCO,SUN,8381
2022-03-15T20,ERCO,SUN,8280
2022-03-15T21,ERCO,SUN,8357
2022-03-15T22,ERCO,SUN,8254
2022-03-15T23,ERCO,SUN,8214
2022-03-16T00,ERCO,SUN,5982
2022-03-16T01,ERCO,SUN,1070
2022-03-16T02,ERCO,SUN,0
2022-03-16T03,ERCO,SUN,0
2022-03-16T04,ERCO,SUN,0
2022-03-16T05,ERCO,SUN,0
2022-03-16T06,ERCO,SUN,0
2022-03-16T07,ERCO,SUN,0
2022-03-16T08,ERCO,SUN,0
2022-03-16T09,ERCO,SUN,0
2022-03-16T10,ERCO,SUN,0
2022-03-16T11,ERCO,SUN,0
2022-03-16T12,ERCO,SUN,0
2022-03-16T13,ERCO,SUN,22
2022-03-16T14,ERCO,SUN,1826
2022-03-16T15,ERCO,SUN,4507
2022-03-16T16,ERCO,SUN,5641
2022-03-16T17,ERCO,SUN,5248
2022-03-16T18,ERCO,SUN,5720
2022-03-16T19,ERCO,SUN,7059
2022-03-16T20,ERCO,SUN,8028
2022-03-16T21,ERCO,SUN,8148
2022-03-16T22,ERCO,SUN,7807
2022-03-16T23,ERCO,SUN,6829
2022-03-17T00,ERCO,SUN,4532
2022-03-17T01,ERCO,SUN,877
2022-03-17T02,ERCO,SUN,0
2022-03-17T03,ERCO,SUN,0
2022-03-17T04,ERCO,SUN,0
2022-03-17T05,ERCO,SUN,0
2022-03-17T06,ERCO,SUN,0
2022-03-17T07,ERCO,SUN,0
2022-03-17T08,ERCO,SUN,0
2022-03-17T09,ERCO,SUN,0
2022-03-17T10,ERCO,SUN,0
2022-03-17T11,ERCO,SUN,0
2022-03-17T12,ERCO,SUN,0
2022-03-17T13,ERCO,SUN,21
2022-03-17T14,ERCO,SUN,1639
2022-03-17T15,ERCO,SUN,4513
2022-03-17T16,ERCO,SUN,4164
2022-03-17T17,ERCO,SUN,3676
2022-03-17T18,ERCO,SUN,3563
2022-03-17T19,ERCO,SUN,3565
2022-03-17T20,ERCO,SUN,2850
2022-03-17T21,ERCO,SUN,2502
2022-03-17T22,ERCO,SUN,1854
2022-03-17T23,ERCO,SUN,2021
2022-03-18T00,ERCO,SUN,1529
2022-03-18T01,ERCO,SUN,269
2022-03-18T02,ERCO,SUN,0
2022-03-18T03,ERCO,SUN,0
2022-03-18T04,ERCO,SUN,0
2022-03-18T05,ERCO,SUN,0
2022-03-18T06,ERCO,SUN,0
2022-03-18T07,ERCO,SUN,0
2022-03-18T08,ERCO,SUN,0
2022-03-18T09,ERCO,SUN,0
2022-03-18T10,ERCO,SUN,0
2022-03-18T11,ERCO,SUN,0
2022-03-18T12,ERCO,SUN,0
2022-03-18T13,ERCO,SUN,11
2022-03-18T14,ERCO,SUN,1734
2022-03-18T15,ERCO,SUN,5068
2022-03-18T16,ERCO,SUN,4538
2022-03-18T17,ERCO,SUN,5291
2022-03-18T18,ERCO,SUN,7331
2022-03-18T19,ERCO,SUN,8242
2022-03-18T20,ERCO,SUN,7974
2022-03-18T21,ERCO,SUN,7701
2022-03-18T22,ERCO,SUN,7436
2022-03-18T23,ERCO,SUN,6775
2022-03-19T00,ERCO,SUN,3636
2022-03-19T01,ERCO,SUN,706
2022-03-19T02,ERCO,SUN,1
2022-03-19T03,ERCO,SUN,0
2022-03-19T04,ERCO,SUN,0
2022-03-19T05,ERCO,SUN,0
2022-03-19T06,ERCO,SUN,0
2022-03-19T07,ERCO,SUN,0
2022-03-19T08,ERCO,SUN,0
2022-03-19T09,ERCO,SUN,0
2022-03-19T10,ERCO,SUN,0
2022-03-19T11,ERCO,SUN,0
2022-03-19T12,ERCO,SUN,0
2022-03-19T13,ERCO,SUN,41
2022-03-19T14,ERCO,SUN,2413
2022-03-19T15,ERCO,SUN,7662
2022-03-19T16,ERCO,SUN,8737
2022-03-19T17,ERCO,SUN,8845
2022-03-19T18,ERCO,SUN,8933
2022-03-19T19,ERCO,SUN,8904
2022-03-19T20,ERCO,SUN,8892
2022-03-19T21,ERCO,SUN,8898
2022-03-19T22,ERCO,SUN,8832
2022-03-19T23,ERCO,SUN,8193
2022-03-20T00,ERCO,SUN,5277
2022-03-20T01,ERCO,SUN,745
2022-03-20T02,ERCO,SUN,0
2022-03-20T03,ERCO,SUN,0
2022-03-20T04,ERCO,SUN,0
2022-03-20T05,ERCO,SUN,0
2022-03-20T06,ERCO,SUN,0
2022-03-20T07,ERCO,SUN,0
2022-03-20T08,ERCO,SUN,0
2022-03-20T09,ERCO,SUN,0
2022-03-20T10,ERCO,SUN,0
2022-03-20T11,ERCO,SUN,0
2022-03-20T12,ERCO,SUN,0
2022-03-20T13,ERCO,SUN,34
2022-03-20T14,ERCO,SUN,1490
2022-03-20T15,ERCO,SUN,3702
2022-03-20T16,ERCO,SUN,3206
2022-03-20T17,ERCO,SUN,2629
2022-03-20T18,ERCO,SUN,2387
2022-03-20T19,ERCO,SUN,2439
2022-03-20T20,ERCO,SUN,2559
2022-03-20T21,ERCO,SUN,2534
2022-03-20T22,ERCO,SUN,2505
2022-03-20T23,ERCO,SUN,2654
2022-03-21T00,ERCO,SUN,1646
2022-03-21T01,ERCO,SUN,308
2022-03-21T02,ERCO,SUN,0
2022-03-21T03,ERCO,SUN,0
2022-03-21T04,ERCO,SUN,0
2022-03-21T05,ERCO,SUN,0
2022-03-21T06,ERCO,SUN,0
2022-03-21T07,ERCO,SUN,0
2022-03-21T08,ERCO,SUN,0
2022-03-21T09,ERCO,SUN,0
2022-03-21T10,ERCO,SUN,0
2022-03-21T11,ERCO,SUN,0
2022-03-21T12,ERCO,SUN,0
2022-03-21T13,ERCO,SUN,2
2022-03-21T14,ERCO,SUN,798
2022-03-21T15,ERCO,SUN,2525
2022-03-21T16,ERCO,SUN,3267
2022-03-21T17,ERCO,SUN,3525
2022-03-21T18,ERCO,SUN,4639
2022-03-21T19,ERCO,SUN,4756
2022-03-21T20,ERCO,SUN,4425
2022-03-21T21,ERCO,SUN,4216
2022-03-21T22,ERCO,SUN,3495
2022-03-21T23,ERCO,SUN,2392
2022-03-22T00,ERCO,SUN,1737
2022-03-22T01,ERCO,SUN,436
2022-03-22T02,ERCO,SUN,0
2022-03-22T03,ERCO,SUN,0
2022-03-22T04,ERCO,SUN,0
2022-03-22T05,ERCO,SUN,0
2022-03-22T06,ERCO,SUN,0
2022-03-22T07,ERCO,SUN,0
2022-03-22T08,ERCO,SUN,0
2022-03-22T09,ERCO,SUN,0
2022-03-22T10,ERCO,SUN,0
2022-03-22T11,ERCO,SUN,0
2022-03-22T12,ERCO,SUN,0
2022-03-22T13,ERCO,SUN,7
2022-03-22T14,ERCO,SUN,623
2022-03-22T15,ERCO,SUN,1696
2022-03-22T16,ERCO,SUN,2087
2022-03-22T17,ERCO,SUN,2315
2022-03-22T18,ERCO,SUN,2226
2022-03-22T19,ERCO,SUN,2421
2022-03-22T20,ERCO,SUN,2489
2022-03-22T21,ERCO,SUN,2101
2022-03-22T22,ERCO,SUN,1633
2022-03-22T23,ERCO,SUN,1496
2022-03-23T00,ERCO,SUN,972
2022-03-23T01,ERCO,SUN,240
2022-03-23T02,ERCO,SUN,0
2022-03-23T03,ERCO,SUN,0
2022-03-23T04,ERCO,SUN,0
2022-03-23T05,ERCO,SUN,0
2022-03-23T06,ERCO,SUN,0
2022-03-23T07,ERCO,SUN,0
2022-03-23T08,ERCO,SUN,0
2022-03-23T09,ERCO,SUN,0
2022-03-23T10,ERCO,SUN,0
2022-03-23T11,ERCO,SUN,0
2022-03-23T12,ERCO,SUN,0
2022-03-23T13,ERCO,SUN,67
2022-03-23T14,ERCO,SUN,2732
2022-03-23T15,ERCO,SUN,7110
2022-03-23T16,ERCO,SUN,7651
2022-03-23T17,ERCO,SUN,7702
2022-03-23T18,ERCO,SUN,6174
2022-03-23T19,ERCO,SUN,4532
2022-03-23T20,ERCO,SUN,4134
2022-03-23T21,ERCO,SUN,4140
2022-03-23T22,ERCO,SUN,3756
2022-03-23T23,ERCO,SUN,3565
2022-03-24T00,ERCO,SUN,2369
2022-03-24T01,ERCO,SUN,758
2022-03-24T02,ERCO,SUN,2
2022-03-24T03,ERCO,SUN,0
2022-03-24T04,ERCO,SUN,0
2022-03-24T05,ERCO,SUN,0
2022-03-24T06,ERCO,SUN,0
2022-03-24T07,ERCO,SUN,0
2022-03-24T08,ERCO,SUN,0
2022-03-24T09,ERCO,SUN,0
2022-03-24T10,ERCO,SUN,0
2022-03-24T11,ERCO,SUN,0
2022-03-24T12,ERCO,SUN,0
2022-03-24T13,ERCO,SUN,77
2022-03-24T14,ERCO,SUN,2978
2022-03-24T15,ERCO,SUN,8015
2022-03-24T16,ERCO,SUN,8780
2022-03-24T17,ERCO,SUN,8646
2022-03-24T18,ERCO,SUN,6779
2022-03-24T19,ERCO,SUN,5753
2022-03-24T20,ERCO,SUN,5336
2022-03-24T21,ERCO,SUN,5428
2022-03-24T22,ERCO,SUN,6832
2022-03-24T23,ERCO,SUN,8106
2022-03-25T00,ERCO,SUN,6482
2022-03-25T01,ERCO,SUN,1448
2022-03-25T02,ERCO,SUN,2
2022-03-25T03,ERCO,SUN,0
2022-03-25T04,ERCO,SUN,0
2022-03-25T05,ERCO,SUN,0
2022-03-25T06,ERCO,SUN,0
2022-03-25T07,ERCO,SUN,0
2022-03-25T08,ERCO,SUN,0
2022-03-25T09,ERCO,SUN,0
2022-03-25T10,ERCO,SUN,0
2022-03-25T11,ERCO,SUN,0
2022-03-25T12,ERCO,SUN,0
2022-03-25T13,ERCO,SUN,93
2022-03-25T14,ERCO,SUN,3182
2022-03-25T15,ERCO,SUN,8001
2022-03-25T16,ERCO,SUN,8731
2022-03-25T17,ERCO,SUN,8787
2022-03-25T18,ERCO,SUN,8756
2022-03-25T19,ERCO,SUN,8681
2022-03-25T20,ERCO,SUN,8709
2022-03-25T21,ERCO,SUN,8723
2022-03-25T22,ERCO,SUN,8666
2022-03-25T23,ERCO,SUN,8343
2022-03-26T00,ERCO,SUN,6159
2022-03-26T01,ERCO,SUN,1317
2022-03-26T02,ERCO,SUN,2
2022-03-26T03,ERCO,SUN,0
2022-03-26T04,ERCO,SUN,0
2022-03-26T05,ERCO,SUN,0
2022-03-26T06,ERCO,SUN,0
2022-03-26T07,ERCO,SUN,0
2022-03-26T08,ERCO,SUN,0
2022-03-26T09,ERCO,SUN,0
2022-03-26T10,ERCO,SUN,0
2022-03-26T11,ERCO,SUN,0
2022-03-26T12,ERCO,SUN,0
2022-03-26T13,ERCO,SUN,79
2022-03-26T14,ERCO,SUN,3099
2022-03-26T15,ERCO,SUN,8022
2022-03-26T16,ERCO,SUN,8867
2022-03-26T17,ERCO,SUN,8878
2022-03-26T18,ERCO,SUN,8855
2022-03-26T19,ERCO,SUN,8835
2022-03-26T20,ERCO,SUN,8792
2022-03-26T21,ERCO,SUN,8746
2022-03-26T22,ERCO,SUN,8612
2022-03-26T23,ERCO,SUN,8028
2022-03-27T00,ERCO,SUN,5941
2022-03-27T01,ERCO,SUN,1158
2022-03-27T02,ERCO,SUN,1
2022-03-27T03,ERCO,SUN,0
2022-03-27T04,ERCO,SUN,0
2022-03-27T05,ERCO,SUN,0
2022-03-27T06,ERCO,SUN,0
2022-03-27T07,ERCO,SUN,0
2022-03-27T08,ERCO,SUN,0
2022-03-27T09,ERCO,SUN,0
2022-03-27T10,ERCO,SUN,0
2022-03-27T11,ERCO,SUN,0
2022-03-27T12,ERCO,SUN,0
2022-03-27T13,ERCO,SUN,89
2022-03-27T14,ERCO,SUN,2514
2022-03-27T15,ERCO,SUN,6521
2022-03-27T16,ERCO,SUN,7174
2022-03-27T17,ERCO,SUN,7737
2022-03-27T18,ERCO,SUN,8091
2022-03-27T19,ERCO,SUN,8481
2022-03-27T20,ERCO,SUN,8578
2022-03-27T21,ERCO,SUN,8555
2022-03-27T22,ERCO,SUN,8212
2022-03-27T23,ERCO,SUN,7609
2022-03-28T00,ERCO,SUN,4728
2022-03-28T01,ERCO,SUN,852
2022-03-28T02,ERCO,SUN,3
2022-03-28T03,ERCO,SUN,0
2022-03-28T04,ERCO,SUN,0
2022-03-28T05,ERCO,SUN,0
2022-03-28T06,ERCO,SUN,0
2022-03-28T07,ERCO,SUN,0
2022-03-28T08,ERCO,SUN,0
2022-03-28T09,ERCO,SUN,0
2022-03-28T10,ERCO,SUN,0
2022-03-28T11,ERCO,SUN,0
2022-03-28T12,ERCO,SUN,0
2022-03-28T13,ERCO,SUN,73
2022-03-28T14,ERCO,SUN,2655
2022-03-28T15,ERCO,SUN,6359
2022-03-28T16,ERCO,SUN,7258
2022-03-28T17,ERCO,SUN,7628
2022-03-28T18,ERCO,SUN,7916
2022-03-28T19,ERCO,SUN,7895
2022-03-28T20,ERCO,SUN,7602
2022-03-28T21,ERCO,SUN,6830
2022-03-28T22,ERCO,SUN,6011
2022-03-28T23,ERCO,SUN,4837
2022-03-29T00,ERCO,SUN,2956
2022-03-29T01,ERCO,SUN,355
2022-03-29T02,ERCO,SUN,1
2022-03-29T03,ERCO,SUN,0
2022-03-29T04,ERCO,SUN,0
2022-03-29T05,ERCO,SUN,0
2022-03-29T06,ERCO,SUN,0
2022-03-29T07,ERCO,SUN,0
2022-03-29T08,ERCO,SUN,0
2022-03-29T09,ERCO,SUN,0
2022-03-29T10,ERCO,SUN,0
2022-03-29T11,ERCO,SUN,0
2022-03-29T12,ERCO,SUN,0
2022-03-29T13,ERCO,SUN,17
2022-03-29T14,ERCO,SUN,1331
2022-03-29T15,ERCO,SUN,3184
2022-03-29T16,ERCO,SUN,2967
2022-03-29T17,ERCO,SUN,3042
2022-03-29T18,ERCO,SUN,3197
2022-03-29T19,ERCO,SUN,3284
2022-03-29T20,ERCO,SUN,3228
2022-03-29T21,ERCO,SUN,2761
2022-03-29T22,ERCO,SUN,2638
2022-03-29T23,ERCO,SUN,2258
2022-03-30T00,ERCO,SUN,1498
2022-03-30T01,ERCO,SUN,369
2022-03-30T02,ERCO,SUN,1
2022-03-30T03,ERCO,SUN,0
2022-03-30T04,ERCO,SUN,0
2022-03-30T05,ERCO,SUN,0
2022-03-30T06,ERCO,SUN,0
2022-03-30T07,ERCO,SUN,0
2022-03-30T08,ERCO,SUN,0
2022-03-30T09,ERCO,SUN,0
2022-03-30T10,ERCO,SUN,0
2022-03-30T11,ERCO,SUN,0
2022-03-30T12,ERCO,SUN,0
2022-03-30T13,ERCO,SUN,26
2022-03-30T14,ERCO,SUN,692
2022-03-30T15,ERCO,SUN,1186
2022-03-30T16,ERCO,SUN,1919
2022-03-30T17,ERCO,SUN,2418
2022-03-30T18,ERCO,SUN,2901
2022-03-30T19,ERCO,SUN,3213
2022-03-30T20,ERCO,SUN,3729
2022-03-30T21,ERCO,SUN,4327
2022-03-30T22,ERCO,SUN,4979
2022-03-30T23,ERCO,SUN,6046
2022-03-31T00,ERCO,SUN,4580
2022-03-31T01,ERCO,SUN,1031
2022-03-31T02,ERCO,SUN,2
2022-03-31T03,ERCO,SUN,0
2022-03-31T04,ERCO,SUN,0
2022-03-31T05,ERCO,SUN,0
2022-03-31T06,ERCO,SUN,0
2022-03-31T07,ERCO,SUN,0
2022-03-31T08,ERCO,SUN,0
2022-03-31T09,ERCO,SUN,0
2022-03-31T10,ERCO,SUN,0
2022-03-31T11,ERCO,SUN,0
2022-03-31T12,ERCO,SUN,0
2022-03-31T13,ERCO,SUN,104
2022-03-31T14,ERCO,SUN,2991
2022-03-31T15,ERCO,SUN,7054
2022-03-31T16,ERCO,SUN,8294
2022-03-31T17,ERCO,SUN,8712
2022-03-31T18,ERCO,SUN,8852
2022-03-31T19,ERCO,SUN,8690
2022-03-31T20,ERCO,SUN,8631
2022-03-31T21,ERCO,SUN,8665
2022-03-31T22,ERCO,SUN,8558
2022-03-31T23,ERCO,SUN,8231
2022-04-01T00,ERCO,SUN,5899
2022-04-01T01,ERCO,SUN,1259
2022-04-01T02,ERCO,SUN,2
2022-04-01T03,ERCO,SUN,0
2022-04-01T04,ERCO,SUN,0
2022-04-01T05,ERCO,SUN,0
2022-04-01T06,ERCO,SUN,0
2022-04-01T07,ERCO,SUN,0
2022-04-01T08,ERCO,SUN,0
2022-04-01T09,ERCO,SUN,0
2022-04-01T10,ERCO,SUN,0
2022-04-01T11,ERCO,SUN,0
2022-04-01T12,ERCO,SUN,0
2022-04-01T13,ERCO,SUN,165
2022-04-01T14,ERCO,SUN,2198
2022-04-01T15,ERCO,SUN,4051
2022-04-01T16,ERCO,SUN,3638
2022-04-01T17,ERCO,SUN,3619
2022-04-01T18,ERCO,SUN,3542
2022-04-01T19,ERCO,SUN,3336
2022-04-01T20,ERCO,SUN,3311
2022-04-01T21,ERCO,SUN,3293
2022-04-01T22,ERCO,SUN,3505
2022-04-01T23,ERCO,SUN,3488
2022-04-02T00,ERCO,SUN,2647
2022-04-02T01,ERCO,SUN,1079
2022-04-02T02,ERCO,SUN,5
2022-04-02T03,ERCO,SUN,0
2022-04-02T04,ERCO,SUN,0
2022-04-02T05,ERCO,SUN,0
2022-04-02T06,ERCO,SUN,0
2022-04-02T07,ERCO,SUN,0
2022-04-02T08,ERCO,SUN,0
2022-04-02T09,ERCO,SUN,0
2022-04-02T10,ERCO,SUN,0
2022-04-02T11,ERCO,SUN,0
2022-04-02T12,ERCO,SUN,0
2022-04-02T13,ERCO,SUN,141
2022-04-02T14,ERCO,SUN,3422
2022-04-02T15,ERCO,SUN,7682
2022-04-02T16,ERCO,SUN,8507
2022-04-02T17,ERCO,SUN,8734
2022-04-02T18,ERCO,SUN,8780
2022-04-02T19,ERCO,SUN,8819
2022-04-02T20,ERCO,SUN,8827
2022-04-02T21,ERCO,SUN,8866
2022-04-02T22,ERCO,SUN,8874
2022-04-02T23,ERCO,SUN,8580
2022-04-03T00,ERCO,SUN,6635
2022-04-03T01,ERCO,SUN,1680
2022-04-03T02,ERCO,SUN,6
2022-04-03T03,ERCO,SUN,0
2022-04-03T04,ERCO,SUN,0
2022-04-03T05,ERCO,SUN,0
2022-04-03T06,ERCO,SUN,0
2022-04-03T07,ERCO,SUN,0
2022-04-03T08,ERCO,SUN,0
2022-04-03T09,ERCO,SUN,0
2022-04-03T10,ERCO,SUN,0
2022-04-03T11,ERCO,SUN,0
2022-04-03T12,ERCO,SUN,0
2022-04-03T13,ERCO,SUN,160
2022-04-03T14,ERCO,SUN,1833
2022-04-03T15,ERCO,SUN,3195
2022-04-03T16,ERCO,SUN,3289
2022-04-03T17,ERCO,SUN,3928
2022-04-03T18,ERCO,SUN,4393
2022-04-03T19,ERCO,SUN,6089
2022-04-03T20,ERCO,SUN,7975
2022-04-03T21,ERCO,SUN,8232
2022-04-03T22,ERCO,SUN,7387
2022-04-03T23,ERCO,SUN,5209
2022-04-04T00,ERCO,SUN,3068
2022-04-04T01,ERCO,SUN,736
2022-04-04T02,ERCO,SUN,5
2022-04-04T03,ERCO,SUN,0
2022-04-04T04,ERCO,SUN,0
2022-04-04T05,ERCO,SUN,0
2022-04-04T06,ERCO,SUN,0
2022-04-04T07,ERCO,SUN,0
2022-04-04T08,ERCO,SUN,0
2022-04-04T09,ERCO,SUN,0
2022-04-04T10,ERCO,SUN,0
2022-04-04T11,ERCO,SUN,0
2022-04-04T12,ERCO,SUN,0
2022-04-04T13,ERCO,SUN,75
2022-04-04T14,ERCO,SUN,1619
2022-04-04T15,ERCO,SUN,3951
2022-04-04T16,ERCO,SUN,4583
2022-04-04T17,ERCO,SUN,5356
2022-04-04T18,ERCO,SUN,5735
2022-04-04T19,ERCO,SUN,6115
2022-04-04T20,ERCO,SUN,6058
2022-04-04T21,ERCO,SUN,6290
2022-04-04T22,ERCO,SUN,5913
2022-04-04T23,ERCO,SUN,5809
2022-04-05T00,ERCO,SUN,4542
2022-04-05T01,ERCO,SUN,1309
2022-04-05T02,ERCO,SUN,7
2022-04-05T03,ERCO,SUN,0
2022-04-05T04,ERCO,SUN,0
2022-04-05T05,ERCO,SUN,0
2022-04-05T06,ERCO,SUN,0
2022-04-05T07,ERCO,SUN,0
2022-04-05T08,ERCO,SUN,0
2022-04-05T09,ERCO,SUN,0
2022-04-05T10,ERCO,SUN,0
2022-04-05T11,ERCO,SUN,0
2022-04-05T12,ERCO,SUN,0
2022-04-05T13,ERCO,SUN,154
2022-04-05T14,ERCO,SUN,2637
2022-04-05T15,ERCO,SUN,4577
2022-04-05T16,ERCO,SUN,5463
2022-04-05T17,ERCO,SUN,5160
2022-04-05T18,ERCO,SUN,4097
2022-04-05T19,ERCO,SUN,3562
2022-04-05T20,ERCO,SUN,3483
2022-04-05T21,ERCO,SUN,3237
2022-04-05T22,ERCO,SUN,3001
2022-04-05T23,ERCO,SUN,2734
2022-04-06T00,ERCO,SUN,2238
2022-04-06T01,ERCO,SUN,1108
2022-04-06T02,ERCO,SUN,7
2022-04-06T03,ERCO,SUN,0
2022-04-06T04,ERCO,SUN,0
2022-04-06T05,ERCO,SUN,0
2022-04-06T06,ERCO,SUN,0
2022-04-06T07,ERCO,SUN,0
2022-04-06T08,ERCO,SUN,0
2022-04-06T09,ERCO,SUN,0
2022-04-06T10,ERCO,SUN,0
2022-04-06T11,ERCO,SUN,0
2022-04-06T12,ERCO,SUN,0
2022-04-06T13,ERCO,SUN,176
2022-04-06T14,ERCO,SUN,2713
2022-04-06T15,ERCO,SUN,3052
2022-04-06T16,ERCO,SUN,2910
2022-04-06T17,ERCO,SUN,3425
2022-04-06T18,ERCO,SUN,4379
2022-04-06T19,ERCO,SUN,5940
2022-04-06T20,ERCO,SUN,7770
2022-04-06T21,ERCO,SUN,8579
2022-04-06T22,ERCO,SUN,8372
2022-04-06T23,ERCO,SUN,8144
2022-04-07T00,ERCO,SUN,6410
2022-04-07T01,ERCO,SUN,1689
2022-04-07T02,ERCO,SUN,10
2022-04-07T03,ERCO,SUN,0
2022-04-07T04,ERCO,SUN,0
2022-04-07T05,ERCO,SUN,0
2022-04-07T06,ERCO,SUN,0
2022-04-07T07,ERCO,SUN,0
2022-04-07T08,ERCO,SUN,0
2022-04-07T09,ERCO,SUN,0
2022-04-07T10,ERCO,SUN,0
2022-04-07T11,ERCO,SUN,0
2022-04-07T12,ERCO,SUN,0
2022-04-07T13,ERCO,SUN,303
2022-04-07T14,ERCO,SUN,4165
2022-04-07T15,ERCO,SUN,8027
2022-04-07T16,ERCO,SUN,7045
2022-04-07T17,ERCO,SUN,7752
2022-04-07T18,ERCO,SUN,8774
2022-04-07T19,ERCO,SUN,8941
2022-04-07T20,ERCO,SUN,8900
2022-04-07T21,ERCO,SUN,8665
2022-04-07T22,ERCO,SUN,8271
2022-04-07T23,ERCO,SUN,8107
2022-04-08T00,ERCO,SUN,6286
2022-04-08T01,ERCO,SUN,1777
2022-04-08T02,ERCO,SUN,10
2022-04-08T03,ERCO,SUN,0
2022-04-08T04,ERCO,SUN,0
2022-04-08T05,ERCO,SUN,0
2022-04-08T06,ERCO,SUN,0
2022-04-08T07,ERCO,SUN,0
2022-04-08T08,ERCO,SUN,0
2022-04-08T09,ERCO,SUN,0
2022-04-08T10,ERCO,SUN,0
2022-04-08T11,ERCO,SUN,0
2022-04-08T12,ERCO,SUN,0
2022-04-08T13,ERCO,SUN,318
2022-04-08T14,ERCO,SUN,4494
2022-04-08T15,ERCO,SUN,8431
2022-04-08T16,ERCO,SUN,8889
2022-04-08T17,ERCO,SUN,8964
2022-04-08T18,ERCO,SUN,8972
2022-04-08T19,ERCO,SUN,8879
2022-04-08T20,ERCO,SUN,8986
2022-04-08T21,ERCO,SUN,8969
2022-04-08T22,ERCO,SUN,8917
2022-04-08T23,ERCO,SUN,8700
2022-04-09T00,ERCO,SUN,6826
2022-04-09T01,ERCO,SUN,1838
2022-04-09T02,ERCO,SUN,13
2022-04-09T03,ERCO,SUN,0
2022-04-09T04,ERCO,SUN,0
2022-04-09T05,ERCO,SUN,0
2022-04-09T06,ERCO,SUN,0
2022-04-09T07,ERCO,SUN,0
2022-04-09T08,ERCO,SUN,0
2022-04-09T09,ERCO,SUN,0
2022-04-09T10,ERCO,SUN,0
2022-04-09T11,ERCO,SUN,0
2022-04-09T12,ERCO,SUN,0
2022-04-09T13,ERCO,SUN,376
2022-04-09T14,ERCO,SUN,3282
2022-04-09T15,ERCO,SUN,5421
2022-04-09T16,ERCO,SUN,4868
2022-04-09T17,ERCO,SUN,4511
2022-04-09T18,ERCO,SUN,4193
2022-04-09T19,ERCO,SUN,4182
2022-04-09T20,ERCO,SUN,4289
2022-04-09T21,ERCO,SUN,4087
2022-04-09T22,ERCO,SUN,3913
2022-04-09T23,ERCO,SUN,3892
2022-04-10T00,ERCO,SUN,3140
2022-04-10T01,ERCO,SUN,1237
2022-04-10T02,ERCO,SUN,13
2022-04-10T03,ERCO,SUN,0
2022-04-10T04,ERCO,SUN,0
2022-04-10T05,ERCO,SUN,0
2022-04-10T06,ERCO,SUN,0
2022-04-10T07,ERCO,SUN,0
2022-04-10T08,ERCO,SUN,0
2022-04-10T09,ERCO,SUN,0
2022-04-10T10,ERCO,SUN,0
2022-04-10T11,ERCO,SUN,0
2022-04-10T12,ERCO,SUN,0
2022-04-10T13,ERCO,SUN,175
2022-04-10T14,ERCO,SUN,2297
2022-04-10T15,ERCO,SUN,4119
2022-04-10T16,ERCO,SUN,5255
2022-04-10T17,ERCO,SUN,6513
2022-04-10T18,ERCO,SUN,6177
2022-04-10T19,ERCO,SUN,6065
2022-04-10T20,ERCO,SUN,6301
2022-04-10T21,ERCO,SUN,6226
2022-04-10T22,ERCO,SUN,6083
2022-04-10T23,ERCO,SUN,5303
2022-04-11T00,ERCO,SUN,4512
2022-04-11T01,ERCO,SUN,1683
2022-04-11T02,ERCO,SUN,61
2022-04-11T03,ERCO,SUN,0
2022-04-11T04,ERCO,SUN,0
2022-04-11T05,ERCO,SUN,0
2022-04-11T06,ERCO,SUN,0
2022-04-11T07,ERCO,SUN,0
2022-04-11T08,ERCO,SUN,0
2022-04-11T09,ERCO,SUN,0
2022-04-11T10,ERCO,SUN,0
2022-04-11T11,ERCO,SUN,0
2022-04-11T12,ERCO,SUN,0
2022-04-11T13,ERCO,SUN,243
2022-04-11T14,ERCO,SUN,3695
2022-04-11T15,ERCO,SUN,6813
2022-04-11T16,ERCO,SUN,7600
2022-04-11T17,ERCO,SUN,7832
2022-04-11T18,ERCO,SUN,8115
2022-04-11T19,ERCO,SUN,8121
2022-04-11T20,ERCO,SUN,8049
2022-04-11T21,ERCO,SUN,8013
2022-04-11T22,ERCO,SUN,7786
2022-04-11T23,ERCO,SUN,7764
2022-04-12T00,ERCO,SUN,6112
2022-04-12T01,ERCO,SUN,1929
2022-04-12T02,ERCO,SUN,20
2022-04-12T03,ERCO,SUN,0
2022-04-12T04,ERCO,SUN,0
2022-04-12T05,ERCO,SUN,0
2022-04-12T06,ERCO,SUN,0
2022-04-12T07,ERCO,SUN,0
2022-04-12T08,ERCO,SUN,0
2022-04-12T09,ERCO,SUN,0
2022-04-12T10,ERCO,SUN,0
2022-04-12T11,ERCO,SUN,0
2022-04-12T12,ERCO,SUN,0
2022-04-12T13,ERCO,SUN,107
2022-04-12T14,ERCO,SUN,1676
2022-04-12T15,ERCO,SUN,2306
2022-04-12T16,ERCO,SUN,2472
2022-04-12T17,ERCO,SUN,3332
2022-04-12T18,ERCO,SUN,3752
2022-04-12T19,ERCO,SUN,3848
2022-04-12T20,ERCO,SUN,3297
2022-04-12T21,ERCO,SUN,3126
2022-04-12T22,ERCO,SUN,2539
2022-04-12T23,ERCO,SUN,1841
2022-04-13T00,ERCO,SUN,1409
2022-04-13T01,ERCO,SUN,611
2022-04-13T02,ERCO,SUN,14
2022-04-13T03,ERCO,SUN,0
2022-04-13T04,ERCO,SUN,0
2022-04-13T05,ERCO,SUN,0
2022-04-13T06,ERCO,SUN,0
2022-04-13T07,ERCO,SUN,0
2022-04-13T08,ERCO,SUN,0
2022-04-13T09,ERCO,SUN,0
2022-04-13T10,ERCO,SUN,0
2022-04-13T11,ERCO,SUN,0
2022-04-13T12,ERCO,SUN,0
2022-04-13T13,ERCO,SUN,172
2022-04-13T14,ERCO,SUN,2326
2022-04-13T15,ERCO,SUN,4149
2022-04-13T16,ERCO,SUN,7045
2022-04-13T17,ERCO,SUN,7050
2022-04-13T18,ERCO,SUN,6328
2022-04-13T19,ERCO,SUN,5484
2022-04-13T20,ERCO,SUN,4771
2022-04-13T21,ERCO,SUN,5142
2022-04-13T22,ERCO,SUN,5674
2022-04-13T23,ERCO,SUN,6232
2022-04-14T00,ERCO,SUN,6428
2022-04-14T01,ERCO,SUN,2075
2022-04-14T02,ERCO,SUN,24
2022-04-14T03,ERCO,SUN,0
2022-04-14T04,ERCO,SUN,0
2022-04-14T05,ERCO,SUN,0
2022-04-14T06,ERCO,SUN,0
2022-04-14T07,ERCO,SUN,0
2022-04-14T08,ERCO,SUN,0
2022-04-14T09,ERCO,SUN,0
2022-04-14T10,ERCO,SUN,0
2022-04-14T11,ERCO,SUN,0
2022-04-14T12,ERCO,SUN,0
2022-04-14T13,ERCO,SUN,570
2022-04-14T14,ERCO,SUN,4975
2022-04-14T15,ERCO,SUN,7596
2022-04-14T16,ERCO,SUN,7518
2022-04-14T17,ERCO,SUN,8054
2022-04-14T18,ERCO,SUN,8619
2022-04-14T19,ERCO,SUN,8707
2022-04-14T20,ERCO,SUN,8324
2022-04-14T21,ERCO,SUN,7255
2022-04-14T22,ERCO,SUN,5862
2022-04-14T23,ERCO,SUN,4584
2022-04-15T00,ERCO,SUN,3012
2022-04-15T01,ERCO,SUN,1000
2022-04-15T02,ERCO,SUN,23
2022-04-15T03,ERCO,SUN,0
2022-04-15T04,ERCO,SUN,0
2022-04-15T05,ERCO,SUN,0
2022-04-15T06,ERCO,SUN,0
2022-04-15T07,ERCO,SUN,0
2022-04-15T08,ERCO,SUN,0
2022-04-15T09,ERCO,SUN,0
2022-04-15T10,ERCO,SUN,0
2022-04-15T11,ERCO,SUN,0
2022-04-15T12,ERCO,SUN,0
2022-04-15T13,ERCO,SUN,217
2022-04-15T14,ERCO,SUN,1485
2022-04-15T15,ERCO,SUN,1934
2022-04-15T16,ERCO,SUN,2534
2022-04-15T17,ERCO,SUN,4188
2022-04-15T18,ERCO,SUN,5821
2022-04-15T19,ERCO,SUN,7326
2022-04-15T20,ERCO,SUN,6883
2022-04-15T21,ERCO,SUN,6550
2022-04-15T22,ERCO,SUN,6588
2022-04-15T23,ERCO,SUN,6298
2022-04-16T00,ERCO,SUN,4557
2022-04-16T01,ERCO,SUN,1106
2022-04-16T02,ERCO,SUN,11
2022-04-16T03,ERCO,SUN,0
2022-04-16T04,ERCO,SUN,0
2022-04-16T05,ERCO,SUN,0
2022-04-16T06,ERCO,SUN,0
2022-04-16T07,ERCO,SUN,0
2022-04-16T08,ERCO,SUN,0
2022-04-16T09,ERCO,SUN,0
2022-04-16T10,ERCO,SUN,0
2022-04-16T11,ERCO,SUN,0
2022-04-16T12,ERCO,SUN,0
2022-04-16T13,ERCO,SUN,234
2022-04-16T14,ERCO,SUN,2737
2022-04-16T15,ERCO,SUN,3748
2022-04-16T16,ERCO,SUN,3528
2022-04-16T17,ERCO,SUN,4590
2022-04-16T18,ERCO,SUN,6412
2022-04-16T19,ERCO,SUN,6983
2022-04-16T20,ERCO,SUN,6984
2022-04-16T21,ERCO,SUN,6859
2022-04-16T22,ERCO,SUN,6353
2022-04-16T23,ERCO,SUN,5015
2022-04-17T00,ERCO,SUN,3778
2022-04-17T01,ERCO,SUN,869
2022-04-17T02,ERCO,SUN,25
2022-04-17T03,ERCO,SUN,0
2022-04-17T04,ERCO,SUN,0
2022-04-17T05,ERCO,SUN,0
2022-04-17T06,ERCO,SUN,0
2022-04-17T07,ERCO,SUN,0
2022-04-17T08,ERCO,SUN,0
2022-04-17T09,ERCO,SUN,0
2022-04-17T10,ERCO,SUN,0
2022-04-17T11,ERCO,SUN,0
2022-04-17T12,ERCO,SUN,0
2022-04-17T13,ERCO,SUN,289
2022-04-17T14,ERCO,SUN,3381
2022-04-17T15,ERCO,SUN,5972
2022-04-17T16,ERCO,SUN,6738
2022-04-17T17,ERCO,SUN,7320
2022-04-17T18,ERCO,SUN,7715
2022-04-17T19,ERCO,SUN,7669
2022-04-17T20,ERCO,SUN,7855
2022-04-17T21,ERCO,SUN,8154
2022-04-17T22,ERCO,SUN,7931
2022-04-17T23,ERCO,SUN,7763
2022-04-18T00,ERCO,SUN,6312
2022-04-18T01,ERCO,SUN,2134
2022-04-18T02,ERCO,SUN,33
2022-04-18T03,ERCO,SUN,0
2022-04-18T04,ERCO,SUN,0
2022-04-18T05,ERCO,SUN,0
2022-04-18T06,ERCO,SUN,0
2022-04-18T07,ERCO,SUN,0
2022-04-18T08,ERCO,SUN,0
2022-04-18T09,ERCO,SUN,0
2022-04-18T10,ERCO,SUN,0
2022-04-18T11,ERCO,SUN,0
2022-04-18T12,ERCO,SUN,0
2022-04-18T13,ERCO,SUN,421
2022-04-18T14,ERCO,SUN,3882
2022-04-18T15,ERCO,SUN,6190
2022-04-18T16,ERCO,SUN,6909
2022-04-18T17,ERCO,SUN,7539
2022-04-18T18,ERCO,SUN,8115
2022-04-18T19,ERCO,SUN,8461
2022-04-18T20,ERCO,SUN,8457
2022-04-18T21,ERCO,SUN,8529
2022-04-18T22,ERCO,SUN,8221
2022-04-18T23,ERCO,SUN,7546
2022-04-19T00,ERCO,SUN,5664
2022-04-19T01,ERCO,SUN,1788
2022-04-19T02,ERCO,SUN,278
2022-04-19T03,ERCO,SUN,257
2022-04-19T04,ERCO,SUN,257
2022-04-19T05,ERCO,SUN,114
2022-04-19T06,ERCO,SUN,0
2022-04-19T07,ERCO,SUN,0
2022-04-19T08,ERCO,SUN,0
2022-04-19T09,ERCO,SUN,0
2022-04-19T10,ERCO,SUN,0
2022-04-19T11,ERCO,SUN,0
2022-04-19T12,ERCO,SUN,1
2022-04-19T13,ERCO,SUN,248
2022-04-19T14,ERCO,SUN,1583
2022-04-19T15,ERCO,SUN,2400
2022-04-19T16,ERCO,SUN,2299
2022-04-19T17,ERCO,SUN,2743
2022-04-19T18,ERCO,SUN,2886
2022-04-19T19,ERCO,SUN,2828
2022-04-19T20,ERCO,SUN,2718
2022-04-19T21,ERCO,SUN,2422
2022-04-19T22,ERCO,SUN,1935
2022-04-19T23,ERCO,SUN,1310
2022-04-20T00,ERCO,SUN,573
2022-04-20T01,ERCO,SUN,179
2022-04-20T02,ERCO,SUN,5
2022-04-20T03,ERCO,SUN,0
2022-04-20T04,ERCO,SUN,0
2022-04-20T05,ERCO,SUN,0
2022-04-20T06,ERCO,SUN,0
2022-04-20T07,ERCO,SUN,0
2022-04-20T08,ERCO,SUN,0
2022-04-20T09,ERCO,SUN,0
2022-04-20T10,ERCO,SUN,0
2022-04-20T11,ERCO,SUN,0
2022-04-20T12,ERCO,SUN,0
2022-04-20T13,ERCO,SUN,158
2022-04-20T14,ERCO,SUN,1312
2022-04-20T15,ERCO,SUN,2039
2022-04-20T16,ERCO,SUN,2633
2022-04-20T17,ERCO,SUN,3110
2022-04-20T18,ERCO,SUN,4973
2022-04-20T19,ERCO,SUN,6889
2022-04-20T20,ERCO,SUN,7287
2022-04-20T21,ERCO,SUN,7077
2022-04-20T22,ERCO,SUN,7101
2022-04-20T23,ERCO,SUN,6699
2022-04-21T00,ERCO,SUN,5449
2022-04-21T01,ERCO,SUN,2136
2022-04-21T02,ERCO,SUN,41
2022-04-21T03,ERCO,SUN,0
2022-04-21T04,ERCO,SUN,0
2022-04-21T05,ERCO,SUN,0
2022-04-21T06,ERCO,SUN,0
2022-04-21T07,ERCO,SUN,0
2022-04-21T08,ERCO,SUN,0
2022-04-21T09,ERCO,SUN,0
2022-04-21T10,ERCO,SUN,0
2022-04-21T11,ERCO,SUN,0
2022-04-21T12,ERCO,SUN,0
2022-04-21T13,ERCO,SUN,361
2022-04-21T14,ERCO,SUN,2824
2022-04-21T15,ERCO,SUN,3149
2022-04-21T16,ERCO,SUN,4326
2022-04-21T17,ERCO,SUN,5837
2022-04-21T18,ERCO,SUN,7383
2022-04-21T19,ERCO,SUN,7665
2022-04-21T20,ERCO,SUN,7746
2022-04-21T21,ERCO,SUN,7258
2022-04-21T22,ERCO,SUN,6050
2022-04-21T23,ERCO,SUN,4045
2022-04-22T00,ERCO,SUN,2683
2022-04-22T01,ERCO,SUN,885
2022-04-22T02,ERCO,SUN,33
2022-04-22T03,ERCO,SUN,0
2022-04-22T04,ERCO,SUN,0
2022-04-22T05,ERCO,SUN,0
2022-04-22T06,ERCO,SUN,0
2022-04-22T07,ERCO,SUN,0
2022-04-22T08,ERCO,SUN,0
2022-04-22T09,ERCO,SUN,0
2022-04-22T10,ERCO,SUN,0
2022-04-22T11,ERCO,SUN,0
2022-04-22T12,ERCO,SUN,0
2022-04-22T13,ERCO,SUN,217
2022-04-22T14,ERCO,SUN,1159
2022-04-22T15,ERCO,SUN,1593
2022-04-22T16,ERCO,SUN,1720
2022-04-22T17,ERCO,SUN,1629
2022-04-22T18,ERCO,SUN,1923
2022-04-22T19,ERCO,SUN,2054
2022-04-22T20,ERCO,SUN,2155
2022-04-22T21,ERCO,SUN,2418
2022-04-22T22,ERCO,SUN,2599
2022-04-22T23,ERCO,SUN,2627
2022-04-23T00,ERCO,SUN,2037
2022-04-23T01,ERCO,SUN,824
2022-04-23T02,ERCO,SUN,26
2022-04-23T03,ERCO,SUN,0
2022-04-23T04,ERCO,SUN,0
2022-04-23T05,ERCO,SUN,0
2022-04-23T06,ERCO,SUN,0
2022-04-23T07,ERCO,SUN,0
2022-04-23T08,ERCO,SUN,0
2022-04-23T09,ERCO,SUN,0
2022-04-23T10,ERCO,SUN,0
2022-04-23T11,ERCO,SUN,0
2022-04-23T12,ERCO,SUN,1
2022-04-23T13,ERCO,SUN,283
2022-04-23T14,ERCO,SUN,1429
2022-04-23T15,ERCO,SUN,2114
2022-04-23T16,ERCO,SUN,3311
2022-04-23T17,ERCO,SUN,4313
2022-04-23T18,ERCO,SUN,5487
2022-04-23T19,ERCO,SUN,6501
2022-04-23T20,ERCO,SUN,6484
2022-04-23T21,ERCO,SUN,5552
2022-04-23T22,ERCO,SUN,5050
2022-04-23T23,ERCO,SUN,4733
2022-04-24T00,ERCO,SUN,3419
2022-04-24T01,ERCO,SUN,1617
2022-04-24T02,ERCO,SUN,61
2022-04-24T03,ERCO,SUN,0
2022-04-24T04,ERCO,SUN,0
2022-04-24T05,ERCO,SUN,0
2022-04-24T06,ERCO,SUN,0
2022-04-24T07,ERCO,SUN,0
2022-04-24T08,ERCO,SUN,0
2022-04-24T09,ERCO,SUN,0
2022-04-24T10,ERCO,SUN,0
2022-04-24T11,ERCO,SUN,0
2022-04-24T12,ERCO,SUN,1
2022-04-24T13,ERCO,SUN,328
2022-04-24T14,ERCO,SUN,2527
2022-04-24T15,ERCO,SUN,3913
2022-04-24T16,ERCO,SUN,4757
2022-04-24T17,ERCO,SUN,5755
2022-04-24T18,ERCO,SUN,5834
2022-04-24T19,ERCO,SUN,5739
2022-04-24T20,ERCO,SUN,6365
2022-04-24T21,ERCO,SUN,6167
2022-04-24T22,ERCO,SUN,6067
2022-04-24T23,ERCO,SUN,5711
2022-04-25T00,ERCO,SUN,4738
2022-04-25T01,ERCO,SUN,1782
2022-04-25T02,ERCO,SUN,51
2022-04-25T03,ERCO,SUN,0
2022-04-25T04,ERCO,SUN,0
2022-04-25T05,ERCO,SUN,0
2022-04-25T06,ERCO,SUN,0
2022-04-25T07,ERCO,SUN,0
2022-04-25T08,ERCO,SUN,0
2022-04-25T09,ERCO,SUN,0
2022-04-25T10,ERCO,SUN,0
2022-04-25T11,ERCO,SUN,0
2022-04-25T12,ERCO,SUN,0
2022-04-25T13,ERCO,SUN,171
2022-04-25T14,ERCO,SUN,1260
2022-04-25T15,ERCO,SUN,1956
2022-04-25T16,ERCO,SUN,2246
2022-04-25T17,ERCO,SUN,2789
2022-04-25T18,ERCO,SUN,4568
2022-04-25T19,ERCO,SUN,5830
2022-04-25T20,ERCO,SUN,6144
2022-04-25T21,ERCO,SUN,6269
2022-04-25T22,ERCO,SUN,6013
2022-04-25T23,ERCO,SUN,5671
2022-04-26T00,ERCO,SUN,5063
2022-04-26T01,ERCO,SUN,2048
2022-04-26T02,ERCO,SUN,52
2022-04-26T03,ERCO,SUN,0
2022-04-26T04,ERCO,SUN,0
2022-04-26T05,ERCO,SUN,0
2022-04-26T06,ERCO,SUN,0
2022-04-26T07,ERCO,SUN,0
2022-04-26T08,ERCO,SUN,0
2022-04-26T09,ERCO,SUN,0
2022-04-26T10,ERCO,SUN,0
2022-04-26T11,ERCO,SUN,0
2022-04-26T12,ERCO,SUN,3
2022-04-26T13,ERCO,SUN,760
2022-04-26T14,ERCO,SUN,4161
2022-04-26T15,ERCO,SUN,5935
2022-04-26T16,ERCO,SUN,6443
2022-04-26T17,ERCO,SUN,6891
2022-04-26T18,ERCO,SUN,7033
2022-04-26T19,ERCO,SUN,7213
2022-04-26T20,ERCO,SUN,7544
2022-04-26T21,ERCO,SUN,7685
2022-04-26T22,ERCO,SUN,7783
2022-04-26T23,ERCO,SUN,7227
2022-04-27T00,ERCO,SUN,5908
2022-04-27T01,ERCO,SUN,2348
2022-04-27T02,ERCO,SUN,55
2022-04-27T03,ERCO,SUN,0
2022-04-27T04,ERCO,SUN,0
2022-04-27T05,ERCO,SUN,0
2022-04-27T06,ERCO,SUN,0
2022-04-27T07,ERCO,SUN,0
2022-04-27T08,ERCO,SUN,0
2022-04-27T09,ERCO,SUN,0
2022-04-27T10,ERCO,SUN,0
2022-04-27T11,ERCO,SUN,0
2022-04-27T12,ERCO,SUN,4
2022-04-27T13,ERCO,SUN,537
2022-04-27T14,ERCO,SUN,2459
2022-04-27T15,ERCO,SUN,4302
2022-04-27T16,ERCO,SUN,5975
2022-04-27T17,ERCO,SUN,6341
2022-04-27T18,ERCO,SUN,5928
2022-04-27T19,ERCO,SUN,5366
2022-04-27T20,ERCO,SUN,5115
2022-04-27T21,ERCO,SUN,4526
2022-04-27T22,ERCO,SUN,3852
2022-04-27T23,ERCO,SUN,3694
2022-04-28T00,ERCO,SUN,2794
2022-04-28T01,ERCO,SUN,867
2022-04-28T02,ERCO,SUN,25
2022-04-28T03,ERCO,SUN,0
2022-04-28T04,ERCO,SUN,0
2022-04-28T05,ERCO,SUN,0
2022-04-28T06,ERCO,SUN,0
2022-04-28T07,ERCO,SUN,0
2022-04-28T08,ERCO,SUN,0
2022-04-28T09,ERCO,SUN,0
2022-04-28T10,ERCO,SUN,0
2022-04-28T11,ERCO,SUN,0
2022-04-28T12,ERCO,SUN,3
2022-04-28T13,ERCO,SUN,635
2022-04-28T14,ERCO,SUN,3807
2022-04-28T15,ERCO,SUN,5001
2022-04-28T16,ERCO,SUN,5889
2022-04-28T17,ERCO,SUN,6993
2022-04-28T18,ERCO,SUN,7373
2022-04-28T19,ERCO,SUN,7720
2022-04-28T20,ERCO,SUN,6994
2022-04-28T21,ERCO,SUN,6033
2022-04-28T22,ERCO,SUN,5454
2022-04-28T23,ERCO,SUN,4680
2022-04-29T00,ERCO,SUN,4214
2022-04-29T01,ERCO,SUN,2115
2022-04-29T02,ERCO,SUN,161
2022-04-29T03,ERCO,SUN,95
2022-04-29T04,ERCO,SUN,95
2022-04-29T05,ERCO,SUN,95
2022-04-29T06,ERCO,SUN,95
2022-04-29T07,ERCO,SUN,95
2022-04-29T08,ERCO,SUN,95
2022-04-29T09,ERCO,SUN,95
2022-04-29T10,ERCO,SUN,95
2022-04-29T11,ERCO,SUN,95
2022-04-29T12,ERCO,SUN,11
2022-04-29T13,ERCO,SUN,632
2022-04-29T14,ERCO,SUN,3020
2022-04-29T15,ERCO,SUN,3297
2022-04-29T16,ERCO,SUN,4119
2022-04-29T17,ERCO,SUN,5103
2022-04-29T18,ERCO,SUN,6454
2022-04-29T19,ERCO,SUN,6910
2022-04-29T20,ERCO,SUN,6850
2022-04-29T21,ERCO,SUN,6540
2022-04-29T22,ERCO,SUN,6074
2022-04-29T23,ERCO,SUN,5599
2022-04-30T00,ERCO,SUN,4636
2022-04-30T01,ERCO,SUN,2322
2022-04-30T02,ERCO,SUN,81
2022-04-30T03,ERCO,SUN,0
2022-04-30T04,ERCO,SUN,0
2022-04-30T05,ERCO,SUN,0
2022-04-30T06,ERCO,SUN,0
2022-04-30T07,ERCO,SUN,0
2022-04-30T08,ERCO,SUN,0
2022-04-30T09,ERCO,SUN,0
2022-04-30T10,ERCO,SUN,0
2022-04-30T11,ERCO,SUN,0
2022-04-30T12,ERCO,SUN,1
2022-04-30T13,ERCO,SUN,726
2022-04-30T14,ERCO,SUN,4281
2022-04-30T15,ERCO,SUN,4212
2022-04-30T16,ERCO,SUN,3546
2022-04-30T17,ERCO,SUN,4979
2022-04-30T18,ERCO,SUN,7070
2022-04-30T19,ERCO,SUN,8299
2022-04-30T20,ERCO,SUN,8514
2022-04-30T21,ERCO,SUN,8648
2022-04-30T22,ERCO,SUN,8731
2022-04-30T23,ERCO,SUN,8278
2022-05-01T00,ERCO,SUN,6772
2022-05-01T01,ERCO,SUN,2561
2022-05-01T02,ERCO,SUN,75
2022-05-01T03,ERCO,SUN,0
2022-05-01T04,ERCO,SUN,0
2022-05-01T05,ERCO,SUN,0
2022-05-01T06,ERCO,SUN,0
2022-05-01T07,ERCO,SUN,0
2022-05-01T08,ERCO,SUN,0
2022-05-01T09,ERCO,SUN,0
2022-05-01T10,ERCO,SUN,0
2022-05-01T11,ERCO,SUN,0
2022-05-01T12,ERCO,SUN,6
2022-05-01T13,ERCO,SUN,559
2022-05-01T14,ERCO,SUN,2503
2022-05-01T15,ERCO,SUN,3827
2022-05-01T16,ERCO,SUN,4407
2022-05-01T17,ERCO,SUN,4571
2022-05-01T18,ERCO,SUN,4896
2022-05-01T19,ERCO,SUN,5271
2022-05-01T20,ERCO,SUN,5429
2022-05-01T21,ERCO,SUN,4894
2022-05-01T22,ERCO,SUN,4308
2022-05-01T23,ERCO,SUN,2951
2022-05-02T00,ERCO,SUN,2185
2022-05-02T01,ERCO,SUN,879
2022-05-02T02,ERCO,SUN,47
2022-05-02T03,ERCO,SUN,0
2022-05-02T04,ERCO,SUN,0
2022-05-02T05,ERCO,SUN,0
2022-05-02T06,ERCO,SUN,0
2022-05-02T07,ERCO,SUN,0
2022-05-02T08,ERCO,SUN,0
2022-05-02T09,ERCO,SUN,0
2022-05-02T10,ERCO,SUN,0
2022-05-02T11,ERCO,SUN,0
2022-05-02T12,ERCO,SUN,0
2022-05-02T13,ERCO,SUN,470
2022-05-02T14,ERCO,SUN,2745
2022-05-02T15,ERCO,SUN,3640
2022-05-02T16,ERCO,SUN,4033
2022-05-02T17,ERCO,SUN,4222
2022-05-02T18,ERCO,SUN,4883
2022-05-02T19,ERCO,SUN,6715
2022-05-02T20,ERCO,SUN,7119
2022-05-02T21,ERCO,SUN,7357
2022-05-02T22,ERCO,SUN,7278
2022-05-02T23,ERCO,SUN,7209
2022-05-03T00,ERCO,SUN,6181
2022-05-03T01,ERCO,SUN,2546
2022-05-03T02,ERCO,SUN,94
2022-05-03T03,ERCO,SUN,0
2022-05-03T04,ERCO,SUN,0
2022-05-03T05,ERCO,SUN,0
2022-05-03T06,ERCO,SUN,0
2022-05-03T07,ERCO,SUN,0
2022-05-03T08,ERCO,SUN,0
2022-05-03T09,ERCO,SUN,0
2022-05-03T10,ERCO,SUN,0
2022-05-03T11,ERCO,SUN,0
2022-05-03T12,ERCO,SUN,1
2022-05-03T13,ERCO,SUN,524
2022-05-03T14,ERCO,SUN,2967
2022-05-03T15,ERCO,SUN,4260
2022-05-03T16,ERCO,SUN,4799
2022-05-03T17,ERCO,SUN,5992
2022-05-03T18,ERCO,SUN,6709
2022-05-03T19,ERCO,SUN,7138
2022-05-03T20,ERCO,SUN,7138
2022-05-03T21,ERCO,SUN,6684
2022-05-03T22,ERCO,SUN,5852
2022-05-03T23,ERCO,SUN,4154
2022-05-04T00,ERCO,SUN,2284
2022-05-04T01,ERCO,SUN,695
2022-05-04T02,ERCO,SUN,39
2022-05-04T03,ERCO,SUN,26
2022-05-04T04,ERCO,SUN,26
2022-05-04T05,ERCO,SUN,2
2022-05-04T06,ERCO,SUN,0
2022-05-04T07,ERCO,SUN,0
2022-05-04T08,ERCO,SUN,0
2022-05-04T09,ERCO,SUN,0
2022-05-04T10,ERCO,SUN,0
2022-05-04T11,ERCO,SUN,0
2022-05-04T12,ERCO,SUN,1
2022-05-04T13,ERCO,SUN,225
2022-05-04T14,ERCO,SUN,1509
2022-05-04T15,ERCO,SUN,3442
2022-05-04T16,ERCO,SUN,4859
2022-05-04T17,ERCO,SUN,5155
2022-05-04T18,ERCO,SUN,6115
2022-05-04T19,ERCO,SUN,6374
2022-05-04T20,ERCO,SUN,6316
2022-05-04T21,ERCO,SUN,6201
2022-05-04T22,ERCO,SUN,4806
2022-05-04T23,ERCO,SUN,4067
2022-05-05T00,ERCO,SUN,3224
2022-05-05T01,ERCO,SUN,1284
2022-05-05T02,ERCO,SUN,81
2022-05-05T03,ERCO,SUN,0
2022-05-05T04,ERCO,SUN,0
2022-05-05T05,ERCO,SUN,0
2022-05-05T06,ERCO,SUN,0
2022-05-05T07,ERCO,SUN,0
2022-05-05T08,ERCO,SUN,0
2022-05-05T09,ERCO,SUN,0
2022-05-05T10,ERCO,SUN,0
2022-05-05T11,ERCO,SUN,0
2022-05-05T12,ERCO,SUN,1
2022-05-05T13,ERCO,SUN,473
2022-05-05T14,ERCO,SUN,2882
2022-05-05T15,ERCO,SUN,4706
2022-05-05T16,ERCO,SUN,6123
2022-05-05T17,ERCO,SUN,6630
2022-05-05T18,ERCO,SUN,6858
2022-05-05T19,ERCO,SUN,6769
2022-05-05T20,ERCO,SUN,6706
2022-05-05T21,ERCO,SUN,6702
2022-05-05T22,ERCO,SUN,6269
2022-05-05T23,ERCO,SUN,6041
2022-05-06T00,ERCO,SUN,6243
2022-05-06T01,ERCO,SUN,2843
2022-05-06T02,ERCO,SUN,118
2022-05-06T03,ERCO,SUN,0
2022-05-06T04,ERCO,SUN,0
2022-05-06T05,ERCO,SUN,0
2022-05-06T06,ERCO,SUN,0
2022-05-06T07,ERCO,SUN,0
2022-05-06T08,ERCO,SUN,0
2022-05-06T09,ERCO,SUN,0
2022-05-06T10,ERCO,SUN,0
2022-05-06T11,ERCO,SUN,0
2022-05-06T12,ERCO,SUN,15
2022-05-06T13,ERCO,SUN,1594
2022-05-06T14,ERCO,SUN,6277
2022-05-06T15,ERCO,SUN,8137
2022-05-06T16,ERCO,SUN,8497
2022-05-06T17,ERCO,SUN,8652
2022-05-06T18,ERCO,SUN,8654
2022-05-06T19,ERCO,SUN,8626
2022-05-06T20,ERCO,SUN,8586
2022-05-06T21,ERCO,SUN,8484
2022-05-06T22,ERCO,SUN,8266
2022-05-06T23,ERCO,SUN,8095
2022-05-07T00,ERCO,SUN,6119
2022-05-07T01,ERCO,SUN,2217
2022-05-07T02,ERCO,SUN,96
2022-05-07T03,ERCO,SUN,0
2022-05-07T04,ERCO,SUN,0
2022-05-07T05,ERCO,SUN,0
2022-05-07T06,ERCO,SUN,0
2022-05-07T07,ERCO,SUN,0
2022-05-07T08,ERCO,SUN,0
2022-05-07T09,ERCO,SUN,0
2022-05-07T10,ERCO,SUN,0
2022-05-07T11,ERCO,SUN,0
2022-05-07T12,ERCO,SUN,8
2022-05-07T13,ERCO,SUN,1188
2022-05-07T14,ERCO,SUN,5526
2022-05-07T15,ERCO,SUN,7495
2022-05-07T16,ERCO,SUN,7943
2022-05-07T17,ERCO,SUN,8432
2022-05-07T18,ERCO,SUN,8566
2022-05-07T19,ERCO,SUN,8597
2022-05-07T20,ERCO,SUN,8432
2022-05-07T21,ERCO,SUN,7766
2022-05-07T22,ERCO,SUN,7265
2022-05-07T23,ERCO,SUN,6243
2022-05-08T00,ERCO,SUN,5223
2022-05-08T01,ERCO,SUN,2596
2022-05-08T02,ERCO,SUN,124
2022-05-08T03,ERCO,SUN,0
2022-05-08T04,ERCO,SUN,0
2022-05-08T05,ERCO,SUN,0
2022-05-08T06,ERCO,SUN,0
2022-05-08T07,ERCO,SUN,0
2022-05-08T08,ERCO,SUN,0
2022-05-08T09,ERCO,SUN,0
2022-05-08T10,ERCO,SUN,0
2022-05-08T11,ERCO,SUN,0
2022-05-08T12,ERCO,SUN,5
2022-05-08T13,ERCO,SUN,1217
2022-05-08T14,ERCO,SUN,5338
2022-05-08T15,ERCO,SUN,7768
2022-05-08T16,ERCO,SUN,8438
2022-05-08T17,ERCO,SUN,8743
2022-05-08T18,ERCO,SUN,8804
2022-05-08T19,ERCO,SUN,8796
2022-05-08T20,ERCO,SUN,8703
2022-05-08T21,ERCO,SUN,8506
2022-05-08T22,ERCO,SUN,8105
2022-05-08T23,ERCO,SUN,7349
2022-05-09T00,ERCO,SUN,6106
2022-05-09T01,ERCO,SUN,2855
2022-05-09T02,ERCO,SUN,171
2022-05-09T03,ERCO,SUN,0
2022-05-09T04,ERCO,SUN,0
2022-05-09T05,ERCO,SUN,0
2022-05-09T06,ERCO,SUN,0
2022-05-09T07,ERCO,SUN,0
2022-05-09T08,ERCO,SUN,0
2022-05-09T09,ERCO,SUN,0
2022-05-09T10,ERCO,SUN,0
2022-05-09T11,ERCO,SUN,0
2022-05-09T12,ERCO,SUN,4
2022-05-09T13,ERCO,SUN,1115
2022-05-09T14,ERCO,SUN,4410
2022-05-09T15,ERCO,SUN,5179
2022-05-09T16,ERCO,SUN,6640
2022-05-09T17,ERCO,SUN,7568
2022-05-09T18,ERCO,SUN,8099
2022-05-09T19,ERCO,SUN,8151
2022-05-09T20,ERCO,SUN,7900
2022-05-09T21,ERCO,SUN,7651
2022-05-09T22,ERCO,SUN,7332
2022-05-09T23,ERCO,SUN,6615
2022-05-10T00,ERCO,SUN,5660
2022-05-10T01,ERCO,SUN,2867
2022-05-10T02,ERCO,SUN,229
2022-05-10T03,ERCO,SUN,5
2022-05-10T04,ERCO,SUN,0
2022-05-10T05,ERCO,SUN,0
2022-05-10T06,ERCO,SUN,0
2022-05-10T07,ERCO,SUN,0
2022-05-10T08,ERCO,SUN,0
2022-05-10T09,ERCO,SUN,0
2022-05-10T10,ERCO,SUN,0
2022-05-10T11,ERCO,SUN,0
2022-05-10T12,ERCO,SUN,5
2022-05-10T13,ERCO,SUN,860
2022-05-10T14,ERCO,SUN,3551
2022-05-10T15,ERCO,SUN,4928
2022-05-10T16,ERCO,SUN,5725
2022-05-10T17,ERCO,SUN,6506
2022-05-10T18,ERCO,SUN,6704
2022-05-10T19,ERCO,SUN,7070
2022-05-10T20,ERCO,SUN,7294
2022-05-10T21,ERCO,SUN,7073
2022-05-10T22,ERCO,SUN,6847
2022-05-10T23,ERCO,SUN,4989
2022-05-11T00,ERCO,SUN,2924
2022-05-11T01,ERCO,SUN,867
2022-05-11T02,ERCO,SUN,54
2022-05-11T03,ERCO,SUN,0
2022-05-11T04,ERCO,SUN,0
2022-05-11T05,ERCO,SUN,0
2022-05-11T06,ERCO,SUN,0
2022-05-11T07,ERCO,SUN,0
2022-05-11T08,ERCO,SUN,0
2022-05-11T09,ERCO,SUN,0
2022-05-11T10,ERCO,SUN,0
2022-05-11T11,ERCO,SUN,0
2022-05-11T12,ERCO,SUN,11
2022-05-11T13,ERCO,SUN,814
2022-05-11T14,ERCO,SUN,4468
2022-05-11T15,ERCO,SUN,6998
2022-05-11T16,ERCO,SUN,6103
2022-05-11T17,ERCO,SUN,5121
2022-05-11T18,ERCO,SUN,5561
2022-05-11T19,ERCO,SUN,5731
2022-05-11T20,ERCO,SUN,5568
2022-05-11T21,ERCO,SUN,5628
2022-05-11T22,ERCO,SUN,5182
2022-05-11T23,ERCO,SUN,4516
2022-05-12T00,ERCO,SUN,3638
2022-05-12T01,ERCO,SUN,1502
2022-05-12T02,ERCO,SUN,68
2022-05-12T03,ERCO,SUN,0
2022-05-12T04,ERCO,SUN,0
2022-05-12T05,ERCO,SUN,0
2022-05-12T06,ERCO,SUN,0
2022-05-12T07,ERCO,SUN,0
2022-05-12T08,ERCO,SUN,0
2022-05-12T09,ERCO,SUN,0
2022-05-12T10,ERCO,SUN,0
2022-05-12T11,ERCO,SUN,0
2022-05-12T12,ERCO,SUN,20
2022-05-12T13,ERCO,SUN,1312
2022-05-12T14,ERCO,SUN,3963
2022-05-12T15,ERCO,SUN,4880
2022-05-12T16,ERCO,SUN,5779
2022-05-12T17,ERCO,SUN,6732
2022-05-12T18,ERCO,SUN,7316
2022-05-12T19,ERCO,SUN,7288
2022-05-12T20,ERCO,SUN,6995
2022-05-12T21,ERCO,SUN,7247
2022-05-12T22,ERCO,SUN,7848
2022-05-12T23,ERCO,SUN,7403
2022-05-13T00,ERCO,SUN,5240
2022-05-13T01,ERCO,SUN,1836
2022-05-13T02,ERCO,SUN,212
2022-05-13T03,ERCO,SUN,0
2022-05-13T04,ERCO,SUN,0
2022-05-13T05,ERCO,SUN,0
2022-05-13T06,ERCO,SUN,0
2022-05-13T07,ERCO,SUN,0
2022-05-13T08,ERCO,SUN,0
2022-05-13T09,ERCO,SUN,0
2022-05-13T10,ERCO,SUN,0
2022-05-13T11,ERCO,SUN,0
2022-05-13T12,ERCO,SUN,26
2022-05-13T13,ERCO,SUN,1757
2022-05-13T14,ERCO,SUN,6260
2022-05-13T15,ERCO,SUN,7996
2022-05-13T16,ERCO,SUN,7930
2022-05-13T17,ERCO,SUN,7317
2022-05-13T18,ERCO,SUN,8188
2022-05-13T19,ERCO,SUN,8418
2022-05-13T20,ERCO,SUN,8324
2022-05-13T21,ERCO,SUN,8275
2022-05-13T22,ERCO,SUN,8210
2022-05-13T23,ERCO,SUN,7363
2022-05-14T00,ERCO,SUN,6022
2022-05-14T01,ERCO,SUN,2903
2022-05-14T02,ERCO,SUN,199
2022-05-14T03,ERCO,SUN,0
2022-05-14T04,ERCO,SUN,0
2022-05-14T05,ERCO,SUN,0
2022-05-14T06,ERCO,SUN,0
2022-05-14T07,ERCO,SUN,0
2022-05-14T08,ERCO,SUN,0
2022-05-14T09,ERCO,SUN,0
2022-05-14T10,ERCO,SUN,0
2022-05-14T11,ERCO,SUN,0
2022-05-14T12,ERCO,SUN,21
2022-05-14T13,ERCO,SUN,1585
2022-05-14T14,ERCO,SUN,6274
2022-05-14T15,ERCO,SUN,8184
2022-05-14T16,ERCO,SUN,8759
2022-05-14T17,ERCO,SUN,9030
2022-05-14T18,ERCO,SUN,8950
2022-05-14T19,ERCO,SUN,8896
2022-05-14T20,ERCO,SUN,8778
2022-05-14T21,ERCO,SUN,8391
2022-05-14T22,ERCO,SUN,7907
2022-05-14T23,ERCO,SUN,7383
2022-05-15T00,ERCO,SUN,6447
2022-05-15T01,ERCO,SUN,3027
2022-05-15T02,ERCO,SUN,196
2022-05-15T03,ERCO,SUN,0
2022-05-15T04,ERCO,SUN,0
2022-05-15T05,ERCO,SUN,0
2022-05-15T06,ERCO,SUN,0
2022-05-15T07,ERCO,SUN,0
2022-05-15T08,ERCO,SUN,0
2022-05-15T09,ERCO,SUN,0
2022-05-15T10,ERCO,SUN,0
2022-05-15T11,ERCO,SUN,0
2022-05-15T12,ERCO,SUN,3
2022-05-15T13,ERCO,SUN,727
2022-05-15T14,ERCO,SUN,5538
2022-05-15T15,ERCO,SUN,8091
2022-05-15T16,ERCO,SUN,8805
2022-05-15T17,ERCO,SUN,8988
2022-05-15T18,ERCO,SUN,9055
2022-05-15T19,ERCO,SUN,9096
2022-05-15T20,ERCO,SUN,9006
2022-05-15T21,ERCO,SUN,8791
2022-05-15T22,ERCO,SUN,8465
2022-05-15T23,ERCO,SUN,8045
2022-05-16T00,ERCO,SUN,6780
2022-05-16T01,ERCO,SUN,3092
2022-05-16T02,ERCO,SUN,203
2022-05-16T03,ERCO,SUN,0
2022-05-16T04,ERCO,SUN,0
2022-05-16T05,ERCO,SUN,0
2022-05-16T06,ERCO,SUN,0
2022-05-16T07,ERCO,SUN,0
2022-05-16T08,ERCO,SUN,0
2022-05-16T09,ERCO,SUN,0
2022-05-16T10,ERCO,SUN,0
2022-05-16T11,ERCO,SUN,0
2022-05-16T12,ERCO,SUN,14
2022-05-16T13,ERCO,SUN,1337
2022-05-16T14,ERCO,SUN,5711
2022-05-16T15,ERCO,SUN,8168
2022-05-16T16,ERCO,SUN,8614
2022-05-16T17,ERCO,SUN,8973
2022-05-16T18,ERCO,SUN,9168
2022-05-16T19,ERCO,SUN,9004
2022-05-16T20,ERCO,SUN,8812
2022-05-16T21,ERCO,SUN,8326
2022-05-16T22,ERCO,SUN,7754
2022-05-16T23,ERCO,SUN,6662
2022-05-17T00,ERCO,SUN,4398
2022-05-17T01,ERCO,SUN,1939
2022-05-17T02,ERCO,SUN,113
2022-05-17T03,ERCO,SUN,0
2022-05-17T04,ERCO,SUN,0
2022-05-17T05,ERCO,SUN,0
2022-05-17T06,ERCO,SUN,0
2022-05-17T07,ERCO,SUN,0
2022-05-17T08,ERCO,SUN,0
2022-05-17T09,ERCO,SUN,0
2022-05-17T10,ERCO,SUN,0
2022-05-17T11,ERCO,SUN,0
2022-05-17T12,ERCO,SUN,13
2022-05-17T13,ERCO,SUN,844
2022-05-17T14,ERCO,SUN,3600
2022-05-17T15,ERCO,SUN,4777
2022-05-17T16,ERCO,SUN,4903
2022-05-17T17,ERCO,SUN,5538
2022-05-17T18,ERCO,SUN,5137
2022-05-17T19,ERCO,SUN,5022
2022-05-17T20,ERCO,SUN,5211
2022-05-17T21,ERCO,SUN,5698
2022-05-17T22,ERCO,SUN,6034
2022-05-17T23,ERCO,SUN,5467
2022-05-18T00,ERCO,SUN,4668
2022-05-18T01,ERCO,SUN,2643
2022-05-18T02,ERCO,SUN,213
2022-05-18T03,ERCO,SUN,0
2022-05-18T04,ERCO,SUN,0
2022-05-18T05,ERCO,SUN,0
2022-05-18T06,ERCO,SUN,0
2022-05-18T07,ERCO,SUN,0
2022-05-18T08,ERCO,SUN,0
2022-05-18T09,ERCO,SUN,0
2022-05-18T10,ERCO,SUN,0
2022-05-18T11,ERCO,SUN,0
2022-05-18T12,ERCO,SUN,21
2022-05-18T13,ERCO,SUN,1564
2022-05-18T14,ERCO,SUN,5788
2022-05-18T15,ERCO,SUN,7869
2022-05-18T16,ERCO,SUN,8704
2022-05-18T17,ERCO,SUN,8906
2022-05-18T18,ERCO,SUN,8905
2022-05-18T19,ERCO,SUN,8732
2022-05-18T20,ERCO,SUN,8573
2022-05-18T21,ERCO,SUN,8397
2022-05-18T22,ERCO,SUN,8228
2022-05-18T23,ERCO,SUN,7726
2022-05-19T00,ERCO,SUN,6335
2022-05-19T01,ERCO,SUN,2773
2022-05-19T02,ERCO,SUN,154
2022-05-19T03,ERCO,SUN,0
2022-05-19T04,ERCO,SUN,0
2022-05-19T05,ERCO,SUN,0
2022-05-19T06,ERCO,SUN,0
2022-05-19T07,ERCO,SUN,0
2022-05-19T08,ERCO,SUN,0
2022-05-19T09,ERCO,SUN,0
2022-05-19T10,ERCO,SUN,0
2022-05-19T11,ERCO,SUN,0
2022-05-19T12,ERCO,SUN,13
2022-05-19T13,ERCO,SUN,1435
2022-05-19T14,ERCO,SUN,5533
2022-05-19T15,ERCO,SUN,7902
2022-05-19T16,ERCO,SUN,8608
2022-05-19T17,ERCO,SUN,8913
2022-05-19T18,ERCO,SUN,9196
2022-05-19T19,ERCO,SUN,9317
2022-05-19T20,ERCO,SUN,9135
2022-05-19T21,ERCO,SUN,8730
2022-05-19T22,ERCO,SUN,8343
2022-05-19T23,ERCO,SUN,7947
2022-05-20T00,ERCO,SUN,6609
2022-05-20T01,ERCO,SUN,3175
2022-05-20T02,ERCO,SUN,250
2022-05-20T03,ERCO,SUN,0
2022-05-20T04,ERCO,SUN,0
2022-05-20T05,ERCO,SUN,0
2022-05-20T06,ERCO,SUN,0
2022-05-20T07,ERCO,SUN,0
2022-05-20T08,ERCO,SUN,0
2022-05-20T09,ERCO,SUN,0
2022-05-20T10,ERCO,SUN,0
2022-05-20T11,ERCO,SUN,0
2022-05-20T12,ERCO,SUN,13
2022-05-20T13,ERCO,SUN,1372
2022-05-20T14,ERCO,SUN,4999
2022-05-20T15,ERCO,SUN,6552
2022-05-20T16,ERCO,SUN,8109
2022-05-20T17,ERCO,SUN,8510
2022-05-20T18,ERCO,SUN,8671
2022-05-20T19,ERCO,SUN,8685
2022-05-20T20,ERCO,SUN,8530
2022-05-20T21,ERCO,SUN,8377
2022-05-20T22,ERCO,SUN,8038
2022-05-20T23,ERCO,SUN,7194
2022-05-21T00,ERCO,SUN,5445
2022-05-21T01,ERCO,SUN,2786
2022-05-21T02,ERCO,SUN,318
2022-05-21T03,ERCO,SUN,0
2022-05-21T04,ERCO,SUN,0
2022-05-21T05,ERCO,SUN,0
2022-05-21T06,ERCO,SUN,0
2022-05-21T07,ERCO,SUN,0
2022-05-21T08,ERCO,SUN,0
2022-05-21T09,ERCO,SUN,0
2022-05-21T10,ERCO,SUN,0
2022-05-21T11,ERCO,SUN,0
2022-05-21T12,ERCO,SUN,20
2022-05-21T13,ERCO,SUN,1456
2022-05-21T14,ERCO,SUN,3150
2022-05-21T15,ERCO,SUN,4302
2022-05-21T16,ERCO,SUN,6177
2022-05-21T17,ERCO,SUN,6573
2022-05-21T18,ERCO,SUN,7024
2022-05-21T19,ERCO,SUN,7335
2022-05-21T20,ERCO,SUN,7928
2022-05-21T21,ERCO,SUN,8532
2022-05-21T22,ERCO,SUN,8205
2022-05-21T23,ERCO,SUN,7375
2022-05-22T00,ERCO,SUN,5274
2022-05-22T01,ERCO,SUN,2627
2022-05-22T02,ERCO,SUN,251
2022-05-22T03,ERCO,SUN,0
2022-05-22T04,ERCO,SUN,0
2022-05-22T05,ERCO,SUN,0
2022-05-22T06,ERCO,SUN,0
2022-05-22T07,ERCO,SUN,0
2022-05-22T08,ERCO,SUN,0
2022-05-22T09,ERCO,SUN,0
2022-05-22T10,ERCO,SUN,0
2022-05-22T11,ERCO,SUN,0
2022-05-22T12,ERCO,SUN,2
2022-05-22T13,ERCO,SUN,370
2022-05-22T14,ERCO,SUN,1370
2022-05-22T15,ERCO,SUN,2199
2022-05-22T16,ERCO,SUN,3959
2022-05-22T17,ERCO,SUN,5567
2022-05-22T18,ERCO,SUN,6662
2022-05-22T19,ERCO,SUN,7146
2022-05-22T20,ERCO,SUN,7340
2022-05-22T21,ERCO,SUN,7256
2022-05-22T22,ERCO,SUN,6715
2022-05-22T23,ERCO,SUN,5506
2022-05-23T00,ERCO,SUN,3671
2022-05-23T01,ERCO,SUN,1503
2022-05-23T02,ERCO,SUN,135
2022-05-23T03,ERCO,SUN,57
2022-05-23T04,ERCO,SUN,57
2022-05-23T05,ERCO,SUN,57
2022-05-23T06,ERCO,SUN,57
2022-05-23T07,ERCO,SUN,57
2022-05-23T08,ERCO,SUN,57
2022-05-23T09,ERCO,SUN,57
2022-05-23T10,ERCO,SUN,41
2022-05-23T11,ERCO,SUN,0
2022-05-23T12,ERCO,SUN,5
2022-05-23T13,ERCO,SUN,429
2022-05-23T14,ERCO,SUN,1626
2022-05-23T15,ERCO,SUN,3221
2022-05-23T16,ERCO,SUN,4310
2022-05-23T17,ERCO,SUN,5084
2022-05-23T18,ERCO,SUN,5834
2022-05-23T19,ERCO,SUN,5937
2022-05-23T20,ERCO,SUN,5454
2022-05-23T21,ERCO,SUN,5486
2022-05-23T22,ERCO,SUN,5988
2022-05-23T23,ERCO,SUN,6155
2022-05-24T00,ERCO,SUN,4681
2022-05-24T01,ERCO,SUN,1598
2022-05-24T02,ERCO,SUN,143
2022-05-24T03,ERCO,SUN,0
2022-05-24T04,ERCO,SUN,0
2022-05-24T05,ERCO,SUN,0
2022-05-24T06,ERCO,SUN,0
2022-05-24T07,ERCO,SUN,0
2022-05-24T08,ERCO,SUN,0
2022-05-24T09,ERCO,SUN,0
2022-05-24T10,ERCO,SUN,0
2022-05-24T11,ERCO,SUN,3
2022-05-24T12,ERCO,SUN,10
2022-05-24T13,ERCO,SUN,463
2022-05-24T14,ERCO,SUN,1748
2022-05-24T15,ERCO,SUN,2844
2022-05-24T16,ERCO,SUN,3803
2022-05-24T17,ERCO,SUN,5272
2022-05-24T18,ERCO,SUN,6083
2022-05-24T19,ERCO,SUN,6172
2022-05-24T20,ERCO,SUN,5960
2022-05-24T21,ERCO,SUN,5261
2022-05-24T22,ERCO,SUN,4132
2022-05-24T23,ERCO,SUN,3338
2022-05-25T00,ERCO,SUN,1624
2022-05-25T01,ERCO,SUN,560
2022-05-25T02,ERCO,SUN,91
2022-05-25T03,ERCO,SUN,0
2022-05-25T04,ERCO,SUN,0
2022-05-25T05,ERCO,SUN,0
2022-05-25T06,ERCO,SUN,0
2022-05-25T07,ERCO,SUN,0
2022-05-25T08,ERCO,SUN,0
2022-05-25T09,ERCO,SUN,0
2022-05-25T10,ERCO,SUN,0
2022-05-25T11,ERCO,SUN,0
2022-05-25T12,ERCO,SUN,9
2022-05-25T13,ERCO,SUN,971
2022-05-25T14,ERCO,SUN,3000
2022-05-25T15,ERCO,SUN,3373
2022-05-25T16,ERCO,SUN,4161
2022-05-25T17,ERCO,SUN,5461
2022-05-25T18,ERCO,SUN,5514
2022-05-25T19,ERCO,SUN,6009
2022-05-25T20,ERCO,SUN,6096
2022-05-25T21,ERCO,SUN,5505
2022-05-25T22,ERCO,SUN,5132
2022-05-25T23,ERCO,SUN,5186
2022-05-26T00,ERCO,SUN,5022
2022-05-26T01,ERCO,SUN,3365
2022-05-26T02,ERCO,SUN,329
2022-05-26T03,ERCO,SUN,0
2022-05-26T04,ERCO,SUN,0
2022-05-26T05,ERCO,SUN,0
2022-05-26T06,ERCO,SUN,0
2022-05-26T07,ERCO,SUN,0
2022-05-26T08,ERCO,SUN,0
2022-05-26T09,ERCO,SUN,0
2022-05-26T10,ERCO,SUN,0
2022-05-26T11,ERCO,SUN,0
2022-05-26T12,ERCO,SUN,46
2022-05-26T13,ERCO,SUN,2351
2022-05-26T14,ERCO,SUN,7039
2022-05-26T15,ERCO,SUN,8688
2022-05-26T16,ERCO,SUN,9069
2022-05-26T17,ERCO,SUN,9304
2022-05-26T18,ERCO,SUN,9324
2022-05-26T19,ERCO,SUN,9333
2022-05-26T20,ERCO,SUN,9525
2022-05-26T21,ERCO,SUN,9540
2022-05-26T22,ERCO,SUN,9373
2022-05-26T23,ERCO,SUN,9084
2022-05-27T00,ERCO,SUN,7903
2022-05-27T01,ERCO,SUN,4113
2022-05-27T02,ERCO,SUN,404
2022-05-27T03,ERCO,SUN,0
2022-05-27T04,ERCO,SUN,0
2022-05-27T05,ERCO,SUN,0
2022-05-27T06,ERCO,SUN,0
2022-05-27T07,ERCO,SUN,0
2022-05-27T08,ERCO,SUN,0
2022-05-27T09,ERCO,SUN,0
2022-05-27T10,ERCO,SUN,0
2022-05-27T11,ERCO,SUN,0
2022-05-27T12,ERCO,SUN,72
2022-05-27T13,ERCO,SUN,2333
2022-05-27T14,ERCO,SUN,6828
2022-05-27T15,ERCO,SUN,8529
2022-05-27T16,ERCO,SUN,8804
2022-05-27T17,ERCO,SUN,8961
2022-05-27T18,ERCO,SUN,9023
2022-05-27T19,ERCO,SUN,9035
2022-05-27T20,ERCO,SUN,8844
2022-05-27T21,ERCO,SUN,8465
2022-05-27T22,ERCO,SUN,8182
2022-05-27T23,ERCO,SUN,7877
2022-05-28T00,ERCO,SUN,6948
2022-05-28T01,ERCO,SUN,3558
2022-05-28T02,ERCO,SUN,334
2022-05-28T03,ERCO,SUN,0
2022-05-28T04,ERCO,SUN,0
2022-05-28T05,ERCO,SUN,0
2022-05-28T06,ERCO,SUN,0
2022-05-28T07,ERCO,SUN,0
2022-05-28T08,ERCO,SUN,0
2022-05-28T09,ERCO,SUN,0
2022-05-28T10,ERCO,SUN,0
2022-05-28T11,ERCO,SUN,0
2022-05-28T12,ERCO,SUN,27
2022-05-28T13,ERCO,SUN,1065
2022-05-28T14,ERCO,SUN,3388
2022-05-28T15,ERCO,SUN,4457
2022-05-28T16,ERCO,SUN,4855
2022-05-28T17,ERCO,SUN,5251
2022-05-28T18,ERCO,SUN,5665
2022-05-28T19,ERCO,SUN,6304
2022-05-28T20,ERCO,SUN,6544
2022-05-28T21,ERCO,SUN,6897
2022-05-28T22,ERCO,SUN,7061
2022-05-28T23,ERCO,SUN,6424
2022-05-29T00,ERCO,SUN,4895
2022-05-29T01,ERCO,SUN,2428
2022-05-29T02,ERCO,SUN,201
2022-05-29T03,ERCO,SUN,0
2022-05-29T04,ERCO,SUN,0
2022-05-29T05,ERCO,SUN,0
2022-05-29T06,ERCO,SUN,0
2022-05-29T07,ERCO,SUN,0
2022-05-29T08,ERCO,SUN,0
2022-05-29T09,ERCO,SUN,0
2022-05-29T10,ERCO,SUN,0
2022-05-29T11,ERCO,SUN,0
2022-05-29T12,ERCO,SUN,23
2022-05-29T13,ERCO,SUN,848
2022-05-29T14,ERCO,SUN,2956
2022-05-29T15,ERCO,SUN,4299
2022-05-29T16,ERCO,SUN,5287
2022-05-29T17,ERCO,SUN,5261
2022-05-29T18,ERCO,SUN,5257
2022-05-29T19,ERCO,SUN,6249
2022-05-29T20,ERCO,SUN,5865
2022-05-29T21,ERCO,SUN,5927
2022-05-29T22,ERCO,SUN,5965
2022-05-29T23,ERCO,SUN,5613
2022-05-30T00,ERCO,SUN,4857
2022-05-30T01,ERCO,SUN,2731
2022-05-30T02,ERCO,SUN,393
2022-05-30T03,ERCO,SUN,0
2022-05-30T04,ERCO,SUN,0
2022-05-30T05,ERCO,SUN,0
2022-05-30T06,ERCO,SUN,0
2022-05-30T07,ERCO,SUN,0
2022-05-30T08,ERCO,SUN,0
2022-05-30T09,ERCO,SUN,0
2022-05-30T10,ERCO,SUN,0
2022-05-30T11,ERCO,SUN,0
2022-05-30T12,ERCO,SUN,46
2022-05-30T13,ERCO,SUN,1706
2022-05-30T14,ERCO,SUN,4186
2022-05-30T15,ERCO,SUN,4985
2022-05-30T16,ERCO,SUN,6726
2022-05-30T17,ERCO,SUN,8497
2022-05-30T18,ERCO,SUN,8630
2022-05-30T19,ERCO,SUN,8723
2022-05-30T20,ERCO,SUN,8721
2022-05-30T21,ERCO,SUN,8696
2022-05-30T22,ERCO,SUN,8348
2022-05-30T23,ERCO,SUN,7255
2022-05-31T00,ERCO,SUN,5523
2022-05-31T01,ERCO,SUN,2928
2022-05-31T02,ERCO,SUN,419
2022-05-31T03,ERCO,SUN,0
2022-05-31T04,ERCO,SUN,0
2022-05-31T05,ERCO,SUN,0
2022-05-31T06,ERCO,SUN,0
2022-05-31T07,ERCO,SUN,0
2022-05-31T08,ERCO,SUN,0
2022-05-31T09,ERCO,SUN,0
2022-05-31T10,ERCO,SUN,0
2022-05-31T11,ERCO,SUN,0
2022-05-31T12,ERCO,SUN,52
2022-05-31T13,ERCO,SUN,1562
2022-05-31T14,ERCO,SUN,3830
2022-05-31T15,ERCO,SUN,4127
2022-05-31T16,ERCO,SUN,5165
2022-05-31T17,ERCO,SUN,6924
2022-05-31T18,ERCO,SUN,8624
2022-05-31T19,ERCO,SUN,8788
2022-05-31T20,ERCO,SUN,8747
2022-05-31T21,ERCO,SUN,8327
2022-05-31T22,ERCO,SUN,7118
2022-05-31T23,ERCO,SUN,6284
2022-06-01T00,ERCO,SUN,5077
2022-06-01T01,ERCO,SUN,2433
2022-06-01T02,ERCO,SUN,307
2022-06-01T03,ERCO,SUN,0
2022-06-01T04,ERCO,SUN,0
2022-06-01T05,ERCO,SUN,0
2022-06-01T06,ERCO,SUN,0
2022-06-01T07,ERCO,SUN,0
2022-06-01T08,ERCO,SUN,0
2022-06-01T09,ERCO,SUN,0
2022-06-01T10,ERCO,SUN,0
2022-06-01T11,ERCO,SUN,0
2022-06-01T12,ERCO,SUN,27
2022-06-01T13,ERCO,SUN,1031
2022-06-01T14,ERCO,SUN,3662
2022-06-01T15,ERCO,SUN,5547
2022-06-01T16,ERCO,SUN,7315
2022-06-01T17,ERCO,SUN,7674
2022-06-01T18,ERCO,SUN,7801
2022-06-01T19,ERCO,SUN,7709
2022-06-01T20,ERCO,SUN,7515
2022-06-01T21,ERCO,SUN,6777
2022-06-01T22,ERCO,SUN,4638
2022-06-01T23,ERCO,SUN,2820
2022-06-02T00,ERCO,SUN,2065
2022-06-02T01,ERCO,SUN,610
2022-06-02T02,ERCO,SUN,32
2022-06-02T03,ERCO,SUN,0
2022-06-02T04,ERCO,SUN,0
2022-06-02T05,ERCO,SUN,0
2022-06-02T06,ERCO,SUN,0
2022-06-02T07,ERCO,SUN,0
2022-06-02T08,ERCO,SUN,0
2022-06-02T09,ERCO,SUN,0
2022-06-02T10,ERCO,SUN,0
2022-06-02T11,ERCO,SUN,0
2022-06-02T12,ERCO,SUN,8
2022-06-02T13,ERCO,SUN,519
2022-06-02T14,ERCO,SUN,1593
2022-06-02T15,ERCO,SUN,2269
2022-06-02T16,ERCO,SUN,3574
2022-06-02T17,ERCO,SUN,4625
2022-06-02T18,ERCO,SUN,5197
2022-06-02T19,ERCO,SUN,5582
2022-06-02T20,ERCO,SUN,6181
2022-06-02T21,ERCO,SUN,6456
2022-06-02T22,ERCO,SUN,6610
2022-06-02T23,ERCO,SUN,6410
2022-06-03T00,ERCO,SUN,4721
2022-06-03T01,ERCO,SUN,1932
2022-06-03T02,ERCO,SUN,184
2022-06-03T03,ERCO,SUN,0
2022-06-03T04,ERCO,SUN,0
2022-06-03T05,ERCO,SUN,0
2022-06-03T06,ERCO,SUN,0
2022-06-03T07,ERCO,SUN,0
2022-06-03T08,ERCO,SUN,0
2022-06-03T09,ERCO,SUN,0
2022-06-03T10,ERCO,SUN,0
2022-06-03T11,ERCO,SUN,0
2022-06-03T12,ERCO,SUN,49
2022-06-03T13,ERCO,SUN,1228
2022-06-03T14,ERCO,SUN,4392
2022-06-03T15,ERCO,SUN,6417
2022-06-03T16,ERCO,SUN,7261
2022-06-03T17,ERCO,SUN,7441
2022-06-03T18,ERCO,SUN,7399
2022-06-03T19,ERCO,SUN,7557
2022-06-03T20,ERCO,SUN,7966
2022-06-03T21,ERCO,SUN,8013
2022-06-03T22,ERCO,SUN,8102
2022-06-03T23,ERCO,SUN,7268
2022-06-04T00,ERCO,SUN,5487
2022-06-04T01,ERCO,SUN,1803
2022-06-04T02,ERCO,SUN,68
2022-06-04T03,ERCO,SUN,0
2022-06-04T04,ERCO,SUN,0
2022-06-04T05,ERCO,SUN,0
2022-06-04T06,ERCO,SUN,0
2022-06-04T07,ERCO,SUN,0
2022-06-04T08,ERCO,SUN,0
2022-06-04T09,ERCO,SUN,0
2022-06-04T10,ERCO,SUN,0
2022-06-04T11,ERCO,SUN,0
2022-06-04T12,ERCO,SUN,43
2022-06-04T13,ERCO,SUN,1337
2022-06-04T14,ERCO,SUN,4294
2022-06-04T15,ERCO,SUN,6834
2022-06-04T16,ERCO,SUN,8149
2022-06-04T17,ERCO,SUN,8399
2022-06-04T18,ERCO,SUN,8557
2022-06-04T19,ERCO,SUN,8311
2022-06-04T20,ERCO,SUN,8264
2022-06-04T21,ERCO,SUN,7758
2022-06-04T22,ERCO,SUN,7429
2022-06-04T23,ERCO,SUN,7114
2022-06-05T00,ERCO,SUN,5664
2022-06-05T01,ERCO,SUN,3136
2022-06-05T02,ERCO,SUN,304
2022-06-05T03,ERCO,SUN,0
2022-06-05T04,ERCO,SUN,0
2022-06-05T05,ERCO,SUN,0
2022-06-05T06,ERCO,SUN,0
2022-06-05T07,ERCO,SUN,0
2022-06-05T08,ERCO,SUN,0
2022-06-05T09,ERCO,SUN,0
2022-06-05T10,ERCO,SUN,0
2022-06-05T11,ERCO,SUN,0
2022-06-05T12,ERCO,SUN,11
2022-06-05T13,ERCO,SUN,747
2022-06-05T14,ERCO,SUN,4502
2022-06-05T15,ERCO,SUN,7192
2022-06-05T16,ERCO,SUN,8418
2022-06-05T17,ERCO,SUN,8970
2022-06-05T18,ERCO,SUN,9008
2022-06-05T19,ERCO,SUN,8850
2022-06-05T20,ERCO,SUN,8318
2022-06-05T21,ERCO,SUN,8233
2022-06-05T22,ERCO,SUN,8012
2022-06-05T23,ERCO,SUN,7409
2022-06-06T00,ERCO,SUN,5979
2022-06-06T01,ERCO,SUN,2888
2022-06-06T02,ERCO,SUN,224
2022-06-06T03,ERCO,SUN,0
2022-06-06T04,ERCO,SUN,0
2022-06-06T05,ERCO,SUN,0
2022-06-06T06,ERCO,SUN,0
2022-06-06T07,ERCO,SUN,0
2022-06-06T08,ERCO,SUN,0
2022-06-06T09,ERCO,SUN,0
2022-06-06T10,ERCO,SUN,0
2022-06-06T11,ERCO,SUN,0
2022-06-06T12,ERCO,SUN,23
2022-06-06T13,ERCO,SUN,2019
2022-06-06T14,ERCO,SUN,6114
2022-06-06T15,ERCO,SUN,8155
2022-06-06T16,ERCO,SUN,8774
2022-06-06T17,ERCO,SUN,9208
2022-06-06T18,ERCO,SUN,9259
2022-06-06T19,ERCO,SUN,9282
2022-06-06T20,ERCO,SUN,9205
2022-06-06T21,ERCO,SUN,8954
2022-06-06T22,ERCO,SUN,8615
2022-06-06T23,ERCO,SUN,8160
2022-06-07T00,ERCO,SUN,6943
2022-06-07T01,ERCO,SUN,3892
2022-06-07T02,ERCO,SUN,469
2022-06-07T03,ERCO,SUN,0
2022-06-07T04,ERCO,SUN,1
2022-06-07T05,ERCO,SUN,0
2022-06-07T06,ERCO,SUN,0
2022-06-07T07,ERCO,SUN,0
2022-06-07T08,ERCO,SUN,0
2022-06-07T09,ERCO,SUN,0
2022-06-07T10,ERCO,SUN,0
2022-06-07T11,ERCO,SUN,0
2022-06-07T12,ERCO,SUN,35
2022-06-07T13,ERCO,SUN,2153
2022-06-07T14,ERCO,SUN,6215
2022-06-07T15,ERCO,SUN,7609
2022-06-07T16,ERCO,SUN,7914
2022-06-07T17,ERCO,SUN,8362
2022-06-07T18,ERCO,SUN,8690
2022-06-07T19,ERCO,SUN,8980
2022-06-07T20,ERCO,SUN,8926
2022-06-07T21,ERCO,SUN,8846
2022-06-07T22,ERCO,SUN,8183
2022-06-07T23,ERCO,SUN,7388
2022-06-08T00,ERCO,SUN,6114
2022-06-08T01,ERCO,SUN,3116
2022-06-08T02,ERCO,SUN,355
2022-06-08T03,ERCO,SUN,0
2022-06-08T04,ERCO,SUN,0
2022-06-08T05,ERCO,SUN,0
2022-06-08T06,ERCO,SUN,0
2022-06-08T07,ERCO,SUN,0
2022-06-08T08,ERCO,SUN,0
2022-06-08T09,ERCO,SUN,0
2022-06-08T10,ERCO,SUN,0
2022-06-08T11,ERCO,SUN,0
2022-06-08T12,ERCO,SUN,47
2022-06-08T13,ERCO,SUN,1624
2022-06-08T14,ERCO,SUN,4916
2022-06-08T15,ERCO,SUN,5808
2022-06-08T16,ERCO,SUN,6744
2022-06-08T17,ERCO,SUN,6543
2022-06-08T18,ERCO,SUN,5551
2022-06-08T19,ERCO,SUN,5877
2022-06-08T20,ERCO,SUN,6460
2022-06-08T21,ERCO,SUN,6412
2022-06-08T22,ERCO,SUN,5118
2022-06-08T23,ERCO,SUN,4531
2022-06-09T00,ERCO,SUN,3141
2022-06-09T01,ERCO,SUN,1121
2022-06-09T02,ERCO,SUN,79
2022-06-09T03,ERCO,SUN,0
2022-06-09T04,ERCO,SUN,0
2022-06-09T05,ERCO,SUN,0
2022-06-09T06,ERCO,SUN,13
2022-06-09T07,ERCO,SUN,10
2022-06-09T08,ERCO,SUN,2
2022-06-09T09,ERCO,SUN,3
2022-06-09T10,ERCO,SUN,0
2022-06-09T11,ERCO,SUN,0
2022-06-09T12,ERCO,SUN,25
2022-06-09T13,ERCO,SUN,1461
2022-06-09T14,ERCO,SUN,5427
2022-06-09T15,ERCO,SUN,7175
2022-06-09T16,ERCO,SUN,8049
2022-06-09T17,ERCO,SUN,9020
2022-06-09T18,ERCO,SUN,9166
2022-06-09T19,ERCO,SUN,9074
2022-06-09T20,ERCO,SUN,8960
2022-06-09T21,ERCO,SUN,8612
2022-06-09T22,ERCO,SUN,8080
2022-06-09T23,ERCO,SUN,7489
2022-06-10T00,ERCO,SUN,6328
2022-06-10T01,ERCO,SUN,3108
2022-06-10T02,ERCO,SUN,323
2022-06-10T03,ERCO,SUN,0
2022-06-10T04,ERCO,SUN,0
2022-06-10T05,ERCO,SUN,0
2022-06-10T06,ERCO,SUN,0
2022-06-10T07,ERCO,SUN,0
2022-06-10T08,ERCO,SUN,0
2022-06-10T09,ERCO,SUN,0
2022-06-10T10,ERCO,SUN,0
2022-06-10T11,ERCO,SUN,0
2022-06-10T12,ERCO,SUN,23
2022-06-10T13,ERCO,SUN,1703
2022-06-10T14,ERCO,SUN,5347
2022-06-10T15,ERCO,SUN,7109
2022-06-10T16,ERCO,SUN,8077
2022-06-10T17,ERCO,SUN,8798
2022-06-10T18,ERCO,SUN,9034
2022-06-10T19,ERCO,SUN,9132
2022-06-10T20,ERCO,SUN,9079
2022-06-10T21,ERCO,SUN,9186
2022-06-10T22,ERCO,SUN,8733
2022-06-10T23,ERCO,SUN,8131
2022-06-11T00,ERCO,SUN,6970
2022-06-11T01,ERCO,SUN,3804
2022-06-11T02,ERCO,SUN,409
2022-06-11T03,ERCO,SUN,0
2022-06-11T04,ERCO,SUN,0
2022-06-11T05,ERCO,SUN,0
2022-06-11T06,ERCO,SUN,0
2022-06-11T07,ERCO,SUN,0
2022-06-11T08,ERCO,SUN,0
2022-06-11T09,ERCO,SUN,0
2022-06-11T10,ERCO,SUN,0
2022-06-11T11,ERCO,SUN,0
2022-06-11T12,ERCO,SUN,45
2022-06-11T13,ERCO,SUN,2273
2022-06-11T14,ERCO,SUN,6419
2022-06-11T15,ERCO,SUN,8357
2022-06-11T16,ERCO,SUN,9090
2022-06-11T17,ERCO,SUN,9253
2022-06-11T18,ERCO,SUN,9296
2022-06-11T19,ERCO,SUN,9062
2022-06-11T20,ERCO,SUN,8962
2022-06-11T21,ERCO,SUN,8678
2022-06-11T22,ERCO,SUN,8354
2022-06-11T23,ERCO,SUN,7841
2022-06-12T00,ERCO,SUN,6713
2022-06-12T01,ERCO,SUN,4062
2022-06-12T02,ERCO,SUN,511
2022-06-12T03,ERCO,SUN,0
2022-06-12T04,ERCO,SUN,0
2022-06-12T05,ERCO,SUN,0
2022-06-12T06,ERCO,SUN,0
2022-06-12T07,ERCO,SUN,0
2022-06-12T08,ERCO,SUN,0
2022-06-12T09,ERCO,SUN,0
2022-06-12T10,ERCO,SUN,0
2022-06-12T11,ERCO,SUN,0
2022-06-12T12,ERCO,SUN,50
2022-06-12T13,ERCO,SUN,2216
2022-06-12T14,ERCO,SUN,5936
2022-06-12T15,ERCO,SUN,6433
2022-06-12T16,ERCO,SUN,6720
2022-06-12T17,ERCO,SUN,7823
2022-06-12T18,ERCO,SUN,8684
2022-06-12T19,ERCO,SUN,8796
2022-06-12T20,ERCO,SUN,8482
2022-06-12T21,ERCO,SUN,8532
2022-06-12T22,ERCO,SUN,8531
2022-06-12T23,ERCO,SUN,8114
2022-06-13T00,ERCO,SUN,7055
2022-06-13T01,ERCO,SUN,4116
2022-06-13T02,ERCO,SUN,484
2022-06-13T03,ERCO,SUN,0
2022-06-13T04,ERCO,SUN,0
2022-06-13T05,ERCO,SUN,0
2022-06-13T06,ERCO,SUN,0
2022-06-13T07,ERCO,SUN,0
2022-06-13T08,ERCO,SUN,0
2022-06-13T09,ERCO,SUN,0
2022-06-13T10,ERCO,SUN,0
2022-06-13T11,ERCO,SUN,0
2022-06-13T12,ERCO,SUN,60
2022-06-13T13,ERCO,SUN,1941
2022-06-13T14,ERCO,SUN,3832
2022-06-13T15,ERCO,SUN,4601
2022-06-13T16,ERCO,SUN,4950
2022-06-13T17,ERCO,SUN,4992
2022-06-13T18,ERCO,SUN,5302
2022-06-13T19,ERCO,SUN,5614
2022-06-13T20,ERCO,SUN,5680
2022-06-13T21,ERCO,SUN,5630
2022-06-13T22,ERCO,SUN,5831
2022-06-13T23,ERCO,SUN,5613
2022-06-14T00,ERCO,SUN,4707
2022-06-14T01,ERCO,SUN,2994
2022-06-14T02,ERCO,SUN,515
2022-06-14T03,ERCO,SUN,80
2022-06-14T04,ERCO,SUN,0
2022-06-14T05,ERCO,SUN,1
2022-06-14T06,ERCO,SUN,1
2022-06-14T07,ERCO,SUN,1
2022-06-14T08,ERCO,SUN,1
2022-06-14T09,ERCO,SUN,1
2022-06-14T10,ERCO,SUN,1
2022-06-14T11,ERCO,SUN,1
2022-06-14T12,ERCO,SUN,61
2022-06-14T13,ERCO,SUN,1216
2022-06-14T14,ERCO,SUN,2989
2022-06-14T15,ERCO,SUN,4264
2022-06-14T16,ERCO,SUN,5097
2022-06-14T17,ERCO,SUN,5794
2022-06-14T18,ERCO,SUN,6667
2022-06-14T19,ERCO,SUN,8273
2022-06-14T20,ERCO,SUN,8898
2022-06-14T21,ERCO,SUN,8752
2022-06-14T22,ERCO,SUN,7984
2022-06-14T23,ERCO,SUN,6347
2022-06-15T00,ERCO,SUN,3951
2022-06-15T01,ERCO,SUN,1548
2022-06-15T02,ERCO,SUN,173
2022-06-15T03,ERCO,SUN,0
2022-06-15T04,ERCO,SUN,0
2022-06-15T05,ERCO,SUN,1
2022-06-15T06,ERCO,SUN,1
2022-06-15T07,ERCO,SUN,1
2022-06-15T08,ERCO,SUN,1
2022-06-15T09,ERCO,SUN,1
2022-06-15T10,ERCO,SUN,1
2022-06-15T11,ERCO,SUN,1
2022-06-15T12,ERCO,SUN,75
2022-06-15T13,ERCO,SUN,1180
2022-06-15T14,ERCO,SUN,2862
2022-06-15T15,ERCO,SUN,3676
2022-06-15T16,ERCO,SUN,4758
2022-06-15T17,ERCO,SUN,5440
2022-06-15T18,ERCO,SUN,6123
2022-06-15T19,ERCO,SUN,6961
2022-06-15T20,ERCO,SUN,7706
2022-06-15T21,ERCO,SUN,8052
2022-06-15T22,ERCO,SUN,7871
2022-06-15T23,ERCO,SUN,7782
2022-06-16T00,ERCO,SUN,6747
2022-06-16T01,ERCO,SUN,3801
2022-06-16T02,ERCO,SUN,556
2022-06-16T03,ERCO,SUN,0
2022-06-16T04,ERCO,SUN,1
2022-06-16T05,ERCO,SUN,1
2022-06-16T06,ERCO,SUN,1
2022-06-16T07,ERCO,SUN,1
2022-06-16T08,ERCO,SUN,1
2022-06-16T09,ERCO,SUN,3
2022-06-16T10,ERCO,SUN,1
2022-06-16T11,ERCO,SUN,1
2022-06-16T12,ERCO,SUN,95
2022-06-16T13,ERCO,SUN,2055
2022-06-16T14,ERCO,SUN,6284
2022-06-16T15,ERCO,SUN,7121
2022-06-16T16,ERCO,SUN,8316
2022-06-16T17,ERCO,SUN,9197
2022-06-16T18,ERCO,SUN,9162
2022-06-16T19,ERCO,SUN,9149
2022-06-16T20,ERCO,SUN,9226
2022-06-16T21,ERCO,SUN,8735
2022-06-16T22,ERCO,SUN,8403
2022-06-16T23,ERCO,SUN,8077
2022-06-17T00,ERCO,SUN,7152
2022-06-17T01,ERCO,SUN,3749
2022-06-17T02,ERCO,SUN,440
2022-06-17T03,ERCO,SUN,0
2022-06-17T04,ERCO,SUN,1
2022-06-17T05,ERCO,SUN,1
2022-06-17T06,ERCO,SUN,1
2022-06-17T07,ERCO,SUN,1
2022-06-17T08,ERCO,SUN,1
2022-06-17T09,ERCO,SUN,1
2022-06-17T10,ERCO,SUN,1
2022-06-17T11,ERCO,SUN,1
2022-06-17T12,ERCO,SUN,53
2022-06-17T13,ERCO,SUN,2189
2022-06-17T14,ERCO,SUN,6631
2022-06-17T15,ERCO,SUN,8520
2022-06-17T16,ERCO,SUN,9171
2022-06-17T17,ERCO,SUN,9364
2022-06-17T18,ERCO,SUN,9327
2022-06-17T19,ERCO,SUN,9088
2022-06-17T20,ERCO,SUN,9074
2022-06-17T21,ERCO,SUN,8553
2022-06-17T22,ERCO,SUN,8335
2022-06-17T23,ERCO,SUN,8166
2022-06-18T00,ERCO,SUN,7148
2022-06-18T01,ERCO,SUN,4001
2022-06-18T02,ERCO,SUN,499
2022-06-18T03,ERCO,SUN,1
2022-06-18T04,ERCO,SUN,1
2022-06-18T05,ERCO,SUN,1
2022-06-18T06,ERCO,SUN,1
2022-06-18T07,ERCO,SUN,1
2022-06-18T08,ERCO,SUN,1
2022-06-18T09,ERCO,SUN,1
2022-06-18T10,ERCO,SUN,1
2022-06-18T11,ERCO,SUN,1
2022-06-18T12,ERCO,SUN,53
2022-06-18T13,ERCO,SUN,2204
2022-06-18T14,ERCO,SUN,6759
2022-06-18T15,ERCO,SUN,8592
2022-06-18T16,ERCO,SUN,9170
2022-06-18T17,ERCO,SUN,9306
2022-06-18T18,ERCO,SUN,9148
2022-06-18T19,ERCO,SUN,9123
2022-06-18T20,ERCO,SUN,8919
2022-06-18T21,ERCO,SUN,8777
2022-06-18T22,ERCO,SUN,8417
2022-06-18T23,ERCO,SUN,8000
2022-06-19T00,ERCO,SUN,7246
2022-06-19T01,ERCO,SUN,4251
2022-06-19T02,ERCO,SUN,688
2022-06-19T03,ERCO,SUN,103
2022-06-19T04,ERCO,SUN,13
2022-06-19T05,ERCO,SUN,0
2022-06-19T06,ERCO,SUN,0
2022-06-19T07,ERCO,SUN,0
2022-06-19T08,ERCO,SUN,0
2022-06-19T09,ERCO,SUN,0
2022-06-19T10,ERCO,SUN,0
2022-06-19T11,ERCO,SUN,0
2022-06-19T12,ERCO,SUN,63
2022-06-19T13,ERCO,SUN,2571
2022-06-19T14,ERCO,SUN,7197
2022-06-19T15,ERCO,SUN,8866
2022-06-19T16,ERCO,SUN,9376
2022-06-19T17,ERCO,SUN,9408
2022-06-19T18,ERCO,SUN,9308
2022-06-19T19,ERCO,SUN,9174
2022-06-19T20,ERCO,SUN,9094
2022-06-19T21,ERCO,SUN,8678
2022-06-19T22,ERCO,SUN,8289
2022-06-19T23,ERCO,SUN,7339
2022-06-20T00,ERCO,SUN,6218
2022-06-20T01,ERCO,SUN,3872
2022-06-20T02,ERCO,SUN,530
2022-06-20T03,ERCO,SUN,0
2022-06-20T04,ERCO,SUN,1
2022-06-20T05,ERCO,SUN,1
2022-06-20T06,ERCO,SUN,1
2022-06-20T07,ERCO,SUN,1
2022-06-20T08,ERCO,SUN,1
2022-06-20T09,ERCO,SUN,1
2022-06-20T10,ERCO,SUN,1
2022-06-20T11,ERCO,SUN,1
2022-06-20T12,ERCO,SUN,68
2022-06-20T13,ERCO,SUN,2544
2022-06-20T14,ERCO,SUN,7137
2022-06-20T15,ERCO,SUN,8840
2022-06-20T16,ERCO,SUN,9162
2022-06-20T17,ERCO,SUN,8396
2022-06-20T18,ERCO,SUN,8008
2022-06-20T19,ERCO,SUN,8080
2022-06-20T20,ERCO,SUN,8433
2022-06-20T21,ERCO,SUN,8441
2022-06-20T22,ERCO,SUN,7852
2022-06-20T23,ERCO,SUN,7293
2022-06-21T00,ERCO,SUN,5783
2022-06-21T01,ERCO,SUN,2694
2022-06-21T02,ERCO,SUN,226
2022-06-21T03,ERCO,SUN,0
2022-06-21T04,ERCO,SUN,0
2022-06-21T05,ERCO,SUN,0
2022-06-21T06,ERCO,SUN,0
2022-06-21T07,ERCO,SUN,0
2022-06-21T08,ERCO,SUN,0
2022-06-21T09,ERCO,SUN,0
2022-06-21T10,ERCO,SUN,0
2022-06-21T11,ERCO,SUN,0
2022-06-21T12,ERCO,SUN,62
2022-06-21T13,ERCO,SUN,2273
2022-06-21T14,ERCO,SUN,6497
2022-06-21T15,ERCO,SUN,8107
2022-06-21T16,ERCO,SUN,8641
2022-06-21T17,ERCO,SUN,8945
2022-06-21T18,ERCO,SUN,8724
2022-06-21T19,ERCO,SUN,8797
2022-06-21T20,ERCO,SUN,8639
2022-06-21T21,ERCO,SUN,8727
2022-06-21T22,ERCO,SUN,8537
2022-06-21T23,ERCO,SUN,7937
2022-06-22T00,ERCO,SUN,6639
2022-06-22T01,ERCO,SUN,3438
2022-06-22T02,ERCO,SUN,272
2022-06-22T03,ERCO,SUN,0
2022-06-22T04,ERCO,SUN,0
2022-06-22T05,ERCO,SUN,0
2022-06-22T06,ERCO,SUN,0
2022-06-22T07,ERCO,SUN,0
2022-06-22T08,ERCO,SUN,0
2022-06-22T09,ERCO,SUN,0
2022-06-22T10,ERCO,SUN,0
2022-06-22T11,ERCO,SUN,0
2022-06-22T12,ERCO,SUN,62
2022-06-22T13,ERCO,SUN,2409
2022-06-22T14,ERCO,SUN,6755
2022-06-22T15,ERCO,SUN,8136
2022-06-22T16,ERCO,SUN,8558
2022-06-22T17,ERCO,SUN,9099
2022-06-22T18,ERCO,SUN,9131
2022-06-22T19,ERCO,SUN,8724
2022-06-22T20,ERCO,SUN,8165
2022-06-22T21,ERCO,SUN,8141
2022-06-22T22,ERCO,SUN,7946
2022-06-22T23,ERCO,SUN,7453
2022-06-23T00,ERCO,SUN,6359
2022-06-23T01,ERCO,SUN,4049
2022-06-23T02,ERCO,SUN,588
2022-06-23T03,ERCO,SUN,0
2022-06-23T04,ERCO,SUN,0
2022-06-23T05,ERCO,SUN,0
2022-06-23T06,ERCO,SUN,0
2022-06-23T07,ERCO,SUN,0
2022-06-23T08,ERCO,SUN,0
2022-06-23T09,ERCO,SUN,0
2022-06-23T10,ERCO,SUN,0
2022-06-23T11,ERCO,SUN,0
2022-06-23T12,ERCO,SUN,60
2022-06-23T13,ERCO,SUN,2242
2022-06-23T14,ERCO,SUN,6698
2022-06-23T15,ERCO,SUN,8858
2022-06-23T16,ERCO,SUN,9321
2022-06-23T17,ERCO,SUN,9371
2022-06-23T18,ERCO,SUN,9108
2022-06-23T19,ERCO,SUN,8658
2022-06-23T20,ERCO,SUN,8610
2022-06-23T21,ERCO,SUN,8303
2022-06-23T22,ERCO,SUN,7945
2022-06-23T23,ERCO,SUN,8158
2022-06-24T00,ERCO,SUN,7117
2022-06-24T01,ERCO,SUN,4121
2022-06-24T02,ERCO,SUN,558
2022-06-24T03,ERCO,SUN,0
2022-06-24T04,ERCO,SUN,0
2022-06-24T05,ERCO,SUN,0
2022-06-24T06,ERCO,SUN,0
2022-06-24T07,ERCO,SUN,0
2022-06-24T08,ERCO,SUN,0
2022-06-24T09,ERCO,SUN,0
2022-06-24T10,ERCO,SUN,0
2022-06-24T11,ERCO,SUN,0
2022-06-24T12,ERCO,SUN,56
2022-06-24T13,ERCO,SUN,2339
2022-06-24T14,ERCO,SUN,7082
2022-06-24T15,ERCO,SUN,8768
2022-06-24T16,ERCO,SUN,9184
2022-06-24T17,ERCO,SUN,9182
2022-06-24T18,ERCO,SUN,9242
2022-06-24T19,ERCO,SUN,9426
2022-06-24T20,ERCO,SUN,9331
2022-06-24T21,ERCO,SUN,9073
2022-06-24T22,ERCO,SUN,8904
2022-06-24T23,ERCO,SUN,8433
2022-06-25T00,ERCO,SUN,7403
2022-06-25T01,ERCO,SUN,4233
2022-06-25T02,ERCO,SUN,553
2022-06-25T03,ERCO,SUN,0
2022-06-25T04,ERCO,SUN,0
2022-06-25T05,ERCO,SUN,0
2022-06-25T06,ERCO,SUN,1
2022-06-25T07,ERCO,SUN,1
2022-06-25T08,ERCO,SUN,0
2022-06-25T09,ERCO,SUN,0
2022-06-25T10,ERCO,SUN,0
2022-06-25T11,ERCO,SUN,0
2022-06-25T12,ERCO,SUN,61
2022-06-25T13,ERCO,SUN,2509
2022-06-25T14,ERCO,SUN,7293
2022-06-25T15,ERCO,SUN,8917
2022-06-25T16,ERCO,SUN,9521
2022-06-25T17,ERCO,SUN,9661
2022-06-25T18,ERCO,SUN,9574
2022-06-25T19,ERCO,SUN,9468
2022-06-25T20,ERCO,SUN,9181
2022-06-25T21,ERCO,SUN,9187
2022-06-25T22,ERCO,SUN,8982
2022-06-25T23,ERCO,SUN,8770
2022-06-26T00,ERCO,SUN,7750
2022-06-26T01,ERCO,SUN,4546
2022-06-26T02,ERCO,SUN,531
2022-06-26T03,ERCO,SUN,0
2022-06-26T04,ERCO,SUN,0
2022-06-26T05,ERCO,SUN,0
2022-06-26T06,ERCO,SUN,0
2022-06-26T07,ERCO,SUN,0
2022-06-26T08,ERCO,SUN,0
2022-06-26T09,ERCO,SUN,0
2022-06-26T10,ERCO,SUN,0
2022-06-26T11,ERCO,SUN,0
2022-06-26T12,ERCO,SUN,63
2022-06-26T13,ERCO,SUN,2203
2022-06-26T14,ERCO,SUN,6635
2022-06-26T15,ERCO,SUN,8744
2022-06-26T16,ERCO,SUN,9374
2022-06-26T17,ERCO,SUN,9414
2022-06-26T18,ERCO,SUN,9244
2022-06-26T19,ERCO,SUN,8852
2022-06-26T20,ERCO,SUN,8539
2022-06-26T21,ERCO,SUN,8031
2022-06-26T22,ERCO,SUN,7911
2022-06-26T23,ERCO,SUN,7655
2022-06-27T00,ERCO,SUN,6725
2022-06-27T01,ERCO,SUN,3785
2022-06-27T02,ERCO,SUN,389
2022-06-27T03,ERCO,SUN,0
2022-06-27T04,ERCO,SUN,0
2022-06-27T05,ERCO,SUN,0
2022-06-27T06,ERCO,SUN,0
2022-06-27T07,ERCO,SUN,0
2022-06-27T08,ERCO,SUN,0
2022-06-27T09,ERCO,SUN,0
2022-06-27T10,ERCO,SUN,0
2022-06-27T11,ERCO,SUN,0
2022-06-27T12,ERCO,SUN,46
2022-06-27T13,ERCO,SUN,1502
2022-06-27T14,ERCO,SUN,4729
2022-06-27T15,ERCO,SUN,7137
2022-06-27T16,ERCO,SUN,8443
2022-06-27T17,ERCO,SUN,9209
2022-06-27T18,ERCO,SUN,9471
2022-06-27T19,ERCO,SUN,9318
2022-06-27T20,ERCO,SUN,8540
2022-06-27T21,ERCO,SUN,7805
2022-06-27T22,ERCO,SUN,7308
2022-06-27T23,ERCO,SUN,6652
2022-06-28T00,ERCO,SUN,5305
2022-06-28T01,ERCO,SUN,2719
2022-06-28T02,ERCO,SUN,363
2022-06-28T03,ERCO,SUN,0
2022-06-28T04,ERCO,SUN,0
2022-06-28T05,ERCO,SUN,0
2022-06-28T06,ERCO,SUN,0
2022-06-28T07,ERCO,SUN,0
2022-06-28T08,ERCO,SUN,0
2022-06-28T09,ERCO,SUN,0
2022-06-28T10,ERCO,SUN,0
2022-06-28T11,ERCO,SUN,0
2022-06-28T12,ERCO,SUN,47
2022-06-28T13,ERCO,SUN,1618
2022-06-28T14,ERCO,SUN,5385
2022-06-28T15,ERCO,SUN,7672
2022-06-28T16,ERCO,SUN,8734
2022-06-28T17,ERCO,SUN,8798
2022-06-28T18,ERCO,SUN,8578
2022-06-28T19,ERCO,SUN,8317
2022-06-28T20,ERCO,SUN,7955
2022-06-28T21,ERCO,SUN,7663
2022-06-28T22,ERCO,SUN,7622
2022-06-28T23,ERCO,SUN,6158
2022-06-29T00,ERCO,SUN,4912
2022-06-29T01,ERCO,SUN,2497
2022-06-29T02,ERCO,SUN,227
2022-06-29T03,ERCO,SUN,0
2022-06-29T04,ERCO,SUN,0
2022-06-29T05,ERCO,SUN,0
2022-06-29T06,ERCO,SUN,0
2022-06-29T07,ERCO,SUN,0
2022-06-29T08,ERCO,SUN,0
2022-06-29T09,ERCO,SUN,0
2022-06-29T10,ERCO,SUN,0
2022-06-29T11,ERCO,SUN,0
2022-06-29T12,ERCO,SUN,48
2022-06-29T13,ERCO,SUN,1502
2022-06-29T14,ERCO,SUN,5513
2022-06-29T15,ERCO,SUN,7608
2022-06-29T16,ERCO,SUN,8451
2022-06-29T17,ERCO,SUN,9063
2022-06-29T18,ERCO,SUN,9174
2022-06-29T19,ERCO,SUN,9007
2022-06-29T20,ERCO,SUN,8841
2022-06-29T21,ERCO,SUN,8461
2022-06-29T22,ERCO,SUN,8399
2022-06-29T23,ERCO,SUN,8195
2022-06-30T00,ERCO,SUN,6750
2022-06-30T01,ERCO,SUN,3749
2022-06-30T02,ERCO,SUN,533
2022-06-30T03,ERCO,SUN,0
2022-06-30T04,ERCO,SUN,0
2022-06-30T05,ERCO,SUN,0
2022-06-30T06,ERCO,SUN,0
2022-06-30T07,ERCO,SUN,0
2022-06-30T08,ERCO,SUN,0
2022-06-30T09,ERCO,SUN,0
2022-06-30T10,ERCO,SUN,0
2022-06-30T11,ERCO,SUN,0
2022-06-30T12,ERCO,SUN,47
2022-06-30T13,ERCO,SUN,2076
2022-06-30T14,ERCO,SUN,6739
2022-06-30T15,ERCO,SUN,8355
2022-06-30T16,ERCO,SUN,8833
2022-06-30T17,ERCO,SUN,8828
2022-06-30T18,ERCO,SUN,8509
2022-06-30T19,ERCO,SUN,8646
2022-06-30T20,ERCO,SUN,8430
2022-06-30T21,ERCO,SUN,8155
2022-06-30T22,ERCO,SUN,8304
2022-06-30T23,ERCO,SUN,7624
2022-07-01T00,ERCO,SUN,6815
2022-07-01T01,ERCO,SUN,3731
2022-07-01T02,ERCO,SUN,558
2022-07-01T03,ERCO,SUN,30
2022-07-01T04,ERCO,SUN,14
2022-07-01T05,ERCO,SUN,0
2022-07-01T06,ERCO,SUN,0
2022-07-01T07,ERCO,SUN,0
2022-07-01T08,ERCO,SUN,0
2022-07-01T09,ERCO,SUN,0
2022-07-01T10,ERCO,SUN,0
2022-07-01T11,ERCO,SUN,0
2022-07-01T12,ERCO,SUN,47
2022-07-01T13,ERCO,SUN,2122
2022-07-01T14,ERCO,SUN,6116
2022-07-01T15,ERCO,SUN,7698
2022-07-01T16,ERCO,SUN,8291
2022-07-01T17,ERCO,SUN,8504
2022-07-01T18,ERCO,SUN,8300
2022-07-01T19,ERCO,SUN,8148
2022-07-01T20,ERCO,SUN,8252
2022-07-01T21,ERCO,SUN,8239
2022-07-01T22,ERCO,SUN,7982
2022-07-01T23,ERCO,SUN,7420
2022-07-02T00,ERCO,SUN,6855
2022-07-02T01,ERCO,SUN,4095
2022-07-02T02,ERCO,SUN,584
2022-07-02T03,ERCO,SUN,0
2022-07-02T04,ERCO,SUN,0
2022-07-02T05,ERCO,SUN,0
2022-07-02T06,ERCO,SUN,0
2022-07-02T07,ERCO,SUN,0
2022-07-02T08,ERCO,SUN,0
2022-07-02T09,ERCO,SUN,0
2022-07-02T10,ERCO,SUN,0
2022-07-02T11,ERCO,SUN,0
2022-07-02T12,ERCO,SUN,50
2022-07-02T13,ERCO,SUN,2182
2022-07-02T14,ERCO,SUN,6894
2022-07-02T15,ERCO,SUN,8595
2022-07-02T16,ERCO,SUN,9270
2022-07-02T17,ERCO,SUN,8888
2022-07-02T18,ERCO,SUN,8597
2022-07-02T19,ERCO,SUN,8430
2022-07-02T20,ERCO,SUN,7843
2022-07-02T21,ERCO,SUN,7858
2022-07-02T22,ERCO,SUN,7383
2022-07-02T23,ERCO,SUN,7420
2022-07-03T00,ERCO,SUN,6689
2022-07-03T01,ERCO,SUN,3941
2022-07-03T02,ERCO,SUN,596
2022-07-03T03,ERCO,SUN,0
2022-07-03T04,ERCO,SUN,0
2022-07-03T05,ERCO,SUN,0
2022-07-03T06,ERCO,SUN,0
2022-07-03T07,ERCO,SUN,0
2022-07-03T08,ERCO,SUN,0
2022-07-03T09,ERCO,SUN,0
2022-07-03T10,ERCO,SUN,0
2022-07-03T11,ERCO,SUN,0
2022-07-03T12,ERCO,SUN,44
2022-07-03T13,ERCO,SUN,1974
2022-07-03T14,ERCO,SUN,6429
2022-07-03T15,ERCO,SUN,8231
2022-07-03T16,ERCO,SUN,8909
2022-07-03T17,ERCO,SUN,9155
2022-07-03T18,ERCO,SUN,9214
2022-07-03T19,ERCO,SUN,8685
2022-07-03T20,ERCO,SUN,8600
2022-07-03T21,ERCO,SUN,8024
2022-07-03T22,ERCO,SUN,7594
2022-07-03T23,ERCO,SUN,6916
2022-07-04T00,ERCO,SUN,5676
2022-07-04T01,ERCO,SUN,3286
2022-07-04T02,ERCO,SUN,542
2022-07-04T03,ERCO,SUN,0
2022-07-04T04,ERCO,SUN,0
2022-07-04T05,ERCO,SUN,0
2022-07-04T06,ERCO,SUN,0
2022-07-04T07,ERCO,SUN,0
2022-07-04T08,ERCO,SUN,0
2022-07-04T09,ERCO,SUN,0
2022-07-04T10,ERCO,SUN,0
2022-07-04T11,ERCO,SUN,0
2022-07-04T12,ERCO,SUN,47
2022-07-04T13,ERCO,SUN,2055
2022-07-04T14,ERCO,SUN,6501
2022-07-04T15,ERCO,SUN,8527
2022-07-04T16,ERCO,SUN,9200
2022-07-04T17,ERCO,SUN,9266
2022-07-04T18,ERCO,SUN,9251
2022-07-04T19,ERCO,SUN,8952
2022-07-04T20,ERCO,SUN,8410
2022-07-04T21,ERCO,SUN,8234
2022-07-04T22,ERCO,SUN,8252
2022-07-04T23,ERCO,SUN,7757
2022-07-05T00,ERCO,SUN,5795
2022-07-05T01,ERCO,SUN,2292
2022-07-05T02,ERCO,SUN,378
2022-07-05T03,ERCO,SUN,2
2022-07-05T04,ERCO,SUN,0
2022-07-05T05,ERCO,SUN,0
2022-07-05T06,ERCO,SUN,0
2022-07-05T07,ERCO,SUN,0
2022-07-05T08,ERCO,SUN,0
2022-07-05T09,ERCO,SUN,0
2022-07-05T10,ERCO,SUN,0
2022-07-05T11,ERCO,SUN,0
2022-07-05T12,ERCO,SUN,46
2022-07-05T13,ERCO,SUN,1910
2022-07-05T14,ERCO,SUN,5482
2022-07-05T15,ERCO,SUN,6963
2022-07-05T16,ERCO,SUN,8058
2022-07-05T17,ERCO,SUN,9008
2022-07-05T18,ERCO,SUN,8976
2022-07-05T19,ERCO,SUN,9078
2022-07-05T20,ERCO,SUN,9178
2022-07-05T21,ERCO,SUN,8564
2022-07-05T22,ERCO,SUN,8002
2022-07-05T23,ERCO,SUN,6347
2022-07-06T00,ERCO,SUN,4418
2022-07-06T01,ERCO,SUN,2452
2022-07-06T02,ERCO,SUN,250
2022-07-06T03,ERCO,SUN,0
2022-07-06T04,ERCO,SUN,0
2022-07-06T05,ERCO,SUN,0
2022-07-06T06,ERCO,SUN,0
2022-07-06T07,ERCO,SUN,0
2022-07-06T08,ERCO,SUN,0
2022-07-06T09,ERCO,SUN,0
2022-07-06T10,ERCO,SUN,0
2022-07-06T11,ERCO,SUN,0
2022-07-06T12,ERCO,SUN,36
2022-07-06T13,ERCO,SUN,1893
2022-07-06T14,ERCO,SUN,5257
2022-07-06T15,ERCO,SUN,7259
2022-07-06T16,ERCO,SUN,8694
2022-07-06T17,ERCO,SUN,8848
2022-07-06T18,ERCO,SUN,8711
2022-07-06T19,ERCO,SUN,9155
2022-07-06T20,ERCO,SUN,9139
2022-07-06T21,ERCO,SUN,8940
2022-07-06T22,ERCO,SUN,8415
2022-07-06T23,ERCO,SUN,8052
2022-07-07T00,ERCO,SUN,6870
2022-07-07T01,ERCO,SUN,3964
2022-07-07T02,ERCO,SUN,474
2022-07-07T03,ERCO,SUN,0
2022-07-07T04,ERCO,SUN,0
2022-07-07T05,ERCO,SUN,0
2022-07-07T06,ERCO,SUN,0
2022-07-07T07,ERCO,SUN,0
2022-07-07T08,ERCO,SUN,0
2022-07-07T09,ERCO,SUN,0
2022-07-07T10,ERCO,SUN,0
2022-07-07T11,ERCO,SUN,0
2022-07-07T12,ERCO,SUN,40
2022-07-07T13,ERCO,SUN,2139
2022-07-07T14,ERCO,SUN,6743
2022-07-07T15,ERCO,SUN,8904
2022-07-07T16,ERCO,SUN,9362
2022-07-07T17,ERCO,SUN,9381
2022-07-07T18,ERCO,SUN,9369
2022-07-07T19,ERCO,SUN,9211
2022-07-07T20,ERCO,SUN,9077
2022-07-07T21,ERCO,SUN,8819
2022-07-07T22,ERCO,SUN,8700
2022-07-07T23,ERCO,SUN,8298
2022-07-08T00,ERCO,SUN,7087
2022-07-08T01,ERCO,SUN,4040
2022-07-08T02,ERCO,SUN,400
2022-07-08T03,ERCO,SUN,0
2022-07-08T04,ERCO,SUN,0
2022-07-08T05,ERCO,SUN,0
2022-07-08T06,ERCO,SUN,0
2022-07-08T07,ERCO,SUN,0
2022-07-08T08,ERCO,SUN,0
2022-07-08T09,ERCO,SUN,0
2022-07-08T10,ERCO,SUN,0
2022-07-08T11,ERCO,SUN,0
2022-07-08T12,ERCO,SUN,40
2022-07-08T13,ERCO,SUN,1965
2022-07-08T14,ERCO,SUN,6527
2022-07-08T15,ERCO,SUN,8921
2022-07-08T16,ERCO,SUN,9203
2022-07-08T17,ERCO,SUN,9199
2022-07-08T18,ERCO,SUN,9037
2022-07-08T19,ERCO,SUN,9083
2022-07-08T20,ERCO,SUN,8830
2022-07-08T21,ERCO,SUN,8452
2022-07-08T22,ERCO,SUN,8410
2022-07-08T23,ERCO,SUN,8384
2022-07-09T00,ERCO,SUN,7547
2022-07-09T01,ERCO,SUN,4234
2022-07-09T02,ERCO,SUN,525
2022-07-09T03,ERCO,SUN,0
2022-07-09T04,ERCO,SUN,0
2022-07-09T05,ERCO,SUN,0
2022-07-09T06,ERCO,SUN,0
2022-07-09T07,ERCO,SUN,0
2022-07-09T08,ERCO,SUN,0
2022-07-09T09,ERCO,SUN,0
2022-07-09T10,ERCO,SUN,0
2022-07-09T11,ERCO,SUN,0
2022-07-09T12,ERCO,SUN,32
2022-07-09T13,ERCO,SUN,1784
2022-07-09T14,ERCO,SUN,6208
2022-07-09T15,ERCO,SUN,7988
2022-07-09T16,ERCO,SUN,8659
2022-07-09T17,ERCO,SUN,8572
2022-07-09T18,ERCO,SUN,8473
2022-07-09T19,ERCO,SUN,8754
2022-07-09T20,ERCO,SUN,7986
2022-07-09T21,ERCO,SUN,6944
2022-07-09T22,ERCO,SUN,6262
2022-07-09T23,ERCO,SUN,5956
2022-07-10T00,ERCO,SUN,5239
2022-07-10T01,ERCO,SUN,3306
2022-07-10T02,ERCO,SUN,341
2022-07-10T03,ERCO,SUN,0
2022-07-10T04,ERCO,SUN,0
2022-07-10T05,ERCO,SUN,0
2022-07-10T06,ERCO,SUN,0
2022-07-10T07,ERCO,SUN,0
2022-07-10T08,ERCO,SUN,0
2022-07-10T09,ERCO,SUN,0
2022-07-10T10,ERCO,SUN,0
2022-07-10T11,ERCO,SUN,0
2022-07-10T12,ERCO,SUN,36
2022-07-10T13,ERCO,SUN,1832
2022-07-10T14,ERCO,SUN,6084
2022-07-10T15,ERCO,SUN,8866
2022-07-10T16,ERCO,SUN,9556
2022-07-10T17,ERCO,SUN,9596
2022-07-10T18,ERCO,SUN,9334
2022-07-10T19,ERCO,SUN,9054
2022-07-10T20,ERCO,SUN,8672
2022-07-10T21,ERCO,SUN,8703
2022-07-10T22,ERCO,SUN,8386
2022-07-10T23,ERCO,SUN,7828
2022-07-11T00,ERCO,SUN,6024
2022-07-11T01,ERCO,SUN,3125
2022-07-11T02,ERCO,SUN,390
2022-07-11T03,ERCO,SUN,0
2022-07-11T04,ERCO,SUN,0
2022-07-11T05,ERCO,SUN,0
2022-07-11T06,ERCO,SUN,0
2022-07-11T07,ERCO,SUN,0
2022-07-11T08,ERCO,SUN,0
2022-07-11T09,ERCO,SUN,0
2022-07-11T10,ERCO,SUN,0
2022-07-11T11,ERCO,SUN,0
2022-07-11T12,ERCO,SUN,25
2022-07-11T13,ERCO,SUN,1683
2022-07-11T14,ERCO,SUN,6009
2022-07-11T15,ERCO,SUN,8477
2022-07-11T16,ERCO,SUN,9344
2022-07-11T17,ERCO,SUN,9567
2022-07-11T18,ERCO,SUN,9524
2022-07-11T19,ERCO,SUN,9272
2022-07-11T20,ERCO,SUN,9381
2022-07-11T21,ERCO,SUN,9112
2022-07-11T22,ERCO,SUN,8747
2022-07-11T23,ERCO,SUN,8289
2022-07-12T00,ERCO,SUN,7406
2022-07-12T01,ERCO,SUN,4400
2022-07-12T02,ERCO,SUN,617
2022-07-12T03,ERCO,SUN,0
2022-07-12T04,ERCO,SUN,0
2022-07-12T05,ERCO,SUN,0
2022-07-12T06,ERCO,SUN,0
2022-07-12T07,ERCO,SUN,0
2022-07-12T08,ERCO,SUN,0
2022-07-12T09,ERCO,SUN,0
2022-07-12T10,ERCO,SUN,0
2022-07-12T11,ERCO,SUN,0
2022-07-12T12,ERCO,SUN,30
2022-07-12T13,ERCO,SUN,1508
2022-07-12T14,ERCO,SUN,5482
2022-07-12T15,ERCO,SUN,8263
2022-07-12T16,ERCO,SUN,8891
2022-07-12T17,ERCO,SUN,9381
2022-07-12T18,ERCO,SUN,9091
2022-07-12T19,ERCO,SUN,8793
2022-07-12T20,ERCO,SUN,8629
2022-07-12T21,ERCO,SUN,7988
2022-07-12T22,ERCO,SUN,7636
2022-07-12T23,ERCO,SUN,6728
2022-07-13T00,ERCO,SUN,5445
2022-07-13T01,ERCO,SUN,3371
2022-07-13T02,ERCO,SUN,593
2022-07-13T03,ERCO,SUN,52
2022-07-13T04,ERCO,SUN,0
2022-07-13T05,ERCO,SUN,0
2022-07-13T06,ERCO,SUN,0
2022-07-13T07,ERCO,SUN,0
2022-07-13T08,ERCO,SUN,0
2022-07-13T09,ERCO,SUN,0
2022-07-13T10,ERCO,SUN,0
2022-07-13T11,ERCO,SUN,0
2022-07-13T12,ERCO,SUN,25
2022-07-13T13,ERCO,SUN,1476
2022-07-13T14,ERCO,SUN,5628
2022-07-13T15,ERCO,SUN,8098
2022-07-13T16,ERCO,SUN,9166
2022-07-13T17,ERCO,SUN,9319
2022-07-13T18,ERCO,SUN,9191
2022-07-13T19,ERCO,SUN,9054
2022-07-13T20,ERCO,SUN,8220
2022-07-13T21,ERCO,SUN,6948
2022-07-13T22,ERCO,SUN,6276
2022-07-13T23,ERCO,SUN,4951
2022-07-14T00,ERCO,SUN,3740
2022-07-14T01,ERCO,SUN,1953
2022-07-14T02,ERCO,SUN,239
2022-07-14T03,ERCO,SUN,0
2022-07-14T04,ERCO,SUN,0
2022-07-14T05,ERCO,SUN,0
2022-07-14T06,ERCO,SUN,0
2022-07-14T07,ERCO,SUN,0
2022-07-14T08,ERCO,SUN,0
2022-07-14T09,ERCO,SUN,0
2022-07-14T10,ERCO,SUN,0
2022-07-14T11,ERCO,SUN,0
2022-07-14T12,ERCO,SUN,12
2022-07-14T13,ERCO,SUN,1205
2022-07-14T14,ERCO,SUN,5860
2022-07-14T15,ERCO,SUN,8436
2022-07-14T16,ERCO,SUN,9093
2022-07-14T17,ERCO,SUN,8952
2022-07-14T18,ERCO,SUN,8828
2022-07-14T19,ERCO,SUN,8562
2022-07-14T20,ERCO,SUN,7836
2022-07-14T21,ERCO,SUN,7428
2022-07-14T22,ERCO,SUN,6977
2022-07-14T23,ERCO,SUN,6941
2022-07-15T00,ERCO,SUN,5280
2022-07-15T01,ERCO,SUN,2259
2022-07-15T02,ERCO,SUN,389
2022-07-15T03,ERCO,SUN,0
2022-07-15T04,ERCO,SUN,0
2022-07-15T05,ERCO,SUN,0
2022-07-15T06,ERCO,SUN,0
2022-07-15T07,ERCO,SUN,0
2022-07-15T08,ERCO,SUN,0
2022-07-15T09,ERCO,SUN,0
2022-07-15T10,ERCO,SUN,0
2022-07-15T11,ERCO,SUN,0
2022-07-15T12,ERCO,SUN,27
2022-07-15T13,ERCO,SUN,1900
2022-07-15T14,ERCO,SUN,6907
2022-07-15T15,ERCO,SUN,8987
2022-07-15T16,ERCO,SUN,9238
2022-07-15T17,ERCO,SUN,9208
2022-07-15T18,ERCO,SUN,9293
2022-07-15T19,ERCO,SUN,9257
2022-07-15T20,ERCO,SUN,9354
2022-07-15T21,ERCO,SUN,8911
2022-07-15T22,ERCO,SUN,8451
2022-07-15T23,ERCO,SUN,8468
2022-07-16T00,ERCO,SUN,7891
2022-07-16T01,ERCO,SUN,4595
2022-07-16T02,ERCO,SUN,622
2022-07-16T03,ERCO,SUN,0
2022-07-16T04,ERCO,SUN,0
2022-07-16T05,ERCO,SUN,0
2022-07-16T06,ERCO,SUN,0
2022-07-16T07,ERCO,SUN,0
2022-07-16T08,ERCO,SUN,0
2022-07-16T09,ERCO,SUN,0
2022-07-16T10,ERCO,SUN,0
2022-07-16T11,ERCO,SUN,0
2022-07-16T12,ERCO,SUN,27
2022-07-16T13,ERCO,SUN,1862
2022-07-16T14,ERCO,SUN,6989
2022-07-16T15,ERCO,SUN,9182
2022-07-16T16,ERCO,SUN,9667
2022-07-16T17,ERCO,SUN,9685
2022-07-16T18,ERCO,SUN,9599
2022-07-16T19,ERCO,SUN,9672
2022-07-16T20,ERCO,SUN,9496
2022-07-16T21,ERCO,SUN,9298
2022-07-16T22,ERCO,SUN,8966
2022-07-16T23,ERCO,SUN,8538
2022-07-17T00,ERCO,SUN,7360
2022-07-17T01,ERCO,SUN,4478
2022-07-17T02,ERCO,SUN,613
2022-07-17T03,ERCO,SUN,0
2022-07-17T04,ERCO,SUN,0
2022-07-17T05,ERCO,SUN,0
2022-07-17T06,ERCO,SUN,0
2022-07-17T07,ERCO,SUN,0
2022-07-17T08,ERCO,SUN,0
2022-07-17T09,ERCO,SUN,0
2022-07-17T10,ERCO,SUN,0
2022-07-17T11,ERCO,SUN,0
2022-07-17T12,ERCO,SUN,11
2022-07-17T13,ERCO,SUN,1219
2022-07-17T14,ERCO,SUN,5739
2022-07-17T15,ERCO,SUN,8405
2022-07-17T16,ERCO,SUN,9308
2022-07-17T17,ERCO,SUN,9487
2022-07-17T18,ERCO,SUN,9592
2022-07-17T19,ERCO,SUN,9153
2022-07-17T20,ERCO,SUN,8841
2022-07-17T21,ERCO,SUN,8849
2022-07-17T22,ERCO,SUN,8531
2022-07-17T23,ERCO,SUN,7443
2022-07-18T00,ERCO,SUN,5362
2022-07-18T01,ERCO,SUN,2673
2022-07-18T02,ERCO,SUN,339
2022-07-18T03,ERCO,SUN,0
2022-07-18T04,ERCO,SUN,0
2022-07-18T05,ERCO,SUN,0
2022-07-18T06,ERCO,SUN,0
2022-07-18T07,ERCO,SUN,0
2022-07-18T08,ERCO,SUN,0
2022-07-18T09,ERCO,SUN,0
2022-07-18T10,ERCO,SUN,0
2022-07-18T11,ERCO,SUN,0
2022-07-18T12,ERCO,SUN,6
2022-07-18T13,ERCO,SUN,1231
2022-07-18T14,ERCO,SUN,5761
2022-07-18T15,ERCO,SUN,8234
2022-07-18T16,ERCO,SUN,9249
2022-07-18T17,ERCO,SUN,9558
2022-07-18T18,ERCO,SUN,9610
2022-07-18T19,ERCO,SUN,9639
2022-07-18T20,ERCO,SUN,9587
2022-07-18T21,ERCO,SUN,9437
2022-07-18T22,ERCO,SUN,9220
2022-07-18T23,ERCO,SUN,8806
2022-07-19T00,ERCO,SUN,7377
2022-07-19T01,ERCO,SUN,3696
2022-07-19T02,ERCO,SUN,417
2022-07-19T03,ERCO,SUN,0
2022-07-19T04,ERCO,SUN,0
2022-07-19T05,ERCO,SUN,1
2022-07-19T06,ERCO,SUN,1
2022-07-19T07,ERCO,SUN,1
2022-07-19T08,ERCO,SUN,1
2022-07-19T09,ERCO,SUN,1
2022-07-19T10,ERCO,SUN,0
2022-07-19T11,ERCO,SUN,1
2022-07-19T12,ERCO,SUN,16
2022-07-19T13,ERCO,SUN,1566
2022-07-19T14,ERCO,SUN,6194
2022-07-19T15,ERCO,SUN,8424
2022-07-19T16,ERCO,SUN,9337
2022-07-19T17,ERCO,SUN,9266
2022-07-19T18,ERCO,SUN,9369
2022-07-19T19,ERCO,SUN,9150
2022-07-19T20,ERCO,SUN,9211
2022-07-19T21,ERCO,SUN,9323
2022-07-19T22,ERCO,SUN,9169
2022-07-19T23,ERCO,SUN,8677
2022-07-20T00,ERCO,SUN,6759
2022-07-20T01,ERCO,SUN,3078
2022-07-20T02,ERCO,SUN,394
2022-07-20T03,ERCO,SUN,0
2022-07-20T04,ERCO,SUN,0
2022-07-20T05,ERCO,SUN,0
2022-07-20T06,ERCO,SUN,0
2022-07-20T07,ERCO,SUN,0
2022-07-20T08,ERCO,SUN,0
2022-07-20T09,ERCO,SUN,0
2022-07-20T10,ERCO,SUN,0
2022-07-20T11,ERCO,SUN,0
2022-07-20T12,ERCO,SUN,13
2022-07-20T13,ERCO,SUN,1141
2022-07-20T14,ERCO,SUN,4184
2022-07-20T15,ERCO,SUN,5513
2022-07-20T16,ERCO,SUN,6876
2022-07-20T17,ERCO,SUN,7948
2022-07-20T18,ERCO,SUN,8584
2022-07-20T19,ERCO,SUN,8241
2022-07-20T20,ERCO,SUN,8379
2022-07-20T21,ERCO,SUN,8270
2022-07-20T22,ERCO,SUN,8079
2022-07-20T23,ERCO,SUN,7262
2022-07-21T00,ERCO,SUN,6651
2022-07-21T01,ERCO,SUN,3561
2022-07-21T02,ERCO,SUN,404
2022-07-21T03,ERCO,SUN,0
2022-07-21T04,ERCO,SUN,0
2022-07-21T05,ERCO,SUN,0
2022-07-21T06,ERCO,SUN,0
2022-07-21T07,ERCO,SUN,0
2022-07-21T08,ERCO,SUN,0
2022-07-21T09,ERCO,SUN,0
2022-07-21T10,ERCO,SUN,0
2022-07-21T11,ERCO,SUN,0
2022-07-21T12,ERCO,SUN,8
2022-07-21T13,ERCO,SUN,875
2022-07-21T14,ERCO,SUN,3262
2022-07-21T15,ERCO,SUN,4261
2022-07-21T16,ERCO,SUN,5206
2022-07-21T17,ERCO,SUN,5775
2022-07-21T18,ERCO,SUN,6399
2022-07-21T19,ERCO,SUN,7036
2022-07-21T20,ERCO,SUN,6912
2022-07-21T21,ERCO,SUN,6925
2022-07-21T22,ERCO,SUN,7512
2022-07-21T23,ERCO,SUN,7184
2022-07-22T00,ERCO,SUN,5608
2022-07-22T01,ERCO,SUN,3312
2022-07-22T02,ERCO,SUN,257
2022-07-22T03,ERCO,SUN,0
2022-07-22T04,ERCO,SUN,0
2022-07-22T05,ERCO,SUN,0
2022-07-22T06,ERCO,SUN,0
2022-07-22T07,ERCO,SUN,0
2022-07-22T08,ERCO,SUN,0
2022-07-22T09,ERCO,SUN,0
2022-07-22T10,ERCO,SUN,0
2022-07-22T11,ERCO,SUN,0
2022-07-22T12,ERCO,SUN,4
2022-07-22T13,ERCO,SUN,748
2022-07-22T14,ERCO,SUN,3254
2022-07-22T15,ERCO,SUN,5742
2022-07-22T16,ERCO,SUN,7978
2022-07-22T17,ERCO,SUN,8583
2022-07-22T18,ERCO,SUN,8705
2022-07-22T19,ERCO,SUN,8748
2022-07-22T20,ERCO,SUN,8707
2022-07-22T21,ERCO,SUN,8534
2022-07-22T22,ERCO,SUN,7987
2022-07-22T23,ERCO,SUN,7324
2022-07-23T00,ERCO,SUN,5895
2022-07-23T01,ERCO,SUN,2999
2022-07-23T02,ERCO,SUN,224
2022-07-23T03,ERCO,SUN,0
2022-07-23T04,ERCO,SUN,0
2022-07-23T05,ERCO,SUN,0
2022-07-23T06,ERCO,SUN,0
2022-07-23T07,ERCO,SUN,0
2022-07-23T08,ERCO,SUN,0
2022-07-23T09,ERCO,SUN,0
2022-07-23T10,ERCO,SUN,0
2022-07-23T11,ERCO,SUN,0
2022-07-23T12,ERCO,SUN,14
2022-07-23T13,ERCO,SUN,1182
2022-07-23T14,ERCO,SUN,5344
2022-07-23T15,ERCO,SUN,8398
2022-07-23T16,ERCO,SUN,9284
2022-07-23T17,ERCO,SUN,9280
2022-07-23T18,ERCO,SUN,9053
2022-07-23T19,ERCO,SUN,9332
2022-07-23T20,ERCO,SUN,9387
2022-07-23T21,ERCO,SUN,8984
2022-07-23T22,ERCO,SUN,8786
2022-07-23T23,ERCO,SUN,8560
2022-07-24T00,ERCO,SUN,7247
2022-07-24T01,ERCO,SUN,4154
2022-07-24T02,ERCO,SUN,471
2022-07-24T03,ERCO,SUN,0
2022-07-24T04,ERCO,SUN,0
2022-07-24T05,ERCO,SUN,1
2022-07-24T06,ERCO,SUN,1
2022-07-24T07,ERCO,SUN,1
2022-07-24T08,ERCO,SUN,1
2022-07-24T09,ERCO,SUN,0
2022-07-24T10,ERCO,SUN,0
2022-07-24T11,ERCO,SUN,0
2022-07-24T12,ERCO,SUN,13
2022-07-24T13,ERCO,SUN,1520
2022-07-24T14,ERCO,SUN,6223
2022-07-24T15,ERCO,SUN,8620
2022-07-24T16,ERCO,SUN,9299
2022-07-24T17,ERCO,SUN,9521
2022-07-24T18,ERCO,SUN,9437
2022-07-24T19,ERCO,SUN,8813
2022-07-24T20,ERCO,SUN,8637
2022-07-24T21,ERCO,SUN,8360
2022-07-24T22,ERCO,SUN,8248
2022-07-24T23,ERCO,SUN,7835
2022-07-25T00,ERCO,SUN,7039
2022-07-25T01,ERCO,SUN,3927
2022-07-25T02,ERCO,SUN,403
2022-07-25T03,ERCO,SUN,0
2022-07-25T04,ERCO,SUN,0
2022-07-25T05,ERCO,SUN,0
2022-07-25T06,ERCO,SUN,0
2022-07-25T07,ERCO,SUN,0
2022-07-25T08,ERCO,SUN,0
2022-07-25T09,ERCO,SUN,0
2022-07-25T10,ERCO,SUN,0
2022-07-25T11,ERCO,SUN,0
2022-07-25T12,ERCO,SUN,12
2022-07-25T13,ERCO,SUN,1518
2022-07-25T14,ERCO,SUN,6175
2022-07-25T15,ERCO,SUN,8833
2022-07-25T16,ERCO,SUN,9611
2022-07-25T17,ERCO,SUN,9706
2022-07-25T18,ERCO,SUN,9697
2022-07-25T19,ERCO,SUN,9433
2022-07-25T20,ERCO,SUN,9125
2022-07-25T21,ERCO,SUN,8689
2022-07-25T22,ERCO,SUN,8509
2022-07-25T23,ERCO,SUN,8322
2022-07-26T00,ERCO,SUN,7190
2022-07-26T01,ERCO,SUN,3679
2022-07-26T02,ERCO,SUN,312
2022-07-26T03,ERCO,SUN,0
2022-07-26T04,ERCO,SUN,0
2022-07-26T05,ERCO,SUN,0
2022-07-26T06,ERCO,SUN,0
2022-07-26T07,ERCO,SUN,0
2022-07-26T08,ERCO,SUN,0
2022-07-26T09,ERCO,SUN,0
2022-07-26T10,ERCO,SUN,0
2022-07-26T11,ERCO,SUN,0
2022-07-26T12,ERCO,SUN,11
2022-07-26T13,ERCO,SUN,1540
2022-07-26T14,ERCO,SUN,6341
2022-07-26T15,ERCO,SUN,7864
2022-07-26T16,ERCO,SUN,9332
2022-07-26T17,ERCO,SUN,9697
2022-07-26T18,ERCO,SUN,9505
2022-07-26T19,ERCO,SUN,9244
2022-07-26T20,ERCO,SUN,8931
2022-07-26T21,ERCO,SUN,8725
2022-07-26T22,ERCO,SUN,8659
2022-07-26T23,ERCO,SUN,8679
2022-07-27T00,ERCO,SUN,7457
2022-07-27T01,ERCO,SUN,3755
2022-07-27T02,ERCO,SUN,332
2022-07-27T03,ERCO,SUN,0
2022-07-27T04,ERCO,SUN,0
2022-07-27T05,ERCO,SUN,0
2022-07-27T06,ERCO,SUN,0
2022-07-27T07,ERCO,SUN,0
2022-07-27T08,ERCO,SUN,0
2022-07-27T09,ERCO,SUN,0
2022-07-27T10,ERCO,SUN,0
2022-07-27T11,ERCO,SUN,0
2022-07-27T12,ERCO,SUN,8
2022-07-27T13,ERCO,SUN,1417
2022-07-27T14,ERCO,SUN,6157
2022-07-27T15,ERCO,SUN,8647
2022-07-27T16,ERCO,SUN,9248
2022-07-27T17,ERCO,SUN,9228
2022-07-27T18,ERCO,SUN,9446
2022-07-27T19,ERCO,SUN,8966
2022-07-27T20,ERCO,SUN,8899
2022-07-27T21,ERCO,SUN,8555
2022-07-27T22,ERCO,SUN,8047
2022-07-27T23,ERCO,SUN,7758
2022-07-28T00,ERCO,SUN,6920
2022-07-28T01,ERCO,SUN,3439
2022-07-28T02,ERCO,SUN,187
2022-07-28T03,ERCO,SUN,0
2022-07-28T04,ERCO,SUN,0
2022-07-28T05,ERCO,SUN,0
2022-07-28T06,ERCO,SUN,0
2022-07-28T07,ERCO,SUN,0
2022-07-28T08,ERCO,SUN,0
2022-07-28T09,ERCO,SUN,0
2022-07-28T10,ERCO,SUN,0
2022-07-28T11,ERCO,SUN,0
2022-07-28T12,ERCO,SUN,7
2022-07-28T13,ERCO,SUN,1453
2022-07-28T14,ERCO,SUN,6135
2022-07-28T15,ERCO,SUN,9042
2022-07-28T16,ERCO,SUN,9552
2022-07-28T17,ERCO,SUN,9563
2022-07-28T18,ERCO,SUN,9449
2022-07-28T19,ERCO,SUN,9284
2022-07-28T20,ERCO,SUN,8997
2022-07-28T21,ERCO,SUN,8818
2022-07-28T22,ERCO,SUN,8571
2022-07-28T23,ERCO,SUN,8365
2022-07-29T00,ERCO,SUN,7298
2022-07-29T01,ERCO,SUN,3955
2022-07-29T02,ERCO,SUN,385
2022-07-29T03,ERCO,SUN,0
2022-07-29T04,ERCO,SUN,0
2022-07-29T05,ERCO,SUN,0
2022-07-29T06,ERCO,SUN,0
2022-07-29T07,ERCO,SUN,0
2022-07-29T08,ERCO,SUN,0
2022-07-29T09,ERCO,SUN,0
2022-07-29T10,ERCO,SUN,0
2022-07-29T11,ERCO,SUN,0
2022-07-29T12,ERCO,SUN,5
2022-07-29T13,ERCO,SUN,1385
2022-07-29T14,ERCO,SUN,6263
2022-07-29T15,ERCO,SUN,8568
2022-07-29T16,ERCO,SUN,9138
2022-07-29T17,ERCO,SUN,9177
2022-07-29T18,ERCO,SUN,9011
2022-07-29T19,ERCO,SUN,8690
2022-07-29T20,ERCO,SUN,8386
2022-07-29T21,ERCO,SUN,7822
2022-07-29T22,ERCO,SUN,7521
2022-07-29T23,ERCO,SUN,6931
2022-07-30T00,ERCO,SUN,6574
2022-07-30T01,ERCO,SUN,3688
2022-07-30T02,ERCO,SUN,320
2022-07-30T03,ERCO,SUN,0
2022-07-30T04,ERCO,SUN,0
2022-07-30T05,ERCO,SUN,0
2022-07-30T06,ERCO,SUN,0
2022-07-30T07,ERCO,SUN,0
2022-07-30T08,ERCO,SUN,0
2022-07-30T09,ERCO,SUN,0
2022-07-30T10,ERCO,SUN,0
2022-07-30T11,ERCO,SUN,0
2022-07-30T12,ERCO,SUN,5
2022-07-30T13,ERCO,SUN,1012
2022-07-30T14,ERCO,SUN,5336
2022-07-30T15,ERCO,SUN,8019
2022-07-30T16,ERCO,SUN,9208
2022-07-30T17,ERCO,SUN,9299
2022-07-30T18,ERCO,SUN,8784
2022-07-30T19,ERCO,SUN,8846
2022-07-30T20,ERCO,SUN,8586
2022-07-30T21,ERCO,SUN,8737
2022-07-30T22,ERCO,SUN,8380
2022-07-30T23,ERCO,SUN,8007
2022-07-31T00,ERCO,SUN,6838
2022-07-31T01,ERCO,SUN,3614
2022-07-31T02,ERCO,SUN,375
2022-07-31T03,ERCO,SUN,0
2022-07-31T04,ERCO,SUN,0
2022-07-31T05,ERCO,SUN,0
2022-07-31T06,ERCO,SUN,0
2022-07-31T07,ERCO,SUN,0
2022-07-31T08,ERCO,SUN,0
2022-07-31T09,ERCO,SUN,0
2022-07-31T10,ERCO,SUN,0
2022-07-31T11,ERCO,SUN,0
2022-07-31T12,ERCO,SUN,3
2022-07-31T13,ERCO,SUN,838
2022-07-31T14,ERCO,SUN,4747
2022-07-31T15,ERCO,SUN,7541
2022-07-31T16,ERCO,SUN,8910
2022-07-31T17,ERCO,SUN,8956
2022-07-31T18,ERCO,SUN,8907
2022-07-31T19,ERCO,SUN,9153
2022-07-31T20,ERCO,SUN,9337
2022-07-31T21,ERCO,SUN,9216
2022-07-31T22,ERCO,SUN,8777
2022-07-31T23,ERCO,SUN,8188
2022-08-01T00,ERCO,SUN,6860
2022-08-01T01,ERCO,SUN,3314
2022-08-01T02,ERCO,SUN,260
2022-08-01T03,ERCO,SUN,0
2022-08-01T04,ERCO,SUN,0
2022-08-01T05,ERCO,SUN,0
2022-08-01T06,ERCO,SUN,0
2022-08-01T07,ERCO,SUN,0
2022-08-01T08,ERCO,SUN,0
2022-08-01T09,ERCO,SUN,0
2022-08-01T10,ERCO,SUN,0
2022-08-01T11,ERCO,SUN,0
2022-08-01T12,ERCO,SUN,2
2022-08-01T13,ERCO,SUN,1012
2022-08-01T14,ERCO,SUN,5566
2022-08-01T15,ERCO,SUN,7765
2022-08-01T16,ERCO,SUN,8553
2022-08-01T17,ERCO,SUN,8454
2022-08-01T18,ERCO,SUN,8774
2022-08-01T19,ERCO,SUN,8971
2022-08-01T20,ERCO,SUN,9020
2022-08-01T21,ERCO,SUN,8897
2022-08-01T22,ERCO,SUN,8534
2022-08-01T23,ERCO,SUN,8101
2022-08-02T00,ERCO,SUN,6865
2022-08-02T01,ERCO,SUN,3322
2022-08-02T02,ERCO,SUN,323
2022-08-02T03,ERCO,SUN,0
2022-08-02T04,ERCO,SUN,0
2022-08-02T05,ERCO,SUN,0
2022-08-02T06,ERCO,SUN,0
2022-08-02T07,ERCO,SUN,0
2022-08-02T08,ERCO,SUN,0
2022-08-02T09,ERCO,SUN,0
2022-08-02T10,ERCO,SUN,0
2022-08-02T11,ERCO,SUN,0
2022-08-02T12,ERCO,SUN,2
2022-08-02T13,ERCO,SUN,1040
2022-08-02T14,ERCO,SUN,5272
2022-08-02T15,ERCO,SUN,6862
2022-08-02T16,ERCO,SUN,7810
2022-08-02T17,ERCO,SUN,9271
2022-08-02T18,ERCO,SUN,9603
2022-08-02T19,ERCO,SUN,9529
2022-08-02T20,ERCO,SUN,9570
2022-08-02T21,ERCO,SUN,9344
2022-08-02T22,ERCO,SUN,9304
2022-08-02T23,ERCO,SUN,9036
2022-08-03T00,ERCO,SUN,7782
2022-08-03T01,ERCO,SUN,3799
2022-08-03T02,ERCO,SUN,346
2022-08-03T03,ERCO,SUN,0
2022-08-03T04,ERCO,SUN,0
2022-08-03T05,ERCO,SUN,0
2022-08-03T06,ERCO,SUN,0
2022-08-03T07,ERCO,SUN,0
2022-08-03T08,ERCO,SUN,0
2022-08-03T09,ERCO,SUN,0
2022-08-03T10,ERCO,SUN,0
2022-08-03T11,ERCO,SUN,0
2022-08-03T12,ERCO,SUN,4
2022-08-03T13,ERCO,SUN,1146
2022-08-03T14,ERCO,SUN,5037
2022-08-03T15,ERCO,SUN,5455
2022-08-03T16,ERCO,SUN,7575
2022-08-03T17,ERCO,SUN,9178
2022-08-03T18,ERCO,SUN,9443
2022-08-03T19,ERCO,SUN,9219
2022-08-03T20,ERCO,SUN,9212
2022-08-03T21,ERCO,SUN,8821
2022-08-03T22,ERCO,SUN,8822
2022-08-03T23,ERCO,SUN,8345
2022-08-04T00,ERCO,SUN,6799
2022-08-04T01,ERCO,SUN,3327
2022-08-04T02,ERCO,SUN,206
2022-08-04T03,ERCO,SUN,0
2022-08-04T04,ERCO,SUN,0
2022-08-04T05,ERCO,SUN,0
2022-08-04T06,ERCO,SUN,0
2022-08-04T07,ERCO,SUN,0
2022-08-04T08,ERCO,SUN,0
2022-08-04T09,ERCO,SUN,0
2022-08-04T10,ERCO,SUN,0
2022-08-04T11,ERCO,SUN,0
2022-08-04T12,ERCO,SUN,2
2022-08-04T13,ERCO,SUN,879
2022-08-04T14,ERCO,SUN,5166
2022-08-04T15,ERCO,SUN,8149
2022-08-04T16,ERCO,SUN,8941
2022-08-04T17,ERCO,SUN,9321
2022-08-04T18,ERCO,SUN,9419
2022-08-04T19,ERCO,SUN,9286
2022-08-04T20,ERCO,SUN,9039
2022-08-04T21,ERCO,SUN,8777
2022-08-04T22,ERCO,SUN,8445
2022-08-04T23,ERCO,SUN,8106
2022-08-05T00,ERCO,SUN,6147
2022-08-05T01,ERCO,SUN,2750
2022-08-05T02,ERCO,SUN,177
2022-08-05T03,ERCO,SUN,0
2022-08-05T04,ERCO,SUN,0
2022-08-05T05,ERCO,SUN,0
2022-08-05T06,ERCO,SUN,0
2022-08-05T07,ERCO,SUN,0
2022-08-05T08,ERCO,SUN,0
2022-08-05T09,ERCO,SUN,0
2022-08-05T10,ERCO,SUN,0
2022-08-05T11,ERCO,SUN,0
2022-08-05T12,ERCO,SUN,2
2022-08-05T13,ERCO,SUN,830
2022-08-05T14,ERCO,SUN,4542
2022-08-05T15,ERCO,SUN,7589
2022-08-05T16,ERCO,SUN,9089
2022-08-05T17,ERCO,SUN,9326
2022-08-05T18,ERCO,SUN,9099
2022-08-05T19,ERCO,SUN,9082
2022-08-05T20,ERCO,SUN,8805
2022-08-05T21,ERCO,SUN,8274
2022-08-05T22,ERCO,SUN,8098
2022-08-05T23,ERCO,SUN,7326
2022-08-06T00,ERCO,SUN,6186
2022-08-06T01,ERCO,SUN,2995
2022-08-06T02,ERCO,SUN,263
2022-08-06T03,ERCO,SUN,58
2022-08-06T04,ERCO,SUN,58
2022-08-06T05,ERCO,SUN,58
2022-08-06T06,ERCO,SUN,58
2022-08-06T07,ERCO,SUN,45
2022-08-06T08,ERCO,SUN,0
2022-08-06T09,ERCO,SUN,0
2022-08-06T10,ERCO,SUN,0
2022-08-06T11,ERCO,SUN,0
2022-08-06T12,ERCO,SUN,2
2022-08-06T13,ERCO,SUN,953
2022-08-06T14,ERCO,SUN,5137
2022-08-06T15,ERCO,SUN,7823
2022-08-06T16,ERCO,SUN,8925
2022-08-06T17,ERCO,SUN,8966
2022-08-06T18,ERCO,SUN,9031
2022-08-06T19,ERCO,SUN,9110
2022-08-06T20,ERCO,SUN,8787
2022-08-06T21,ERCO,SUN,8149
2022-08-06T22,ERCO,SUN,7504
2022-08-06T23,ERCO,SUN,7071
2022-08-07T00,ERCO,SUN,5887
2022-08-07T01,ERCO,SUN,2450
2022-08-07T02,ERCO,SUN,181
2022-08-07T03,ERCO,SUN,0
2022-08-07T04,ERCO,SUN,0
2022-08-07T05,ERCO,SUN,0
2022-08-07T06,ERCO,SUN,0
2022-08-07T07,ERCO,SUN,0
2022-08-07T08,ERCO,SUN,0
2022-08-07T09,ERCO,SUN,0
2022-08-07T10,ERCO,SUN,0
2022-08-07T11,ERCO,SUN,0
2022-08-07T12,ERCO,SUN,2
2022-08-07T13,ERCO,SUN,1081
2022-08-07T14,ERCO,SUN,5803
2022-08-07T15,ERCO,SUN,8993
2022-08-07T16,ERCO,SUN,9679
2022-08-07T17,ERCO,SUN,9599
2022-08-07T18,ERCO,SUN,9501
2022-08-07T19,ERCO,SUN,8914
2022-08-07T20,ERCO,SUN,8589
2022-08-07T21,ERCO,SUN,8172
2022-08-07T22,ERCO,SUN,8141
2022-08-07T23,ERCO,SUN,7690
2022-08-08T00,ERCO,SUN,6565
2022-08-08T01,ERCO,SUN,3166
2022-08-08T02,ERCO,SUN,200
2022-08-08T03,ERCO,SUN,0
2022-08-08T04,ERCO,SUN,0
2022-08-08T05,ERCO,SUN,0
2022-08-08T06,ERCO,SUN,0
2022-08-08T07,ERCO,SUN,0
2022-08-08T08,ERCO,SUN,0
2022-08-08T09,ERCO,SUN,0
2022-08-08T10,ERCO,SUN,0
2022-08-08T11,ERCO,SUN,0
2022-08-08T12,ERCO,SUN,1
2022-08-08T13,ERCO,SUN,973
2022-08-08T14,ERCO,SUN,5411
2022-08-08T15,ERCO,SUN,8920
2022-08-08T16,ERCO,SUN,9727
2022-08-08T17,ERCO,SUN,9750
2022-08-08T18,ERCO,SUN,9488
2022-08-08T19,ERCO,SUN,9058
2022-08-08T20,ERCO,SUN,8631
2022-08-08T21,ERCO,SUN,8428
2022-08-08T22,ERCO,SUN,8124
2022-08-08T23,ERCO,SUN,7508
2022-08-09T00,ERCO,SUN,6174
2022-08-09T01,ERCO,SUN,2806
2022-08-09T02,ERCO,SUN,147
2022-08-09T03,ERCO,SUN,0
2022-08-09T04,ERCO,SUN,0
2022-08-09T05,ERCO,SUN,0
2022-08-09T06,ERCO,SUN,0
2022-08-09T07,ERCO,SUN,0
2022-08-09T08,ERCO,SUN,0
2022-08-09T09,ERCO,SUN,0
2022-08-09T10,ERCO,SUN,0
2022-08-09T11,ERCO,SUN,0
2022-08-09T12,ERCO,SUN,1
2022-08-09T13,ERCO,SUN,802
2022-08-09T14,ERCO,SUN,5189
2022-08-09T15,ERCO,SUN,7903
2022-08-09T16,ERCO,SUN,8260
2022-08-09T17,ERCO,SUN,8627
2022-08-09T18,ERCO,SUN,8427
2022-08-09T19,ERCO,SUN,8305
2022-08-09T20,ERCO,SUN,7666
2022-08-09T21,ERCO,SUN,6800
2022-08-09T22,ERCO,SUN,6309
2022-08-09T23,ERCO,SUN,6051
2022-08-10T00,ERCO,SUN,4749
2022-08-10T01,ERCO,SUN,2240
2022-08-10T02,ERCO,SUN,106
2022-08-10T03,ERCO,SUN,0
2022-08-10T04,ERCO,SUN,0
2022-08-10T05,ERCO,SUN,0
2022-08-10T06,ERCO,SUN,0
2022-08-10T07,ERCO,SUN,0
2022-08-10T08,ERCO,SUN,0
2022-08-10T09,ERCO,SUN,0
2022-08-10T10,ERCO,SUN,0
2022-08-10T11,ERCO,SUN,0
2022-08-10T12,ERCO,SUN,1
2022-08-10T13,ERCO,SUN,656
2022-08-10T14,ERCO,SUN,3744
2022-08-10T15,ERCO,SUN,6611
2022-08-10T16,ERCO,SUN,7837
2022-08-10T17,ERCO,SUN,8094
2022-08-10T18,ERCO,SUN,7973
2022-08-10T19,ERCO,SUN,7850
2022-08-10T20,ERCO,SUN,7033
2022-08-10T21,ERCO,SUN,6470
2022-08-10T22,ERCO,SUN,6055
2022-08-10T23,ERCO,SUN,5479
2022-08-11T00,ERCO,SUN,4092
2022-08-11T01,ERCO,SUN,2121
2022-08-11T02,ERCO,SUN,126
2022-08-11T03,ERCO,SUN,0
2022-08-11T04,ERCO,SUN,0
2022-08-11T05,ERCO,SUN,0
2022-08-11T06,ERCO,SUN,0
2022-08-11T07,ERCO,SUN,0
2022-08-11T08,ERCO,SUN,0
2022-08-11T09,ERCO,SUN,0
2022-08-11T10,ERCO,SUN,0
2022-08-11T11,ERCO,SUN,0
2022-08-11T12,ERCO,SUN,0
2022-08-11T13,ERCO,SUN,675
2022-08-11T14,ERCO,SUN,4511
2022-08-11T15,ERCO,SUN,6767
2022-08-11T16,ERCO,SUN,7464
2022-08-11T17,ERCO,SUN,7861
2022-08-11T18,ERCO,SUN,7916
2022-08-11T19,ERCO,SUN,8342
2022-08-11T20,ERCO,SUN,8365
2022-08-11T21,ERCO,SUN,8132
2022-08-11T22,ERCO,SUN,7253
2022-08-11T23,ERCO,SUN,6028
2022-08-12T00,ERCO,SUN,3685
2022-08-12T01,ERCO,SUN,1123
2022-08-12T02,ERCO,SUN,48
2022-08-12T03,ERCO,SUN,0
2022-08-12T04,ERCO,SUN,0
2022-08-12T05,ERCO,SUN,0
2022-08-12T06,ERCO,SUN,0
2022-08-12T07,ERCO,SUN,0
2022-08-12T08,ERCO,SUN,0
2022-08-12T09,ERCO,SUN,0
2022-08-12T10,ERCO,SUN,0
2022-08-12T11,ERCO,SUN,0
2022-08-12T12,ERCO,SUN,1
2022-08-12T13,ERCO,SUN,706
2022-08-12T14,ERCO,SUN,4936
2022-08-12T15,ERCO,SUN,7937
2022-08-12T16,ERCO,SUN,8768
2022-08-12T17,ERCO,SUN,9214
2022-08-12T18,ERCO,SUN,8547
2022-08-12T19,ERCO,SUN,8032
2022-08-12T20,ERCO,SUN,7626
2022-08-12T21,ERCO,SUN,7899
2022-08-12T22,ERCO,SUN,7976
2022-08-12T23,ERCO,SUN,7426
2022-08-13T00,ERCO,SUN,6319
2022-08-13T01,ERCO,SUN,2840
2022-08-13T02,ERCO,SUN,145
2022-08-13T03,ERCO,SUN,0
2022-08-13T04,ERCO,SUN,0
2022-08-13T05,ERCO,SUN,0
2022-08-13T06,ERCO,SUN,0
2022-08-13T07,ERCO,SUN,0
2022-08-13T08,ERCO,SUN,0
2022-08-13T09,ERCO,SUN,0
2022-08-13T10,ERCO,SUN,0
2022-08-13T11,ERCO,SUN,0
2022-08-13T12,ERCO,SUN,1
2022-08-13T13,ERCO,SUN,893
2022-08-13T14,ERCO,SUN,5678
2022-08-13T15,ERCO,SUN,8441
2022-08-13T16,ERCO,SUN,9247
2022-08-13T17,ERCO,SUN,8549
2022-08-13T18,ERCO,SUN,7867
2022-08-13T19,ERCO,SUN,8317
2022-08-13T20,ERCO,SUN,7745
2022-08-13T21,ERCO,SUN,7380
2022-08-13T22,ERCO,SUN,7251
2022-08-13T23,ERCO,SUN,7037
2022-08-14T00,ERCO,SUN,6100
2022-08-14T01,ERCO,SUN,2569
2022-08-14T02,ERCO,SUN,114
2022-08-14T03,ERCO,SUN,10
2022-08-14T04,ERCO,SUN,10
2022-08-14T05,ERCO,SUN,10
2022-08-14T06,ERCO,SUN,10
2022-08-14T07,ERCO,SUN,10
2022-08-14T08,ERCO,SUN,10
2022-08-14T09,ERCO,SUN,10
2022-08-14T10,ERCO,SUN,10
2022-08-14T11,ERCO,SUN,1
2022-08-14T12,ERCO,SUN,1
2022-08-14T13,ERCO,SUN,726
2022-08-14T14,ERCO,SUN,4944
2022-08-14T15,ERCO,SUN,7915
2022-08-14T16,ERCO,SUN,8623
2022-08-14T17,ERCO,SUN,8595
2022-08-14T18,ERCO,SUN,8005
2022-08-14T19,ERCO,SUN,8041
2022-08-14T20,ERCO,SUN,8048
2022-08-14T21,ERCO,SUN,8039
2022-08-14T22,ERCO,SUN,7857
2022-08-14T23,ERCO,SUN,7577
2022-08-15T00,ERCO,SUN,6122
2022-08-15T01,ERCO,SUN,2592
2022-08-15T02,ERCO,SUN,130
2022-08-15T03,ERCO,SUN,0
2022-08-15T04,ERCO,SUN,0
2022-08-15T05,ERCO,SUN,0
2022-08-15T06,ERCO,SUN,0
2022-08-15T07,ERCO,SUN,0
2022-08-15T08,ERCO,SUN,0
2022-08-15T09,ERCO,SUN,0
2022-08-15T10,ERCO,SUN,0
2022-08-15T11,ERCO,SUN,0
2022-08-15T12,ERCO,SUN,1
2022-08-15T13,ERCO,SUN,738
2022-08-15T14,ERCO,SUN,4957
2022-08-15T15,ERCO,SUN,7662
2022-08-15T16,ERCO,SUN,8304
2022-08-15T17,ERCO,SUN,8549
2022-08-15T18,ERCO,SUN,8340
2022-08-15T19,ERCO,SUN,8220
2022-08-15T20,ERCO,SUN,8228
2022-08-15T21,ERCO,SUN,7864
2022-08-15T22,ERCO,SUN,7054
2022-08-15T23,ERCO,SUN,6620
2022-08-16T00,ERCO,SUN,5133
2022-08-16T01,ERCO,SUN,2010
2022-08-16T02,ERCO,SUN,110
2022-08-16T03,ERCO,SUN,0
2022-08-16T04,ERCO,SUN,0
2022-08-16T05,ERCO,SUN,0
2022-08-16T06,ERCO,SUN,0
2022-08-16T07,ERCO,SUN,0
2022-08-16T08,ERCO,SUN,0
2022-08-16T09,ERCO,SUN,0
2022-08-16T10,ERCO,SUN,0
2022-08-16T11,ERCO,SUN,0
2022-08-16T12,ERCO,SUN,1
2022-08-16T13,ERCO,SUN,639
2022-08-16T14,ERCO,SUN,3097
2022-08-16T15,ERCO,SUN,4899
2022-08-16T16,ERCO,SUN,5692
2022-08-16T17,ERCO,SUN,6528
2022-08-16T18,ERCO,SUN,6824
2022-08-16T19,ERCO,SUN,7239
2022-08-16T20,ERCO,SUN,6709
2022-08-16T21,ERCO,SUN,5952
2022-08-16T22,ERCO,SUN,5141
2022-08-16T23,ERCO,SUN,5046
2022-08-17T00,ERCO,SUN,3663
2022-08-17T01,ERCO,SUN,963
2022-08-17T02,ERCO,SUN,24
2022-08-17T03,ERCO,SUN,0
2022-08-17T04,ERCO,SUN,0
2022-08-17T05,ERCO,SUN,0
2022-08-17T06,ERCO,SUN,0
2022-08-17T07,ERCO,SUN,0
2022-08-17T08,ERCO,SUN,0
2022-08-17T09,ERCO,SUN,0
2022-08-17T10,ERCO,SUN,0
2022-08-17T11,ERCO,SUN,0
2022-08-17T12,ERCO,SUN,0
2022-08-17T13,ERCO,SUN,661
2022-08-17T14,ERCO,SUN,4227
2022-08-17T15,ERCO,SUN,6753
2022-08-17T16,ERCO,SUN,8356
2022-08-17T17,ERCO,SUN,8637
2022-08-17T18,ERCO,SUN,8520
2022-08-17T19,ERCO,SUN,8372
2022-08-17T20,ERCO,SUN,7873
2022-08-17T21,ERCO,SUN,7315
2022-08-17T22,ERCO,SUN,7095
2022-08-17T23,ERCO,SUN,6840
2022-08-18T00,ERCO,SUN,4600
2022-08-18T01,ERCO,SUN,1403
2022-08-18T02,ERCO,SUN,26
2022-08-18T03,ERCO,SUN,0
2022-08-18T04,ERCO,SUN,0
2022-08-18T05,ERCO,SUN,0
2022-08-18T06,ERCO,SUN,0
2022-08-18T07,ERCO,SUN,0
2022-08-18T08,ERCO,SUN,0
2022-08-18T09,ERCO,SUN,0
2022-08-18T10,ERCO,SUN,0
2022-08-18T11,ERCO,SUN,0
2022-08-18T12,ERCO,SUN,0
2022-08-18T13,ERCO,SUN,343
2022-08-18T14,ERCO,SUN,2583
2022-08-18T15,ERCO,SUN,4790
2022-08-18T16,ERCO,SUN,6286
2022-08-18T17,ERCO,SUN,7248
2022-08-18T18,ERCO,SUN,7903
2022-08-18T19,ERCO,SUN,7220
2022-08-18T20,ERCO,SUN,6841
2022-08-18T21,ERCO,SUN,7010
2022-08-18T22,ERCO,SUN,6857
2022-08-18T23,ERCO,SUN,6176
2022-08-19T00,ERCO,SUN,4516
2022-08-19T01,ERCO,SUN,1725
2022-08-19T02,ERCO,SUN,55
2022-08-19T03,ERCO,SUN,0
2022-08-19T04,ERCO,SUN,0
2022-08-19T05,ERCO,SUN,0
2022-08-19T06,ERCO,SUN,0
2022-08-19T07,ERCO,SUN,0
2022-08-19T08,ERCO,SUN,0
2022-08-19T09,ERCO,SUN,0
2022-08-19T10,ERCO,SUN,0
2022-08-19T11,ERCO,SUN,0
2022-08-19T12,ERCO,SUN,0
2022-08-19T13,ERCO,SUN,318
2022-08-19T14,ERCO,SUN,3246
2022-08-19T15,ERCO,SUN,5392
2022-08-19T16,ERCO,SUN,5950
2022-08-19T17,ERCO,SUN,7295
2022-08-19T18,ERCO,SUN,7597
2022-08-19T19,ERCO,SUN,7262
2022-08-19T20,ERCO,SUN,6636
2022-08-19T21,ERCO,SUN,5850
2022-08-19T22,ERCO,SUN,4981
2022-08-19T23,ERCO,SUN,4450
2022-08-20T00,ERCO,SUN,3218
2022-08-20T01,ERCO,SUN,873
2022-08-20T02,ERCO,SUN,5
2022-08-20T03,ERCO,SUN,0
2022-08-20T04,ERCO,SUN,0
2022-08-20T05,ERCO,SUN,0
2022-08-20T06,ERCO,SUN,0
2022-08-20T07,ERCO,SUN,0
2022-08-20T08,ERCO,SUN,0
2022-08-20T09,ERCO,SUN,0
2022-08-20T10,ERCO,SUN,0
2022-08-20T11,ERCO,SUN,0
2022-08-20T12,ERCO,SUN,0
2022-08-20T13,ERCO,SUN,409
2022-08-20T14,ERCO,SUN,2535
2022-08-20T15,ERCO,SUN,4649
2022-08-20T16,ERCO,SUN,5190
2022-08-20T17,ERCO,SUN,5916
2022-08-20T18,ERCO,SUN,6137
2022-08-20T19,ERCO,SUN,5836
2022-08-20T20,ERCO,SUN,6047
2022-08-20T21,ERCO,SUN,6304
2022-08-20T22,ERCO,SUN,5758
2022-08-20T23,ERCO,SUN,4549
2022-08-21T00,ERCO,SUN,2618
2022-08-21T01,ERCO,SUN,464
2022-08-21T02,ERCO,SUN,4
2022-08-21T03,ERCO,SUN,0
2022-08-21T04,ERCO,SUN,0
2022-08-21T05,ERCO,SUN,0
2022-08-21T06,ERCO,SUN,0
2022-08-21T07,ERCO,SUN,0
2022-08-21T08,ERCO,SUN,0
2022-08-21T09,ERCO,SUN,0
2022-08-21T10,ERCO,SUN,0
2022-08-21T11,ERCO,SUN,0
2022-08-21T12,ERCO,SUN,0
2022-08-21T13,ERCO,SUN,202
2022-08-21T14,ERCO,SUN,1617
2022-08-21T15,ERCO,SUN,3467
2022-08-21T16,ERCO,SUN,4323
2022-08-21T17,ERCO,SUN,5211
2022-08-21T18,ERCO,SUN,6091
2022-08-21T19,ERCO,SUN,6499
2022-08-21T20,ERCO,SUN,6908
2022-08-21T21,ERCO,SUN,6339
2022-08-21T22,ERCO,SUN,5496
2022-08-21T23,ERCO,SUN,4788
2022-08-22T00,ERCO,SUN,3764
2022-08-22T01,ERCO,SUN,1292
2022-08-22T02,ERCO,SUN,22
2022-08-22T03,ERCO,SUN,0
2022-08-22T04,ERCO,SUN,0
2022-08-22T05,ERCO,SUN,0
2022-08-22T06,ERCO,SUN,0
2022-08-22T07,ERCO,SUN,0
2022-08-22T08,ERCO,SUN,0
2022-08-22T09,ERCO,SUN,0
2022-08-22T10,ERCO,SUN,0
2022-08-22T11,ERCO,SUN,0
2022-08-22T12,ERCO,SUN,0
2022-08-22T13,ERCO,SUN,155
2022-08-22T14,ERCO,SUN,1218
2022-08-22T15,ERCO,SUN,2443
2022-08-22T16,ERCO,SUN,3629
2022-08-22T17,ERCO,SUN,4929
2022-08-22T18,ERCO,SUN,5304
2022-08-22T19,ERCO,SUN,5512
2022-08-22T20,ERCO,SUN,5448
2022-08-22T21,ERCO,SUN,5403
2022-08-22T22,ERCO,SUN,4641
2022-08-22T23,ERCO,SUN,3654
2022-08-23T00,ERCO,SUN,2513
2022-08-23T01,ERCO,SUN,778
2022-08-23T02,ERCO,SUN,24
2022-08-23T03,ERCO,SUN,0
2022-08-23T04,ERCO,SUN,0
2022-08-23T05,ERCO,SUN,0
2022-08-23T06,ERCO,SUN,0
2022-08-23T07,ERCO,SUN,0
2022-08-23T08,ERCO,SUN,0
2022-08-23T09,ERCO,SUN,0
2022-08-23T10,ERCO,SUN,0
2022-08-23T11,ERCO,SUN,0
2022-08-23T12,ERCO,SUN,0
2022-08-23T13,ERCO,SUN,134
2022-08-23T14,ERCO,SUN,1546
2022-08-23T15,ERCO,SUN,3219
2022-08-23T16,ERCO,SUN,4096
2022-08-23T17,ERCO,SUN,4801
2022-08-23T18,ERCO,SUN,5740
2022-08-23T19,ERCO,SUN,6067
2022-08-23T20,ERCO,SUN,6097
2022-08-23T21,ERCO,SUN,6236
2022-08-23T22,ERCO,SUN,6377
2022-08-23T23,ERCO,SUN,5672
2022-08-24T00,ERCO,SUN,4388
2022-08-24T01,ERCO,SUN,1316
2022-08-24T02,ERCO,SUN,23
2022-08-24T03,ERCO,SUN,0
2022-08-24T04,ERCO,SUN,0
2022-08-24T05,ERCO,SUN,0
2022-08-24T06,ERCO,SUN,0
2022-08-24T07,ERCO,SUN,0
2022-08-24T08,ERCO,SUN,0
2022-08-24T09,ERCO,SUN,0
2022-08-24T10,ERCO,SUN,0
2022-08-24T11,ERCO,SUN,0
2022-08-24T12,ERCO,SUN,0
2022-08-24T13,ERCO,SUN,297
2022-08-24T14,ERCO,SUN,2826
2022-08-24T15,ERCO,SUN,5190
2022-08-24T16,ERCO,SUN,6176
2022-08-24T17,ERCO,SUN,7052
2022-08-24T18,ERCO,SUN,7057
2022-08-24T19,ERCO,SUN,7000
2022-08-24T20,ERCO,SUN,7106
2022-08-24T21,ERCO,SUN,6894
2022-08-24T22,ERCO,SUN,5522
2022-08-24T23,ERCO,SUN,5238
2022-08-25T00,ERCO,SUN,3726
2022-08-25T01,ERCO,SUN,1155
2022-08-25T02,ERCO,SUN,175
2022-08-25T03,ERCO,SUN,148
2022-08-25T04,ERCO,SUN,40
2022-08-25T05,ERCO,SUN,0
2022-08-25T06,ERCO,SUN,0
2022-08-25T07,ERCO,SUN,0
2022-08-25T08,ERCO,SUN,0
2022-08-25T09,ERCO,SUN,0
2022-08-25T10,ERCO,SUN,0
2022-08-25T11,ERCO,SUN,0
2022-08-25T12,ERCO,SUN,0
2022-08-25T13,ERCO,SUN,394
2022-08-25T14,ERCO,SUN,3455
2022-08-25T15,ERCO,SUN,5605
2022-08-25T16,ERCO,SUN,6600
2022-08-25T17,ERCO,SUN,7039
2022-08-25T18,ERCO,SUN,7082
2022-08-25T19,ERCO,SUN,7151
2022-08-25T20,ERCO,SUN,7128
2022-08-25T21,ERCO,SUN,6184
2022-08-25T22,ERCO,SUN,6213
2022-08-25T23,ERCO,SUN,6088
2022-08-26T00,ERCO,SUN,4890
2022-08-26T01,ERCO,SUN,1699
2022-08-26T02,ERCO,SUN,26
2022-08-26T03,ERCO,SUN,0
2022-08-26T04,ERCO,SUN,0
2022-08-26T05,ERCO,SUN,0
2022-08-26T06,ERCO,SUN,0
2022-08-26T07,ERCO,SUN,0
2022-08-26T08,ERCO,SUN,0
2022-08-26T09,ERCO,SUN,0
2022-08-26T10,ERCO,SUN,0
2022-08-26T11,ERCO,SUN,0
2022-08-26T12,ERCO,SUN,0
2022-08-26T13,ERCO,SUN,461
2022-08-26T14,ERCO,SUN,4256
2022-08-26T15,ERCO,SUN,7583
2022-08-26T16,ERCO,SUN,8582
2022-08-26T17,ERCO,SUN,8637
2022-08-26T18,ERCO,SUN,8116
2022-08-26T19,ERCO,SUN,7535
2022-08-26T20,ERCO,SUN,6572
2022-08-26T21,ERCO,SUN,6591
2022-08-26T22,ERCO,SUN,7026
2022-08-26T23,ERCO,SUN,6627
2022-08-27T00,ERCO,SUN,5317
2022-08-27T01,ERCO,SUN,1605
2022-08-27T02,ERCO,SUN,32
2022-08-27T03,ERCO,SUN,0
2022-08-27T04,ERCO,SUN,0
2022-08-27T05,ERCO,SUN,0
2022-08-27T06,ERCO,SUN,0
2022-08-27T07,ERCO,SUN,0
2022-08-27T08,ERCO,SUN,0
2022-08-27T09,ERCO,SUN,0
2022-08-27T10,ERCO,SUN,0
2022-08-27T11,ERCO,SUN,0
2022-08-27T12,ERCO,SUN,0
2022-08-27T13,ERCO,SUN,453
2022-08-27T14,ERCO,SUN,4260
2022-08-27T15,ERCO,SUN,7570
2022-08-27T16,ERCO,SUN,8992
2022-08-27T17,ERCO,SUN,9194
2022-08-27T18,ERCO,SUN,9220
2022-08-27T19,ERCO,SUN,9177
2022-08-27T20,ERCO,SUN,8518
2022-08-27T21,ERCO,SUN,8106
2022-08-27T22,ERCO,SUN,7965
2022-08-27T23,ERCO,SUN,7815
2022-08-28T00,ERCO,SUN,6169
2022-08-28T01,ERCO,SUN,1733
2022-08-28T02,ERCO,SUN,7
2022-08-28T03,ERCO,SUN,0
2022-08-28T04,ERCO,SUN,0
2022-08-28T05,ERCO,SUN,0
2022-08-28T06,ERCO,SUN,0
2022-08-28T07,ERCO,SUN,0
2022-08-28T08,ERCO,SUN,0
2022-08-28T09,ERCO,SUN,0
2022-08-28T10,ERCO,SUN,0
2022-08-28T11,ERCO,SUN,0
2022-08-28T12,ERCO,SUN,0
2022-08-28T13,ERCO,SUN,585
2022-08-28T14,ERCO,SUN,5059
2022-08-28T15,ERCO,SUN,8523
2022-08-28T16,ERCO,SUN,9438
2022-08-28T17,ERCO,SUN,9731
2022-08-28T18,ERCO,SUN,9645
2022-08-28T19,ERCO,SUN,9272
2022-08-28T20,ERCO,SUN,8902
2022-08-28T21,ERCO,SUN,8361
2022-08-28T22,ERCO,SUN,6346
2022-08-28T23,ERCO,SUN,5844
2022-08-29T00,ERCO,SUN,4710
2022-08-29T01,ERCO,SUN,1360
2022-08-29T02,ERCO,SUN,14
2022-08-29T03,ERCO,SUN,0
2022-08-29T04,ERCO,SUN,0
2022-08-29T05,ERCO,SUN,0
2022-08-29T06,ERCO,SUN,0
2022-08-29T07,ERCO,SUN,0
2022-08-29T08,ERCO,SUN,0
2022-08-29T09,ERCO,SUN,0
2022-08-29T10,ERCO,SUN,0
2022-08-29T11,ERCO,SUN,0
2022-08-29T12,ERCO,SUN,0
2022-08-29T13,ERCO,SUN,393
2022-08-29T14,ERCO,SUN,3621
2022-08-29T15,ERCO,SUN,6556
2022-08-29T16,ERCO,SUN,7975
2022-08-29T17,ERCO,SUN,8457
2022-08-29T18,ERCO,SUN,8558
2022-08-29T19,ERCO,SUN,8078
2022-08-29T20,ERCO,SUN,7721
2022-08-29T21,ERCO,SUN,7115
2022-08-29T22,ERCO,SUN,6386
2022-08-29T23,ERCO,SUN,5249
2022-08-30T00,ERCO,SUN,2603
2022-08-30T01,ERCO,SUN,544
2022-08-30T02,ERCO,SUN,9
2022-08-30T03,ERCO,SUN,0
2022-08-30T04,ERCO,SUN,0
2022-08-30T05,ERCO,SUN,0
2022-08-30T06,ERCO,SUN,0
2022-08-30T07,ERCO,SUN,0
2022-08-30T08,ERCO,SUN,0
2022-08-30T09,ERCO,SUN,0
2022-08-30T10,ERCO,SUN,0
2022-08-30T11,ERCO,SUN,0
2022-08-30T12,ERCO,SUN,0
2022-08-30T13,ERCO,SUN,107
2022-08-30T14,ERCO,SUN,1635
2022-08-30T15,ERCO,SUN,4016
2022-08-30T16,ERCO,SUN,4487
2022-08-30T17,ERCO,SUN,5206
2022-08-30T18,ERCO,SUN,5456
2022-08-30T19,ERCO,SUN,5632
2022-08-30T20,ERCO,SUN,5294
2022-08-30T21,ERCO,SUN,5080
2022-08-30T22,ERCO,SUN,3932
2022-08-30T23,ERCO,SUN,2907
2022-08-31T00,ERCO,SUN,1723
2022-08-31T01,ERCO,SUN,568
2022-08-31T02,ERCO,SUN,18
2022-08-31T03,ERCO,SUN,0
2022-08-31T04,ERCO,SUN,0
2022-08-31T05,ERCO,SUN,0
2022-08-31T06,ERCO,SUN,0
2022-08-31T07,ERCO,SUN,0
2022-08-31T08,ERCO,SUN,0
2022-08-31T09,ERCO,SUN,0
2022-08-31T10,ERCO,SUN,0
2022-08-31T11,ERCO,SUN,0
2022-08-31T12,ERCO,SUN,0
2022-08-31T13,ERCO,SUN,224
2022-08-31T14,ERCO,SUN,1714
2022-08-31T15,ERCO,SUN,3017
2022-08-31T16,ERCO,SUN,3848
2022-08-31T17,ERCO,SUN,4357
2022-08-31T18,ERCO,SUN,4762
2022-08-31T19,ERCO,SUN,5020
2022-08-31T20,ERCO,SUN,5378
2022-08-31T21,ERCO,SUN,4874
2022-08-31T22,ERCO,SUN,3774
2022-08-31T23,ERCO,SUN,2460
2022-09-01T00,ERCO,SUN,1529
2022-09-01T01,ERCO,SUN,349
2022-09-01T02,ERCO,SUN,1
2022-09-01T03,ERCO,SUN,0
2022-09-01T04,ERCO,SUN,0
2022-09-01T05,ERCO,SUN,0
2022-09-01T06,ERCO,SUN,0
2022-09-01T07,ERCO,SUN,0
2022-09-01T08,ERCO,SUN,0
2022-09-01T09,ERCO,SUN,0
2022-09-01T10,ERCO,SUN,0
2022-09-01T11,ERCO,SUN,0
2022-09-01T12,ERCO,SUN,0
2022-09-01T13,ERCO,SUN,257
2022-09-01T14,ERCO,SUN,1597
2022-09-01T15,ERCO,SUN,3088
2022-09-01T16,ERCO,SUN,4011
2022-09-01T17,ERCO,SUN,4554
2022-09-01T18,ERCO,SUN,4907
2022-09-01T19,ERCO,SUN,4937
2022-09-01T20,ERCO,SUN,4745
2022-09-01T21,ERCO,SUN,4141
2022-09-01T22,ERCO,SUN,3832
2022-09-01T23,ERCO,SUN,2890
2022-09-02T00,ERCO,SUN,1711
2022-09-02T01,ERCO,SUN,287
2022-09-02T02,ERCO,SUN,6
2022-09-02T03,ERCO,SUN,1
2022-09-02T04,ERCO,SUN,1
2022-09-02T05,ERCO,SUN,1
2022-09-02T06,ERCO,SUN,1
2022-09-02T07,ERCO,SUN,0
2022-09-02T08,ERCO,SUN,0
2022-09-02T09,ERCO,SUN,0
2022-09-02T10,ERCO,SUN,0
2022-09-02T11,ERCO,SUN,0
2022-09-02T12,ERCO,SUN,0
2022-09-02T13,ERCO,SUN,202
2022-09-02T14,ERCO,SUN,1978
2022-09-02T15,ERCO,SUN,3731
2022-09-02T16,ERCO,SUN,4646
2022-09-02T17,ERCO,SUN,5841
2022-09-02T18,ERCO,SUN,7089
2022-09-02T19,ERCO,SUN,7094
2022-09-02T20,ERCO,SUN,6439
2022-09-02T21,ERCO,SUN,5143
2022-09-02T22,ERCO,SUN,4592
2022-09-02T23,ERCO,SUN,4461
2022-09-03T00,ERCO,SUN,2747
2022-09-03T01,ERCO,SUN,523
2022-09-03T02,ERCO,SUN,5
2022-09-03T03,ERCO,SUN,0
2022-09-03T04,ERCO,SUN,0
2022-09-03T05,ERCO,SUN,0
2022-09-03T06,ERCO,SUN,0
2022-09-03T07,ERCO,SUN,0
2022-09-03T08,ERCO,SUN,0
2022-09-03T09,ERCO,SUN,0
2022-09-03T10,ERCO,SUN,0
2022-09-03T11,ERCO,SUN,0
2022-09-03T12,ERCO,SUN,0
2022-09-03T13,ERCO,SUN,240
2022-09-03T14,ERCO,SUN,2391
2022-09-03T15,ERCO,SUN,4899
2022-09-03T16,ERCO,SUN,6324
2022-09-03T17,ERCO,SUN,7858
2022-09-03T18,ERCO,SUN,7820
2022-09-03T19,ERCO,SUN,7750
2022-09-03T20,ERCO,SUN,7406
2022-09-03T21,ERCO,SUN,6873
2022-09-03T22,ERCO,SUN,6210
2022-09-03T23,ERCO,SUN,5078
2022-09-04T00,ERCO,SUN,3254
2022-09-04T01,ERCO,SUN,805
2022-09-04T02,ERCO,SUN,2
2022-09-04T03,ERCO,SUN,0
2022-09-04T04,ERCO,SUN,0
2022-09-04T05,ERCO,SUN,0
2022-09-04T06,ERCO,SUN,0
2022-09-04T07,ERCO,SUN,0
2022-09-04T08,ERCO,SUN,0
2022-09-04T09,ERCO,SUN,0
2022-09-04T10,ERCO,SUN,0
2022-09-04T11,ERCO,SUN,0
2022-09-04T12,ERCO,SUN,0
2022-09-04T13,ERCO,SUN,306
2022-09-04T14,ERCO,SUN,3784
2022-09-04T15,ERCO,SUN,7077
2022-09-04T16,ERCO,SUN,8056
2022-09-04T17,ERCO,SUN,8410
2022-09-04T18,ERCO,SUN,7991
2022-09-04T19,ERCO,SUN,7763
2022-09-04T20,ERCO,SUN,7405
2022-09-04T21,ERCO,SUN,7320
2022-09-04T22,ERCO,SUN,6451
2022-09-04T23,ERCO,SUN,5885
2022-09-05T00,ERCO,SUN,4278
2022-09-05T01,ERCO,SUN,1089
2022-09-05T02,ERCO,SUN,4
2022-09-05T03,ERCO,SUN,0
2022-09-05T04,ERCO,SUN,0
2022-09-05T05,ERCO,SUN,0
2022-09-05T06,ERCO,SUN,0
2022-09-05T07,ERCO,SUN,0
2022-09-05T08,ERCO,SUN,0
2022-09-05T09,ERCO,SUN,0
2022-09-05T10,ERCO,SUN,0
2022-09-05T11,ERCO,SUN,0
2022-09-05T12,ERCO,SUN,0
2022-09-05T13,ERCO,SUN,293
2022-09-05T14,ERCO,SUN,3784
2022-09-05T15,ERCO,SUN,7229
2022-09-05T16,ERCO,SUN,8353
2022-09-05T17,ERCO,SUN,8685
2022-09-05T18,ERCO,SUN,8691
2022-09-05T19,ERCO,SUN,8689
2022-09-05T20,ERCO,SUN,8365
2022-09-05T21,ERCO,SUN,7990
2022-09-05T22,ERCO,SUN,7055
2022-09-05T23,ERCO,SUN,6972
2022-09-06T00,ERCO,SUN,5062
2022-09-06T01,ERCO,SUN,1198
2022-09-06T02,ERCO,SUN,3
2022-09-06T03,ERCO,SUN,0
2022-09-06T04,ERCO,SUN,0
2022-09-06T05,ERCO,SUN,0
2022-09-06T06,ERCO,SUN,0
2022-09-06T07,ERCO,SUN,0
2022-09-06T08,ERCO,SUN,0
2022-09-06T09,ERCO,SUN,0
2022-09-06T10,ERCO,SUN,0
2022-09-06T11,ERCO,SUN,0
2022-09-06T12,ERCO,SUN,0
2022-09-06T13,ERCO,SUN,340
2022-09-06T14,ERCO,SUN,4333
2022-09-06T15,ERCO,SUN,7774
2022-09-06T16,ERCO,SUN,8310
2022-09-06T17,ERCO,SUN,8575
2022-09-06T18,ERCO,SUN,8915
2022-09-06T19,ERCO,SUN,8877
2022-09-06T20,ERCO,SUN,8539
2022-09-06T21,ERCO,SUN,8185
2022-09-06T22,ERCO,SUN,8065
2022-09-06T23,ERCO,SUN,7319
2022-09-07T00,ERCO,SUN,4822
2022-09-07T01,ERCO,SUN,1048
2022-09-07T02,ERCO,SUN,2
2022-09-07T03,ERCO,SUN,0
2022-09-07T04,ERCO,SUN,0
2022-09-07T05,ERCO,SUN,0
2022-09-07T06,ERCO,SUN,0
2022-09-07T07,ERCO,SUN,0
2022-09-07T08,ERCO,SUN,0
2022-09-07T09,ERCO,SUN,0
2022-09-07T10,ERCO,SUN,0
2022-09-07T11,ERCO,SUN,0
2022-09-07T12,ERCO,SUN,0
2022-09-07T13,ERCO,SUN,326
2022-09-07T14,ERCO,SUN,3874
2022-09-07T15,ERCO,SUN,7671
2022-09-07T16,ERCO,SUN,8818
2022-09-07T17,ERCO,SUN,9321
2022-09-07T18,ERCO,SUN,9162
2022-09-07T19,ERCO,SUN,9038
2022-09-07T20,ERCO,SUN,9144
2022-09-07T21,ERCO,SUN,8710
2022-09-07T22,ERCO,SUN,8252
2022-09-07T23,ERCO,SUN,7034
2022-09-08T00,ERCO,SUN,3915
2022-09-08T01,ERCO,SUN,605
2022-09-08T02,ERCO,SUN,0
2022-09-08T03,ERCO,SUN,0
2022-09-08T04,ERCO,SUN,0
2022-09-08T05,ERCO,SUN,0
2022-09-08T06,ERCO,SUN,0
2022-09-08T07,ERCO,SUN,0
2022-09-08T08,ERCO,SUN,0
2022-09-08T09,ERCO,SUN,0
2022-09-08T10,ERCO,SUN,0
2022-09-08T11,ERCO,SUN,0
2022-09-08T12,ERCO,SUN,0
2022-09-08T13,ERCO,SUN,342
2022-09-08T14,ERCO,SUN,4320
2022-09-08T15,ERCO,SUN,8668
2022-09-08T16,ERCO,SUN,9549
2022-09-08T17,ERCO,SUN,9633
2022-09-08T18,ERCO,SUN,9245
2022-09-08T19,ERCO,SUN,9140
2022-09-08T20,ERCO,SUN,9193
2022-09-08T21,ERCO,SUN,9247
2022-09-08T22,ERCO,SUN,8686
2022-09-08T23,ERCO,SUN,7471
2022-09-09T00,ERCO,SUN,4611
2022-09-09T01,ERCO,SUN,681
2022-09-09T02,ERCO,SUN,43
2022-09-09T03,ERCO,SUN,43
2022-09-09T04,ERCO,SUN,5
2022-09-09T05,ERCO,SUN,0
2022-09-09T06,ERCO,SUN,0
2022-09-09T07,ERCO,SUN,0
2022-09-09T08,ERCO,SUN,0
2022-09-09T09,ERCO,SUN,0
2022-09-09T10,ERCO,SUN,0
2022-09-09T11,ERCO,SUN,0
2022-09-09T12,ERCO,SUN,0
2022-09-09T13,ERCO,SUN,384
2022-09-09T14,ERCO,SUN,4070
2022-09-09T15,ERCO,SUN,7527
2022-09-09T16,ERCO,SUN,8764
2022-09-09T17,ERCO,SUN,9507
2022-09-09T18,ERCO,SUN,9389
2022-09-09T19,ERCO,SUN,9488
2022-09-09T20,ERCO,SUN,9284
2022-09-09T21,ERCO,SUN,9053
2022-09-09T22,ERCO,SUN,8806
2022-09-09T23,ERCO,SUN,7991
2022-09-10T00,ERCO,SUN,5089
2022-09-10T01,ERCO,SUN,879
2022-09-10T02,ERCO,SUN,0
2022-09-10T03,ERCO,SUN,0
2022-09-10T04,ERCO,SUN,0
2022-09-10T05,ERCO,SUN,0
2022-09-10T06,ERCO,SUN,0
2022-09-10T07,ERCO,SUN,0
2022-09-10T08,ERCO,SUN,0
2022-09-10T09,ERCO,SUN,0
2022-09-10T10,ERCO,SUN,0
2022-09-10T11,ERCO,SUN,0
2022-09-10T12,ERCO,SUN,0
2022-09-10T13,ERCO,SUN,330
2022-09-10T14,ERCO,SUN,4253
2022-09-10T15,ERCO,SUN,8085
2022-09-10T16,ERCO,SUN,9379
2022-09-10T17,ERCO,SUN,9783
2022-09-10T18,ERCO,SUN,9433
2022-09-10T19,ERCO,SUN,8974
2022-09-10T20,ERCO,SUN,8898
2022-09-10T21,ERCO,SUN,8974
2022-09-10T22,ERCO,SUN,8709
2022-09-10T23,ERCO,SUN,7709
2022-09-11T00,ERCO,SUN,4722
2022-09-11T01,ERCO,SUN,733
2022-09-11T02,ERCO,SUN,0
2022-09-11T03,ERCO,SUN,0
2022-09-11T04,ERCO,SUN,0
2022-09-11T05,ERCO,SUN,0
2022-09-11T06,ERCO,SUN,0
2022-09-11T07,ERCO,SUN,0
2022-09-11T08,ERCO,SUN,0
2022-09-11T09,ERCO,SUN,0
2022-09-11T10,ERCO,SUN,0
2022-09-11T11,ERCO,SUN,0
2022-09-11T12,ERCO,SUN,0
2022-09-11T13,ERCO,SUN,248
2022-09-11T14,ERCO,SUN,2274
2022-09-11T15,ERCO,SUN,4337
2022-09-11T16,ERCO,SUN,5971
2022-09-11T17,ERCO,SUN,7074
2022-09-11T18,ERCO,SUN,8108
2022-09-11T19,ERCO,SUN,8486
2022-09-11T20,ERCO,SUN,8553
2022-09-11T21,ERCO,SUN,8830
2022-09-11T22,ERCO,SUN,8002
2022-09-11T23,ERCO,SUN,6989
2022-09-12T00,ERCO,SUN,4362
2022-09-12T01,ERCO,SUN,638
2022-09-12T02,ERCO,SUN,0
2022-09-12T03,ERCO,SUN,0
2022-09-12T04,ERCO,SUN,0
2022-09-12T05,ERCO,SUN,0
2022-09-12T06,ERCO,SUN,0
2022-09-12T07,ERCO,SUN,0
2022-09-12T08,ERCO,SUN,0
2022-09-12T09,ERCO,SUN,0
2022-09-12T10,ERCO,SUN,0
2022-09-12T11,ERCO,SUN,0
2022-09-12T12,ERCO,SUN,0
2022-09-12T13,ERCO,SUN,303
2022-09-12T14,ERCO,SUN,3525
2022-09-12T15,ERCO,SUN,7154
2022-09-12T16,ERCO,SUN,8270
2022-09-12T17,ERCO,SUN,9399
2022-09-12T18,ERCO,SUN,9548
2022-09-12T19,ERCO,SUN,9543
2022-09-12T20,ERCO,SUN,9421
2022-09-12T21,ERCO,SUN,9331
2022-09-12T22,ERCO,SUN,8916
2022-09-12T23,ERCO,SUN,8103
2022-09-13T00,ERCO,SUN,5156
2022-09-13T01,ERCO,SUN,720
2022-09-13T02,ERCO,SUN,0
2022-09-13T03,ERCO,SUN,0
2022-09-13T04,ERCO,SUN,0
2022-09-13T05,ERCO,SUN,0
2022-09-13T06,ERCO,SUN,0
2022-09-13T07,ERCO,SUN,0
2022-09-13T08,ERCO,SUN,0
2022-09-13T09,ERCO,SUN,0
2022-09-13T10,ERCO,SUN,0
2022-09-13T11,ERCO,SUN,0
2022-09-13T12,ERCO,SUN,0
2022-09-13T13,ERCO,SUN,290
2022-09-13T14,ERCO,SUN,4153
2022-09-13T15,ERCO,SUN,8377
2022-09-13T16,ERCO,SUN,9501
2022-09-13T17,ERCO,SUN,9575
2022-09-13T18,ERCO,SUN,9569
2022-09-13T19,ERCO,SUN,9456
2022-09-13T20,ERCO,SUN,9123
2022-09-13T21,ERCO,SUN,8934
2022-09-13T22,ERCO,SUN,8443
2022-09-13T23,ERCO,SUN,7388
2022-09-14T00,ERCO,SUN,4297
2022-09-14T01,ERCO,SUN,454
2022-09-14T02,ERCO,SUN,0
2022-09-14T03,ERCO,SUN,0
2022-09-14T04,ERCO,SUN,0
2022-09-14T05,ERCO,SUN,0
2022-09-14T06,ERCO,SUN,0
2022-09-14T07,ERCO,SUN,0
2022-09-14T08,ERCO,SUN,0
2022-09-14T09,ERCO,SUN,0
2022-09-14T10,ERCO,SUN,0
2022-09-14T11,ERCO,SUN,0
2022-09-14T12,ERCO,SUN,0
2022-09-14T13,ERCO,SUN,322
2022-09-14T14,ERCO,SUN,3634
2022-09-14T15,ERCO,SUN,7382
2022-09-14T16,ERCO,SUN,8750
2022-09-14T17,ERCO,SUN,9189
2022-09-14T18,ERCO,SUN,9315
2022-09-14T19,ERCO,SUN,9026
2022-09-14T20,ERCO,SUN,8880
2022-09-14T21,ERCO,SUN,8138
2022-09-14T22,ERCO,SUN,7341
2022-09-14T23,ERCO,SUN,5622
2022-09-15T00,ERCO,SUN,3157
2022-09-15T01,ERCO,SUN,456
2022-09-15T02,ERCO,SUN,0
2022-09-15T03,ERCO,SUN,0
2022-09-15T04,ERCO,SUN,0
2022-09-15T05,ERCO,SUN,0
2022-09-15T06,ERCO,SUN,0
2022-09-15T07,ERCO,SUN,0
2022-09-15T08,ERCO,SUN,0
2022-09-15T09,ERCO,SUN,0
2022-09-15T10,ERCO,SUN,0
2022-09-15T11,ERCO,SUN,0
2022-09-15T12,ERCO,SUN,0
2022-09-15T13,ERCO,SUN,316
2022-09-15T14,ERCO,SUN,4026
2022-09-15T15,ERCO,SUN,8121
2022-09-15T16,ERCO,SUN,8744
2022-09-15T17,ERCO,SUN,9004
2022-09-15T18,ERCO,SUN,8851
2022-09-15T19,ERCO,SUN,9218
2022-09-15T20,ERCO,SUN,9267
2022-09-15T21,ERCO,SUN,9195
2022-09-15T22,ERCO,SUN,8915
2022-09-15T23,ERCO,SUN,8264
2022-09-16T00,ERCO,SUN,5199
2022-09-16T01,ERCO,SUN,619
2022-09-16T02,ERCO,SUN,0
2022-09-16T03,ERCO,SUN,0
2022-09-16T04,ERCO,SUN,0
2022-09-16T05,ERCO,SUN,0
2022-09-16T06,ERCO,SUN,0
2022-09-16T07,ERCO,SUN,0
2022-09-16T08,ERCO,SUN,0
2022-09-16T09,ERCO,SUN,0
2022-09-16T10,ERCO,SUN,0
2022-09-16T11,ERCO,SUN,0
2022-09-16T12,ERCO,SUN,0
2022-09-16T13,ERCO,SUN,264
2022-09-16T14,ERCO,SUN,4182
2022-09-16T15,ERCO,SUN,8316
2022-09-16T16,ERCO,SUN,8509
2022-09-16T17,ERCO,SUN,9085
2022-09-16T18,ERCO,SUN,9008
2022-09-16T19,ERCO,SUN,8869
2022-09-16T20,ERCO,SUN,8976
2022-09-16T21,ERCO,SUN,8857
2022-09-16T22,ERCO,SUN,8413
2022-09-16T23,ERCO,SUN,7727
2022-09-17T00,ERCO,SUN,5018
2022-09-17T01,ERCO,SUN,668
2022-09-17T02,ERCO,SUN,0
2022-09-17T03,ERCO,SUN,0
2022-09-17T04,ERCO,SUN,0
2022-09-17T05,ERCO,SUN,0
2022-09-17T06,ERCO,SUN,0
2022-09-17T07,ERCO,SUN,0
2022-09-17T08,ERCO,SUN,0
2022-09-17T09,ERCO,SUN,0
2022-09-17T10,ERCO,SUN,0
2022-09-17T11,ERCO,SUN,0
2022-09-17T12,ERCO,SUN,0
2022-09-17T13,ERCO,SUN,205
2022-09-17T14,ERCO,SUN,3745
2022-09-17T15,ERCO,SUN,6625
2022-09-17T16,ERCO,SUN,5439
2022-09-17T17,ERCO,SUN,6123
2022-09-17T18,ERCO,SUN,7472
2022-09-17T19,ERCO,SUN,8334
2022-09-17T20,ERCO,SUN,8609
2022-09-17T21,ERCO,SUN,8707
2022-09-17T22,ERCO,SUN,8766
2022-09-17T23,ERCO,SUN,8196
2022-09-18T00,ERCO,SUN,5081
2022-09-18T01,ERCO,SUN,652
2022-09-18T02,ERCO,SUN,0
2022-09-18T03,ERCO,SUN,0
2022-09-18T04,ERCO,SUN,0
2022-09-18T05,ERCO,SUN,0
2022-09-18T06,ERCO,SUN,0
2022-09-18T07,ERCO,SUN,0
2022-09-18T08,ERCO,SUN,0
2022-09-18T09,ERCO,SUN,0
2022-09-18T10,ERCO,SUN,0
2022-09-18T11,ERCO,SUN,0
2022-09-18T12,ERCO,SUN,0
2022-09-18T13,ERCO,SUN,276
2022-09-18T14,ERCO,SUN,4055
2022-09-18T15,ERCO,SUN,6273
2022-09-18T16,ERCO,SUN,5736
2022-09-18T17,ERCO,SUN,7077
2022-09-18T18,ERCO,SUN,8145
2022-09-18T19,ERCO,SUN,9030
2022-09-18T20,ERCO,SUN,9131
2022-09-18T21,ERCO,SUN,9244
2022-09-18T22,ERCO,SUN,8995
2022-09-18T23,ERCO,SUN,8149
2022-09-19T00,ERCO,SUN,5070
2022-09-19T01,ERCO,SUN,536
2022-09-19T02,ERCO,SUN,0
2022-09-19T03,ERCO,SUN,0
2022-09-19T04,ERCO,SUN,0
2022-09-19T05,ERCO,SUN,0
2022-09-19T06,ERCO,SUN,0
2022-09-19T07,ERCO,SUN,0
2022-09-19T08,ERCO,SUN,0
2022-09-19T09,ERCO,SUN,0
2022-09-19T10,ERCO,SUN,0
2022-09-19T11,ERCO,SUN,0
2022-09-19T12,ERCO,SUN,0
2022-09-19T13,ERCO,SUN,253
2022-09-19T14,ERCO,SUN,3609
2022-09-19T15,ERCO,SUN,6992
2022-09-19T16,ERCO,SUN,8169
2022-09-19T17,ERCO,SUN,8659
2022-09-19T18,ERCO,SUN,8458
2022-09-19T19,ERCO,SUN,8187
2022-09-19T20,ERCO,SUN,8411
2022-09-19T21,ERCO,SUN,8263
2022-09-19T22,ERCO,SUN,8103
2022-09-19T23,ERCO,SUN,7592
2022-09-20T00,ERCO,SUN,4427
2022-09-20T01,ERCO,SUN,428
2022-09-20T02,ERCO,SUN,0
2022-09-20T03,ERCO,SUN,0
2022-09-20T04,ERCO,SUN,0
2022-09-20T05,ERCO,SUN,0
2022-09-20T06,ERCO,SUN,0
2022-09-20T07,ERCO,SUN,0
2022-09-20T08,ERCO,SUN,0
2022-09-20T09,ERCO,SUN,0
2022-09-20T10,ERCO,SUN,0
2022-09-20T11,ERCO,SUN,0
2022-09-20T12,ERCO,SUN,0
2022-09-20T13,ERCO,SUN,250
2022-09-20T14,ERCO,SUN,4085
2022-09-20T15,ERCO,SUN,8356
2022-09-20T16,ERCO,SUN,9122
2022-09-20T17,ERCO,SUN,9283
2022-09-20T18,ERCO,SUN,8914
2022-09-20T19,ERCO,SUN,8795
2022-09-20T20,ERCO,SUN,8724
2022-09-20T21,ERCO,SUN,8528
2022-09-20T22,ERCO,SUN,8314
2022-09-20T23,ERCO,SUN,7727
2022-09-21T00,ERCO,SUN,4454
2022-09-21T01,ERCO,SUN,496
2022-09-21T02,ERCO,SUN,0
2022-09-21T03,ERCO,SUN,0
2022-09-21T04,ERCO,SUN,0
2022-09-21T05,ERCO,SUN,0
2022-09-21T06,ERCO,SUN,0
2022-09-21T07,ERCO,SUN,0
2022-09-21T08,ERCO,SUN,0
2022-09-21T09,ERCO,SUN,0
2022-09-21T10,ERCO,SUN,0
2022-09-21T11,ERCO,SUN,0
2022-09-21T12,ERCO,SUN,0
2022-09-21T13,ERCO,SUN,260
2022-09-21T14,ERCO,SUN,4492
2022-09-21T15,ERCO,SUN,8951
2022-09-21T16,ERCO,SUN,9692
2022-09-21T17,ERCO,SUN,9660
2022-09-21T18,ERCO,SUN,9364
2022-09-21T19,ERCO,SUN,9400
2022-09-21T20,ERCO,SUN,9371
2022-09-21T21,ERCO,SUN,9423
2022-09-21T22,ERCO,SUN,9335
2022-09-21T23,ERCO,SUN,8680
2022-09-22T00,ERCO,SUN,4935
2022-09-22T01,ERCO,SUN,487
2022-09-22T02,ERCO,SUN,0
2022-09-22T03,ERCO,SUN,0
2022-09-22T04,ERCO,SUN,0
2022-09-22T05,ERCO,SUN,0
2022-09-22T06,ERCO,SUN,0
2022-09-22T07,ERCO,SUN,0
2022-09-22T08,ERCO,SUN,0
2022-09-22T09,ERCO,SUN,0
2022-09-22T10,ERCO,SUN,0
2022-09-22T11,ERCO,SUN,0
2022-09-22T12,ERCO,SUN,0
2022-09-22T13,ERCO,SUN,239
2022-09-22T14,ERCO,SUN,4302
2022-09-22T15,ERCO,SUN,8977
2022-09-22T16,ERCO,SUN,9689
2022-09-22T17,ERCO,SUN,9781
2022-09-22T18,ERCO,SUN,9735
2022-09-22T19,ERCO,SUN,9520
2022-09-22T20,ERCO,SUN,9436
2022-09-22T21,ERCO,SUN,9354
2022-09-22T22,ERCO,SUN,9327
2022-09-22T23,ERCO,SUN,8290
2022-09-23T00,ERCO,SUN,4614
2022-09-23T01,ERCO,SUN,447
2022-09-23T02,ERCO,SUN,1
2022-09-23T03,ERCO,SUN,0
2022-09-23T04,ERCO,SUN,0
2022-09-23T05,ERCO,SUN,0
2022-09-23T06,ERCO,SUN,1
2022-09-23T07,ERCO,SUN,1
2022-09-23T08,ERCO,SUN,1
2022-09-23T09,ERCO,SUN,1
2022-09-23T10,ERCO,SUN,1
2022-09-23T11,ERCO,SUN,1
2022-09-23T12,ERCO,SUN,1
2022-09-23T13,ERCO,SUN,195
2022-09-23T14,ERCO,SUN,3929
2022-09-23T15,ERCO,SUN,8685
2022-09-23T16,ERCO,SUN,9679
2022-09-23T17,ERCO,SUN,9595
2022-09-23T18,ERCO,SUN,9411
2022-09-23T19,ERCO,SUN,9353
2022-09-23T20,ERCO,SUN,9547
2022-09-23T21,ERCO,SUN,9491
2022-09-23T22,ERCO,SUN,9478
2022-09-23T23,ERCO,SUN,8603
2022-09-24T00,ERCO,SUN,4652
2022-09-24T01,ERCO,SUN,419
2022-09-24T02,ERCO,SUN,0
2022-09-24T03,ERCO,SUN,0
2022-09-24T04,ERCO,SUN,0
2022-09-24T05,ERCO,SUN,0
2022-09-24T06,ERCO,SUN,0
2022-09-24T07,ERCO,SUN,0
2022-09-24T08,ERCO,SUN,0
2022-09-24T09,ERCO,SUN,0
2022-09-24T10,ERCO,SUN,0
2022-09-24T11,ERCO,SUN,0
2022-09-24T12,ERCO,SUN,0
2022-09-24T13,ERCO,SUN,206
2022-09-24T14,ERCO,SUN,4075
2022-09-24T15,ERCO,SUN,8692
2022-09-24T16,ERCO,SUN,9488
2022-09-24T17,ERCO,SUN,9748
2022-09-24T18,ERCO,SUN,9483
2022-09-24T19,ERCO,SUN,9400
2022-09-24T20,ERCO,SUN,9402
2022-09-24T21,ERCO,SUN,9414
2022-09-24T22,ERCO,SUN,9391
2022-09-24T23,ERCO,SUN,8579
2022-09-25T00,ERCO,SUN,4368
2022-09-25T01,ERCO,SUN,345
2022-09-25T02,ERCO,SUN,0
2022-09-25T03,ERCO,SUN,0
2022-09-25T04,ERCO,SUN,0
2022-09-25T05,ERCO,SUN,0
2022-09-25T06,ERCO,SUN,0
2022-09-25T07,ERCO,SUN,0
2022-09-25T08,ERCO,SUN,0
2022-09-25T09,ERCO,SUN,0
2022-09-25T10,ERCO,SUN,0
2022-09-25T11,ERCO,SUN,0
2022-09-25T12,ERCO,SUN,0
2022-09-25T13,ERCO,SUN,132
2022-09-25T14,ERCO,SUN,3014
2022-09-25T15,ERCO,SUN,6672
2022-09-25T16,ERCO,SUN,7923
2022-09-25T17,ERCO,SUN,8361
2022-09-25T18,ERCO,SUN,8144
2022-09-25T19,ERCO,SUN,7901
2022-09-25T20,ERCO,SUN,8171
2022-09-25T21,ERCO,SUN,8050
2022-09-25T22,ERCO,SUN,7617
2022-09-25T23,ERCO,SUN,6179
2022-09-26T00,ERCO,SUN,3159
2022-09-26T01,ERCO,SUN,173
2022-09-26T02,ERCO,SUN,0
2022-09-26T03,ERCO,SUN,0
2022-09-26T04,ERCO,SUN,0
2022-09-26T05,ERCO,SUN,0
2022-09-26T06,ERCO,SUN,0
2022-09-26T07,ERCO,SUN,0
2022-09-26T08,ERCO,SUN,0
2022-09-26T09,ERCO,SUN,0
2022-09-26T10,ERCO,SUN,0
2022-09-26T11,ERCO,SUN,0
2022-09-26T12,ERCO,SUN,0
2022-09-26T13,ERCO,SUN,161
2022-09-26T14,ERCO,SUN,3607
2022-09-26T15,ERCO,SUN,8275
2022-09-26T16,ERCO,SUN,9447
2022-09-26T17,ERCO,SUN,9484
2022-09-26T18,ERCO,SUN,9628
2022-09-26T19,ERCO,SUN,9578
2022-09-26T20,ERCO,SUN,9643
2022-09-26T21,ERCO,SUN,9545
2022-09-26T22,ERCO,SUN,9254
2022-09-26T23,ERCO,SUN,8327
2022-09-27T00,ERCO,SUN,4003
2022-09-27T01,ERCO,SUN,260
2022-09-27T02,ERCO,SUN,0
2022-09-27T03,ERCO,SUN,0
2022-09-27T04,ERCO,SUN,0
2022-09-27T05,ERCO,SUN,0
2022-09-27T06,ERCO,SUN,0
2022-09-27T07,ERCO,SUN,0
2022-09-27T08,ERCO,SUN,0
2022-09-27T09,ERCO,SUN,0
2022-09-27T10,ERCO,SUN,0
2022-09-27T11,ERCO,SUN,0
2022-09-27T12,ERCO,SUN,0
2022-09-27T13,ERCO,SUN,218
2022-09-27T14,ERCO,SUN,3930
2022-09-27T15,ERCO,SUN,8453
2022-09-27T16,ERCO,SUN,9624
2022-09-27T17,ERCO,SUN,9842
2022-09-27T18,ERCO,SUN,9740
2022-09-27T19,ERCO,SUN,9649
2022-09-27T20,ERCO,SUN,9860
2022-09-27T21,ERCO,SUN,9711
2022-09-27T22,ERCO,SUN,9385
2022-09-27T23,ERCO,SUN,8305
2022-09-28T00,ERCO,SUN,4190
2022-09-28T01,ERCO,SUN,302
2022-09-28T02,ERCO,SUN,0
2022-09-28T03,ERCO,SUN,0
2022-09-28T04,ERCO,SUN,0
2022-09-28T05,ERCO,SUN,0
2022-09-28T06,ERCO,SUN,0
2022-09-28T07,ERCO,SUN,0
2022-09-28T08,ERCO,SUN,0
2022-09-28T09,ERCO,SUN,0
2022-09-28T10,ERCO,SUN,0
2022-09-28T11,ERCO,SUN,0
2022-09-28T12,ERCO,SUN,0
2022-09-28T13,ERCO,SUN,180
2022-09-28T14,ERCO,SUN,3550
2022-09-28T15,ERCO,SUN,8501
2022-09-28T16,ERCO,SUN,9729
2022-09-28T17,ERCO,SUN,9789
2022-09-28T18,ERCO,SUN,9841
2022-09-28T19,ERCO,SUN,9788
2022-09-28T20,ERCO,SUN,9842
2022-09-28T21,ERCO,SUN,9761
2022-09-28T22,ERCO,SUN,9630
2022-09-28T23,ERCO,SUN,8480
2022-09-29T00,ERCO,SUN,4028
2022-09-29T01,ERCO,SUN,246
2022-09-29T02,ERCO,SUN,1
2022-09-29T03,ERCO,SUN,0
2022-09-29T04,ERCO,SUN,0
2022-09-29T05,ERCO,SUN,0
2022-09-29T06,ERCO,SUN,0
2022-09-29T07,ERCO,SUN,0
2022-09-29T08,ERCO,SUN,0
2022-09-29T09,ERCO,SUN,0
2022-09-29T10,ERCO,SUN,0
2022-09-29T11,ERCO,SUN,0
2022-09-29T12,ERCO,SUN,0
2022-09-29T13,ERCO,SUN,166
2022-09-29T14,ERCO,SUN,3813
2022-09-29T15,ERCO,SUN,8782
2022-09-29T16,ERCO,SUN,9854
2022-09-29T17,ERCO,SUN,9982
2022-09-29T18,ERCO,SUN,9886
2022-09-29T19,ERCO,SUN,9788
2022-09-29T20,ERCO,SUN,9831
2022-09-29T21,ERCO,SUN,9873
2022-09-29T22,ERCO,SUN,9699
2022-09-29T23,ERCO,SUN,8336
2022-09-30T00,ERCO,SUN,3702
2022-09-30T01,ERCO,SUN,187
2022-09-30T02,ERCO,SUN,0
2022-09-30T03,ERCO,SUN,0
2022-09-30T04,ERCO,SUN,0
2022-09-30T05,ERCO,SUN,0
2022-09-30T06,ERCO,SUN,0
2022-09-30T07,ERCO,SUN,0
2022-09-30T08,ERCO,SUN,0
2022-09-30T09,ERCO,SUN,0
2022-09-30T10,ERCO,SUN,0
2022-09-30T11,ERCO,SUN,0
2022-09-30T12,ERCO,SUN,0
2022-09-30T13,ERCO,SUN,184
2022-09-30T14,ERCO,SUN,3923
2022-09-30T15,ERCO,SUN,8873
2022-09-30T16,ERCO,SUN,9781
2022-09-30T17,ERCO,SUN,9795
2022-09-30T18,ERCO,SUN,9831
2022-09-30T19,ERCO,SUN,9525
2022-09-30T20,ERCO,SUN,9494
2022-09-30T21,ERCO,SUN,9507
2022-09-30T22,ERCO,SUN,9544
2022-09-30T23,ERCO,SUN,8389
2022-10-01T00,ERCO,SUN,3845
2022-10-01T01,ERCO,SUN,166
2022-10-01T02,ERCO,SUN,0
2022-10-01T03,ERCO,SUN,0
2022-10-01T04,ERCO,SUN,0
2022-10-01T05,ERCO,SUN,0
2022-10-01T06,ERCO,SUN,0
2022-10-01T07,ERCO,SUN,0
2022-10-01T08,ERCO,SUN,0
2022-10-01T09,ERCO,SUN,0
2022-10-01T10,ERCO,SUN,0
2022-10-01T11,ERCO,SUN,0
2022-10-01T12,ERCO,SUN,0
2022-10-01T13,ERCO,SUN,195
2022-10-01T14,ERCO,SUN,3993
2022-10-01T15,ERCO,SUN,8889
2022-10-01T16,ERCO,SUN,10016
2022-10-01T17,ERCO,SUN,10039
2022-10-01T18,ERCO,SUN,9933
2022-10-01T19,ERCO,SUN,9888
2022-10-01T20,ERCO,SUN,9976
2022-10-01T21,ERCO,SUN,9931
2022-10-01T22,ERCO,SUN,9610
2022-10-01T23,ERCO,SUN,8128
2022-10-02T00,ERCO,SUN,3078
2022-10-02T01,ERCO,SUN,99
2022-10-02T02,ERCO,SUN,0
2022-10-02T03,ERCO,SUN,0
2022-10-02T04,ERCO,SUN,0
2022-10-02T05,ERCO,SUN,0
2022-10-02T06,ERCO,SUN,0
2022-10-02T07,ERCO,SUN,0
2022-10-02T08,ERCO,SUN,0
2022-10-02T09,ERCO,SUN,0
2022-10-02T10,ERCO,SUN,0
2022-10-02T11,ERCO,SUN,0
2022-10-02T12,ERCO,SUN,0
2022-10-02T13,ERCO,SUN,161
2022-10-02T14,ERCO,SUN,3578
2022-10-02T15,ERCO,SUN,8214
2022-10-02T16,ERCO,SUN,9256
2022-10-02T17,ERCO,SUN,9438
2022-10-02T18,ERCO,SUN,9402
2022-10-02T19,ERCO,SUN,9596
2022-10-02T20,ERCO,SUN,9337
2022-10-02T21,ERCO,SUN,9315
2022-10-02T22,ERCO,SUN,8656
2022-10-02T23,ERCO,SUN,7394
2022-10-03T00,ERCO,SUN,3363
2022-10-03T01,ERCO,SUN,157
2022-10-03T02,ERCO,SUN,0
2022-10-03T03,ERCO,SUN,0
2022-10-03T04,ERCO,SUN,0
2022-10-03T05,ERCO,SUN,0
2022-10-03T06,ERCO,SUN,0
2022-10-03T07,ERCO,SUN,0
2022-10-03T08,ERCO,SUN,0
2022-10-03T09,ERCO,SUN,0
2022-10-03T10,ERCO,SUN,0
2022-10-03T11,ERCO,SUN,0
2022-10-03T12,ERCO,SUN,0
2022-10-03T13,ERCO,SUN,158
2022-10-03T14,ERCO,SUN,2952
2022-10-03T15,ERCO,SUN,7153
2022-10-03T16,ERCO,SUN,8779
2022-10-03T17,ERCO,SUN,9517
2022-10-03T18,ERCO,SUN,9183
2022-10-03T19,ERCO,SUN,9298
2022-10-03T20,ERCO,SUN,9265
2022-10-03T21,ERCO,SUN,9276
2022-10-03T22,ERCO,SUN,8601
2022-10-03T23,ERCO,SUN,6687
2022-10-04T00,ERCO,SUN,2335
2022-10-04T01,ERCO,SUN,74
2022-10-04T02,ERCO,SUN,0
2022-10-04T03,ERCO,SUN,0
2022-10-04T04,ERCO,SUN,0
2022-10-04T05,ERCO,SUN,0
2022-10-04T06,ERCO,SUN,0
2022-10-04T07,ERCO,SUN,0
2022-10-04T08,ERCO,SUN,0
2022-10-04T09,ERCO,SUN,0
2022-10-04T10,ERCO,SUN,0
2022-10-04T11,ERCO,SUN,0
2022-10-04T12,ERCO,SUN,0
2022-10-04T13,ERCO,SUN,85
2022-10-04T14,ERCO,SUN,2506
2022-10-04T15,ERCO,SUN,6895
2022-10-04T16,ERCO,SUN,8354
2022-10-04T17,ERCO,SUN,8506
2022-10-04T18,ERCO,SUN,8757
2022-10-04T19,ERCO,SUN,8773
2022-10-04T20,ERCO,SUN,8877
2022-10-04T21,ERCO,SUN,8896
2022-10-04T22,ERCO,SUN,8309
2022-10-04T23,ERCO,SUN,6605
2022-10-05T00,ERCO,SUN,2251
2022-10-05T01,ERCO,SUN,34
2022-10-05T02,ERCO,SUN,0
2022-10-05T03,ERCO,SUN,0
2022-10-05T04,ERCO,SUN,0
2022-10-05T05,ERCO,SUN,0
2022-10-05T06,ERCO,SUN,0
2022-10-05T07,ERCO,SUN,0
2022-10-05T08,ERCO,SUN,0
2022-10-05T09,ERCO,SUN,0
2022-10-05T10,ERCO,SUN,0
2022-10-05T11,ERCO,SUN,0
2022-10-05T12,ERCO,SUN,0
2022-10-05T13,ERCO,SUN,137
2022-10-05T14,ERCO,SUN,2984
2022-10-05T15,ERCO,SUN,6289
2022-10-05T16,ERCO,SUN,8157
2022-10-05T17,ERCO,SUN,9055
2022-10-05T18,ERCO,SUN,9013
2022-10-05T19,ERCO,SUN,8506
2022-10-05T20,ERCO,SUN,8172
2022-10-05T21,ERCO,SUN,7631
2022-10-05T22,ERCO,SUN,7264
2022-10-05T23,ERCO,SUN,5505
2022-10-06T00,ERCO,SUN,1376
2022-10-06T01,ERCO,SUN,30
2022-10-06T02,ERCO,SUN,0
2022-10-06T03,ERCO,SUN,0
2022-10-06T04,ERCO,SUN,0
2022-10-06T05,ERCO,SUN,0
2022-10-06T06,ERCO,SUN,0
2022-10-06T07,ERCO,SUN,0
2022-10-06T08,ERCO,SUN,0
2022-10-06T09,ERCO,SUN,0
2022-10-06T10,ERCO,SUN,0
2022-10-06T11,ERCO,SUN,0
2022-10-06T12,ERCO,SUN,0
2022-10-06T13,ERCO,SUN,120
2022-10-06T14,ERCO,SUN,2732
2022-10-06T15,ERCO,SUN,6466
2022-10-06T16,ERCO,SUN,7779
2022-10-06T17,ERCO,SUN,7900
2022-10-06T18,ERCO,SUN,8039
2022-10-06T19,ERCO,SUN,8031
2022-10-06T20,ERCO,SUN,7890
2022-10-06T21,ERCO,SUN,7453
2022-10-06T22,ERCO,SUN,6266
2022-10-06T23,ERCO,SUN,4787
2022-10-07T00,ERCO,SUN,1724
2022-10-07T01,ERCO,SUN,101
2022-10-07T02,ERCO,SUN,0
2022-10-07T03,ERCO,SUN,0
2022-10-07T04,ERCO,SUN,0
2022-10-07T05,ERCO,SUN,0
2022-10-07T06,ERCO,SUN,0
2022-10-07T07,ERCO,SUN,0
2022-10-07T08,ERCO,SUN,0
2022-10-07T09,ERCO,SUN,0
2022-10-07T10,ERCO,SUN,0
2022-10-07T11,ERCO,SUN,0
2022-10-07T12,ERCO,SUN,0
2022-10-07T13,ERCO,SUN,76
2022-10-07T14,ERCO,SUN,1432
2022-10-07T15,ERCO,SUN,3953
2022-10-07T16,ERCO,SUN,5538
2022-10-07T17,ERCO,SUN,6983
2022-10-07T18,ERCO,SUN,7081
2022-10-07T19,ERCO,SUN,6746
2022-10-07T20,ERCO,SUN,5817
2022-10-07T21,ERCO,SUN,4467
2022-10-07T22,ERCO,SUN,3708
2022-10-07T23,ERCO,SUN,2634
2022-10-08T00,ERCO,SUN,773
2022-10-08T01,ERCO,SUN,19
2022-10-08T02,ERCO,SUN,0
2022-10-08T03,ERCO,SUN,0
2022-10-08T04,ERCO,SUN,0
2022-10-08T05,ERCO,SUN,0
2022-10-08T06,ERCO,SUN,0
2022-10-08T07,ERCO,SUN,0
2022-10-08T08,ERCO,SUN,0
2022-10-08T09,ERCO,SUN,0
2022-10-08T10,ERCO,SUN,0
2022-10-08T11,ERCO,SUN,0
2022-10-08T12,ERCO,SUN,0
2022-10-08T13,ERCO,SUN,53
2022-10-08T14,ERCO,SUN,1869
2022-10-08T15,ERCO,SUN,5243
2022-10-08T16,ERCO,SUN,6136
2022-10-08T17,ERCO,SUN,6868
2022-10-08T18,ERCO,SUN,7323
2022-10-08T19,ERCO,SUN,7102
2022-10-08T20,ERCO,SUN,6911
2022-10-08T21,ERCO,SUN,6302
2022-10-08T22,ERCO,SUN,4528
2022-10-08T23,ERCO,SUN,2953
2022-10-09T00,ERCO,SUN,860
2022-10-09T01,ERCO,SUN,9
2022-10-09T02,ERCO,SUN,2
2022-10-09T03,ERCO,SUN,2
2022-10-09T04,ERCO,SUN,1
2022-10-09T05,ERCO,SUN,0
2022-10-09T06,ERCO,SUN,0
2022-10-09T07,ERCO,SUN,0
2022-10-09T08,ERCO,SUN,0
2022-10-09T09,ERCO,SUN,0
2022-10-09T10,ERCO,SUN,0
2022-10-09T11,ERCO,SUN,0
2022-10-09T12,ERCO,SUN,0
2022-10-09T13,ERCO,SUN,59
2022-10-09T14,ERCO,SUN,1707
2022-10-09T15,ERCO,SUN,4292
2022-10-09T16,ERCO,SUN,5928
2022-10-09T17,ERCO,SUN,6559
2022-10-09T18,ERCO,SUN,6740
2022-10-09T19,ERCO,SUN,6711
2022-10-09T20,ERCO,SUN,6565
2022-10-09T21,ERCO,SUN,6452
2022-10-09T22,ERCO,SUN,4649
2022-10-09T23,ERCO,SUN,3069
2022-10-10T00,ERCO,SUN,1064
2022-10-10T01,ERCO,SUN,17
2022-10-10T02,ERCO,SUN,0
2022-10-10T03,ERCO,SUN,0
2022-10-10T04,ERCO,SUN,0
2022-10-10T05,ERCO,SUN,0
2022-10-10T06,ERCO,SUN,0
2022-10-10T07,ERCO,SUN,0
2022-10-10T08,ERCO,SUN,0
2022-10-10T09,ERCO,SUN,0
2022-10-10T10,ERCO,SUN,0
2022-10-10T11,ERCO,SUN,0
2022-10-10T12,ERCO,SUN,0
2022-10-10T13,ERCO,SUN,78
2022-10-10T14,ERCO,SUN,1712
2022-10-10T15,ERCO,SUN,3962
2022-10-10T16,ERCO,SUN,5588
2022-10-10T17,ERCO,SUN,6326
2022-10-10T18,ERCO,SUN,6987
2022-10-10T19,ERCO,SUN,7118
2022-10-10T20,ERCO,SUN,6886
2022-10-10T21,ERCO,SUN,6700
2022-10-10T22,ERCO,SUN,6366
2022-10-10T23,ERCO,SUN,4102
2022-10-11T00,ERCO,SUN,1053
2022-10-11T01,ERCO,SUN,44
2022-10-11T02,ERCO,SUN,0
2022-10-11T03,ERCO,SUN,0
2022-10-11T04,ERCO,SUN,0
2022-10-11T05,ERCO,SUN,0
2022-10-11T06,ERCO,SUN,0
2022-10-11T07,ERCO,SUN,0
2022-10-11T08,ERCO,SUN,0
2022-10-11T09,ERCO,SUN,0
2022-10-11T10,ERCO,SUN,0
2022-10-11T11,ERCO,SUN,0
2022-10-11T12,ERCO,SUN,0
2022-10-11T13,ERCO,SUN,67
2022-10-11T14,ERCO,SUN,2168
2022-10-11T15,ERCO,SUN,5806
2022-10-11T16,ERCO,SUN,7342
2022-10-11T17,ERCO,SUN,6965
2022-10-11T18,ERCO,SUN,6812
2022-10-11T19,ERCO,SUN,6590
2022-10-11T20,ERCO,SUN,6820
2022-10-11T21,ERCO,SUN,7248
2022-10-11T22,ERCO,SUN,7106
2022-10-11T23,ERCO,SUN,6068
2022-10-12T00,ERCO,SUN,2253
2022-10-12T01,ERCO,SUN,34
2022-10-12T02,ERCO,SUN,0
2022-10-12T03,ERCO,SUN,0
2022-10-12T04,ERCO,SUN,0
2022-10-12T05,ERCO,SUN,0
2022-10-12T06,ERCO,SUN,0
2022-10-12T07,ERCO,SUN,0
2022-10-12T08,ERCO,SUN,0
2022-10-12T09,ERCO,SUN,0
2022-10-12T10,ERCO,SUN,0
2022-10-12T11,ERCO,SUN,0
2022-10-12T12,ERCO,SUN,0
2022-10-12T13,ERCO,SUN,55
2022-10-12T14,ERCO,SUN,2767
2022-10-12T15,ERCO,SUN,7610
2022-10-12T16,ERCO,SUN,8910
2022-10-12T17,ERCO,SUN,9030
2022-10-12T18,ERCO,SUN,9057
2022-10-12T19,ERCO,SUN,8838
2022-10-12T20,ERCO,SUN,8794
2022-10-12T21,ERCO,SUN,8850
2022-10-12T22,ERCO,SUN,8602
2022-10-12T23,ERCO,SUN,7094
2022-10-13T00,ERCO,SUN,2417
2022-10-13T01,ERCO,SUN,37
2022-10-13T02,ERCO,SUN,0
2022-10-13T03,ERCO,SUN,0
2022-10-13T04,ERCO,SUN,0
2022-10-13T05,ERCO,SUN,0
2022-10-13T06,ERCO,SUN,0
2022-10-13T07,ERCO,SUN,0
2022-10-13T08,ERCO,SUN,0
2022-10-13T09,ERCO,SUN,0
2022-10-13T10,ERCO,SUN,0
2022-10-13T11,ERCO,SUN,0
2022-10-13T12,ERCO,SUN,0
2022-10-13T13,ERCO,SUN,54
2022-10-13T14,ERCO,SUN,2624
2022-10-13T15,ERCO,SUN,7420
2022-10-13T16,ERCO,SUN,8407
2022-10-13T17,ERCO,SUN,8320
2022-10-13T18,ERCO,SUN,8680
2022-10-13T19,ERCO,SUN,8745
2022-10-13T20,ERCO,SUN,8612
2022-10-13T21,ERCO,SUN,8320
2022-10-13T22,ERCO,SUN,7639
2022-10-13T23,ERCO,SUN,5973
2022-10-14T00,ERCO,SUN,1796
2022-10-14T01,ERCO,SUN,20
2022-10-14T02,ERCO,SUN,2
2022-10-14T03,ERCO,SUN,2
2022-10-14T04,ERCO,SUN,2
2022-10-14T05,ERCO,SUN,2
2022-10-14T06,ERCO,SUN,2
2022-10-14T07,ERCO,SUN,2
2022-10-14T08,ERCO,SUN,2
2022-10-14T09,ERCO,SUN,2
2022-10-14T10,ERCO,SUN,2
2022-10-14T11,ERCO,SUN,2
2022-10-14T12,ERCO,SUN,2
2022-10-14T13,ERCO,SUN,67
2022-10-14T14,ERCO,SUN,2744
2022-10-14T15,ERCO,SUN,7804
2022-10-14T16,ERCO,SUN,9271
2022-10-14T17,ERCO,SUN,9321
2022-10-14T18,ERCO,SUN,9185
2022-10-14T19,ERCO,SUN,9095
2022-10-14T20,ERCO,SUN,8867
2022-10-14T21,ERCO,SUN,8437
2022-10-14T22,ERCO,SUN,7324
2022-10-14T23,ERCO,SUN,4390
2022-10-15T00,ERCO,SUN,860
2022-10-15T01,ERCO,SUN,5
2022-10-15T02,ERCO,SUN,0
2022-10-15T03,ERCO,SUN,0
2022-10-15T04,ERCO,SUN,0
2022-10-15T05,ERCO,SUN,0
2022-10-15T06,ERCO,SUN,0
2022-10-15T07,ERCO,SUN,0
2022-10-15T08,ERCO,SUN,0
2022-10-15T09,ERCO,SUN,0
2022-10-15T10,ERCO,SUN,0
2022-10-15T11,ERCO,SUN,0
2022-10-15T12,ERCO,SUN,0
2022-10-15T13,ERCO,SUN,54
2022-10-15T14,ERCO,SUN,1818
2022-10-15T15,ERCO,SUN,5300
2022-10-15T16,ERCO,SUN,7393
2022-10-15T17,ERCO,SUN,8382
2022-10-15T18,ERCO,SUN,8409
2022-10-15T19,ERCO,SUN,8417
2022-10-15T20,ERCO,SUN,8504
2022-10-15T21,ERCO,SUN,8392
2022-10-15T22,ERCO,SUN,7906
2022-10-15T23,ERCO,SUN,6105
2022-10-16T00,ERCO,SUN,1358
2022-10-16T01,ERCO,SUN,72
2022-10-16T02,ERCO,SUN,12
2022-10-16T03,ERCO,SUN,0
2022-10-16T04,ERCO,SUN,0
2022-10-16T05,ERCO,SUN,0
2022-10-16T06,ERCO,SUN,0
2022-10-16T07,ERCO,SUN,0
2022-10-16T08,ERCO,SUN,0
2022-10-16T09,ERCO,SUN,0
2022-10-16T10,ERCO,SUN,0
2022-10-16T11,ERCO,SUN,0
2022-10-16T12,ERCO,SUN,0
2022-10-16T13,ERCO,SUN,30
2022-10-16T14,ERCO,SUN,914
2022-10-16T15,ERCO,SUN,2364
2022-10-16T16,ERCO,SUN,2921
2022-10-16T17,ERCO,SUN,3241
2022-10-16T18,ERCO,SUN,3842
2022-10-16T19,ERCO,SUN,4050
2022-10-16T20,ERCO,SUN,3644
2022-10-16T21,ERCO,SUN,3349
2022-10-16T22,ERCO,SUN,2320
2022-10-16T23,ERCO,SUN,1306
2022-10-17T00,ERCO,SUN,372
2022-10-17T01,ERCO,SUN,158
2022-10-17T02,ERCO,SUN,74
2022-10-17T03,ERCO,SUN,0
2022-10-17T04,ERCO,SUN,0
2022-10-17T05,ERCO,SUN,0
2022-10-17T06,ERCO,SUN,0
2022-10-17T07,ERCO,SUN,0
2022-10-17T08,ERCO,SUN,0
2022-10-17T09,ERCO,SUN,0
2022-10-17T10,ERCO,SUN,0
2022-10-17T11,ERCO,SUN,0
2022-10-17T12,ERCO,SUN,0
2022-10-17T13,ERCO,SUN,17
2022-10-17T14,ERCO,SUN,658
2022-10-17T15,ERCO,SUN,1690
2022-10-17T16,ERCO,SUN,2658
2022-10-17T17,ERCO,SUN,3234
2022-10-17T18,ERCO,SUN,3793
2022-10-17T19,ERCO,SUN,4142
2022-10-17T20,ERCO,SUN,4150
2022-10-17T21,ERCO,SUN,4364
2022-10-17T22,ERCO,SUN,4086
2022-10-17T23,ERCO,SUN,2952
2022-10-18T00,ERCO,SUN,595
2022-10-18T01,ERCO,SUN,1
2022-10-18T02,ERCO,SUN,0
2022-10-18T03,ERCO,SUN,0
2022-10-18T04,ERCO,SUN,0
2022-10-18T05,ERCO,SUN,0
2022-10-18T06,ERCO,SUN,0
2022-10-18T07,ERCO,SUN,0
2022-10-18T08,ERCO,SUN,0
2022-10-18T09,ERCO,SUN,0
2022-10-18T10,ERCO,SUN,0
2022-10-18T11,ERCO,SUN,0
2022-10-18T12,ERCO,SUN,0
2022-10-18T13,ERCO,SUN,40
2022-10-18T14,ERCO,SUN,1245
2022-10-18T15,ERCO,SUN,3146
2022-10-18T16,ERCO,SUN,4128
2022-10-18T17,ERCO,SUN,5549
2022-10-18T18,ERCO,SUN,6773
2022-10-18T19,ERCO,SUN,7419
2022-10-18T20,ERCO,SUN,7431
2022-10-18T21,ERCO,SUN,7126
2022-10-18T22,ERCO,SUN,6853
2022-10-18T23,ERCO,SUN,5098
2022-10-19T00,ERCO,SUN,1387
2022-10-19T01,ERCO,SUN,55
2022-10-19T02,ERCO,SUN,36
2022-10-19T03,ERCO,SUN,0
2022-10-19T04,ERCO,SUN,0
2022-10-19T05,ERCO,SUN,0
2022-10-19T06,ERCO,SUN,0
2022-10-19T07,ERCO,SUN,0
2022-10-19T08,ERCO,SUN,0
2022-10-19T09,ERCO,SUN,0
2022-10-19T10,ERCO,SUN,0
2022-10-19T11,ERCO,SUN,0
2022-10-19T12,ERCO,SUN,0
2022-10-19T13,ERCO,SUN,65
2022-10-19T14,ERCO,SUN,2659
2022-10-19T15,ERCO,SUN,7966
2022-10-19T16,ERCO,SUN,9561
2022-10-19T17,ERCO,SUN,9664
2022-10-19T18,ERCO,SUN,9533
2022-10-19T19,ERCO,SUN,9482
2022-10-19T20,ERCO,SUN,9585
2022-10-19T21,ERCO,SUN,9784
2022-10-19T22,ERCO,SUN,9623
2022-10-19T23,ERCO,SUN,7556
2022-10-20T00,ERCO,SUN,2049
2022-10-20T01,ERCO,SUN,11
2022-10-20T02,ERCO,SUN,0
2022-10-20T03,ERCO,SUN,0
2022-10-20T04,ERCO,SUN,0
2022-10-20T05,ERCO,SUN,0
2022-10-20T06,ERCO,SUN,0
2022-10-20T07,ERCO,SUN,0
2022-10-20T08,ERCO,SUN,0
2022-10-20T09,ERCO,SUN,0
2022-10-20T10,ERCO,SUN,0
2022-10-20T11,ERCO,SUN,0
2022-10-20T12,ERCO,SUN,0
2022-10-20T13,ERCO,SUN,49
2022-10-20T14,ERCO,SUN,2789
2022-10-20T15,ERCO,SUN,8402
2022-10-20T16,ERCO,SUN,9807
2022-10-20T17,ERCO,SUN,9807
2022-10-20T18,ERCO,SUN,9611
2022-10-20T19,ERCO,SUN,9501
2022-10-20T20,ERCO,SUN,9554
2022-10-20T21,ERCO,SUN,9666
2022-10-20T22,ERCO,SUN,9473
2022-10-20T23,ERCO,SUN,7434
2022-10-21T00,ERCO,SUN,2071
2022-10-21T01,ERCO,SUN,159
2022-10-21T02,ERCO,SUN,0
2022-10-21T03,ERCO,SUN,0
2022-10-21T04,ERCO,SUN,0
2022-10-21T05,ERCO,SUN,0
2022-10-21T06,ERCO,SUN,0
2022-10-21T07,ERCO,SUN,0
2022-10-21T08,ERCO,SUN,0
2022-10-21T09,ERCO,SUN,0
2022-10-21T10,ERCO,SUN,0
2022-10-21T11,ERCO,SUN,1
2022-10-21T12,ERCO,SUN,0
2022-10-21T13,ERCO,SUN,49
2022-10-21T14,ERCO,SUN,2801
2022-10-21T15,ERCO,SUN,8507
2022-10-21T16,ERCO,SUN,9755
2022-10-21T17,ERCO,SUN,9643
2022-10-21T18,ERCO,SUN,9275
2022-10-21T19,ERCO,SUN,9220
2022-10-21T20,ERCO,SUN,8094
2022-10-21T21,ERCO,SUN,6674
2022-10-21T22,ERCO,SUN,6769
2022-10-21T23,ERCO,SUN,4839
2022-10-22T00,ERCO,SUN,1577
2022-10-22T01,ERCO,SUN,6
2022-10-22T02,ERCO,SUN,0
2022-10-22T03,ERCO,SUN,0
2022-10-22T04,ERCO,SUN,0
2022-10-22T05,ERCO,SUN,0
2022-10-22T06,ERCO,SUN,0
2022-10-22T07,ERCO,SUN,0
2022-10-22T08,ERCO,SUN,0
2022-10-22T09,ERCO,SUN,0
2022-10-22T10,ERCO,SUN,0
2022-10-22T11,ERCO,SUN,0
2022-10-22T12,ERCO,SUN,0
2022-10-22T13,ERCO,SUN,40
2022-10-22T14,ERCO,SUN,1946
2022-10-22T15,ERCO,SUN,5658
2022-10-22T16,ERCO,SUN,7428
2022-10-22T17,ERCO,SUN,7804
2022-10-22T18,ERCO,SUN,8138
2022-10-22T19,ERCO,SUN,8047
2022-10-22T20,ERCO,SUN,7665
2022-10-22T21,ERCO,SUN,7191
2022-10-22T22,ERCO,SUN,6021
2022-10-22T23,ERCO,SUN,4355
2022-10-23T00,ERCO,SUN,1003
2022-10-23T01,ERCO,SUN,5
2022-10-23T02,ERCO,SUN,0
2022-10-23T03,ERCO,SUN,0
2022-10-23T04,ERCO,SUN,0
2022-10-23T05,ERCO,SUN,0
2022-10-23T06,ERCO,SUN,0
2022-10-23T07,ERCO,SUN,0
2022-10-23T08,ERCO,SUN,0
2022-10-23T09,ERCO,SUN,0
2022-10-23T10,ERCO,SUN,0
2022-10-23T11,ERCO,SUN,0
2022-10-23T12,ERCO,SUN,0
2022-10-23T13,ERCO,SUN,29
2022-10-23T14,ERCO,SUN,1238
2022-10-23T15,ERCO,SUN,3814
2022-10-23T16,ERCO,SUN,3986
2022-10-23T17,ERCO,SUN,3597
2022-10-23T18,ERCO,SUN,3839
2022-10-23T19,ERCO,SUN,3876
2022-10-23T20,ERCO,SUN,3843
2022-10-23T21,ERCO,SUN,3703
2022-10-23T22,ERCO,SUN,3372
2022-10-23T23,ERCO,SUN,2150
2022-10-24T00,ERCO,SUN,501
2022-10-24T01,ERCO,SUN,3
2022-10-24T02,ERCO,SUN,0
2022-10-24T03,ERCO,SUN,0
2022-10-24T04,ERCO,SUN,0
2022-10-24T05,ERCO,SUN,0
2022-10-24T06,ERCO,SUN,0
2022-10-24T07,ERCO,SUN,0
2022-10-24T08,ERCO,SUN,0
2022-10-24T09,ERCO,SUN,0
2022-10-24T10,ERCO,SUN,0
2022-10-24T11,ERCO,SUN,0
2022-10-24T12,ERCO,SUN,0
2022-10-24T13,ERCO,SUN,8
2022-10-24T14,ERCO,SUN,854
2022-10-24T15,ERCO,SUN,3382
2022-10-24T16,ERCO,SUN,5200
2022-10-24T17,ERCO,SUN,5804
2022-10-24T18,ERCO,SUN,5952
2022-10-24T19,ERCO,SUN,5068
2022-10-24T20,ERCO,SUN,4863
2022-10-24T21,ERCO,SUN,4996
2022-10-24T22,ERCO,SUN,3503
2022-10-24T23,ERCO,SUN,2970
2022-10-25T00,ERCO,SUN,1032
2022-10-25T01,ERCO,SUN,44
2022-10-25T02,ERCO,SUN,0
2022-10-25T03,ERCO,SUN,0
2022-10-25T04,ERCO,SUN,0
2022-10-25T05,ERCO,SUN,0
2022-10-25T06,ERCO,SUN,0
2022-10-25T07,ERCO,SUN,0
2022-10-25T08,ERCO,SUN,0
2022-10-25T09,ERCO,SUN,0
2022-10-25T10,ERCO,SUN,0
2022-10-25T11,ERCO,SUN,0
2022-10-25T12,ERCO,SUN,0
2022-10-25T13,ERCO,SUN,23
2022-10-25T14,ERCO,SUN,2127
2022-10-25T15,ERCO,SUN,7752
2022-10-25T16,ERCO,SUN,9488
2022-10-25T17,ERCO,SUN,9720
2022-10-25T18,ERCO,SUN,9639
2022-10-25T19,ERCO,SUN,9567
2022-10-25T20,ERCO,SUN,9697
2022-10-25T21,ERCO,SUN,9878
2022-10-25T22,ERCO,SUN,9737
2022-10-25T23,ERCO,SUN,7424
2022-10-26T00,ERCO,SUN,1765
2022-10-26T01,ERCO,SUN,34
2022-10-26T02,ERCO,SUN,31
2022-10-26T03,ERCO,SUN,8
2022-10-26T04,ERCO,SUN,0
2022-10-26T05,ERCO,SUN,0
2022-10-26T06,ERCO,SUN,0
2022-10-26T07,ERCO,SUN,0
2022-10-26T08,ERCO,SUN,0
2022-10-26T09,ERCO,SUN,0
2022-10-26T10,ERCO,SUN,0
2022-10-26T11,ERCO,SUN,0
2022-10-26T12,ERCO,SUN,0
2022-10-26T13,ERCO,SUN,35
2022-10-26T14,ERCO,SUN,2504
2022-10-26T15,ERCO,SUN,8169
2022-10-26T16,ERCO,SUN,9585
2022-10-26T17,ERCO,SUN,8947
2022-10-26T18,ERCO,SUN,7723
2022-10-26T19,ERCO,SUN,8163
2022-10-26T20,ERCO,SUN,8369
2022-10-26T21,ERCO,SUN,8632
2022-10-26T22,ERCO,SUN,8153
2022-10-26T23,ERCO,SUN,6340
2022-10-27T00,ERCO,SUN,1669
2022-10-27T01,ERCO,SUN,135
2022-10-27T02,ERCO,SUN,0
2022-10-27T03,ERCO,SUN,0
2022-10-27T04,ERCO,SUN,0
2022-10-27T05,ERCO,SUN,0
2022-10-27T06,ERCO,SUN,0
2022-10-27T07,ERCO,SUN,0
2022-10-27T08,ERCO,SUN,0
2022-10-27T09,ERCO,SUN,0
2022-10-27T10,ERCO,SUN,0
2022-10-27T11,ERCO,SUN,0
2022-10-27T12,ERCO,SUN,0
2022-10-27T13,ERCO,SUN,30
2022-10-27T14,ERCO,SUN,1661
2022-10-27T15,ERCO,SUN,4780
2022-10-27T16,ERCO,SUN,5353
2022-10-27T17,ERCO,SUN,5179
2022-10-27T18,ERCO,SUN,5276
2022-10-27T19,ERCO,SUN,5250
2022-10-27T20,ERCO,SUN,5651
2022-10-27T21,ERCO,SUN,5708
2022-10-27T22,ERCO,SUN,5392
2022-10-27T23,ERCO,SUN,4099
2022-10-28T00,ERCO,SUN,1071
2022-10-28T01,ERCO,SUN,4
2022-10-28T02,ERCO,SUN,0
2022-10-28T03,ERCO,SUN,0
2022-10-28T04,ERCO,SUN,1
2022-10-28T05,ERCO,SUN,1
2022-10-28T06,ERCO,SUN,1
2022-10-28T07,ERCO,SUN,0
2022-10-28T08,ERCO,SUN,1
2022-10-28T09,ERCO,SUN,1
2022-10-28T10,ERCO,SUN,0
2022-10-28T11,ERCO,SUN,0
2022-10-28T12,ERCO,SUN,1
2022-10-28T13,ERCO,SUN,2
2022-10-28T14,ERCO,SUN,456
2022-10-28T15,ERCO,SUN,2757
2022-10-28T16,ERCO,SUN,3813
2022-10-28T17,ERCO,SUN,3278
2022-10-28T18,ERCO,SUN,3604
2022-10-28T19,ERCO,SUN,3501
2022-10-28T20,ERCO,SUN,3973
2022-10-28T21,ERCO,SUN,3826
2022-10-28T22,ERCO,SUN,3023
2022-10-28T23,ERCO,SUN,2357
2022-10-29T00,ERCO,SUN,624
2022-10-29T01,ERCO,SUN,1
2022-10-29T02,ERCO,SUN,0
2022-10-29T03,ERCO,SUN,0
2022-10-29T04,ERCO,SUN,0
2022-10-29T05,ERCO,SUN,0
2022-10-29T06,ERCO,SUN,0
2022-10-29T07,ERCO,SUN,0
2022-10-29T08,ERCO,SUN,0
2022-10-29T09,ERCO,SUN,0
2022-10-29T10,ERCO,SUN,0
2022-10-29T11,ERCO,SUN,0
2022-10-29T12,ERCO,SUN,0
2022-10-29T13,ERCO,SUN,16
2022-10-29T14,ERCO,SUN,1391
2022-10-29T15,ERCO,SUN,4828
2022-10-29T16,ERCO,SUN,6709
2022-10-29T17,ERCO,SUN,7268
2022-10-29T18,ERCO,SUN,7756
2022-10-29T19,ERCO,SUN,7680
2022-10-29T20,ERCO,SUN,7446
2022-10-29T21,ERCO,SUN,7440
2022-10-29T22,ERCO,SUN,7250
2022-10-29T23,ERCO,SUN,5514
2022-10-30T00,ERCO,SUN,1225
2022-10-30T01,ERCO,SUN,1
2022-10-30T02,ERCO,SUN,0
2022-10-30T03,ERCO,SUN,0
2022-10-30T04,ERCO,SUN,0
2022-10-30T05,ERCO,SUN,0
2022-10-30T06,ERCO,SUN,0
2022-10-30T07,ERCO,SUN,0
2022-10-30T08,ERCO,SUN,0
2022-10-30T09,ERCO,SUN,0
2022-10-30T10,ERCO,SUN,0
2022-10-30T11,ERCO,SUN,0
2022-10-30T12,ERCO,SUN,0
2022-10-30T13,ERCO,SUN,15
2022-10-30T14,ERCO,SUN,1862
2022-10-30T15,ERCO,SUN,7298
2022-10-30T16,ERCO,SUN,8825
2022-10-30T17,ERCO,SUN,8684
2022-10-30T18,ERCO,SUN,8566
2022-10-30T19,ERCO,SUN,8414
2022-10-30T20,ERCO,SUN,8402
2022-10-30T21,ERCO,SUN,8231
2022-10-30T22,ERCO,SUN,7416
2022-10-30T23,ERCO,SUN,5487
2022-10-31T00,ERCO,SUN,868
2022-10-31T01,ERCO,SUN,0
2022-10-31T02,ERCO,SUN,0
2022-10-31T03,ERCO,SUN,0
2022-10-31T04,ERCO,SUN,0
2022-10-31T05,ERCO,SUN,0
2022-10-31T06,ERCO,SUN,0
2022-10-31T07,ERCO,SUN,0
2022-10-31T08,ERCO,SUN,0
2022-10-31T09,ERCO,SUN,0
2022-10-31T10,ERCO,SUN,0
2022-10-31T11,ERCO,SUN,0
2022-10-31T12,ERCO,SUN,0
2022-10-31T13,ERCO,SUN,14
2022-10-31T14,ERCO,SUN,1259
2022-10-31T15,ERCO,SUN,4643
2022-10-31T16,ERCO,SUN,6461
2022-10-31T17,ERCO,SUN,6949
2022-10-31T18,ERCO,SUN,7312
2022-10-31T19,ERCO,SUN,7086
2022-10-31T20,ERCO,SUN,7108
2022-10-31T21,ERCO,SUN,6752
2022-10-31T22,ERCO,SUN,5627
2022-10-31T23,ERCO,SUN,3512
2022-11-01T00,ERCO,SUN,578
2022-11-01T01,ERCO,SUN,1
2022-11-01T02,ERCO,SUN,0
2022-11-01T03,ERCO,SUN,0
2022-11-01T04,ERCO,SUN,0
2022-11-01T05,ERCO,SUN,0
2022-11-01T06,ERCO,SUN,0
2022-11-01T07,ERCO,SUN,0
2022-11-01T08,ERCO,SUN,0
2022-11-01T09,ERCO,SUN,0
2022-11-01T10,ERCO,SUN,0
2022-11-01T11,ERCO,SUN,0
2022-11-01T12,ERCO,SUN,0
2022-11-01T13,ERCO,SUN,1
2022-11-01T14,ERCO,SUN,877
2022-11-01T15,ERCO,SUN,4411
2022-11-01T16,ERCO,SUN,6345
2022-11-01T17,ERCO,SUN,6942
2022-11-01T18,ERCO,SUN,6958
2022-11-01T19,ERCO,SUN,6995
2022-11-01T20,ERCO,SUN,6978
2022-11-01T21,ERCO,SUN,6871
2022-11-01T22,ERCO,SUN,6741
2022-11-01T23,ERCO,SUN,5196
2022-11-02T00,ERCO,SUN,1033
2022-11-02T01,ERCO,SUN,38
2022-11-02T02,ERCO,SUN,0
2022-11-02T03,ERCO,SUN,0
2022-11-02T04,ERCO,SUN,0
2022-11-02T05,ERCO,SUN,0
2022-11-02T06,ERCO,SUN,0
2022-11-02T07,ERCO,SUN,0
2022-11-02T08,ERCO,SUN,0
2022-11-02T09,ERCO,SUN,0
2022-11-02T10,ERCO,SUN,0
2022-11-02T11,ERCO,SUN,0
2022-11-02T12,ERCO,SUN,0
2022-11-02T13,ERCO,SUN,3
2022-11-02T14,ERCO,SUN,432
2022-11-02T15,ERCO,SUN,2130
2022-11-02T16,ERCO,SUN,3934
2022-11-02T17,ERCO,SUN,5312
2022-11-02T18,ERCO,SUN,6010
2022-11-02T19,ERCO,SUN,5945
2022-11-02T20,ERCO,SUN,5181
2022-11-02T21,ERCO,SUN,4127
2022-11-02T22,ERCO,SUN,3317
2022-11-02T23,ERCO,SUN,1888
2022-11-03T00,ERCO,SUN,497
2022-11-03T01,ERCO,SUN,0
2022-11-03T02,ERCO,SUN,0
2022-11-03T03,ERCO,SUN,0
2022-11-03T04,ERCO,SUN,0
2022-11-03T05,ERCO,SUN,0
2022-11-03T06,ERCO,SUN,0
2022-11-03T07,ERCO,SUN,0
2022-11-03T08,ERCO,SUN,0
2022-11-03T09,ERCO,SUN,0
2022-11-03T10,ERCO,SUN,0
2022-11-03T11,ERCO,SUN,0
2022-11-03T12,ERCO,SUN,0
2022-11-03T13,ERCO,SUN,4
2022-11-03T14,ERCO,SUN,330
2022-11-03T15,ERCO,SUN,1455
2022-11-03T16,ERCO,SUN,1755
2022-11-03T17,ERCO,SUN,1929
2022-11-03T18,ERCO,SUN,2592
2022-11-03T19,ERCO,SUN,3205
2022-11-03T20,ERCO,SUN,3210
2022-11-03T21,ERCO,SUN,2750
2022-11-03T22,ERCO,SUN,2300
2022-11-03T23,ERCO,SUN,1369
2022-11-04T00,ERCO,SUN,248
2022-11-04T01,ERCO,SUN,0
2022-11-04T02,ERCO,SUN,0
2022-11-04T03,ERCO,SUN,0
2022-11-04T04,ERCO,SUN,0
2022-11-04T05,ERCO,SUN,0
2022-11-04T06,ERCO,SUN,0
2022-11-04T07,ERCO,SUN,0
2022-11-04T08,ERCO,SUN,0
2022-11-04T09,ERCO,SUN,0
2022-11-04T10,ERCO,SUN,0
2022-11-04T11,ERCO,SUN,0
2022-11-04T12,ERCO,SUN,0
2022-11-04T13,ERCO,SUN,3
2022-11-04T14,ERCO,SUN,684
2022-11-04T15,ERCO,SUN,3610
2022-11-04T16,ERCO,SUN,3344
2022-11-04T17,ERCO,SUN,2592
2022-11-04T18,ERCO,SUN,2620
2022-11-04T19,ERCO,SUN,2631
2022-11-04T20,ERCO,SUN,2911
2022-11-04T21,ERCO,SUN,3150
2022-11-04T22,ERCO,SUN,2792
2022-11-04T23,ERCO,SUN,2450
2022-11-05T00,ERCO,SUN,704
2022-11-05T01,ERCO,SUN,0
2022-11-05T02,ERCO,SUN,0
2022-11-05T03,ERCO,SUN,0
2022-11-05T04,ERCO,SUN,0
2022-11-05T05,ERCO,SUN,0
2022-11-05T06,ERCO,SUN,0
2022-11-05T07,ERCO,SUN,0
2022-11-05T08,ERCO,SUN,0
2022-11-05T09,ERCO,SUN,0
2022-11-05T10,ERCO,SUN,0
2022-11-05T11,ERCO,SUN,0
2022-11-05T12,ERCO,SUN,0
2022-11-05T13,ERCO,SUN,2
2022-11-05T14,ERCO,SUN,1228
2022-11-05T15,ERCO,SUN,6277
2022-11-05T16,ERCO,SUN,8444
2022-11-05T17,ERCO,SUN,8578
2022-11-05T18,ERCO,SUN,8674
2022-11-05T19,ERCO,SUN,8203
2022-11-05T20,ERCO,SUN,6237
2022-11-05T21,ERCO,SUN,5300
2022-11-05T22,ERCO,SUN,4799
2022-11-05T23,ERCO,SUN,3069
2022-11-06T00,ERCO,SUN,590
2022-11-06T01,ERCO,SUN,0
2022-11-06T02,ERCO,SUN,0
2022-11-06T03,ERCO,SUN,0
2022-11-06T04,ERCO,SUN,0
2022-11-06T05,ERCO,SUN,1
2022-11-06T06,ERCO,SUN,1
2022-11-06T07,ERCO,SUN,0
2022-11-06T08,ERCO,SUN,0
2022-11-06T09,ERCO,SUN,1
2022-11-06T10,ERCO,SUN,0
2022-11-06T11,ERCO,SUN,0
2022-11-06T12,ERCO,SUN,1
2022-11-06T13,ERCO,SUN,3
2022-11-06T14,ERCO,SUN,1103
2022-11-06T15,ERCO,SUN,5338
2022-11-06T16,ERCO,SUN,7871
2022-11-06T17,ERCO,SUN,8251
2022-11-06T18,ERCO,SUN,8073
2022-11-06T19,ERCO,SUN,8156
2022-11-06T20,ERCO,SUN,8371
2022-11-06T21,ERCO,SUN,8526
2022-11-06T22,ERCO,SUN,8136
2022-11-06T23,ERCO,SUN,5440
2022-11-07T00,ERCO,SUN,899
2022-11-07T01,ERCO,SUN,0
2022-11-07T02,ERCO,SUN,0
2022-11-07T03,ERCO,SUN,0
2022-11-07T04,ERCO,SUN,0
2022-11-07T05,ERCO,SUN,0
2022-11-07T06,ERCO,SUN,0
2022-11-07T07,ERCO,SUN,0
2022-11-07T08,ERCO,SUN,0
2022-11-07T09,ERCO,SUN,0
2022-11-07T10,ERCO,SUN,0
2022-11-07T11,ERCO,SUN,0
2022-11-07T12,ERCO,SUN,0
2022-11-07T13,ERCO,SUN,2
2022-11-07T14,ERCO,SUN,533
2022-11-07T15,ERCO,SUN,2783
2022-11-07T16,ERCO,SUN,3806
2022-11-07T17,ERCO,SUN,4674
2022-11-07T18,ERCO,SUN,5558
2022-11-07T19,ERCO,SUN,6107
2022-11-07T20,ERCO,SUN,6206
2022-11-07T21,ERCO,SUN,6021
2022-11-07T22,ERCO,SUN,5570
2022-11-07T23,ERCO,SUN,3344
2022-11-08T00,ERCO,SUN,427
2022-11-08T01,ERCO,SUN,0
2022-11-08T02,ERCO,SUN,0
2022-11-08T03,ERCO,SUN,0
2022-11-08T04,ERCO,SUN,0
2022-11-08T05,ERCO,SUN,0
2022-11-08T06,ERCO,SUN,0
2022-11-08T07,ERCO,SUN,0
2022-11-08T08,ERCO,SUN,0
2022-11-08T09,ERCO,SUN,0
2022-11-08T10,ERCO,SUN,0
2022-11-08T11,ERCO,SUN,0
2022-11-08T12,ERCO,SUN,0
2022-11-08T13,ERCO,SUN,1
2022-11-08T14,ERCO,SUN,480
2022-11-08T15,ERCO,SUN,2160
2022-11-08T16,ERCO,SUN,3384
2022-11-08T17,ERCO,SUN,3936
2022-11-08T18,ERCO,SUN,4463
2022-11-08T19,ERCO,SUN,4886
2022-11-08T20,ERCO,SUN,5052
2022-11-08T21,ERCO,SUN,4493
2022-11-08T22,ERCO,SUN,3424
2022-11-08T23,ERCO,SUN,1891
2022-11-09T00,ERCO,SUN,331
2022-11-09T01,ERCO,SUN,0
2022-11-09T02,ERCO,SUN,0
2022-11-09T03,ERCO,SUN,0
2022-11-09T04,ERCO,SUN,0
2022-11-09T05,ERCO,SUN,0
2022-11-09T06,ERCO,SUN,0
2022-11-09T07,ERCO,SUN,0
2022-11-09T08,ERCO,SUN,0
2022-11-09T09,ERCO,SUN,0
2022-11-09T10,ERCO,SUN,0
2022-11-09T11,ERCO,SUN,0
2022-11-09T12,ERCO,SUN,0
2022-11-09T13,ERCO,SUN,4
2022-11-09T14,ERCO,SUN,507
2022-11-09T15,ERCO,SUN,2146
2022-11-09T16,ERCO,SUN,2743
2022-11-09T17,ERCO,SUN,3119
2022-11-09T18,ERCO,SUN,2979
2022-11-09T19,ERCO,SUN,2933
2022-11-09T20,ERCO,SUN,3035
2022-11-09T21,ERCO,SUN,2908
2022-11-09T22,ERCO,SUN,2771
2022-11-09T23,ERCO,SUN,1329
2022-11-10T00,ERCO,SUN,217
2022-11-10T01,ERCO,SUN,2
2022-11-10T02,ERCO,SUN,0
2022-11-10T03,ERCO,SUN,0
2022-11-10T04,ERCO,SUN,0
2022-11-10T05,ERCO,SUN,4
2022-11-10T06,ERCO,SUN,0
2022-11-10T07,ERCO,SUN,0
2022-11-10T08,ERCO,SUN,0
2022-11-10T09,ERCO,SUN,0
2022-11-10T10,ERCO,SUN,0
2022-11-10T11,ERCO,SUN,0
2022-11-10T12,ERCO,SUN,0
2022-11-10T13,ERCO,SUN,2
2022-11-10T14,ERCO,SUN,751
2022-11-10T15,ERCO,SUN,4204
2022-11-10T16,ERCO,SUN,6623
2022-11-10T17,ERCO,SUN,6837
2022-11-10T18,ERCO,SUN,6745
2022-11-10T19,ERCO,SUN,6755
2022-11-10T20,ERCO,SUN,7022
2022-11-10T21,ERCO,SUN,7313
2022-11-10T22,ERCO,SUN,6945
2022-11-10T23,ERCO,SUN,4148
2022-11-11T00,ERCO,SUN,458
2022-11-11T01,ERCO,SUN,0
2022-11-11T02,ERCO,SUN,0
2022-11-11T03,ERCO,SUN,0
2022-11-11T04,ERCO,SUN,0
2022-11-11T05,ERCO,SUN,0
2022-11-11T06,ERCO,SUN,0
2022-11-11T07,ERCO,SUN,0
2022-11-11T08,ERCO,SUN,0
2022-11-11T09,ERCO,SUN,0
2022-11-11T10,ERCO,SUN,0
2022-11-11T11,ERCO,SUN,0
2022-11-11T12,ERCO,SUN,0
2022-11-11T13,ERCO,SUN,2
2022-11-11T14,ERCO,SUN,491
2022-11-11T15,ERCO,SUN,1647
2022-11-11T16,ERCO,SUN,1803
2022-11-11T17,ERCO,SUN,1794
2022-11-11T18,ERCO,SUN,1937
2022-11-11T19,ERCO,SUN,2079
2022-11-11T20,ERCO,SUN,2214
2022-11-11T21,ERCO,SUN,2261
2022-11-11T22,ERCO,SUN,2331
2022-11-11T23,ERCO,SUN,1801
2022-11-12T00,ERCO,SUN,582
2022-11-12T01,ERCO,SUN,0
2022-11-12T02,ERCO,SUN,0
2022-11-12T03,ERCO,SUN,0
2022-11-12T04,ERCO,SUN,0
2022-11-12T05,ERCO,SUN,0
2022-11-12T06,ERCO,SUN,0
2022-11-12T07,ERCO,SUN,0
2022-11-12T08,ERCO,SUN,0
2022-11-12T09,ERCO,SUN,0
2022-11-12T10,ERCO,SUN,0
2022-11-12T11,ERCO,SUN,0
2022-11-12T12,ERCO,SUN,0
2022-11-12T13,ERCO,SUN,2
2022-11-12T14,ERCO,SUN,1003
2022-11-12T15,ERCO,SUN,6082
2022-11-12T16,ERCO,SUN,8528
2022-11-12T17,ERCO,SUN,8833
2022-11-12T18,ERCO,SUN,8740
2022-11-12T19,ERCO,SUN,8664
2022-11-12T20,ERCO,SUN,8836
2022-11-12T21,ERCO,SUN,9076
2022-11-12T22,ERCO,SUN,9001
2022-11-12T23,ERCO,SUN,5735
2022-11-13T00,ERCO,SUN,752
2022-11-13T01,ERCO,SUN,1
2022-11-13T02,ERCO,SUN,0
2022-11-13T03,ERCO,SUN,0
2022-11-13T04,ERCO,SUN,0
2022-11-13T05,ERCO,SUN,0
2022-11-13T06,ERCO,SUN,0
2022-11-13T07,ERCO,SUN,0
2022-11-13T08,ERCO,SUN,0
2022-11-13T09,ERCO,SUN,0
2022-11-13T10,ERCO,SUN,0
2022-11-13T11,ERCO,SUN,0
2022-11-13T12,ERCO,SUN,0
2022-11-13T13,ERCO,SUN,3
2022-11-13T14,ERCO,SUN,1230
2022-11-13T15,ERCO,SUN,5598
2022-11-13T16,ERCO,SUN,6661
2022-11-13T17,ERCO,SUN,5964
2022-11-13T18,ERCO,SUN,5856
2022-11-13T19,ERCO,SUN,5730
2022-11-13T20,ERCO,SUN,5601
2022-11-13T21,ERCO,SUN,5296
2022-11-13T22,ERCO,SUN,4678
2022-11-13T23,ERCO,SUN,2161
2022-11-14T00,ERCO,SUN,267
2022-11-14T01,ERCO,SUN,0
2022-11-14T02,ERCO,SUN,0
2022-11-14T03,ERCO,SUN,0
2022-11-14T04,ERCO,SUN,0
2022-11-14T05,ERCO,SUN,0
2022-11-14T06,ERCO,SUN,0
2022-11-14T07,ERCO,SUN,0
2022-11-14T08,ERCO,SUN,0
2022-11-14T09,ERCO,SUN,0
2022-11-14T10,ERCO,SUN,0
2022-11-14T11,ERCO,SUN,0
2022-11-14T12,ERCO,SUN,0
2022-11-14T13,ERCO,SUN,1
2022-11-14T14,ERCO,SUN,194
2022-11-14T15,ERCO,SUN,1220
2022-11-14T16,ERCO,SUN,2863
2022-11-14T17,ERCO,SUN,4271
2022-11-14T18,ERCO,SUN,4809
2022-11-14T19,ERCO,SUN,4529
2022-11-14T20,ERCO,SUN,4590
2022-11-14T21,ERCO,SUN,3976
2022-11-14T22,ERCO,SUN,2760
2022-11-14T23,ERCO,SUN,1718
2022-11-15T00,ERCO,SUN,401
2022-11-15T01,ERCO,SUN,6
2022-11-15T02,ERCO,SUN,0
2022-11-15T03,ERCO,SUN,0
2022-11-15T04,ERCO,SUN,0
2022-11-15T05,ERCO,SUN,0
2022-11-15T06,ERCO,SUN,0
2022-11-15T07,ERCO,SUN,0
2022-11-15T08,ERCO,SUN,0
2022-11-15T09,ERCO,SUN,0
2022-11-15T10,ERCO,SUN,0
2022-11-15T11,ERCO,SUN,0
2022-11-15T12,ERCO,SUN,0
2022-11-15T13,ERCO,SUN,1
2022-11-15T14,ERCO,SUN,486
2022-11-15T15,ERCO,SUN,3099
2022-11-15T16,ERCO,SUN,5027
2022-11-15T17,ERCO,SUN,6190
2022-11-15T18,ERCO,SUN,6708
2022-11-15T19,ERCO,SUN,6502
2022-11-15T20,ERCO,SUN,6549
2022-11-15T21,ERCO,SUN,5940
2022-11-15T22,ERCO,SUN,4758
2022-11-15T23,ERCO,SUN,1988
2022-11-16T00,ERCO,SUN,171
2022-11-16T01,ERCO,SUN,0
2022-11-16T02,ERCO,SUN,0
2022-11-16T03,ERCO,SUN,0
2022-11-16T04,ERCO,SUN,0
2022-11-16T05,ERCO,SUN,0
2022-11-16T06,ERCO,SUN,0
2022-11-16T07,ERCO,SUN,0
2022-11-16T08,ERCO,SUN,0
2022-11-16T09,ERCO,SUN,0
2022-11-16T10,ERCO,SUN,0
2022-11-16T11,ERCO,SUN,0
2022-11-16T12,ERCO,SUN,0
2022-11-16T13,ERCO,SUN,0
2022-11-16T14,ERCO,SUN,271
2022-11-16T15,ERCO,SUN,2268
2022-11-16T16,ERCO,SUN,4023
2022-11-16T17,ERCO,SUN,5244
2022-11-16T18,ERCO,SUN,6146
2022-11-16T19,ERCO,SUN,6835
2022-11-16T20,ERCO,SUN,7123
2022-11-16T21,ERCO,SUN,6852
2022-11-16T22,ERCO,SUN,5140
2022-11-16T23,ERCO,SUN,2070
2022-11-17T00,ERCO,SUN,196
2022-11-17T01,ERCO,SUN,0
2022-11-17T02,ERCO,SUN,0
2022-11-17T03,ERCO,SUN,0
2022-11-17T04,ERCO,SUN,0
2022-11-17T05,ERCO,SUN,0
2022-11-17T06,ERCO,SUN,0
2022-11-17T07,ERCO,SUN,0
2022-11-17T08,ERCO,SUN,0
2022-11-17T09,ERCO,SUN,0
2022-11-17T10,ERCO,SUN,0
2022-11-17T11,ERCO,SUN,0
2022-11-17T12,ERCO,SUN,0
2022-11-17T13,ERCO,SUN,0
2022-11-17T14,ERCO,SUN,619
2022-11-17T15,ERCO,SUN,4968
2022-11-17T16,ERCO,SUN,7460
2022-11-17T17,ERCO,SUN,7465
2022-11-17T18,ERCO,SUN,7396
2022-11-17T19,ERCO,SUN,7493
2022-11-17T20,ERCO,SUN,7638
2022-11-17T21,ERCO,SUN,7983
2022-11-17T22,ERCO,SUN,7375
2022-11-17T23,ERCO,SUN,4586
2022-11-18T00,ERCO,SUN,565
2022-11-18T01,ERCO,SUN,0
2022-11-18T02,ERCO,SUN,0
2022-11-18T03,ERCO,SUN,0
2022-11-18T04,ERCO,SUN,0
2022-11-18T05,ERCO,SUN,0
2022-11-18T06,ERCO,SUN,0
2022-11-18T07,ERCO,SUN,0
2022-11-18T08,ERCO,SUN,0
2022-11-18T09,ERCO,SUN,0
2022-11-18T10,ERCO,SUN,0
2022-11-18T11,ERCO,SUN,0
2022-11-18T12,ERCO,SUN,0
2022-11-18T13,ERCO,SUN,1
2022-11-18T14,ERCO,SUN,290
2022-11-18T15,ERCO,SUN,2282
2022-11-18T16,ERCO,SUN,3976
2022-11-18T17,ERCO,SUN,4498
2022-11-18T18,ERCO,SUN,5055
2022-11-18T19,ERCO,SUN,5179
2022-11-18T20,ERCO,SUN,4733
2022-11-18T21,ERCO,SUN,4094
2022-11-18T22,ERCO,SUN,2954
2022-11-18T23,ERCO,SUN,1684
2022-11-19T00,ERCO,SUN,195
2022-11-19T01,ERCO,SUN,1
2022-11-19T02,ERCO,SUN,2
2022-11-19T03,ERCO,SUN,1
2022-11-19T04,ERCO,SUN,0
2022-11-19T05,ERCO,SUN,0
2022-11-19T06,ERCO,SUN,0
2022-11-19T07,ERCO,SUN,0
2022-11-19T08,ERCO,SUN,0
2022-11-19T09,ERCO,SUN,0
2022-11-19T10,ERCO,SUN,0
2022-11-19T11,ERCO,SUN,0
2022-11-19T12,ERCO,SUN,0
2022-11-19T13,ERCO,SUN,0
2022-11-19T14,ERCO,SUN,61
2022-11-19T15,ERCO,SUN,417
2022-11-19T16,ERCO,SUN,803
2022-11-19T17,ERCO,SUN,1328
2022-11-19T18,ERCO,SUN,1904
2022-11-19T19,ERCO,SUN,2296
2022-11-19T20,ERCO,SUN,2607
2022-11-19T21,ERCO,SUN,2740
2022-11-19T22,ERCO,SUN,2156
2022-11-19T23,ERCO,SUN,1020
2022-11-20T00,ERCO,SUN,86
2022-11-20T01,ERCO,SUN,0
2022-11-20T02,ERCO,SUN,0
2022-11-20T03,ERCO,SUN,0
2022-11-20T04,ERCO,SUN,1
2022-11-20T05,ERCO,SUN,0
2022-11-20T06,ERCO,SUN,0
2022-11-20T07,ERCO,SUN,0
2022-11-20T08,ERCO,SUN,0
2022-11-20T09,ERCO,SUN,0
2022-11-20T10,ERCO,SUN,0
2022-11-20T11,ERCO,SUN,0
2022-11-20T12,ERCO,SUN,1
2022-11-20T13,ERCO,SUN,1
2022-11-20T14,ERCO,SUN,431
2022-11-20T15,ERCO,SUN,2289
2022-11-20T16,ERCO,SUN,3562
2022-11-20T17,ERCO,SUN,3702
2022-11-20T18,ERCO,SUN,3853
2022-11-20T19,ERCO,SUN,4016
2022-11-20T20,ERCO,SUN,3515
2022-11-20T21,ERCO,SUN,2969
2022-11-20T22,ERCO,SUN,2081
2022-11-20T23,ERCO,SUN,1013
2022-11-21T00,ERCO,SUN,114
2022-11-21T01,ERCO,SUN,0
2022-11-21T02,ERCO,SUN,0
2022-11-21T03,ERCO,SUN,0
2022-11-21T04,ERCO,SUN,0
2022-11-21T05,ERCO,SUN,0
2022-11-21T06,ERCO,SUN,0
2022-11-21T07,ERCO,SUN,0
2022-11-21T08,ERCO,SUN,0
2022-11-21T09,ERCO,SUN,0
2022-11-21T10,ERCO,SUN,0
2022-11-21T11,ERCO,SUN,0
2022-11-21T12,ERCO,SUN,0
2022-11-21T13,ERCO,SUN,0
2022-11-21T14,ERCO,SUN,129
2022-11-21T15,ERCO,SUN,1638
2022-11-21T16,ERCO,SUN,3162
2022-11-21T17,ERCO,SUN,4710
2022-11-21T18,ERCO,SUN,5504
2022-11-21T19,ERCO,SUN,5814
2022-11-21T20,ERCO,SUN,5693
2022-11-21T21,ERCO,SUN,5623
2022-11-21T22,ERCO,SUN,5384
2022-11-21T23,ERCO,SUN,3679
2022-11-22T00,ERCO,SUN,472
2022-11-22T01,ERCO,SUN,0
2022-11-22T02,ERCO,SUN,1
2022-11-22T03,ERCO,SUN,1
2022-11-22T04,ERCO,SUN,1
2022-11-22T05,ERCO,SUN,0
2022-11-22T06,ERCO,SUN,0
2022-11-22T07,ERCO,SUN,0
2022-11-22T08,ERCO,SUN,0
2022-11-22T09,ERCO,SUN,0
2022-11-22T10,ERCO,SUN,0
2022-11-22T11,ERCO,SUN,0
2022-11-22T12,ERCO,SUN,1
2022-11-22T13,ERCO,SUN,0
2022-11-22T14,ERCO,SUN,223
2022-11-22T15,ERCO,SUN,2961
2022-11-22T16,ERCO,SUN,5308
2022-11-22T17,ERCO,SUN,6084
2022-11-22T18,ERCO,SUN,6553
2022-11-22T19,ERCO,SUN,6809
2022-11-22T20,ERCO,SUN,6743
2022-11-22T21,ERCO,SUN,6737
2022-11-22T22,ERCO,SUN,5856
2022-11-22T23,ERCO,SUN,3302
2022-11-23T00,ERCO,SUN,400
2022-11-23T01,ERCO,SUN,0
2022-11-23T02,ERCO,SUN,0
2022-11-23T03,ERCO,SUN,0
2022-11-23T04,ERCO,SUN,0
2022-11-23T05,ERCO,SUN,0
2022-11-23T06,ERCO,SUN,0
2022-11-23T07,ERCO,SUN,0
2022-11-23T08,ERCO,SUN,0
2022-11-23T09,ERCO,SUN,0
2022-11-23T10,ERCO,SUN,0
2022-11-23T11,ERCO,SUN,0
2022-11-23T12,ERCO,SUN,0
2022-11-23T13,ERCO,SUN,1
2022-11-23T14,ERCO,SUN,301
2022-11-23T15,ERCO,SUN,1445
2022-11-23T16,ERCO,SUN,2330
2022-11-23T17,ERCO,SUN,3223
2022-11-23T18,ERCO,SUN,4238
2022-11-23T19,ERCO,SUN,4832
2022-11-23T20,ERCO,SUN,4792
2022-11-23T21,ERCO,SUN,4765
2022-11-23T22,ERCO,SUN,4677
2022-11-23T23,ERCO,SUN,2724
2022-11-24T00,ERCO,SUN,401
2022-11-24T01,ERCO,SUN,0
2022-11-24T02,ERCO,SUN,0
2022-11-24T03,ERCO,SUN,0
2022-11-24T04,ERCO,SUN,0
2022-11-24T05,ERCO,SUN,0
2022-11-24T06,ERCO,SUN,0
2022-11-24T07,ERCO,SUN,0
2022-11-24T08,ERCO,SUN,0
2022-11-24T09,ERCO,SUN,0
2022-11-24T10,ERCO,SUN,0
2022-11-24T11,ERCO,SUN,0
2022-11-24T12,ERCO,SUN,0
2022-11-24T13,ERCO,SUN,0
2022-11-24T14,ERCO,SUN,96
2022-11-24T15,ERCO,SUN,1701
2022-11-24T16,ERCO,SUN,2851
2022-11-24T17,ERCO,SUN,3443
2022-11-24T18,ERCO,SUN,3585
2022-11-24T19,ERCO,SUN,3436
2022-11-24T20,ERCO,SUN,3445
2022-11-24T21,ERCO,SUN,3001
2022-11-24T22,ERCO,SUN,2139
2022-11-24T23,ERCO,SUN,1213
2022-11-25T00,ERCO,SUN,203
2022-11-25T01,ERCO,SUN,0
2022-11-25T02,ERCO,SUN,0
2022-11-25T03,ERCO,SUN,0
2022-11-25T04,ERCO,SUN,0
2022-11-25T05,ERCO,SUN,0
2022-11-25T06,ERCO,SUN,0
2022-11-25T07,ERCO,SUN,0
2022-11-25T08,ERCO,SUN,0
2022-11-25T09,ERCO,SUN,0
2022-11-25T10,ERCO,SUN,0
2022-11-25T11,ERCO,SUN,0
2022-11-25T12,ERCO,SUN,0
2022-11-25T13,ERCO,SUN,0
2022-11-25T14,ERCO,SUN,34
2022-11-25T15,ERCO,SUN,238
2022-11-25T16,ERCO,SUN,569
2022-11-25T17,ERCO,SUN,885
2022-11-25T18,ERCO,SUN,1170
2022-11-25T19,ERCO,SUN,1326
2022-11-25T20,ERCO,SUN,1187
2022-11-25T21,ERCO,SUN,871
2022-11-25T22,ERCO,SUN,424
2022-11-25T23,ERCO,SUN,141
2022-11-26T00,ERCO,SUN,3
2022-11-26T01,ERCO,SUN,0
2022-11-26T02,ERCO,SUN,0
2022-11-26T03,ERCO,SUN,0
2022-11-26T04,ERCO,SUN,0
2022-11-26T05,ERCO,SUN,0
2022-11-26T06,ERCO,SUN,0
2022-11-26T07,ERCO,SUN,0
2022-11-26T08,ERCO,SUN,0
2022-11-26T09,ERCO,SUN,0
2022-11-26T10,ERCO,SUN,0
2022-11-26T11,ERCO,SUN,0
2022-11-26T12,ERCO,SUN,0
2022-11-26T13,ERCO,SUN,0
2022-11-26T14,ERCO,SUN,106
2022-11-26T15,ERCO,SUN,1171
2022-11-26T16,ERCO,SUN,3001
2022-11-26T17,ERCO,SUN,4627
2022-11-26T18,ERCO,SUN,5362
2022-11-26T19,ERCO,SUN,5544
2022-11-26T20,ERCO,SUN,5461
2022-11-26T21,ERCO,SUN,5965
2022-11-26T22,ERCO,SUN,5958
2022-11-26T23,ERCO,SUN,4304
2022-11-27T00,ERCO,SUN,457
2022-11-27T01,ERCO,SUN,0
2022-11-27T02,ERCO,SUN,0
2022-11-27T03,ERCO,SUN,0
2022-11-27T04,ERCO,SUN,0
2022-11-27T05,ERCO,SUN,0
2022-11-27T06,ERCO,SUN,0
2022-11-27T07,ERCO,SUN,0
2022-11-27T08,ERCO,SUN,0
2022-11-27T09,ERCO,SUN,0
2022-11-27T10,ERCO,SUN,0
2022-11-27T11,ERCO,SUN,0
2022-11-27T12,ERCO,SUN,0
2022-11-27T13,ERCO,SUN,0
2022-11-27T14,ERCO,SUN,610
2022-11-27T15,ERCO,SUN,5194
2022-11-27T16,ERCO,SUN,8213
2022-11-27T17,ERCO,SUN,8442
2022-11-27T18,ERCO,SUN,8176
2022-11-27T19,ERCO,SUN,8092
2022-11-27T20,ERCO,SUN,8278
2022-11-27T21,ERCO,SUN,8551
2022-11-27T22,ERCO,SUN,8363
2022-11-27T23,ERCO,SUN,4979
2022-11-28T00,ERCO,SUN,491
2022-11-28T01,ERCO,SUN,0
2022-11-28T02,ERCO,SUN,0
2022-11-28T03,ERCO,SUN,0
2022-11-28T04,ERCO,SUN,0
2022-11-28T05,ERCO,SUN,0
2022-11-28T06,ERCO,SUN,0
2022-11-28T07,ERCO,SUN,0
2022-11-28T08,ERCO,SUN,0
2022-11-28T09,ERCO,SUN,0
2022-11-28T10,ERCO,SUN,0
2022-11-28T11,ERCO,SUN,0
2022-11-28T12,ERCO,SUN,0
2022-11-28T13,ERCO,SUN,0
2022-11-28T14,ERCO,SUN,511
2022-11-28T15,ERCO,SUN,3634
2022-11-28T16,ERCO,SUN,6363
2022-11-28T17,ERCO,SUN,7464
2022-11-28T18,ERCO,SUN,7045
2022-11-28T19,ERCO,SUN,5386
2022-11-28T20,ERCO,SUN,4674
2022-11-28T21,ERCO,SUN,4667
2022-11-28T22,ERCO,SUN,4644
2022-11-28T23,ERCO,SUN,3202
2022-11-29T00,ERCO,SUN,448
2022-11-29T01,ERCO,SUN,0
2022-11-29T02,ERCO,SUN,0
2022-11-29T03,ERCO,SUN,0
2022-11-29T04,ERCO,SUN,0
2022-11-29T05,ERCO,SUN,0
2022-11-29T06,ERCO,SUN,0
2022-11-29T07,ERCO,SUN,0
2022-11-29T08,ERCO,SUN,0
2022-11-29T09,ERCO,SUN,0
2022-11-29T10,ERCO,SUN,0
2022-11-29T11,ERCO,SUN,0
2022-11-29T12,ERCO,SUN,0
2022-11-29T13,ERCO,SUN,0
2022-11-29T14,ERCO,SUN,178
2022-11-29T15,ERCO,SUN,2504
2022-11-29T16,ERCO,SUN,4779
2022-11-29T17,ERCO,SUN,6474
2022-11-29T18,ERCO,SUN,6496
2022-11-29T19,ERCO,SUN,5319
2022-11-29T20,ERCO,SUN,4379
2022-11-29T21,ERCO,SUN,4144
2022-11-29T22,ERCO,SUN,3704
2022-11-29T23,ERCO,SUN,2818
2022-11-30T00,ERCO,SUN,473
2022-11-30T01,ERCO,SUN,58
2022-11-30T02,ERCO,SUN,58
2022-11-30T03,ERCO,SUN,59
2022-11-30T04,ERCO,SUN,59
2022-11-30T05,ERCO,SUN,59
2022-11-30T06,ERCO,SUN,53
2022-11-30T07,ERCO,SUN,0
2022-11-30T08,ERCO,SUN,0
2022-11-30T09,ERCO,SUN,0
2022-11-30T10,ERCO,SUN,0
2022-11-30T11,ERCO,SUN,0
2022-11-30T12,ERCO,SUN,0
2022-11-30T13,ERCO,SUN,0
2022-11-30T14,ERCO,SUN,500
2022-11-30T15,ERCO,SUN,4911
2022-11-30T16,ERCO,SUN,8021
2022-11-30T17,ERCO,SUN,8136
2022-11-30T18,ERCO,SUN,8048
2022-11-30T19,ERCO,SUN,7964
2022-11-30T20,ERCO,SUN,8062
2022-11-30T21,ERCO,SUN,8174
2022-11-30T22,ERCO,SUN,7577
2022-11-30T23,ERCO,SUN,3898
2022-12-01T00,ERCO,SUN,339
2022-12-01T01,ERCO,SUN,0
2022-12-01T02,ERCO,SUN,0
2022-12-01T03,ERCO,SUN,0
2022-12-01T04,ERCO,SUN,0
2022-12-01T05,ERCO,SUN,0
2022-12-01T06,ERCO,SUN,0
2022-12-01T07,ERCO,SUN,0
2022-12-01T08,ERCO,SUN,0
2022-12-01T09,ERCO,SUN,0
2022-12-01T10,ERCO,SUN,0
2022-12-01T11,ERCO,SUN,0
2022-12-01T12,ERCO,SUN,0
2022-12-01T13,ERCO,SUN,0
2022-12-01T14,ERCO,SUN,341
2022-12-01T15,ERCO,SUN,2859
2022-12-01T16,ERCO,SUN,4973
2022-12-01T17,ERCO,SUN,5043
2022-12-01T18,ERCO,SUN,5482
2022-12-01T19,ERCO,SUN,5460
2022-12-01T20,ERCO,SUN,5205
2022-12-01T21,ERCO,SUN,5424
2022-12-01T22,ERCO,SUN,4864
2022-12-01T23,ERCO,SUN,3012
2022-12-02T00,ERCO,SUN,353
2022-12-02T01,ERCO,SUN,19
2022-12-02T02,ERCO,SUN,6
2022-12-02T03,ERCO,SUN,1
2022-12-02T04,ERCO,SUN,0
2022-12-02T05,ERCO,SUN,0
2022-12-02T06,ERCO,SUN,1
2022-12-02T07,ERCO,SUN,1
2022-12-02T08,ERCO,SUN,0
2022-12-02T09,ERCO,SUN,0
2022-12-02T10,ERCO,SUN,1
2022-12-02T11,ERCO,SUN,1
2022-12-02T12,ERCO,SUN,1
2022-12-02T13,ERCO,SUN,1
2022-12-02T14,ERCO,SUN,92
2022-12-02T15,ERCO,SUN,1177
2022-12-02T16,ERCO,SUN,2473
2022-12-02T17,ERCO,SUN,3953
2022-12-02T18,ERCO,SUN,4892
2022-12-02T19,ERCO,SUN,4676
2022-12-02T20,ERCO,SUN,3984
2022-12-02T21,ERCO,SUN,3233
2022-12-02T22,ERCO,SUN,3039
2022-12-02T23,ERCO,SUN,2323
2022-12-03T00,ERCO,SUN,288
2022-12-03T01,ERCO,SUN,0
2022-12-03T02,ERCO,SUN,0
2022-12-03T03,ERCO,SUN,0
2022-12-03T04,ERCO,SUN,0
2022-12-03T05,ERCO,SUN,0
2022-12-03T06,ERCO,SUN,0
2022-12-03T07,ERCO,SUN,0
2022-12-03T08,ERCO,SUN,0
2022-12-03T09,ERCO,SUN,0
2022-12-03T10,ERCO,SUN,0
2022-12-03T11,ERCO,SUN,0
2022-12-03T12,ERCO,SUN,0
2022-12-03T13,ERCO,SUN,0
2022-12-03T14,ERCO,SUN,151
2022-12-03T15,ERCO,SUN,2339
2022-12-03T16,ERCO,SUN,3877
2022-12-03T17,ERCO,SUN,5404
2022-12-03T18,ERCO,SUN,6358
2022-12-03T19,ERCO,SUN,6612
2022-12-03T20,ERCO,SUN,6488
2022-12-03T21,ERCO,SUN,6374
2022-12-03T22,ERCO,SUN,6009
2022-12-03T23,ERCO,SUN,3394
2022-12-04T00,ERCO,SUN,267
2022-12-04T01,ERCO,SUN,0
2022-12-04T02,ERCO,SUN,0
2022-12-04T03,ERCO,SUN,0
2022-12-04T04,ERCO,SUN,0
2022-12-04T05,ERCO,SUN,0
2022-12-04T06,ERCO,SUN,0
2022-12-04T07,ERCO,SUN,0
2022-12-04T08,ERCO,SUN,0
2022-12-04T09,ERCO,SUN,0
2022-12-04T10,ERCO,SUN,0
2022-12-04T11,ERCO,SUN,0
2022-12-04T12,ERCO,SUN,0
2022-12-04T13,ERCO,SUN,0
2022-12-04T14,ERCO,SUN,96
2022-12-04T15,ERCO,SUN,1448
2022-12-04T16,ERCO,SUN,3988
2022-12-04T17,ERCO,SUN,5107
2022-12-04T18,ERCO,SUN,5783
2022-12-04T19,ERCO,SUN,5943
2022-12-04T20,ERCO,SUN,5629
2022-12-04T21,ERCO,SUN,5103
2022-12-04T22,ERCO,SUN,4316
2022-12-04T23,ERCO,SUN,2180
2022-12-05T00,ERCO,SUN,142
2022-12-05T01,ERCO,SUN,0
2022-12-05T02,ERCO,SUN,0
2022-12-05T03,ERCO,SUN,0
2022-12-05T04,ERCO,SUN,0
2022-12-05T05,ERCO,SUN,0
2022-12-05T06,ERCO,SUN,0
2022-12-05T07,ERCO,SUN,0
2022-12-05T08,ERCO,SUN,0
2022-12-05T09,ERCO,SUN,0
2022-12-05T10,ERCO,SUN,0
2022-12-05T11,ERCO,SUN,0
2022-12-05T12,ERCO,SUN,0
2022-12-05T13,ERCO,SUN,0
2022-12-05T14,ERCO,SUN,69
2022-12-05T15,ERCO,SUN,1408
2022-12-05T16,ERCO,SUN,3542
2022-12-05T17,ERCO,SUN,4590
2022-12-05T18,ERCO,SUN,5068
2022-12-05T19,ERCO,SUN,4893
2022-12-05T20,ERCO,SUN,5037
2022-12-05T21,ERCO,SUN,4622
2022-12-05T22,ERCO,SUN,4101
2022-12-05T23,ERCO,SUN,2493
2022-12-06T00,ERCO,SUN,140
2022-12-06T01,ERCO,SUN,0
2022-12-06T02,ERCO,SUN,0
2022-12-06T03,ERCO,SUN,0
2022-12-06T04,ERCO,SUN,0
2022-12-06T05,ERCO,SUN,0
2022-12-06T06,ERCO,SUN,0
2022-12-06T07,ERCO,SUN,0
2022-12-06T08,ERCO,SUN,0
2022-12-06T09,ERCO,SUN,0
2022-12-06T10,ERCO,SUN,0
2022-12-06T11,ERCO,SUN,0
2022-12-06T12,ERCO,SUN,0
2022-12-06T13,ERCO,SUN,0
2022-12-06T14,ERCO,SUN,127
2022-12-06T15,ERCO,SUN,1011
2022-12-06T16,ERCO,SUN,1886
2022-12-06T17,ERCO,SUN,2840
2022-12-06T18,ERCO,SUN,3584
2022-12-06T19,ERCO,SUN,4171
2022-12-06T20,ERCO,SUN,4205
2022-12-06T21,ERCO,SUN,3560
2022-12-06T22,ERCO,SUN,2211
2022-12-06T23,ERCO,SUN,835
2022-12-07T00,ERCO,SUN,71
2022-12-07T01,ERCO,SUN,0
2022-12-07T02,ERCO,SUN,0
2022-12-07T03,ERCO,SUN,0
2022-12-07T04,ERCO,SUN,0
2022-12-07T05,ERCO,SUN,0
2022-12-07T06,ERCO,SUN,0
2022-12-07T07,ERCO,SUN,0
2022-12-07T08,ERCO,SUN,0
2022-12-07T09,ERCO,SUN,0
2022-12-07T10,ERCO,SUN,0
2022-12-07T11,ERCO,SUN,0
2022-12-07T12,ERCO,SUN,0
2022-12-07T13,ERCO,SUN,0
2022-12-07T14,ERCO,SUN,65
2022-12-07T15,ERCO,SUN,737
2022-12-07T16,ERCO,SUN,2359
2022-12-07T17,ERCO,SUN,3727
2022-12-07T18,ERCO,SUN,4196
2022-12-07T19,ERCO,SUN,4361
2022-12-07T20,ERCO,SUN,4206
2022-12-07T21,ERCO,SUN,3025
2022-12-07T22,ERCO,SUN,2418
2022-12-07T23,ERCO,SUN,1137
2022-12-08T00,ERCO,SUN,103
2022-12-08T01,ERCO,SUN,0
2022-12-08T02,ERCO,SUN,0
2022-12-08T03,ERCO,SUN,0
2022-12-08T04,ERCO,SUN,0
2022-12-08T05,ERCO,SUN,0
2022-12-08T06,ERCO,SUN,0
2022-12-08T07,ERCO,SUN,0
2022-12-08T08,ERCO,SUN,0
2022-12-08T09,ERCO,SUN,0
2022-12-08T10,ERCO,SUN,0
2022-12-08T11,ERCO,SUN,0
2022-12-08T12,ERCO,SUN,0
2022-12-08T13,ERCO,SUN,0
2022-12-08T14,ERCO,SUN,69
2022-12-08T15,ERCO,SUN,1623
2022-12-08T16,ERCO,SUN,4125
2022-12-08T17,ERCO,SUN,5382
2022-12-08T18,ERCO,SUN,5693
2022-12-08T19,ERCO,SUN,5766
2022-12-08T20,ERCO,SUN,5801
2022-12-08T21,ERCO,SUN,5658
2022-12-08T22,ERCO,SUN,5683
2022-12-08T23,ERCO,SUN,3538
2022-12-09T00,ERCO,SUN,354
2022-12-09T01,ERCO,SUN,23
2022-12-09T02,ERCO,SUN,12
2022-12-09T03,ERCO,SUN,0
2022-12-09T04,ERCO,SUN,0
2022-12-09T05,ERCO,SUN,0
2022-12-09T06,ERCO,SUN,0
2022-12-09T07,ERCO,SUN,0
2022-12-09T08,ERCO,SUN,0
2022-12-09T09,ERCO,SUN,0
2022-12-09T10,ERCO,SUN,0
2022-12-09T11,ERCO,SUN,0
2022-12-09T12,ERCO,SUN,0
2022-12-09T13,ERCO,SUN,0
2022-12-09T14,ERCO,SUN,46
2022-12-09T15,ERCO,SUN,555
2022-12-09T16,ERCO,SUN,1541
2022-12-09T17,ERCO,SUN,2368
2022-12-09T18,ERCO,SUN,2929
2022-12-09T19,ERCO,SUN,3414
2022-12-09T20,ERCO,SUN,3621
2022-12-09T21,ERCO,SUN,3398
2022-12-09T22,ERCO,SUN,3021
2022-12-09T23,ERCO,SUN,1314
2022-12-10T00,ERCO,SUN,95
2022-12-10T01,ERCO,SUN,0
2022-12-10T02,ERCO,SUN,0
2022-12-10T03,ERCO,SUN,0
2022-12-10T04,ERCO,SUN,0
2022-12-10T05,ERCO,SUN,0
2022-12-10T06,ERCO,SUN,0
2022-12-10T07,ERCO,SUN,0
2022-12-10T08,ERCO,SUN,0
2022-12-10T09,ERCO,SUN,0
2022-12-10T10,ERCO,SUN,0
2022-12-10T11,ERCO,SUN,0
2022-12-10T12,ERCO,SUN,0
2022-12-10T13,ERCO,SUN,0
2022-12-10T14,ERCO,SUN,89
2022-12-10T15,ERCO,SUN,867
2022-12-10T16,ERCO,SUN,1817
2022-12-10T17,ERCO,SUN,2273
2022-12-10T18,ERCO,SUN,2563
2022-12-10T19,ERCO,SUN,2610
2022-12-10T20,ERCO,SUN,2696
2022-12-10T21,ERCO,SUN,2682
2022-12-10T22,ERCO,SUN,1871
2022-12-10T23,ERCO,SUN,1366
2022-12-11T00,ERCO,SUN,246
2022-12-11T01,ERCO,SUN,0
2022-12-11T02,ERCO,SUN,0
2022-12-11T03,ERCO,SUN,0
2022-12-11T04,ERCO,SUN,0
2022-12-11T05,ERCO,SUN,0
2022-12-11T06,ERCO,SUN,0
2022-12-11T07,ERCO,SUN,0
2022-12-11T08,ERCO,SUN,0
2022-12-11T09,ERCO,SUN,0
2022-12-11T10,ERCO,SUN,0
2022-12-11T11,ERCO,SUN,0
2022-12-11T12,ERCO,SUN,0
2022-12-11T13,ERCO,SUN,0
2022-12-11T14,ERCO,SUN,21
2022-12-11T15,ERCO,SUN,357
2022-12-11T16,ERCO,SUN,1067
2022-12-11T17,ERCO,SUN,2293
2022-12-11T18,ERCO,SUN,3258
2022-12-11T19,ERCO,SUN,3961
2022-12-11T20,ERCO,SUN,4140
2022-12-11T21,ERCO,SUN,4242
2022-12-11T22,ERCO,SUN,3927
2022-12-11T23,ERCO,SUN,2244
2022-12-12T00,ERCO,SUN,276
2022-12-12T01,ERCO,SUN,0
2022-12-12T02,ERCO,SUN,0
2022-12-12T03,ERCO,SUN,0
2022-12-12T04,ERCO,SUN,0
2022-12-12T05,ERCO,SUN,0
2022-12-12T06,ERCO,SUN,0
2022-12-12T07,ERCO,SUN,0
2022-12-12T08,ERCO,SUN,0
2022-12-12T09,ERCO,SUN,0
2022-12-12T10,ERCO,SUN,0
2022-12-12T11,ERCO,SUN,0
2022-12-12T12,ERCO,SUN,0
2022-12-12T13,ERCO,SUN,0
2022-12-12T14,ERCO,SUN,34
2022-12-12T15,ERCO,SUN,879
2022-12-12T16,ERCO,SUN,2333
2022-12-12T17,ERCO,SUN,2798
2022-12-12T18,ERCO,SUN,2606
2022-12-12T19,ERCO,SUN,2038
2022-12-12T20,ERCO,SUN,1734
2022-12-12T21,ERCO,SUN,1488
2022-12-12T22,ERCO,SUN,1143
2022-12-12T23,ERCO,SUN,639
2022-12-13T00,ERCO,SUN,143
2022-12-13T01,ERCO,SUN,0
2022-12-13T02,ERCO,SUN,0
2022-12-13T03,ERCO,SUN,0
2022-12-13T04,ERCO,SUN,0
2022-12-13T05,ERCO,SUN,0
2022-12-13T06,ERCO,SUN,0
2022-12-13T07,ERCO,SUN,0
2022-12-13T08,ERCO,SUN,0
2022-12-13T09,ERCO,SUN,0
2022-12-13T10,ERCO,SUN,0
2022-12-13T11,ERCO,SUN,0
2022-12-13T12,ERCO,SUN,0
2022-12-13T13,ERCO,SUN,0
2022-12-13T14,ERCO,SUN,89
2022-12-13T15,ERCO,SUN,2211
2022-12-13T16,ERCO,SUN,5210
2022-12-13T17,ERCO,SUN,5777
2022-12-13T18,ERCO,SUN,4833
2022-12-13T19,ERCO,SUN,3313
2022-12-13T20,ERCO,SUN,2560
2022-12-13T21,ERCO,SUN,2441
2022-12-13T22,ERCO,SUN,1916
2022-12-13T23,ERCO,SUN,1029
2022-12-14T00,ERCO,SUN,323
2022-12-14T01,ERCO,SUN,0
2022-12-14T02,ERCO,SUN,0
2022-12-14T03,ERCO,SUN,0
2022-12-14T04,ERCO,SUN,0
2022-12-14T05,ERCO,SUN,0
2022-12-14T06,ERCO,SUN,0
2022-12-14T07,ERCO,SUN,0
2022-12-14T08,ERCO,SUN,0
2022-12-14T09,ERCO,SUN,0
2022-12-14T10,ERCO,SUN,0
2022-12-14T11,ERCO,SUN,0
2022-12-14T12,ERCO,SUN,0
2022-12-14T13,ERCO,SUN,0
2022-12-14T14,ERCO,SUN,44
2022-12-14T15,ERCO,SUN,2342
2022-12-14T16,ERCO,SUN,4549
2022-12-14T17,ERCO,SUN,3625
2022-12-14T18,ERCO,SUN,3479
2022-12-14T19,ERCO,SUN,3839
2022-12-14T20,ERCO,SUN,4775
2022-12-14T21,ERCO,SUN,5810
2022-12-14T22,ERCO,SUN,7063
2022-12-14T23,ERCO,SUN,4825
2022-12-15T00,ERCO,SUN,536
2022-12-15T01,ERCO,SUN,0
2022-12-15T02,ERCO,SUN,0
2022-12-15T03,ERCO,SUN,0
2022-12-15T04,ERCO,SUN,0
2022-12-15T05,ERCO,SUN,0
2022-12-15T06,ERCO,SUN,0
2022-12-15T07,ERCO,SUN,0
2022-12-15T08,ERCO,SUN,0
2022-12-15T09,ERCO,SUN,0
2022-12-15T10,ERCO,SUN,0
2022-12-15T11,ERCO,SUN,0
2022-12-15T12,ERCO,SUN,0
2022-12-15T13,ERCO,SUN,0
2022-12-15T14,ERCO,SUN,271
2022-12-15T15,ERCO,SUN,4381
2022-12-15T16,ERCO,SUN,8488
2022-12-15T17,ERCO,SUN,8741
2022-12-15T18,ERCO,SUN,8402
2022-12-15T19,ERCO,SUN,8204
2022-12-15T20,ERCO,SUN,8355
2022-12-15T21,ERCO,SUN,8709
2022-12-15T22,ERCO,SUN,8377
2022-12-15T23,ERCO,SUN,5074
2022-12-16T00,ERCO,SUN,516
2022-12-16T01,ERCO,SUN,0
2022-12-16T02,ERCO,SUN,0
2022-12-16T03,ERCO,SUN,0
2022-12-16T04,ERCO,SUN,0
2022-12-16T05,ERCO,SUN,0
2022-12-16T06,ERCO,SUN,0
2022-12-16T07,ERCO,SUN,0
2022-12-16T08,ERCO,SUN,0
2022-12-16T09,ERCO,SUN,0
2022-12-16T10,ERCO,SUN,0
2022-12-16T11,ERCO,SUN,0
2022-12-16T12,ERCO,SUN,0
2022-12-16T13,ERCO,SUN,0
2022-12-16T14,ERCO,SUN,149
2022-12-16T15,ERCO,SUN,2533
2022-12-16T16,ERCO,SUN,5868
2022-12-16T17,ERCO,SUN,6832
2022-12-16T18,ERCO,SUN,6205
2022-12-16T19,ERCO,SUN,5638
2022-12-16T20,ERCO,SUN,5292
2022-12-16T21,ERCO,SUN,4995
2022-12-16T22,ERCO,SUN,4043
2022-12-16T23,ERCO,SUN,2079
2022-12-17T00,ERCO,SUN,224
2022-12-17T01,ERCO,SUN,0
2022-12-17T02,ERCO,SUN,0
2022-12-17T03,ERCO,SUN,0
2022-12-17T04,ERCO,SUN,0
2022-12-17T05,ERCO,SUN,0
2022-12-17T06,ERCO,SUN,0
2022-12-17T07,ERCO,SUN,0
2022-12-17T08,ERCO,SUN,0
2022-12-17T09,ERCO,SUN,0
2022-12-17T10,ERCO,SUN,0
2022-12-17T11,ERCO,SUN,0
2022-12-17T12,ERCO,SUN,0
2022-12-17T13,ERCO,SUN,0
2022-12-17T14,ERCO,SUN,89
2022-12-17T15,ERCO,SUN,3096
2022-12-17T16,ERCO,SUN,6930
2022-12-17T17,ERCO,SUN,7591
2022-12-17T18,ERCO,SUN,7684
2022-12-17T19,ERCO,SUN,7680
2022-12-17T20,ERCO,SUN,7777
2022-12-17T21,ERCO,SUN,8058
2022-12-17T22,ERCO,SUN,8073
2022-12-17T23,ERCO,SUN,4936
2022-12-18T00,ERCO,SUN,538
2022-12-18T01,ERCO,SUN,1
2022-12-18T02,ERCO,SUN,1
2022-12-18T03,ERCO,SUN,0
2022-12-18T04,ERCO,SUN,0
2022-12-18T05,ERCO,SUN,0
2022-12-18T06,ERCO,SUN,0
2022-12-18T07,ERCO,SUN,0
2022-12-18T08,ERCO,SUN,0
2022-12-18T09,ERCO,SUN,0
2022-12-18T10,ERCO,SUN,0
2022-12-18T11,ERCO,SUN,0
2022-12-18T12,ERCO,SUN,0
2022-12-18T13,ERCO,SUN,0
2022-12-18T14,ERCO,SUN,201
2022-12-18T15,ERCO,SUN,2978
2022-12-18T16,ERCO,SUN,5482
2022-12-18T17,ERCO,SUN,5907
2022-12-18T18,ERCO,SUN,5730
2022-12-18T19,ERCO,SUN,4678
2022-12-18T20,ERCO,SUN,3586
2022-12-18T21,ERCO,SUN,3009
2022-12-18T22,ERCO,SUN,1952
2022-12-18T23,ERCO,SUN,1211
2022-12-19T00,ERCO,SUN,175
2022-12-19T01,ERCO,SUN,0
2022-12-19T02,ERCO,SUN,0
2022-12-19T03,ERCO,SUN,0
2022-12-19T04,ERCO,SUN,0
2022-12-19T05,ERCO,SUN,0
2022-12-19T06,ERCO,SUN,0
2022-12-19T07,ERCO,SUN,0
2022-12-19T08,ERCO,SUN,0
2022-12-19T09,ERCO,SUN,0
2022-12-19T10,ERCO,SUN,0
2022-12-19T11,ERCO,SUN,0
2022-12-19T12,ERCO,SUN,0
2022-12-19T13,ERCO,SUN,0
2022-12-19T14,ERCO,SUN,16
2022-12-19T15,ERCO,SUN,1630
2022-12-19T16,ERCO,SUN,4587
2022-12-19T17,ERCO,SUN,5305
2022-12-19T18,ERCO,SUN,5329
2022-12-19T19,ERCO,SUN,5377
2022-12-19T20,ERCO,SUN,5609
2022-12-19T21,ERCO,SUN,5735
2022-12-19T22,ERCO,SUN,5553
2022-12-19T23,ERCO,SUN,3719
2022-12-20T00,ERCO,SUN,468
2022-12-20T01,ERCO,SUN,0
2022-12-20T02,ERCO,SUN,0
2022-12-20T03,ERCO,SUN,0
2022-12-20T04,ERCO,SUN,0
2022-12-20T05,ERCO,SUN,0
2022-12-20T06,ERCO,SUN,0
2022-12-20T07,ERCO,SUN,0
2022-12-20T08,ERCO,SUN,0
2022-12-20T09,ERCO,SUN,0
2022-12-20T10,ERCO,SUN,0
2022-12-20T11,ERCO,SUN,0
2022-12-20T12,ERCO,SUN,0
2022-12-20T13,ERCO,SUN,0
2022-12-20T14,ERCO,SUN,29
2022-12-20T15,ERCO,SUN,1878
2022-12-20T16,ERCO,SUN,4838
2022-12-20T17,ERCO,SUN,5561
2022-12-20T18,ERCO,SUN,5847
2022-12-20T19,ERCO,SUN,5921
2022-12-20T20,ERCO,SUN,5996
2022-12-20T21,ERCO,SUN,6012
2022-12-20T22,ERCO,SUN,5293
2022-12-20T23,ERCO,SUN,2716
2022-12-21T00,ERCO,SUN,266
2022-12-21T01,ERCO,SUN,0
2022-12-21T02,ERCO,SUN,0
2022-12-21T03,ERCO,SUN,0
2022-12-21T04,ERCO,SUN,0
2022-12-21T05,ERCO,SUN,0
2022-12-21T06,ERCO,SUN,0
2022-12-21T07,ERCO,SUN,0
2022-12-21T08,ERCO,SUN,0
2022-12-21T09,ERCO,SUN,0
2022-12-21T10,ERCO,SUN,0
2022-12-21T11,ERCO,SUN,0
2022-12-21T12,ERCO,SUN,0
2022-12-21T13,ERCO,SUN,0
2022-12-21T14,ERCO,SUN,83
2022-12-21T15,ERCO,SUN,940
2022-12-21T16,ERCO,SUN,2062
2022-12-21T17,ERCO,SUN,3528
2022-12-21T18,ERCO,SUN,5090
2022-12-21T19,ERCO,SUN,5553
2022-12-21T20,ERCO,SUN,5830
2022-12-21T21,ERCO,SUN,6148
2022-12-21T22,ERCO,SUN,6273
2022-12-21T23,ERCO,SUN,4123
2022-12-22T00,ERCO,SUN,587
2022-12-22T01,ERCO,SUN,0
2022-12-22T02,ERCO,SUN,0
2022-12-22T03,ERCO,SUN,0
2022-12-22T04,ERCO,SUN,0
2022-12-22T05,ERCO,SUN,0
2022-12-22T06,ERCO,SUN,0
2022-12-22T07,ERCO,SUN,0
2022-12-22T08,ERCO,SUN,0
2022-12-22T09,ERCO,SUN,0
2022-12-22T10,ERCO,SUN,0
2022-12-22T11,ERCO,SUN,0
2022-12-22T12,ERCO,SUN,0
2022-12-22T13,ERCO,SUN,0
2022-12-22T14,ERCO,SUN,45
2022-12-22T15,ERCO,SUN,1473
2022-12-22T16,ERCO,SUN,1980
2022-12-22T17,ERCO,SUN,2347
2022-12-22T18,ERCO,SUN,3115
2022-12-22T19,ERCO,SUN,3055
2022-12-22T20,ERCO,SUN,2711
2022-12-22T21,ERCO,SUN,2700
2022-12-22T22,ERCO,SUN,2616
2022-12-22T23,ERCO,SUN,1744
2022-12-23T00,ERCO,SUN,253
2022-12-23T01,ERCO,SUN,0
2022-12-23T02,ERCO,SUN,0
2022-12-23T03,ERCO,SUN,0
2022-12-23T04,ERCO,SUN,0
2022-12-23T05,ERCO,SUN,0
2022-12-23T06,ERCO,SUN,0
2022-12-23T07,ERCO,SUN,0
2022-12-23T08,ERCO,SUN,0
2022-12-23T09,ERCO,SUN,0
2022-12-23T10,ERCO,SUN,0
2022-12-23T11,ERCO,SUN,0
2022-12-23T12,ERCO,SUN,0
2022-12-23T13,ERCO,SUN,0
2022-12-23T14,ERCO,SUN,161
2022-12-23T15,ERCO,SUN,2359
2022-12-23T16,ERCO,SUN,6286
2022-12-23T17,ERCO,SUN,7431
2022-12-23T18,ERCO,SUN,7447
2022-12-23T19,ERCO,SUN,7570
2022-12-23T20,ERCO,SUN,7581
2022-12-23T21,ERCO,SUN,7312
2022-12-23T22,ERCO,SUN,7141
2022-12-23T23,ERCO,SUN,3862
2022-12-24T00,ERCO,SUN,455
2022-12-24T01,ERCO,SUN,0
2022-12-24T02,ERCO,SUN,0
2022-12-24T03,ERCO,SUN,0
2022-12-24T04,ERCO,SUN,0
2022-12-24T05,ERCO,SUN,0
2022-12-24T06,ERCO,SUN,0
2022-12-24T07,ERCO,SUN,0
2022-12-24T08,ERCO,SUN,0
2022-12-24T09,ERCO,SUN,0
2022-12-24T10,ERCO,SUN,0
2022-12-24T11,ERCO,SUN,0
2022-12-24T12,ERCO,SUN,0
2022-12-24T13,ERCO,SUN,0
2022-12-24T14,ERCO,SUN,127
2022-12-24T15,ERCO,SUN,3185
2022-12-24T16,ERCO,SUN,7481
2022-12-24T17,ERCO,SUN,8521
2022-12-24T18,ERCO,SUN,8395
2022-12-24T19,ERCO,SUN,8236
2022-12-24T20,ERCO,SUN,8440
2022-12-24T21,ERCO,SUN,8763
2022-12-24T22,ERCO,SUN,8572
2022-12-24T23,ERCO,SUN,5623
2022-12-25T00,ERCO,SUN,700
2022-12-25T01,ERCO,SUN,0
2022-12-25T02,ERCO,SUN,0
2022-12-25T03,ERCO,SUN,0
2022-12-25T04,ERCO,SUN,0
2022-12-25T05,ERCO,SUN,0
2022-12-25T06,ERCO,SUN,0
2022-12-25T07,ERCO,SUN,0
2022-12-25T08,ERCO,SUN,0
2022-12-25T09,ERCO,SUN,0
2022-12-25T10,ERCO,SUN,0
2022-12-25T11,ERCO,SUN,0
2022-12-25T12,ERCO,SUN,0
2022-12-25T13,ERCO,SUN,0
2022-12-25T14,ERCO,SUN,173
2022-12-25T15,ERCO,SUN,3464
2022-12-25T16,ERCO,SUN,8171
2022-12-25T17,ERCO,SUN,8636
2022-12-25T18,ERCO,SUN,8290
2022-12-25T19,ERCO,SUN,7038
2022-12-25T20,ERCO,SUN,4614
2022-12-25T21,ERCO,SUN,3089
2022-12-25T22,ERCO,SUN,2053
2022-12-25T23,ERCO,SUN,1830
2022-12-26T00,ERCO,SUN,458
2022-12-26T01,ERCO,SUN,0
2022-12-26T02,ERCO,SUN,0
2022-12-26T03,ERCO,SUN,0
2022-12-26T04,ERCO,SUN,0
2022-12-26T05,ERCO,SUN,0
2022-12-26T06,ERCO,SUN,0
2022-12-26T07,ERCO,SUN,0
2022-12-26T08,ERCO,SUN,0
2022-12-26T09,ERCO,SUN,0
2022-12-26T10,ERCO,SUN,0
2022-12-26T11,ERCO,SUN,0
2022-12-26T12,ERCO,SUN,0
2022-12-26T13,ERCO,SUN,0
2022-12-26T14,ERCO,SUN,135
2022-12-26T15,ERCO,SUN,3169
2022-12-26T16,ERCO,SUN,7250
2022-12-26T17,ERCO,SUN,6702
2022-12-26T18,ERCO,SUN,3535
2022-12-26T19,ERCO,SUN,1896
2022-12-26T20,ERCO,SUN,1284
2022-12-26T21,ERCO,SUN,1257
2022-12-26T22,ERCO,SUN,2586
2022-12-26T23,ERCO,SUN,3611
2022-12-27T00,ERCO,SUN,691
2022-12-27T01,ERCO,SUN,0
2022-12-27T02,ERCO,SUN,0
2022-12-27T03,ERCO,SUN,0
2022-12-27T04,ERCO,SUN,0
2022-12-27T05,ERCO,SUN,0
2022-12-27T06,ERCO,SUN,0
2022-12-27T07,ERCO,SUN,0
2022-12-27T08,ERCO,SUN,0
2022-12-27T09,ERCO,SUN,0
2022-12-27T10,ERCO,SUN,0
2022-12-27T11,ERCO,SUN,0
2022-12-27T12,ERCO,SUN,0
2022-12-27T13,ERCO,SUN,0
2022-12-27T14,ERCO,SUN,153
2022-12-27T15,ERCO,SUN,3205
2022-12-27T16,ERCO,SUN,6305
2022-12-27T17,ERCO,SUN,6437
2022-12-27T18,ERCO,SUN,5695
2022-12-27T19,ERCO,SUN,4832
2022-12-27T20,ERCO,SUN,4309
2022-12-27T21,ERCO,SUN,3007
2022-12-27T22,ERCO,SUN,2448
2022-12-27T23,ERCO,SUN,1735
2022-12-28T00,ERCO,SUN,225
2022-12-28T01,ERCO,SUN,0
2022-12-28T02,ERCO,SUN,0
2022-12-28T03,ERCO,SUN,0
2022-12-28T04,ERCO,SUN,0
2022-12-28T05,ERCO,SUN,0
2022-12-28T06,ERCO,SUN,0
2022-12-28T07,ERCO,SUN,0
2022-12-28T08,ERCO,SUN,0
2022-12-28T09,ERCO,SUN,0
2022-12-28T10,ERCO,SUN,0
2022-12-28T11,ERCO,SUN,0
2022-12-28T12,ERCO,SUN,0
2022-12-28T13,ERCO,SUN,0
2022-12-28T14,ERCO,SUN,119
2022-12-28T15,ERCO,SUN,2039
2022-12-28T16,ERCO,SUN,3874
2022-12-28T17,ERCO,SUN,3933
2022-12-28T18,ERCO,SUN,3006
2022-12-28T19,ERCO,SUN,2955
2022-12-28T20,ERCO,SUN,3162
2022-12-28T21,ERCO,SUN,3443
2022-12-28T22,ERCO,SUN,3702
2022-12-28T23,ERCO,SUN,2044
2022-12-29T00,ERCO,SUN,181
2022-12-29T01,ERCO,SUN,0
2022-12-29T02,ERCO,SUN,1
2022-12-29T03,ERCO,SUN,1
2022-12-29T04,ERCO,SUN,0
2022-12-29T05,ERCO,SUN,0
2022-12-29T06,ERCO,SUN,0
2022-12-29T07,ERCO,SUN,0
2022-12-29T08,ERCO,SUN,0
2022-12-29T09,ERCO,SUN,0
2022-12-29T10,ERCO,SUN,1
2022-12-29T11,ERCO,SUN,1
2022-12-29T12,ERCO,SUN,1
2022-12-29T13,ERCO,SUN,1
2022-12-29T14,ERCO,SUN,60
2022-12-29T15,ERCO,SUN,1197
2022-12-29T16,ERCO,SUN,3194
2022-12-29T17,ERCO,SUN,4024
2022-12-29T18,ERCO,SUN,4746
2022-12-29T19,ERCO,SUN,4660
2022-12-29T20,ERCO,SUN,4167
2022-12-29T21,ERCO,SUN,3827
2022-12-29T22,ERCO,SUN,2621
2022-12-29T23,ERCO,SUN,1350
2022-12-30T00,ERCO,SUN,325
2022-12-30T01,ERCO,SUN,0
2022-12-30T02,ERCO,SUN,0
2022-12-30T03,ERCO,SUN,0
2022-12-30T04,ERCO,SUN,0
2022-12-30T05,ERCO,SUN,0
2022-12-30T06,ERCO,SUN,0
2022-12-30T07,ERCO,SUN,0
2022-12-30T08,ERCO,SUN,0
2022-12-30T09,ERCO,SUN,0
2022-12-30T10,ERCO,SUN,0
2022-12-30T11,ERCO,SUN,0
2022-12-30T12,ERCO,SUN,0
2022-12-30T13,ERCO,SUN,0
2022-12-30T14,ERCO,SUN,30
2022-12-30T15,ERCO,SUN,864
2022-12-30T16,ERCO,SUN,2013
2022-12-30T17,ERCO,SUN,3150
2022-12-30T18,ERCO,SUN,3357
2022-12-30T19,ERCO,SUN,3865
2022-12-30T20,ERCO,SUN,3555
2022-12-30T21,ERCO,SUN,3921
2022-12-30T22,ERCO,SUN,4054
2022-12-30T23,ERCO,SUN,3098
2022-12-31T00,ERCO,SUN,461
2022-12-31T01,ERCO,SUN,0
2022-12-31T02,ERCO,SUN,0
2022-12-31T03,ERCO,SUN,0
2022-12-31T04,ERCO,SUN,0
2022-12-31T05,ERCO,SUN,0
2022-12-31T06,ERCO,SUN,0
2022-12-31T07,ERCO,SUN,0
2022-12-31T08,ERCO,SUN,0
2022-12-31T09,ERCO,SUN,0
2022-12-31T10,ERCO,SUN,0
2022-12-31T11,ERCO,SUN,0
2022-12-31T12,ERCO,SUN,0
2022-12-31T13,ERCO,SUN,0
2022-12-31T14,ERCO,SUN,60
2022-12-31T15,ERCO,SUN,1679
2022-12-31T16,ERCO,SUN,3974
2022-12-31T17,ERCO,SUN,4749
2022-12-31T18,ERCO,SUN,3873
2022-12-31T19,ERCO,SUN,3228
2022-12-31T20,ERCO,SUN,3430
2022-12-31T21,ERCO,SUN,4709
2022-12-31T22,ERCO,SUN,5564
2022-12-31T23,ERCO,SUN,3696
