period,respondent,fueltype,value
2021-01-01T00,ERCO,SUN,48
2021-01-01T01,ERCO,SUN,1
2021-01-01T02,ERCO,SUN,0
2021-01-01T03,ERCO,SUN,0
2021-01-01T04,ERCO,SUN,0
2021-01-01T05,ERCO,SUN,0
2021-01-01T06,ERCO,SUN,0
2021-01-01T07,ERCO,SUN,0
2021-01-01T08,ERCO,SUN,0
2021-01-01T09,ERCO,SUN,0
2021-01-01T10,ERCO,SUN,0
2021-01-01T11,ERCO,SUN,0
2021-01-01T12,ERCO,SUN,0
2021-01-01T13,ERCO,SUN,0
2021-01-01T14,ERCO,SUN,5
2021-01-01T15,ERCO,SUN,633
2021-01-01T16,ERCO,SUN,1975
2021-01-01T17,ERCO,SUN,2682
2021-01-01T18,ERCO,SUN,2843
2021-01-01T19,ERCO,SUN,2831
2021-01-01T20,ERCO,SUN,2764
2021-01-01T21,ERCO,SUN,2605
2021-01-01T22,ERCO,SUN,2778
2021-01-01T23,ERCO,SUN,1761
2021-01-02T00,ERCO,SUN,290
2021-01-02T01,ERCO,SUN,0
2021-01-02T02,ERCO,SUN,0
2021-01-02T03,ERCO,SUN,0
2021-01-02T04,ERCO,SUN,0
2021-01-02T05,ERCO,SUN,0
2021-01-02T06,ERCO,SUN,0
2021-01-02T07,ERCO,SUN,0
2021-01-02T08,ERCO,SUN,0
2021-01-02T09,ERCO,SUN,0
2021-01-02T10,ERCO,SUN,0
2021-01-02T11,ERCO,SUN,0
2021-01-02T12,ERCO,SUN,0
2021-01-02T13,ERCO,SUN,0
2021-01-02T14,ERCO,SUN,11
2021-01-02T15,ERCO,SUN,982
2021-01-02T16,ERCO,SUN,2977
2021-01-02T17,ERCO,SUN,3454
2021-01-02T18,ERCO,SUN,3405
2021-01-02T19,ERCO,SUN,3422
2021-01-02T20,ERCO,SUN,3459
2021-01-02T21,ERCO,SUN,3606
2021-01-02T22,ERCO,SUN,3679
2021-01-02T23,ERCO,SUN,2739
2021-01-03T00,ERCO,SUN,483
2021-01-03T01,ERCO,SUN,0
2021-01-03T02,ERCO,SUN,0
2021-01-03T03,ERCO,SUN,0
2021-01-03T04,ERCO,SUN,0
2021-01-03T05,ERCO,SUN,0
2021-01-03T06,ERCO,SUN,0
2021-01-03T07,ERCO,SUN,0
2021-01-03T08,ERCO,SUN,0
2021-01-03T09,ERCO,SUN,0
2021-01-03T10,ERCO,SUN,0
2021-01-03T11,ERCO,SUN,0
2021-01-03T12,ERCO,SUN,0
2021-01-03T13,ERCO,SUN,0
2021-01-03T14,ERCO,SUN,17
2021-01-03T15,ERCO,SUN,1105
2021-01-03T16,ERCO,SUN,3231
2021-01-03T17,ERCO,SUN,3564
2021-01-03T18,ERCO,SUN,3516
2021-01-03T19,ERCO,SUN,3444
2021-01-03T20,ERCO,SUN,3497
2021-01-03T21,ERCO,SUN,3635
2021-01-03T22,ERCO,SUN,3625
2021-01-03T23,ERCO,SUN,2394
2021-01-04T00,ERCO,SUN,406
2021-01-04T01,ERCO,SUN,0
2021-01-04T02,ERCO,SUN,0
2021-01-04T03,ERCO,SUN,0
2021-01-04T04,ERCO,SUN,0
2021-01-04T05,ERCO,SUN,0
2021-01-04T06,ERCO,SUN,0
2021-01-04T07,ERCO,SUN,0
2021-01-04T08,ERCO,SUN,0
2021-01-04T09,ERCO,SUN,0
2021-01-04T10,ERCO,SUN,0
2021-01-04T11,ERCO,SUN,0
2021-01-04T12,ERCO,SUN,0
2021-01-04T13,ERCO,SUN,0
2021-01-04T14,ERCO,SUN,8
2021-01-04T15,ERCO,SUN,1106
2021-01-04T16,ERCO,SUN,3263
2021-01-04T17,ERCO,SUN,3542
2021-01-04T18,ERCO,SUN,3461
2021-01-04T19,ERCO,SUN,3405
2021-01-04T20,ERCO,SUN,3475
2021-01-04T21,ERCO,SUN,3644
2021-01-04T22,ERCO,SUN,3685
2021-01-04T23,ERCO,SUN,2783
2021-01-05T00,ERCO,SUN,524
2021-01-05T01,ERCO,SUN,0
2021-01-05T02,ERCO,SUN,0
2021-01-05T03,ERCO,SUN,0
2021-01-05T04,ERCO,SUN,0
2021-01-05T05,ERCO,SUN,0
2021-01-05T06,ERCO,SUN,0
2021-01-05T07,ERCO,SUN,0
2021-01-05T08,ERCO,SUN,0
2021-01-05T09,ERCO,SUN,0
2021-01-05T10,ERCO,SUN,0
2021-01-05T11,ERCO,SUN,0
2021-01-05T12,ERCO,SUN,0
2021-01-05T13,ERCO,SUN,0
2021-01-05T14,ERCO,SUN,9
2021-01-05T15,ERCO,SUN,940
2021-01-05T16,ERCO,SUN,2812
2021-01-05T17,ERCO,SUN,3153
2021-01-05T18,ERCO,SUN,3084
2021-01-05T19,ERCO,SUN,3050
2021-01-05T20,ERCO,SUN,3182
2021-01-05T21,ERCO,SUN,3008
2021-01-05T22,ERCO,SUN,2445
2021-01-05T23,ERCO,SUN,1211
2021-01-06T00,ERCO,SUN,203
2021-01-06T01,ERCO,SUN,0
2021-01-06T02,ERCO,SUN,0
2021-01-06T03,ERCO,SUN,0
2021-01-06T04,ERCO,SUN,0
2021-01-06T05,ERCO,SUN,0
2021-01-06T06,ERCO,SUN,0
2021-01-06T07,ERCO,SUN,0
2021-01-06T08,ERCO,SUN,0
2021-01-06T09,ERCO,SUN,0
2021-01-06T10,ERCO,SUN,0
2021-01-06T11,ERCO,SUN,0
2021-01-06T12,ERCO,SUN,0
2021-01-06T13,ERCO,SUN,0
2021-01-06T14,ERCO,SUN,4
2021-01-06T15,ERCO,SUN,782
2021-01-06T16,ERCO,SUN,1836
2021-01-06T17,ERCO,SUN,965
2021-01-06T18,ERCO,SUN,1087
2021-01-06T19,ERCO,SUN,1196
2021-01-06T20,ERCO,SUN,1042
2021-01-06T21,ERCO,SUN,1134
2021-01-06T22,ERCO,SUN,1058
2021-01-06T23,ERCO,SUN,885
2021-01-07T00,ERCO,SUN,521
2021-01-07T01,ERCO,SUN,0
2021-01-07T02,ERCO,SUN,0
2021-01-07T03,ERCO,SUN,0
2021-01-07T04,ERCO,SUN,0
2021-01-07T05,ERCO,SUN,0
2021-01-07T06,ERCO,SUN,0
2021-01-07T07,ERCO,SUN,0
2021-01-07T08,ERCO,SUN,0
2021-01-07T09,ERCO,SUN,0
2021-01-07T10,ERCO,SUN,0
2021-01-07T11,ERCO,SUN,0
2021-01-07T12,ERCO,SUN,0
2021-01-07T13,ERCO,SUN,0
2021-01-07T14,ERCO,SUN,12
2021-01-07T15,ERCO,SUN,1057
2021-01-07T16,ERCO,SUN,3458
2021-01-07T17,ERCO,SUN,3850
2021-01-07T18,ERCO,SUN,3726
2021-01-07T19,ERCO,SUN,3664
2021-01-07T20,ERCO,SUN,3742
2021-01-07T21,ERCO,SUN,3935
2021-01-07T22,ERCO,SUN,3983
2021-01-07T23,ERCO,SUN,3131
2021-01-08T00,ERCO,SUN,643
2021-01-08T01,ERCO,SUN,0
2021-01-08T02,ERCO,SUN,0
2021-01-08T03,ERCO,SUN,0
2021-01-08T04,ERCO,SUN,0
2021-01-08T05,ERCO,SUN,0
2021-01-08T06,ERCO,SUN,0
2021-01-08T07,ERCO,SUN,0
2021-01-08T08,ERCO,SUN,0
2021-01-08T09,ERCO,SUN,0
2021-01-08T10,ERCO,SUN,0
2021-01-08T11,ERCO,SUN,0
2021-01-08T12,ERCO,SUN,0
2021-01-08T13,ERCO,SUN,0
2021-01-08T14,ERCO,SUN,10
2021-01-08T15,ERCO,SUN,723
2021-01-08T16,ERCO,SUN,2039
2021-01-08T17,ERCO,SUN,2327
2021-01-08T18,ERCO,SUN,2877
2021-01-08T19,ERCO,SUN,3013
2021-01-08T20,ERCO,SUN,3128
2021-01-08T21,ERCO,SUN,3203
2021-01-08T22,ERCO,SUN,3084
2021-01-08T23,ERCO,SUN,2536
2021-01-09T00,ERCO,SUN,564
2021-01-09T01,ERCO,SUN,13
2021-01-09T02,ERCO,SUN,7
2021-01-09T03,ERCO,SUN,0
2021-01-09T04,ERCO,SUN,0
2021-01-09T05,ERCO,SUN,0
2021-01-09T06,ERCO,SUN,0
2021-01-09T07,ERCO,SUN,0
2021-01-09T08,ERCO,SUN,0
2021-01-09T09,ERCO,SUN,0
2021-01-09T10,ERCO,SUN,0
2021-01-09T11,ERCO,SUN,0
2021-01-09T12,ERCO,SUN,0
2021-01-09T13,ERCO,SUN,0
2021-01-09T14,ERCO,SUN,11
2021-01-09T15,ERCO,SUN,306
2021-01-09T16,ERCO,SUN,773
2021-01-09T17,ERCO,SUN,982
2021-01-09T18,ERCO,SUN,1262
2021-01-09T19,ERCO,SUN,1306
2021-01-09T20,ERCO,SUN,1287
2021-01-09T21,ERCO,SUN,926
2021-01-09T22,ERCO,SUN,767
2021-01-09T23,ERCO,SUN,355
2021-01-10T00,ERCO,SUN,37
2021-01-10T01,ERCO,SUN,0
2021-01-10T02,ERCO,SUN,0
2021-01-10T03,ERCO,SUN,0
2021-01-10T04,ERCO,SUN,0
2021-01-10T05,ERCO,SUN,0
2021-01-10T06,ERCO,SUN,0
2021-01-10T07,ERCO,SUN,0
2021-01-10T08,ERCO,SUN,0
2021-01-10T09,ERCO,SUN,0
2021-01-10T10,ERCO,SUN,0
2021-01-10T11,ERCO,SUN,0
2021-01-10T12,ERCO,SUN,0
2021-01-10T13,ERCO,SUN,0
2021-01-10T14,ERCO,SUN,0
2021-01-10T15,ERCO,SUN,56
2021-01-10T16,ERCO,SUN,189
2021-01-10T17,ERCO,SUN,493
2021-01-10T18,ERCO,SUN,712
2021-01-10T19,ERCO,SUN,745
2021-01-10T20,ERCO,SUN,854
2021-01-10T21,ERCO,SUN,899
2021-01-10T22,ERCO,SUN,761
2021-01-10T23,ERCO,SUN,442
2021-01-11T00,ERCO,SUN,97
2021-01-11T01,ERCO,SUN,0
2021-01-11T02,ERCO,SUN,0
2021-01-11T03,ERCO,SUN,0
2021-01-11T04,ERCO,SUN,0
2021-01-11T05,ERCO,SUN,0
2021-01-11T06,ERCO,SUN,0
2021-01-11T07,ERCO,SUN,0
2021-01-11T08,ERCO,SUN,0
2021-01-11T09,ERCO,SUN,0
2021-01-11T10,ERCO,SUN,0
2021-01-11T11,ERCO,SUN,0
2021-01-11T12,ERCO,SUN,0
2021-01-11T13,ERCO,SUN,0
2021-01-11T14,ERCO,SUN,3
2021-01-11T15,ERCO,SUN,405
2021-01-11T16,ERCO,SUN,1306
2021-01-11T17,ERCO,SUN,2053
2021-01-11T18,ERCO,SUN,2109
2021-01-11T19,ERCO,SUN,2292
2021-01-11T20,ERCO,SUN,2427
2021-01-11T21,ERCO,SUN,2319
2021-01-11T22,ERCO,SUN,1908
2021-01-11T23,ERCO,SUN,1379
2021-01-12T00,ERCO,SUN,298
2021-01-12T01,ERCO,SUN,0
2021-01-12T02,ERCO,SUN,0
2021-01-12T03,ERCO,SUN,0
2021-01-12T04,ERCO,SUN,0
2021-01-12T05,ERCO,SUN,0
2021-01-12T06,ERCO,SUN,0
2021-01-12T07,ERCO,SUN,0
2021-01-12T08,ERCO,SUN,0
2021-01-12T09,ERCO,SUN,0
2021-01-12T10,ERCO,SUN,0
2021-01-12T11,ERCO,SUN,0
2021-01-12T12,ERCO,SUN,0
2021-01-12T13,ERCO,SUN,0
2021-01-12T14,ERCO,SUN,12
2021-01-12T15,ERCO,SUN,823
2021-01-12T16,ERCO,SUN,3004
2021-01-12T17,ERCO,SUN,3556
2021-01-12T18,ERCO,SUN,3543
2021-01-12T19,ERCO,SUN,3632
2021-01-12T20,ERCO,SUN,3802
2021-01-12T21,ERCO,SUN,3865
2021-01-12T22,ERCO,SUN,3831
2021-01-12T23,ERCO,SUN,3228
2021-01-13T00,ERCO,SUN,782
2021-01-13T01,ERCO,SUN,1
2021-01-13T02,ERCO,SUN,0
2021-01-13T03,ERCO,SUN,0
2021-01-13T04,ERCO,SUN,0
2021-01-13T05,ERCO,SUN,0
2021-01-13T06,ERCO,SUN,0
2021-01-13T07,ERCO,SUN,0
2021-01-13T08,ERCO,SUN,0
2021-01-13T09,ERCO,SUN,0
2021-01-13T10,ERCO,SUN,0
2021-01-13T11,ERCO,SUN,0
2021-01-13T12,ERCO,SUN,0
2021-01-13T13,ERCO,SUN,0
2021-01-13T14,ERCO,SUN,15
2021-01-13T15,ERCO,SUN,1293
2021-01-13T16,ERCO,SUN,3641
2021-01-13T17,ERCO,SUN,4024
2021-01-13T18,ERCO,SUN,3963
2021-01-13T19,ERCO,SUN,3830
2021-01-13T20,ERCO,SUN,3918
2021-01-13T21,ERCO,SUN,4001
2021-01-13T22,ERCO,SUN,4093
2021-01-13T23,ERCO,SUN,3383
2021-01-14T00,ERCO,SUN,813
2021-01-14T01,ERCO,SUN,2
2021-01-14T02,ERCO,SUN,0
2021-01-14T03,ERCO,SUN,0
2021-01-14T04,ERCO,SUN,0
2021-01-14T05,ERCO,SUN,0
2021-01-14T06,ERCO,SUN,0
2021-01-14T07,ERCO,SUN,0
2021-01-14T08,ERCO,SUN,0
2021-01-14T09,ERCO,SUN,0
2021-01-14T10,ERCO,SUN,0
2021-01-14T11,ERCO,SUN,0
2021-01-14T12,ERCO,SUN,0
2021-01-14T13,ERCO,SUN,0
2021-01-14T14,ERCO,SUN,13
2021-01-14T15,ERCO,SUN,595
2021-01-14T16,ERCO,SUN,1071
2021-01-14T17,ERCO,SUN,1159
2021-01-14T18,ERCO,SUN,1180
2021-01-14T19,ERCO,SUN,1203
2021-01-14T20,ERCO,SUN,1281
2021-01-14T21,ERCO,SUN,1824
2021-01-14T22,ERCO,SUN,2543
2021-01-14T23,ERCO,SUN,2306
2021-01-15T00,ERCO,SUN,769
2021-01-15T01,ERCO,SUN,5
2021-01-15T02,ERCO,SUN,0
2021-01-15T03,ERCO,SUN,0
2021-01-15T04,ERCO,SUN,0
2021-01-15T05,ERCO,SUN,0
2021-01-15T06,ERCO,SUN,0
2021-01-15T07,ERCO,SUN,0
2021-01-15T08,ERCO,SUN,0
2021-01-15T09,ERCO,SUN,0
2021-01-15T10,ERCO,SUN,0
2021-01-15T11,ERCO,SUN,0
2021-01-15T12,ERCO,SUN,0
2021-01-15T13,ERCO,SUN,0
2021-01-15T14,ERCO,SUN,14
2021-01-15T15,ERCO,SUN,1170
2021-01-15T16,ERCO,SUN,3590
2021-01-15T17,ERCO,SUN,4195
2021-01-15T18,ERCO,SUN,4181
2021-01-15T19,ERCO,SUN,4095
2021-01-15T20,ERCO,SUN,4160
2021-01-15T21,ERCO,SUN,4326
2021-01-15T22,ERCO,SUN,4275
2021-01-15T23,ERCO,SUN,3502
2021-01-16T00,ERCO,SUN,908
2021-01-16T01,ERCO,SUN,2
2021-01-16T02,ERCO,SUN,0
2021-01-16T03,ERCO,SUN,0
2021-01-16T04,ERCO,SUN,0
2021-01-16T05,ERCO,SUN,0
2021-01-16T06,ERCO,SUN,0
2021-01-16T07,ERCO,SUN,0
2021-01-16T08,ERCO,SUN,0
2021-01-16T09,ERCO,SUN,0
2021-01-16T10,ERCO,SUN,0
2021-01-16T11,ERCO,SUN,0
2021-01-16T12,ERCO,SUN,0
2021-01-16T13,ERCO,SUN,0
2021-01-16T14,ERCO,SUN,12
2021-01-16T15,ERCO,SUN,1308
2021-01-16T16,ERCO,SUN,3787
2021-01-16T17,ERCO,SUN,4193
2021-01-16T18,ERCO,SUN,4026
2021-01-16T19,ERCO,SUN,3910
2021-01-16T20,ERCO,SUN,3728
2021-01-16T21,ERCO,SUN,3347
2021-01-16T22,ERCO,SUN,2272
2021-01-16T23,ERCO,SUN,861
2021-01-17T00,ERCO,SUN,214
2021-01-17T01,ERCO,SUN,1
2021-01-17T02,ERCO,SUN,0
2021-01-17T03,ERCO,SUN,0
2021-01-17T04,ERCO,SUN,0
2021-01-17T05,ERCO,SUN,0
2021-01-17T06,ERCO,SUN,0
2021-01-17T07,ERCO,SUN,0
2021-01-17T08,ERCO,SUN,0
2021-01-17T09,ERCO,SUN,0
2021-01-17T10,ERCO,SUN,0
2021-01-17T11,ERCO,SUN,0
2021-01-17T12,ERCO,SUN,0
2021-01-17T13,ERCO,SUN,0
2021-01-17T14,ERCO,SUN,9
2021-01-17T15,ERCO,SUN,1077
2021-01-17T16,ERCO,SUN,3244
2021-01-17T17,ERCO,SUN,3761
2021-01-17T18,ERCO,SUN,3746
2021-01-17T19,ERCO,SUN,3756
2021-01-17T20,ERCO,SUN,3909
2021-01-17T21,ERCO,SUN,4082
2021-01-17T22,ERCO,SUN,4155
2021-01-17T23,ERCO,SUN,3348
2021-01-18T00,ERCO,SUN,885
2021-01-18T01,ERCO,SUN,5
2021-01-18T02,ERCO,SUN,0
2021-01-18T03,ERCO,SUN,0
2021-01-18T04,ERCO,SUN,0
2021-01-18T05,ERCO,SUN,0
2021-01-18T06,ERCO,SUN,0
2021-01-18T07,ERCO,SUN,0
2021-01-18T08,ERCO,SUN,0
2021-01-18T09,ERCO,SUN,0
2021-01-18T10,ERCO,SUN,0
2021-01-18T11,ERCO,SUN,0
2021-01-18T12,ERCO,SUN,0
2021-01-18T13,ERCO,SUN,0
2021-01-18T14,ERCO,SUN,15
2021-01-18T15,ERCO,SUN,1040
2021-01-18T16,ERCO,SUN,2951
2021-01-18T17,ERCO,SUN,3772
2021-01-18T18,ERCO,SUN,3811
2021-01-18T19,ERCO,SUN,3748
2021-01-18T20,ERCO,SUN,3811
2021-01-18T21,ERCO,SUN,3977
2021-01-18T22,ERCO,SUN,4041
2021-01-18T23,ERCO,SUN,3446
2021-01-19T00,ERCO,SUN,976
2021-01-19T01,ERCO,SUN,4
2021-01-19T02,ERCO,SUN,0
2021-01-19T03,ERCO,SUN,0
2021-01-19T04,ERCO,SUN,0
2021-01-19T05,ERCO,SUN,0
2021-01-19T06,ERCO,SUN,0
2021-01-19T07,ERCO,SUN,0
2021-01-19T08,ERCO,SUN,0
2021-01-19T09,ERCO,SUN,0
2021-01-19T10,ERCO,SUN,0
2021-01-19T11,ERCO,SUN,0
2021-01-19T12,ERCO,SUN,0
2021-01-19T13,ERCO,SUN,0
2021-01-19T14,ERCO,SUN,3
2021-01-19T15,ERCO,SUN,228
2021-01-19T16,ERCO,SUN,796
2021-01-19T17,ERCO,SUN,929
2021-01-19T18,ERCO,SUN,1023
2021-01-19T19,ERCO,SUN,1066
2021-01-19T20,ERCO,SUN,1181
2021-01-19T21,ERCO,SUN,812
2021-01-19T22,ERCO,SUN,852
2021-01-19T23,ERCO,SUN,358
2021-01-20T00,ERCO,SUN,75
2021-01-20T01,ERCO,SUN,0
2021-01-20T02,ERCO,SUN,0
2021-01-20T03,ERCO,SUN,0
2021-01-20T04,ERCO,SUN,0
2021-01-20T05,ERCO,SUN,0
2021-01-20T06,ERCO,SUN,0
2021-01-20T07,ERCO,SUN,0
2021-01-20T08,ERCO,SUN,0
2021-01-20T09,ERCO,SUN,0
2021-01-20T10,ERCO,SUN,0
2021-01-20T11,ERCO,SUN,0
2021-01-20T12,ERCO,SUN,0
2021-01-20T13,ERCO,SUN,0
2021-01-20T14,ERCO,SUN,1
2021-01-20T15,ERCO,SUN,111
2021-01-20T16,ERCO,SUN,333
2021-01-20T17,ERCO,SUN,585
2021-01-20T18,ERCO,SUN,1175
2021-01-20T19,ERCO,SUN,1469
2021-01-20T20,ERCO,SUN,1664
2021-01-20T21,ERCO,SUN,1448
2021-01-20T22,ERCO,SUN,897
2021-01-20T23,ERCO,SUN,611
2021-01-21T00,ERCO,SUN,215
2021-01-21T01,ERCO,SUN,3
2021-01-21T02,ERCO,SUN,1
2021-01-21T03,ERCO,SUN,1
2021-01-21T04,ERCO,SUN,1
2021-01-21T05,ERCO,SUN,1
2021-01-21T06,ERCO,SUN,1
2021-01-21T07,ERCO,SUN,1
2021-01-21T08,ERCO,SUN,1
2021-01-21T09,ERCO,SUN,1
2021-01-21T10,ERCO,SUN,2
2021-01-21T11,ERCO,SUN,1
2021-01-21T12,ERCO,SUN,1
2021-01-21T13,ERCO,SUN,1
2021-01-21T14,ERCO,SUN,2
2021-01-21T15,ERCO,SUN,84
2021-01-21T16,ERCO,SUN,332
2021-01-21T17,ERCO,SUN,600
2021-01-21T18,ERCO,SUN,938
2021-01-21T19,ERCO,SUN,1215
2021-01-21T20,ERCO,SUN,1352
2021-01-21T21,ERCO,SUN,1722
2021-01-21T22,ERCO,SUN,2328
2021-01-21T23,ERCO,SUN,1813
2021-01-22T00,ERCO,SUN,297
2021-01-22T01,ERCO,SUN,1
2021-01-22T02,ERCO,SUN,0
2021-01-22T03,ERCO,SUN,0
2021-01-22T04,ERCO,SUN,0
2021-01-22T05,ERCO,SUN,0
2021-01-22T06,ERCO,SUN,0
2021-01-22T07,ERCO,SUN,0
2021-01-22T08,ERCO,SUN,0
2021-01-22T09,ERCO,SUN,0
2021-01-22T10,ERCO,SUN,0
2021-01-22T11,ERCO,SUN,0
2021-01-22T12,ERCO,SUN,0
2021-01-22T13,ERCO,SUN,0
2021-01-22T14,ERCO,SUN,4
2021-01-22T15,ERCO,SUN,1015
2021-01-22T16,ERCO,SUN,3037
2021-01-22T17,ERCO,SUN,3398
2021-01-22T18,ERCO,SUN,3305
2021-01-22T19,ERCO,SUN,3253
2021-01-22T20,ERCO,SUN,3311
2021-01-22T21,ERCO,SUN,3505
2021-01-22T22,ERCO,SUN,3539
2021-01-22T23,ERCO,SUN,3135
2021-01-23T00,ERCO,SUN,1042
2021-01-23T01,ERCO,SUN,8
2021-01-23T02,ERCO,SUN,0
2021-01-23T03,ERCO,SUN,0
2021-01-23T04,ERCO,SUN,0
2021-01-23T05,ERCO,SUN,0
2021-01-23T06,ERCO,SUN,0
2021-01-23T07,ERCO,SUN,0
2021-01-23T08,ERCO,SUN,0
2021-01-23T09,ERCO,SUN,0
2021-01-23T10,ERCO,SUN,0
2021-01-23T11,ERCO,SUN,0
2021-01-23T12,ERCO,SUN,0
2021-01-23T13,ERCO,SUN,0
2021-01-23T14,ERCO,SUN,1
2021-01-23T15,ERCO,SUN,164
2021-01-23T16,ERCO,SUN,683
2021-01-23T17,ERCO,SUN,1379
2021-01-23T18,ERCO,SUN,2209
2021-01-23T19,ERCO,SUN,2762
2021-01-23T20,ERCO,SUN,2800
2021-01-23T21,ERCO,SUN,2742
2021-01-23T22,ERCO,SUN,2612
2021-01-23T23,ERCO,SUN,2023
2021-01-24T00,ERCO,SUN,558
2021-01-24T01,ERCO,SUN,5
2021-01-24T02,ERCO,SUN,0
2021-01-24T03,ERCO,SUN,0
2021-01-24T04,ERCO,SUN,0
2021-01-24T05,ERCO,SUN,0
2021-01-24T06,ERCO,SUN,0
2021-01-24T07,ERCO,SUN,0
2021-01-24T08,ERCO,SUN,0
2021-01-24T09,ERCO,SUN,0
2021-01-24T10,ERCO,SUN,0
2021-01-24T11,ERCO,SUN,0
2021-01-24T12,ERCO,SUN,0
2021-01-24T13,ERCO,SUN,0
2021-01-24T14,ERCO,SUN,1
2021-01-24T15,ERCO,SUN,230
2021-01-24T16,ERCO,SUN,903
2021-01-24T17,ERCO,SUN,1668
2021-01-24T18,ERCO,SUN,2422
2021-01-24T19,ERCO,SUN,2563
2021-01-24T20,ERCO,SUN,2314
2021-01-24T21,ERCO,SUN,2590
2021-01-24T22,ERCO,SUN,2368
2021-01-24T23,ERCO,SUN,1511
2021-01-25T00,ERCO,SUN,315
2021-01-25T01,ERCO,SUN,2
2021-01-25T02,ERCO,SUN,0
2021-01-25T03,ERCO,SUN,0
2021-01-25T04,ERCO,SUN,0
2021-01-25T05,ERCO,SUN,0
2021-01-25T06,ERCO,SUN,0
2021-01-25T07,ERCO,SUN,0
2021-01-25T08,ERCO,SUN,0
2021-01-25T09,ERCO,SUN,0
2021-01-25T10,ERCO,SUN,0
2021-01-25T11,ERCO,SUN,0
2021-01-25T12,ERCO,SUN,0
2021-01-25T13,ERCO,SUN,0
2021-01-25T14,ERCO,SUN,10
2021-01-25T15,ERCO,SUN,1243
2021-01-25T16,ERCO,SUN,3074
2021-01-25T17,ERCO,SUN,3106
2021-01-25T18,ERCO,SUN,2502
2021-01-25T19,ERCO,SUN,2246
2021-01-25T20,ERCO,SUN,2304
2021-01-25T21,ERCO,SUN,1860
2021-01-25T22,ERCO,SUN,1770
2021-01-25T23,ERCO,SUN,1450
2021-01-26T00,ERCO,SUN,858
2021-01-26T01,ERCO,SUN,15
2021-01-26T02,ERCO,SUN,0
2021-01-26T03,ERCO,SUN,0
2021-01-26T04,ERCO,SUN,0
2021-01-26T05,ERCO,SUN,0
2021-01-26T06,ERCO,SUN,0
2021-01-26T07,ERCO,SUN,0
2021-01-26T08,ERCO,SUN,0
2021-01-26T09,ERCO,SUN,0
2021-01-26T10,ERCO,SUN,0
2021-01-26T11,ERCO,SUN,0
2021-01-26T12,ERCO,SUN,0
2021-01-26T13,ERCO,SUN,0
2021-01-26T14,ERCO,SUN,15
2021-01-26T15,ERCO,SUN,1281
2021-01-26T16,ERCO,SUN,3662
2021-01-26T17,ERCO,SUN,4283
2021-01-26T18,ERCO,SUN,4226
2021-01-26T19,ERCO,SUN,4096
2021-01-26T20,ERCO,SUN,4037
2021-01-26T21,ERCO,SUN,4124
2021-01-26T22,ERCO,SUN,4036
2021-01-26T23,ERCO,SUN,3371
2021-01-27T00,ERCO,SUN,1156
2021-01-27T01,ERCO,SUN,11
2021-01-27T02,ERCO,SUN,0
2021-01-27T03,ERCO,SUN,0
2021-01-27T04,ERCO,SUN,0
2021-01-27T05,ERCO,SUN,0
2021-01-27T06,ERCO,SUN,6
2021-01-27T07,ERCO,SUN,0
2021-01-27T08,ERCO,SUN,0
2021-01-27T09,ERCO,SUN,0
2021-01-27T10,ERCO,SUN,0
2021-01-27T11,ERCO,SUN,0
2021-01-27T12,ERCO,SUN,0
2021-01-27T13,ERCO,SUN,0
2021-01-27T14,ERCO,SUN,20
2021-01-27T15,ERCO,SUN,1425
2021-01-27T16,ERCO,SUN,3974
2021-01-27T17,ERCO,SUN,4358
2021-01-27T18,ERCO,SUN,4414
2021-01-27T19,ERCO,SUN,4440
2021-01-27T20,ERCO,SUN,4515
2021-01-27T21,ERCO,SUN,4633
2021-01-27T22,ERCO,SUN,4722
2021-01-27T23,ERCO,SUN,4074
2021-01-28T00,ERCO,SUN,1387
2021-01-28T01,ERCO,SUN,16
2021-01-28T02,ERCO,SUN,0
2021-01-28T03,ERCO,SUN,0
2021-01-28T04,ERCO,SUN,0
2021-01-28T05,ERCO,SUN,0
2021-01-28T06,ERCO,SUN,0
2021-01-28T07,ERCO,SUN,0
2021-01-28T08,ERCO,SUN,0
2021-01-28T09,ERCO,SUN,0
2021-01-28T10,ERCO,SUN,0
2021-01-28T11,ERCO,SUN,0
2021-01-28T12,ERCO,SUN,0
2021-01-28T13,ERCO,SUN,0
2021-01-28T14,ERCO,SUN,27
2021-01-28T15,ERCO,SUN,705
2021-01-28T16,ERCO,SUN,1624
2021-01-28T17,ERCO,SUN,2715
2021-01-28T18,ERCO,SUN,3559
2021-01-28T19,ERCO,SUN,3554
2021-01-28T20,ERCO,SUN,3781
2021-01-28T21,ERCO,SUN,3739
2021-01-28T22,ERCO,SUN,2749
2021-01-28T23,ERCO,SUN,1698
2021-01-29T00,ERCO,SUN,296
2021-01-29T01,ERCO,SUN,4
2021-01-29T02,ERCO,SUN,0
2021-01-29T03,ERCO,SUN,0
2021-01-29T04,ERCO,SUN,0
2021-01-29T05,ERCO,SUN,0
2021-01-29T06,ERCO,SUN,0
2021-01-29T07,ERCO,SUN,0
2021-01-29T08,ERCO,SUN,0
2021-01-29T09,ERCO,SUN,0
2021-01-29T10,ERCO,SUN,0
2021-01-29T11,ERCO,SUN,0
2021-01-29T12,ERCO,SUN,0
2021-01-29T13,ERCO,SUN,0
2021-01-29T14,ERCO,SUN,29
2021-01-29T15,ERCO,SUN,872
2021-01-29T16,ERCO,SUN,2468
2021-01-29T17,ERCO,SUN,2797
2021-01-29T18,ERCO,SUN,3116
2021-01-29T19,ERCO,SUN,3215
2021-01-29T20,ERCO,SUN,3095
2021-01-29T21,ERCO,SUN,2656
2021-01-29T22,ERCO,SUN,1779
2021-01-29T23,ERCO,SUN,1016
2021-01-30T00,ERCO,SUN,305
2021-01-30T01,ERCO,SUN,3
2021-01-30T02,ERCO,SUN,0
2021-01-30T03,ERCO,SUN,0
2021-01-30T04,ERCO,SUN,0
2021-01-30T05,ERCO,SUN,0
2021-01-30T06,ERCO,SUN,0
2021-01-30T07,ERCO,SUN,0
2021-01-30T08,ERCO,SUN,0
2021-01-30T09,ERCO,SUN,0
2021-01-30T10,ERCO,SUN,0
2021-01-30T11,ERCO,SUN,0
2021-01-30T12,ERCO,SUN,0
2021-01-30T13,ERCO,SUN,0
2021-01-30T14,ERCO,SUN,9
2021-01-30T15,ERCO,SUN,1102
2021-01-30T16,ERCO,SUN,1835
2021-01-30T17,ERCO,SUN,2010
2021-01-30T18,ERCO,SUN,2263
2021-01-30T19,ERCO,SUN,2262
2021-01-30T20,ERCO,SUN,1893
2021-01-30T21,ERCO,SUN,1572
2021-01-30T22,ERCO,SUN,1461
2021-01-30T23,ERCO,SUN,1314
2021-01-31T00,ERCO,SUN,1155
2021-01-31T01,ERCO,SUN,26
2021-01-31T02,ERCO,SUN,0
2021-01-31T03,ERCO,SUN,0
2021-01-31T04,ERCO,SUN,0
2021-01-31T05,ERCO,SUN,0
2021-01-31T06,ERCO,SUN,0
2021-01-31T07,ERCO,SUN,0
2021-01-31T08,ERCO,SUN,0
2021-01-31T09,ERCO,SUN,0
2021-01-31T10,ERCO,SUN,0
2021-01-31T11,ERCO,SUN,0
2021-01-31T12,ERCO,SUN,0
2021-01-31T13,ERCO,SUN,0
2021-01-31T14,ERCO,SUN,29
2021-01-31T15,ERCO,SUN,1568
2021-01-31T16,ERCO,SUN,4043
2021-01-31T17,ERCO,SUN,4423
2021-01-31T18,ERCO,SUN,4390
2021-01-31T19,ERCO,SUN,4284
2021-01-31T20,ERCO,SUN,4324
2021-01-31T21,ERCO,SUN,4609
2021-01-31T22,ERCO,SUN,4772
2021-01-31T23,ERCO,SUN,4300
2021-02-01T00,ERCO,SUN,1697
2021-02-01T01,ERCO,SUN,32
2021-02-01T02,ERCO,SUN,0
2021-02-01T03,ERCO,SUN,0
2021-02-01T04,ERCO,SUN,0
2021-02-01T05,ERCO,SUN,0
2021-02-01T06,ERCO,SUN,0
2021-02-01T07,ERCO,SUN,0
2021-02-01T08,ERCO,SUN,0
2021-02-01T09,ERCO,SUN,0
2021-02-01T10,ERCO,SUN,0
2021-02-01T11,ERCO,SUN,0
2021-02-01T12,ERCO,SUN,0
2021-02-01T13,ERCO,SUN,0
2021-02-01T14,ERCO,SUN,48
2021-02-01T15,ERCO,SUN,1825
2021-02-01T16,ERCO,SUN,4342
2021-02-01T17,ERCO,SUN,4679
2021-02-01T18,ERCO,SUN,4584
2021-02-01T19,ERCO,SUN,4447
2021-02-01T20,ERCO,SUN,4508
2021-02-01T21,ERCO,SUN,4488
2021-02-01T22,ERCO,SUN,4323
2021-02-01T23,ERCO,SUN,3766
2021-02-02T00,ERCO,SUN,1561
2021-02-02T01,ERCO,SUN,34
2021-02-02T02,ERCO,SUN,0
2021-02-02T03,ERCO,SUN,0
2021-02-02T04,ERCO,SUN,0
2021-02-02T05,ERCO,SUN,0
2021-02-02T06,ERCO,SUN,0
2021-02-02T07,ERCO,SUN,0
2021-02-02T08,ERCO,SUN,0
2021-02-02T09,ERCO,SUN,0
2021-02-02T10,ERCO,SUN,0
2021-02-02T11,ERCO,SUN,0
2021-02-02T12,ERCO,SUN,0
2021-02-02T13,ERCO,SUN,0
2021-02-02T14,ERCO,SUN,21
2021-02-02T15,ERCO,SUN,1050
2021-02-02T16,ERCO,SUN,2701
2021-02-02T17,ERCO,SUN,3320
2021-02-02T18,ERCO,SUN,3931
2021-02-02T19,ERCO,SUN,4061
2021-02-02T20,ERCO,SUN,4178
2021-02-02T21,ERCO,SUN,4046
2021-02-02T22,ERCO,SUN,4255
2021-02-02T23,ERCO,SUN,3289
2021-02-03T00,ERCO,SUN,1283
2021-02-03T01,ERCO,SUN,23
2021-02-03T02,ERCO,SUN,0
2021-02-03T03,ERCO,SUN,0
2021-02-03T04,ERCO,SUN,0
2021-02-03T05,ERCO,SUN,0
2021-02-03T06,ERCO,SUN,0
2021-02-03T07,ERCO,SUN,0
2021-02-03T08,ERCO,SUN,0
2021-02-03T09,ERCO,SUN,0
2021-02-03T10,ERCO,SUN,0
2021-02-03T11,ERCO,SUN,0
2021-02-03T12,ERCO,SUN,0
2021-02-03T13,ERCO,SUN,0
2021-02-03T14,ERCO,SUN,42
2021-02-03T15,ERCO,SUN,1624
2021-02-03T16,ERCO,SUN,3935
2021-02-03T17,ERCO,SUN,4335
2021-02-03T18,ERCO,SUN,4262
2021-02-03T19,ERCO,SUN,4099
2021-02-03T20,ERCO,SUN,4008
2021-02-03T21,ERCO,SUN,4095
2021-02-03T22,ERCO,SUN,4071
2021-02-03T23,ERCO,SUN,3178
2021-02-04T00,ERCO,SUN,1108
2021-02-04T01,ERCO,SUN,37
2021-02-04T02,ERCO,SUN,0
2021-02-04T03,ERCO,SUN,0
2021-02-04T04,ERCO,SUN,0
2021-02-04T05,ERCO,SUN,0
2021-02-04T06,ERCO,SUN,0
2021-02-04T07,ERCO,SUN,0
2021-02-04T08,ERCO,SUN,0
2021-02-04T09,ERCO,SUN,0
2021-02-04T10,ERCO,SUN,0
2021-02-04T11,ERCO,SUN,0
2021-02-04T12,ERCO,SUN,0
2021-02-04T13,ERCO,SUN,0
2021-02-04T14,ERCO,SUN,21
2021-02-04T15,ERCO,SUN,933
2021-02-04T16,ERCO,SUN,2094
2021-02-04T17,ERCO,SUN,1980
2021-02-04T18,ERCO,SUN,2631
2021-02-04T19,ERCO,SUN,3734
2021-02-04T20,ERCO,SUN,3958
2021-02-04T21,ERCO,SUN,3934
2021-02-04T22,ERCO,SUN,4055
2021-02-04T23,ERCO,SUN,3125
2021-02-05T00,ERCO,SUN,1483
2021-02-05T01,ERCO,SUN,45
2021-02-05T02,ERCO,SUN,0
2021-02-05T03,ERCO,SUN,0
2021-02-05T04,ERCO,SUN,0
2021-02-05T05,ERCO,SUN,0
2021-02-05T06,ERCO,SUN,0
2021-02-05T07,ERCO,SUN,0
2021-02-05T08,ERCO,SUN,0
2021-02-05T09,ERCO,SUN,0
2021-02-05T10,ERCO,SUN,0
2021-02-05T11,ERCO,SUN,0
2021-02-05T12,ERCO,SUN,0
2021-02-05T13,ERCO,SUN,0
2021-02-05T14,ERCO,SUN,26
2021-02-05T15,ERCO,SUN,1680
2021-02-05T16,ERCO,SUN,4116
2021-02-05T17,ERCO,SUN,4419
2021-02-05T18,ERCO,SUN,4415
2021-02-05T19,ERCO,SUN,4336
2021-02-05T20,ERCO,SUN,4299
2021-02-05T21,ERCO,SUN,4339
2021-02-05T22,ERCO,SUN,4430
2021-02-05T23,ERCO,SUN,4089
2021-02-06T00,ERCO,SUN,1857
2021-02-06T01,ERCO,SUN,58
2021-02-06T02,ERCO,SUN,0
2021-02-06T03,ERCO,SUN,0
2021-02-06T04,ERCO,SUN,0
2021-02-06T05,ERCO,SUN,0
2021-02-06T06,ERCO,SUN,0
2021-02-06T07,ERCO,SUN,0
2021-02-06T08,ERCO,SUN,0
2021-02-06T09,ERCO,SUN,0
2021-02-06T10,ERCO,SUN,0
2021-02-06T11,ERCO,SUN,0
2021-02-06T12,ERCO,SUN,0
2021-02-06T13,ERCO,SUN,0
2021-02-06T14,ERCO,SUN,30
2021-02-06T15,ERCO,SUN,1696
2021-02-06T16,ERCO,SUN,3905
2021-02-06T17,ERCO,SUN,3591
2021-02-06T18,ERCO,SUN,2888
2021-02-06T19,ERCO,SUN,3066
2021-02-06T20,ERCO,SUN,3419
2021-02-06T21,ERCO,SUN,3876
2021-02-06T22,ERCO,SUN,4246
2021-02-06T23,ERCO,SUN,4260
2021-02-07T00,ERCO,SUN,1952
2021-02-07T01,ERCO,SUN,70
2021-02-07T02,ERCO,SUN,0
2021-02-07T03,ERCO,SUN,0
2021-02-07T04,ERCO,SUN,0
2021-02-07T05,ERCO,SUN,0
2021-02-07T06,ERCO,SUN,0
2021-02-07T07,ERCO,SUN,0
2021-02-07T08,ERCO,SUN,0
2021-02-07T09,ERCO,SUN,0
2021-02-07T10,ERCO,SUN,0
2021-02-07T11,ERCO,SUN,0
2021-02-07T12,ERCO,SUN,0
2021-02-07T13,ERCO,SUN,0
2021-02-07T14,ERCO,SUN,53
2021-02-07T15,ERCO,SUN,1894
2021-02-07T16,ERCO,SUN,3849
2021-02-07T17,ERCO,SUN,3836
2021-02-07T18,ERCO,SUN,3989
2021-02-07T19,ERCO,SUN,4181
2021-02-07T20,ERCO,SUN,4439
2021-02-07T21,ERCO,SUN,4589
2021-02-07T22,ERCO,SUN,4580
2021-02-07T23,ERCO,SUN,3825
2021-02-08T00,ERCO,SUN,1562
2021-02-08T01,ERCO,SUN,53
2021-02-08T02,ERCO,SUN,0
2021-02-08T03,ERCO,SUN,0
2021-02-08T04,ERCO,SUN,0
2021-02-08T05,ERCO,SUN,0
2021-02-08T06,ERCO,SUN,0
2021-02-08T07,ERCO,SUN,0
2021-02-08T08,ERCO,SUN,0
2021-02-08T09,ERCO,SUN,0
2021-02-08T10,ERCO,SUN,0
2021-02-08T11,ERCO,SUN,0
2021-02-08T12,ERCO,SUN,0
2021-02-08T13,ERCO,SUN,0
2021-02-08T14,ERCO,SUN,50
2021-02-08T15,ERCO,SUN,1107
2021-02-08T16,ERCO,SUN,2673
2021-02-08T17,ERCO,SUN,3272
2021-02-08T18,ERCO,SUN,3930
2021-02-08T19,ERCO,SUN,4001
2021-02-08T20,ERCO,SUN,3988
2021-02-08T21,ERCO,SUN,4245
2021-02-08T22,ERCO,SUN,4304
2021-02-08T23,ERCO,SUN,4055
2021-02-09T00,ERCO,SUN,2007
2021-02-09T01,ERCO,SUN,81
2021-02-09T02,ERCO,SUN,0
2021-02-09T03,ERCO,SUN,0
2021-02-09T04,ERCO,SUN,0
2021-02-09T05,ERCO,SUN,0
2021-02-09T06,ERCO,SUN,0
2021-02-09T07,ERCO,SUN,0
2021-02-09T08,ERCO,SUN,0
2021-02-09T09,ERCO,SUN,0
2021-02-09T10,ERCO,SUN,0
2021-02-09T11,ERCO,SUN,0
2021-02-09T12,ERCO,SUN,0
2021-02-09T13,ERCO,SUN,0
2021-02-09T14,ERCO,SUN,21
2021-02-09T15,ERCO,SUN,1091
2021-02-09T16,ERCO,SUN,2564
2021-02-09T17,ERCO,SUN,3069
2021-02-09T18,ERCO,SUN,3327
2021-02-09T19,ERCO,SUN,3420
2021-02-09T20,ERCO,SUN,3597
2021-02-09T21,ERCO,SUN,3728
2021-02-09T22,ERCO,SUN,3705
2021-02-09T23,ERCO,SUN,3347
2021-02-10T00,ERCO,SUN,1659
2021-02-10T01,ERCO,SUN,77
2021-02-10T02,ERCO,SUN,0
2021-02-10T03,ERCO,SUN,0
2021-02-10T04,ERCO,SUN,0
2021-02-10T05,ERCO,SUN,0
2021-02-10T06,ERCO,SUN,0
2021-02-10T07,ERCO,SUN,0
2021-02-10T08,ERCO,SUN,0
2021-02-10T09,ERCO,SUN,0
2021-02-10T10,ERCO,SUN,0
2021-02-10T11,ERCO,SUN,0
2021-02-10T12,ERCO,SUN,0
2021-02-10T13,ERCO,SUN,0
2021-02-10T14,ERCO,SUN,2
2021-02-10T15,ERCO,SUN,147
2021-02-10T16,ERCO,SUN,566
2021-02-10T17,ERCO,SUN,895
2021-02-10T18,ERCO,SUN,1234
2021-02-10T19,ERCO,SUN,1595
2021-02-10T20,ERCO,SUN,1847
2021-02-10T21,ERCO,SUN,1734
2021-02-10T22,ERCO,SUN,1463
2021-02-10T23,ERCO,SUN,1017
2021-02-11T00,ERCO,SUN,411
2021-02-11T01,ERCO,SUN,21
2021-02-11T02,ERCO,SUN,0
2021-02-11T03,ERCO,SUN,0
2021-02-11T04,ERCO,SUN,0
2021-02-11T05,ERCO,SUN,0
2021-02-11T06,ERCO,SUN,0
2021-02-11T07,ERCO,SUN,0
2021-02-11T08,ERCO,SUN,0
2021-02-11T09,ERCO,SUN,0
2021-02-11T10,ERCO,SUN,0
2021-02-11T11,ERCO,SUN,0
2021-02-11T12,ERCO,SUN,0
2021-02-11T13,ERCO,SUN,0
2021-02-11T14,ERCO,SUN,3
2021-02-11T15,ERCO,SUN,140
2021-02-11T16,ERCO,SUN,458
2021-02-11T17,ERCO,SUN,743
2021-02-11T18,ERCO,SUN,1238
2021-02-11T19,ERCO,SUN,1423
2021-02-11T20,ERCO,SUN,1433
2021-02-11T21,ERCO,SUN,1188
2021-02-11T22,ERCO,SUN,843
2021-02-11T23,ERCO,SUN,557
2021-02-12T00,ERCO,SUN,238
2021-02-12T01,ERCO,SUN,10
2021-02-12T02,ERCO,SUN,0
2021-02-12T03,ERCO,SUN,0
2021-02-12T04,ERCO,SUN,0
2021-02-12T05,ERCO,SUN,0
2021-02-12T06,ERCO,SUN,0
2021-02-12T07,ERCO,SUN,0
2021-02-12T08,ERCO,SUN,0
2021-02-12T09,ERCO,SUN,0
2021-02-12T10,ERCO,SUN,0
2021-02-12T11,ERCO,SUN,0
2021-02-12T12,ERCO,SUN,0
2021-02-12T13,ERCO,SUN,0
2021-02-12T14,ERCO,SUN,4
2021-02-12T15,ERCO,SUN,104
2021-02-12T16,ERCO,SUN,312
2021-02-12T17,ERCO,SUN,583
2021-02-12T18,ERCO,SUN,870
2021-02-12T19,ERCO,SUN,1128
2021-02-12T20,ERCO,SUN,1161
2021-02-12T21,ERCO,SUN,1012
2021-02-12T22,ERCO,SUN,736
2021-02-12T23,ERCO,SUN,382
2021-02-13T00,ERCO,SUN,157
2021-02-13T01,ERCO,SUN,7
2021-02-13T02,ERCO,SUN,0
2021-02-13T03,ERCO,SUN,0
2021-02-13T04,ERCO,SUN,0
2021-02-13T05,ERCO,SUN,0
2021-02-13T06,ERCO,SUN,0
2021-02-13T07,ERCO,SUN,0
2021-02-13T08,ERCO,SUN,0
2021-02-13T09,ERCO,SUN,0
2021-02-13T10,ERCO,SUN,0
2021-02-13T11,ERCO,SUN,0
2021-02-13T12,ERCO,SUN,0
2021-02-13T13,ERCO,SUN,0
2021-02-13T14,ERCO,SUN,5
2021-02-13T15,ERCO,SUN,148
2021-02-13T16,ERCO,SUN,508
2021-02-13T17,ERCO,SUN,763
2021-02-13T18,ERCO,SUN,1000
2021-02-13T19,ERCO,SUN,1089
2021-02-13T20,ERCO,SUN,1127
2021-02-13T21,ERCO,SUN,958
2021-02-13T22,ERCO,SUN,657
2021-02-13T23,ERCO,SUN,377
2021-02-14T00,ERCO,SUN,124
2021-02-14T01,ERCO,SUN,6
2021-02-14T02,ERCO,SUN,0
2021-02-14T03,ERCO,SUN,0
2021-02-14T04,ERCO,SUN,0
2021-02-14T05,ERCO,SUN,0
2021-02-14T06,ERCO,SUN,0
2021-02-14T07,ERCO,SUN,0
2021-02-14T08,ERCO,SUN,0
2021-02-14T09,ERCO,SUN,0
2021-02-14T10,ERCO,SUN,0
2021-02-14T11,ERCO,SUN,0
2021-02-14T12,ERCO,SUN,0
2021-02-14T13,ERCO,SUN,0
2021-02-14T14,ERCO,SUN,2
2021-02-14T15,ERCO,SUN,73
2021-02-14T16,ERCO,SUN,269
2021-02-14T17,ERCO,SUN,542
2021-02-14T18,ERCO,SUN,832
2021-02-14T19,ERCO,SUN,859
2021-02-14T20,ERCO,SUN,1020
2021-02-14T21,ERCO,SUN,990
2021-02-14T22,ERCO,SUN,860
2021-02-14T23,ERCO,SUN,626
2021-02-15T00,ERCO,SUN,236
2021-02-15T01,ERCO,SUN,24
2021-02-15T02,ERCO,SUN,0
2021-02-15T03,ERCO,SUN,0
2021-02-15T04,ERCO,SUN,0
2021-02-15T05,ERCO,SUN,0
2021-02-15T06,ERCO,SUN,0
2021-02-15T07,ERCO,SUN,0
2021-02-15T08,ERCO,SUN,0
2021-02-15T09,ERCO,SUN,0
2021-02-15T10,ERCO,SUN,0
2021-02-15T11,ERCO,SUN,0
2021-02-15T12,ERCO,SUN,0
2021-02-15T13,ERCO,SUN,0
2021-02-15T14,ERCO,SUN,43
2021-02-15T15,ERCO,SUN,559
2021-02-15T16,ERCO,SUN,1190
2021-02-15T17,ERCO,SUN,1824
2021-02-15T18,ERCO,SUN,2278
2021-02-15T19,ERCO,SUN,2671
2021-02-15T20,ERCO,SUN,2829
2021-02-15T21,ERCO,SUN,2786
2021-02-15T22,ERCO,SUN,2553
2021-02-15T23,ERCO,SUN,2308
2021-02-16T00,ERCO,SUN,987
2021-02-16T01,ERCO,SUN,106
2021-02-16T02,ERCO,SUN,0
2021-02-16T03,ERCO,SUN,0
2021-02-16T04,ERCO,SUN,0
2021-02-16T05,ERCO,SUN,0
2021-02-16T06,ERCO,SUN,0
2021-02-16T07,ERCO,SUN,0
2021-02-16T08,ERCO,SUN,0
2021-02-16T09,ERCO,SUN,0
2021-02-16T10,ERCO,SUN,0
2021-02-16T11,ERCO,SUN,0
2021-02-16T12,ERCO,SUN,0
2021-02-16T13,ERCO,SUN,0
2021-02-16T14,ERCO,SUN,58
2021-02-16T15,ERCO,SUN,583
2021-02-16T16,ERCO,SUN,1109
2021-02-16T17,ERCO,SUN,1470
2021-02-16T18,ERCO,SUN,1860
2021-02-16T19,ERCO,SUN,1896
2021-02-16T20,ERCO,SUN,2007
2021-02-16T21,ERCO,SUN,1734
2021-02-16T22,ERCO,SUN,1313
2021-02-16T23,ERCO,SUN,901
2021-02-17T00,ERCO,SUN,434
2021-02-17T01,ERCO,SUN,38
2021-02-17T02,ERCO,SUN,0
2021-02-17T03,ERCO,SUN,0
2021-02-17T04,ERCO,SUN,0
2021-02-17T05,ERCO,SUN,0
2021-02-17T06,ERCO,SUN,0
2021-02-17T07,ERCO,SUN,0
2021-02-17T08,ERCO,SUN,0
2021-02-17T09,ERCO,SUN,0
2021-02-17T10,ERCO,SUN,0
2021-02-17T11,ERCO,SUN,0
2021-02-17T12,ERCO,SUN,0
2021-02-17T13,ERCO,SUN,0
2021-02-17T14,ERCO,SUN,13
2021-02-17T15,ERCO,SUN,418
2021-02-17T16,ERCO,SUN,1807
2021-02-17T17,ERCO,SUN,2071
2021-02-17T18,ERCO,SUN,2503
2021-02-17T19,ERCO,SUN,3179
2021-02-17T20,ERCO,SUN,3512
2021-02-17T21,ERCO,SUN,3281
2021-02-17T22,ERCO,SUN,2973
2021-02-17T23,ERCO,SUN,2163
2021-02-18T00,ERCO,SUN,1106
2021-02-18T01,ERCO,SUN,74
2021-02-18T02,ERCO,SUN,0
2021-02-18T03,ERCO,SUN,0
2021-02-18T04,ERCO,SUN,0
2021-02-18T05,ERCO,SUN,0
2021-02-18T06,ERCO,SUN,0
2021-02-18T07,ERCO,SUN,0
2021-02-18T08,ERCO,SUN,0
2021-02-18T09,ERCO,SUN,0
2021-02-18T10,ERCO,SUN,0
2021-02-18T11,ERCO,SUN,0
2021-02-18T12,ERCO,SUN,0
2021-02-18T13,ERCO,SUN,45
2021-02-18T14,ERCO,SUN,25
2021-02-18T15,ERCO,SUN,307
2021-02-18T16,ERCO,SUN,748
2021-02-18T17,ERCO,SUN,1168
2021-02-18T18,ERCO,SUN,1675
2021-02-18T19,ERCO,SUN,2220
2021-02-18T20,ERCO,SUN,2234
2021-02-18T21,ERCO,SUN,2604
2021-02-18T22,ERCO,SUN,2736
2021-02-18T23,ERCO,SUN,2668
2021-02-19T00,ERCO,SUN,1292
2021-02-19T01,ERCO,SUN,109
2021-02-19T02,ERCO,SUN,0
2021-02-19T03,ERCO,SUN,0
2021-02-19T04,ERCO,SUN,0
2021-02-19T05,ERCO,SUN,0
2021-02-19T06,ERCO,SUN,0
2021-02-19T07,ERCO,SUN,0
2021-02-19T08,ERCO,SUN,0
2021-02-19T09,ERCO,SUN,0
2021-02-19T10,ERCO,SUN,0
2021-02-19T11,ERCO,SUN,0
2021-02-19T12,ERCO,SUN,0
2021-02-19T13,ERCO,SUN,0
2021-02-19T14,ERCO,SUN,182
2021-02-19T15,ERCO,SUN,2025
2021-02-19T16,ERCO,SUN,3232
2021-02-19T17,ERCO,SUN,4193
2021-02-19T18,ERCO,SUN,4366
2021-02-19T19,ERCO,SUN,3992
2021-02-19T20,ERCO,SUN,3089
2021-02-19T21,ERCO,SUN,2735
2021-02-19T22,ERCO,SUN,2462
2021-02-19T23,ERCO,SUN,2159
2021-02-20T00,ERCO,SUN,2253
2021-02-20T01,ERCO,SUN,207
2021-02-20T02,ERCO,SUN,0
2021-02-20T03,ERCO,SUN,0
2021-02-20T04,ERCO,SUN,0
2021-02-20T05,ERCO,SUN,0
2021-02-20T06,ERCO,SUN,0
2021-02-20T07,ERCO,SUN,0
2021-02-20T08,ERCO,SUN,0
2021-02-20T09,ERCO,SUN,0
2021-02-20T10,ERCO,SUN,0
2021-02-20T11,ERCO,SUN,0
2021-02-20T12,ERCO,SUN,0
2021-02-20T13,ERCO,SUN,0
2021-02-20T14,ERCO,SUN,229
2021-02-20T15,ERCO,SUN,2754
2021-02-20T16,ERCO,SUN,4127
2021-02-20T17,ERCO,SUN,4277
2021-02-20T18,ERCO,SUN,4514
2021-02-20T19,ERCO,SUN,2233
2021-02-20T20,ERCO,SUN,810
2021-02-20T21,ERCO,SUN,400
2021-02-20T22,ERCO,SUN,285
2021-02-20T23,ERCO,SUN,247
2021-02-21T00,ERCO,SUN,200
2021-02-21T01,ERCO,SUN,19
2021-02-21T02,ERCO,SUN,0
2021-02-21T03,ERCO,SUN,0
2021-02-21T04,ERCO,SUN,0
2021-02-21T05,ERCO,SUN,0
2021-02-21T06,ERCO,SUN,0
2021-02-21T07,ERCO,SUN,0
2021-02-21T08,ERCO,SUN,0
2021-02-21T09,ERCO,SUN,0
2021-02-21T10,ERCO,SUN,0
2021-02-21T11,ERCO,SUN,0
2021-02-21T12,ERCO,SUN,0
2021-02-21T13,ERCO,SUN,0
2021-02-21T14,ERCO,SUN,79
2021-02-21T15,ERCO,SUN,1679
2021-02-21T16,ERCO,SUN,2507
2021-02-21T17,ERCO,SUN,1646
2021-02-21T18,ERCO,SUN,825
2021-02-21T19,ERCO,SUN,626
2021-02-21T20,ERCO,SUN,423
2021-02-21T21,ERCO,SUN,551
2021-02-21T22,ERCO,SUN,683
2021-02-21T23,ERCO,SUN,670
2021-02-22T00,ERCO,SUN,1172
2021-02-22T01,ERCO,SUN,224
2021-02-22T02,ERCO,SUN,0
2021-02-22T03,ERCO,SUN,0
2021-02-22T04,ERCO,SUN,0
2021-02-22T05,ERCO,SUN,0
2021-02-22T06,ERCO,SUN,0
2021-02-22T07,ERCO,SUN,0
2021-02-22T08,ERCO,SUN,0
2021-02-22T09,ERCO,SUN,0
2021-02-22T10,ERCO,SUN,0
2021-02-22T11,ERCO,SUN,0
2021-02-22T12,ERCO,SUN,0
2021-02-22T13,ERCO,SUN,0
2021-02-22T14,ERCO,SUN,263
2021-02-22T15,ERCO,SUN,2940
2021-02-22T16,ERCO,SUN,4755
2021-02-22T17,ERCO,SUN,4418
2021-02-22T18,ERCO,SUN,3133
2021-02-22T19,ERCO,SUN,2184
2021-02-22T20,ERCO,SUN,1790
2021-02-22T21,ERCO,SUN,1816
2021-02-22T22,ERCO,SUN,2052
2021-02-22T23,ERCO,SUN,2980
2021-02-23T00,ERCO,SUN,2707
2021-02-23T01,ERCO,SUN,265
2021-02-23T02,ERCO,SUN,0
2021-02-23T03,ERCO,SUN,0
2021-02-23T04,ERCO,SUN,0
2021-02-23T05,ERCO,SUN,0
2021-02-23T06,ERCO,SUN,0
2021-02-23T07,ERCO,SUN,0
2021-02-23T08,ERCO,SUN,0
2021-02-23T09,ERCO,SUN,0
2021-02-23T10,ERCO,SUN,0
2021-02-23T11,ERCO,SUN,0
2021-02-23T12,ERCO,SUN,0
2021-02-23T13,ERCO,SUN,0
2021-02-23T14,ERCO,SUN,273
2021-02-23T15,ERCO,SUN,2942
2021-02-23T16,ERCO,SUN,4846
2021-02-23T17,ERCO,SUN,4888
2021-02-23T18,ERCO,SUN,3386
2021-02-23T19,ERCO,SUN,2012
2021-02-23T20,ERCO,SUN,834
2021-02-23T21,ERCO,SUN,588
2021-02-23T22,ERCO,SUN,616
2021-02-23T23,ERCO,SUN,523
2021-02-24T00,ERCO,SUN,359
2021-02-24T01,ERCO,SUN,38
2021-02-24T02,ERCO,SUN,0
2021-02-24T03,ERCO,SUN,0
2021-02-24T04,ERCO,SUN,0
2021-02-24T05,ERCO,SUN,0
2021-02-24T06,ERCO,SUN,0
2021-02-24T07,ERCO,SUN,0
2021-02-24T08,ERCO,SUN,0
2021-02-24T09,ERCO,SUN,0
2021-02-24T10,ERCO,SUN,0
2021-02-24T11,ERCO,SUN,0
2021-02-24T12,ERCO,SUN,0
2021-02-24T13,ERCO,SUN,0
2021-02-24T14,ERCO,SUN,128
2021-02-24T15,ERCO,SUN,1186
2021-02-24T16,ERCO,SUN,1627
2021-02-24T17,ERCO,SUN,2296
2021-02-24T18,ERCO,SUN,3869
2021-02-24T19,ERCO,SUN,4612
2021-02-24T20,ERCO,SUN,4748
2021-02-24T21,ERCO,SUN,4900
2021-02-24T22,ERCO,SUN,4957
2021-02-24T23,ERCO,SUN,4774
2021-02-25T00,ERCO,SUN,2890
2021-02-25T01,ERCO,SUN,270
2021-02-25T02,ERCO,SUN,0
2021-02-25T03,ERCO,SUN,0
2021-02-25T04,ERCO,SUN,0
2021-02-25T05,ERCO,SUN,0
2021-02-25T06,ERCO,SUN,0
2021-02-25T07,ERCO,SUN,0
2021-02-25T08,ERCO,SUN,0
2021-02-25T09,ERCO,SUN,0
2021-02-25T10,ERCO,SUN,0
2021-02-25T11,ERCO,SUN,0
2021-02-25T12,ERCO,SUN,0
2021-02-25T13,ERCO,SUN,0
2021-02-25T14,ERCO,SUN,39
2021-02-25T15,ERCO,SUN,367
2021-02-25T16,ERCO,SUN,690
2021-02-25T17,ERCO,SUN,1108
2021-02-25T18,ERCO,SUN,1525
2021-02-25T19,ERCO,SUN,1597
2021-02-25T20,ERCO,SUN,1684
2021-02-25T21,ERCO,SUN,1497
2021-02-25T22,ERCO,SUN,1440
2021-02-25T23,ERCO,SUN,1628
2021-02-26T00,ERCO,SUN,1416
2021-02-26T01,ERCO,SUN,111
2021-02-26T02,ERCO,SUN,0
2021-02-26T03,ERCO,SUN,0
2021-02-26T04,ERCO,SUN,0
2021-02-26T05,ERCO,SUN,0
2021-02-26T06,ERCO,SUN,0
2021-02-26T07,ERCO,SUN,0
2021-02-26T08,ERCO,SUN,0
2021-02-26T09,ERCO,SUN,0
2021-02-26T10,ERCO,SUN,0
2021-02-26T11,ERCO,SUN,0
2021-02-26T12,ERCO,SUN,0
2021-02-26T13,ERCO,SUN,0
2021-02-26T14,ERCO,SUN,205
2021-02-26T15,ERCO,SUN,2316
2021-02-26T16,ERCO,SUN,3933
2021-02-26T17,ERCO,SUN,3888
2021-02-26T18,ERCO,SUN,3987
2021-02-26T19,ERCO,SUN,3816
2021-02-26T20,ERCO,SUN,3577
2021-02-26T21,ERCO,SUN,3252
2021-02-26T22,ERCO,SUN,2895
2021-02-26T23,ERCO,SUN,2133
2021-02-27T00,ERCO,SUN,793
2021-02-27T01,ERCO,SUN,70
2021-02-27T02,ERCO,SUN,0
2021-02-27T03,ERCO,SUN,0
2021-02-27T04,ERCO,SUN,0
2021-02-27T05,ERCO,SUN,0
2021-02-27T06,ERCO,SUN,0
2021-02-27T07,ERCO,SUN,0
2021-02-27T08,ERCO,SUN,0
2021-02-27T09,ERCO,SUN,0
2021-02-27T10,ERCO,SUN,0
2021-02-27T11,ERCO,SUN,0
2021-02-27T12,ERCO,SUN,0
2021-02-27T13,ERCO,SUN,0
2021-02-27T14,ERCO,SUN,50
2021-02-27T15,ERCO,SUN,661
2021-02-27T16,ERCO,SUN,1694
2021-02-27T17,ERCO,SUN,3002
2021-02-27T18,ERCO,SUN,3328
2021-02-27T19,ERCO,SUN,3582
2021-02-27T20,ERCO,SUN,3437
2021-02-27T21,ERCO,SUN,2985
2021-02-27T22,ERCO,SUN,2472
2021-02-27T23,ERCO,SUN,1823
2021-02-28T00,ERCO,SUN,1038
2021-02-28T01,ERCO,SUN,172
2021-02-28T02,ERCO,SUN,0
2021-02-28T03,ERCO,SUN,0
2021-02-28T04,ERCO,SUN,0
2021-02-28T05,ERCO,SUN,0
2021-02-28T06,ERCO,SUN,0
2021-02-28T07,ERCO,SUN,0
2021-02-28T08,ERCO,SUN,0
2021-02-28T09,ERCO,SUN,0
2021-02-28T10,ERCO,SUN,0
2021-02-28T11,ERCO,SUN,0
2021-02-28T12,ERCO,SUN,0
2021-02-28T13,ERCO,SUN,0
2021-02-28T14,ERCO,SUN,10
2021-02-28T15,ERCO,SUN,129
2021-02-28T16,ERCO,SUN,510
2021-02-28T17,ERCO,SUN,1114
2021-02-28T18,ERCO,SUN,2073
2021-02-28T19,ERCO,SUN,3075
2021-02-28T20,ERCO,SUN,3626
2021-02-28T21,ERCO,SUN,4098
2021-02-28T22,ERCO,SUN,4183
2021-02-28T23,ERCO,SUN,4098
2021-03-01T00,ERCO,SUN,2607
2021-03-01T01,ERCO,SUN,278
2021-03-01T02,ERCO,SUN,0
2021-03-01T03,ERCO,SUN,0
2021-03-01T04,ERCO,SUN,0
2021-03-01T05,ERCO,SUN,0
2021-03-01T06,ERCO,SUN,0
2021-03-01T07,ERCO,SUN,0
2021-03-01T08,ERCO,SUN,0
2021-03-01T09,ERCO,SUN,0
2021-03-01T10,ERCO,SUN,0
2021-03-01T11,ERCO,SUN,0
2021-03-01T12,ERCO,SUN,0
2021-03-01T13,ERCO,SUN,0
2021-03-01T14,ERCO,SUN,47
2021-03-01T15,ERCO,SUN,513
2021-03-01T16,ERCO,SUN,1139
2021-03-01T17,ERCO,SUN,1337
2021-03-01T18,ERCO,SUN,1675
2021-03-01T19,ERCO,SUN,1745
2021-03-01T20,ERCO,SUN,2030
2021-03-01T21,ERCO,SUN,2003
2021-03-01T22,ERCO,SUN,1819
2021-03-01T23,ERCO,SUN,1610
2021-03-02T00,ERCO,SUN,997
2021-03-02T01,ERCO,SUN,171
2021-03-02T02,ERCO,SUN,0
2021-03-02T03,ERCO,SUN,0
2021-03-02T04,ERCO,SUN,0
2021-03-02T05,ERCO,SUN,0
2021-03-02T06,ERCO,SUN,0
2021-03-02T07,ERCO,SUN,0
2021-03-02T08,ERCO,SUN,0
2021-03-02T09,ERCO,SUN,0
2021-03-02T10,ERCO,SUN,0
2021-03-02T11,ERCO,SUN,0
2021-03-02T12,ERCO,SUN,0
2021-03-02T13,ERCO,SUN,0
2021-03-02T14,ERCO,SUN,453
2021-03-02T15,ERCO,SUN,3482
2021-03-02T16,ERCO,SUN,5023
2021-03-02T17,ERCO,SUN,5180
2021-03-02T18,ERCO,SUN,5141
2021-03-02T19,ERCO,SUN,5098
2021-03-02T20,ERCO,SUN,5132
2021-03-02T21,ERCO,SUN,5169
2021-03-02T22,ERCO,SUN,5162
2021-03-02T23,ERCO,SUN,4976
2021-03-03T00,ERCO,SUN,3209
2021-03-03T01,ERCO,SUN,373
2021-03-03T02,ERCO,SUN,0
2021-03-03T03,ERCO,SUN,0
2021-03-03T04,ERCO,SUN,0
2021-03-03T05,ERCO,SUN,0
2021-03-03T06,ERCO,SUN,0
2021-03-03T07,ERCO,SUN,0
2021-03-03T08,ERCO,SUN,0
2021-03-03T09,ERCO,SUN,0
2021-03-03T10,ERCO,SUN,0
2021-03-03T11,ERCO,SUN,0
2021-03-03T12,ERCO,SUN,0
2021-03-03T13,ERCO,SUN,0
2021-03-03T14,ERCO,SUN,534
2021-03-03T15,ERCO,SUN,3444
2021-03-03T16,ERCO,SUN,4921
2021-03-03T17,ERCO,SUN,5011
2021-03-03T18,ERCO,SUN,5070
2021-03-03T19,ERCO,SUN,4998
2021-03-03T20,ERCO,SUN,4873
2021-03-03T21,ERCO,SUN,4933
2021-03-03T22,ERCO,SUN,4742
2021-03-03T23,ERCO,SUN,4208
2021-03-04T00,ERCO,SUN,2503
2021-03-04T01,ERCO,SUN,302
2021-03-04T02,ERCO,SUN,0
2021-03-04T03,ERCO,SUN,0
2021-03-04T04,ERCO,SUN,0
2021-03-04T05,ERCO,SUN,0
2021-03-04T06,ERCO,SUN,0
2021-03-04T07,ERCO,SUN,0
2021-03-04T08,ERCO,SUN,0
2021-03-04T09,ERCO,SUN,0
2021-03-04T10,ERCO,SUN,0
2021-03-04T11,ERCO,SUN,0
2021-03-04T12,ERCO,SUN,0
2021-03-04T13,ERCO,SUN,0
2021-03-04T14,ERCO,SUN,378
2021-03-04T15,ERCO,SUN,2868
2021-03-04T16,ERCO,SUN,4117
2021-03-04T17,ERCO,SUN,4132
2021-03-04T18,ERCO,SUN,4127
2021-03-04T19,ERCO,SUN,4029
2021-03-04T20,ERCO,SUN,2762
2021-03-04T21,ERCO,SUN,1830
2021-03-04T22,ERCO,SUN,1713
2021-03-04T23,ERCO,SUN,1390
2021-03-05T00,ERCO,SUN,616
2021-03-05T01,ERCO,SUN,118
2021-03-05T02,ERCO,SUN,0
2021-03-05T03,ERCO,SUN,0
2021-03-05T04,ERCO,SUN,0
2021-03-05T05,ERCO,SUN,0
2021-03-05T06,ERCO,SUN,0
2021-03-05T07,ERCO,SUN,0
2021-03-05T08,ERCO,SUN,0
2021-03-05T09,ERCO,SUN,0
2021-03-05T10,ERCO,SUN,0
2021-03-05T11,ERCO,SUN,0
2021-03-05T12,ERCO,SUN,0
2021-03-05T13,ERCO,SUN,0
2021-03-05T14,ERCO,SUN,394
2021-03-05T15,ERCO,SUN,1540
2021-03-05T16,ERCO,SUN,1175
2021-03-05T17,ERCO,SUN,1268
2021-03-05T18,ERCO,SUN,1023
2021-03-05T19,ERCO,SUN,1045
2021-03-05T20,ERCO,SUN,948
2021-03-05T21,ERCO,SUN,923
2021-03-05T22,ERCO,SUN,835
2021-03-05T23,ERCO,SUN,708
2021-03-06T00,ERCO,SUN,423
2021-03-06T01,ERCO,SUN,127
2021-03-06T02,ERCO,SUN,0
2021-03-06T03,ERCO,SUN,0
2021-03-06T04,ERCO,SUN,0
2021-03-06T05,ERCO,SUN,0
2021-03-06T06,ERCO,SUN,0
2021-03-06T07,ERCO,SUN,0
2021-03-06T08,ERCO,SUN,0
2021-03-06T09,ERCO,SUN,0
2021-03-06T10,ERCO,SUN,0
2021-03-06T11,ERCO,SUN,0
2021-03-06T12,ERCO,SUN,0
2021-03-06T13,ERCO,SUN,0
2021-03-06T14,ERCO,SUN,546
2021-03-06T15,ERCO,SUN,3341
2021-03-06T16,ERCO,SUN,4814
2021-03-06T17,ERCO,SUN,4947
2021-03-06T18,ERCO,SUN,4889
2021-03-06T19,ERCO,SUN,4861
2021-03-06T20,ERCO,SUN,4944
2021-03-06T21,ERCO,SUN,4965
2021-03-06T22,ERCO,SUN,4925
2021-03-06T23,ERCO,SUN,4762
2021-03-07T00,ERCO,SUN,3086
2021-03-07T01,ERCO,SUN,387
2021-03-07T02,ERCO,SUN,0
2021-03-07T03,ERCO,SUN,0
2021-03-07T04,ERCO,SUN,0
2021-03-07T05,ERCO,SUN,0
2021-03-07T06,ERCO,SUN,0
2021-03-07T07,ERCO,SUN,0
2021-03-07T08,ERCO,SUN,0
2021-03-07T09,ERCO,SUN,0
2021-03-07T10,ERCO,SUN,0
2021-03-07T11,ERCO,SUN,0
2021-03-07T12,ERCO,SUN,0
2021-03-07T13,ERCO,SUN,1
2021-03-07T14,ERCO,SUN,512
2021-03-07T15,ERCO,SUN,3143
2021-03-07T16,ERCO,SUN,2606
2021-03-07T17,ERCO,SUN,1977
2021-03-07T18,ERCO,SUN,3220
2021-03-07T19,ERCO,SUN,4734
2021-03-07T20,ERCO,SUN,4739
2021-03-07T21,ERCO,SUN,4850
2021-03-07T22,ERCO,SUN,4981
2021-03-07T23,ERCO,SUN,4619
2021-03-08T00,ERCO,SUN,2929
2021-03-08T01,ERCO,SUN,345
2021-03-08T02,ERCO,SUN,0
2021-03-08T03,ERCO,SUN,0
2021-03-08T04,ERCO,SUN,0
2021-03-08T05,ERCO,SUN,0
2021-03-08T06,ERCO,SUN,0
2021-03-08T07,ERCO,SUN,0
2021-03-08T08,ERCO,SUN,0
2021-03-08T09,ERCO,SUN,0
2021-03-08T10,ERCO,SUN,0
2021-03-08T11,ERCO,SUN,0
2021-03-08T12,ERCO,SUN,0
2021-03-08T13,ERCO,SUN,1
2021-03-08T14,ERCO,SUN,533
2021-03-08T15,ERCO,SUN,2659
2021-03-08T16,ERCO,SUN,3218
2021-03-08T17,ERCO,SUN,2349
2021-03-08T18,ERCO,SUN,1712
2021-03-08T19,ERCO,SUN,1846
2021-03-08T20,ERCO,SUN,1962
2021-03-08T21,ERCO,SUN,1820
2021-03-08T22,ERCO,SUN,1336
2021-03-08T23,ERCO,SUN,995
2021-03-09T00,ERCO,SUN,567
2021-03-09T01,ERCO,SUN,145
2021-03-09T02,ERCO,SUN,0
2021-03-09T03,ERCO,SUN,0
2021-03-09T04,ERCO,SUN,0
2021-03-09T05,ERCO,SUN,0
2021-03-09T06,ERCO,SUN,0
2021-03-09T07,ERCO,SUN,0
2021-03-09T08,ERCO,SUN,0
2021-03-09T09,ERCO,SUN,0
2021-03-09T10,ERCO,SUN,0
2021-03-09T11,ERCO,SUN,0
2021-03-09T12,ERCO,SUN,0
2021-03-09T13,ERCO,SUN,1
2021-03-09T14,ERCO,SUN,79
2021-03-09T15,ERCO,SUN,237
2021-03-09T16,ERCO,SUN,376
2021-03-09T17,ERCO,SUN,545
2021-03-09T18,ERCO,SUN,669
2021-03-09T19,ERCO,SUN,761
2021-03-09T20,ERCO,SUN,753
2021-03-09T21,ERCO,SUN,744
2021-03-09T22,ERCO,SUN,488
2021-03-09T23,ERCO,SUN,353
2021-03-10T00,ERCO,SUN,167
2021-03-10T01,ERCO,SUN,40
2021-03-10T02,ERCO,SUN,0
2021-03-10T03,ERCO,SUN,0
2021-03-10T04,ERCO,SUN,0
2021-03-10T05,ERCO,SUN,0
2021-03-10T06,ERCO,SUN,0
2021-03-10T07,ERCO,SUN,0
2021-03-10T08,ERCO,SUN,0
2021-03-10T09,ERCO,SUN,0
2021-03-10T10,ERCO,SUN,0
2021-03-10T11,ERCO,SUN,0
2021-03-10T12,ERCO,SUN,0
2021-03-10T13,ERCO,SUN,0
2021-03-10T14,ERCO,SUN,263
2021-03-10T15,ERCO,SUN,1669
2021-03-10T16,ERCO,SUN,1769
2021-03-10T17,ERCO,SUN,2254
2021-03-10T18,ERCO,SUN,3519
2021-03-10T19,ERCO,SUN,3604
2021-03-10T20,ERCO,SUN,3104
2021-03-10T21,ERCO,SUN,2672
2021-03-10T22,ERCO,SUN,2080
2021-03-10T23,ERCO,SUN,1739
2021-03-11T00,ERCO,SUN,1348
2021-03-11T01,ERCO,SUN,153
2021-03-11T02,ERCO,SUN,0
2021-03-11T03,ERCO,SUN,0
2021-03-11T04,ERCO,SUN,0
2021-03-11T05,ERCO,SUN,0
2021-03-11T06,ERCO,SUN,0
2021-03-11T07,ERCO,SUN,0
2021-03-11T08,ERCO,SUN,0
2021-03-11T09,ERCO,SUN,0
2021-03-11T10,ERCO,SUN,0
2021-03-11T11,ERCO,SUN,0
2021-03-11T12,ERCO,SUN,0
2021-03-11T13,ERCO,SUN,0
2021-03-11T14,ERCO,SUN,145
2021-03-11T15,ERCO,SUN,765
2021-03-11T16,ERCO,SUN,1265
2021-03-11T17,ERCO,SUN,1846
2021-03-11T18,ERCO,SUN,2533
2021-03-11T19,ERCO,SUN,2951
2021-03-11T20,ERCO,SUN,2936
2021-03-11T21,ERCO,SUN,2614
2021-03-11T22,ERCO,SUN,1965
2021-03-11T23,ERCO,SUN,1328
2021-03-12T00,ERCO,SUN,573
2021-03-12T01,ERCO,SUN,105
2021-03-12T02,ERCO,SUN,0
2021-03-12T03,ERCO,SUN,0
2021-03-12T04,ERCO,SUN,0
2021-03-12T05,ERCO,SUN,0
2021-03-12T06,ERCO,SUN,0
2021-03-12T07,ERCO,SUN,0
2021-03-12T08,ERCO,SUN,0
2021-03-12T09,ERCO,SUN,0
2021-03-12T10,ERCO,SUN,0
2021-03-12T11,ERCO,SUN,0
2021-03-12T12,ERCO,SUN,0
2021-03-12T13,ERCO,SUN,0
2021-03-12T14,ERCO,SUN,153
2021-03-12T15,ERCO,SUN,954
2021-03-12T16,ERCO,SUN,2048
2021-03-12T17,ERCO,SUN,2619
2021-03-12T18,ERCO,SUN,2590
2021-03-12T19,ERCO,SUN,2519
2021-03-12T20,ERCO,SUN,2341
2021-03-12T21,ERCO,SUN,2288
2021-03-12T22,ERCO,SUN,2631
2021-03-12T23,ERCO,SUN,2513
2021-03-13T00,ERCO,SUN,1544
2021-03-13T01,ERCO,SUN,177
2021-03-13T02,ERCO,SUN,0
2021-03-13T03,ERCO,SUN,0
2021-03-13T04,ERCO,SUN,0
2021-03-13T05,ERCO,SUN,0
2021-03-13T06,ERCO,SUN,0
2021-03-13T07,ERCO,SUN,0
2021-03-13T08,ERCO,SUN,0
2021-03-13T09,ERCO,SUN,0
2021-03-13T10,ERCO,SUN,0
2021-03-13T11,ERCO,SUN,0
2021-03-13T12,ERCO,SUN,0
2021-03-13T13,ERCO,SUN,0
2021-03-13T14,ERCO,SUN,239
2021-03-13T15,ERCO,SUN,1481
2021-03-13T16,ERCO,SUN,2387
2021-03-13T17,ERCO,SUN,1515
2021-03-13T18,ERCO,SUN,1551
2021-03-13T19,ERCO,SUN,1618
2021-03-13T20,ERCO,SUN,1681
2021-03-13T21,ERCO,SUN,1632
2021-03-13T22,ERCO,SUN,1656
2021-03-13T23,ERCO,SUN,1286
2021-03-14T00,ERCO,SUN,748
2021-03-14T01,ERCO,SUN,115
2021-03-14T02,ERCO,SUN,0
2021-03-14T03,ERCO,SUN,0
2021-03-14T04,ERCO,SUN,0
2021-03-14T05,ERCO,SUN,0
2021-03-14T06,ERCO,SUN,0
2021-03-14T07,ERCO,SUN,0
2021-03-14T08,ERCO,SUN,0
2021-03-14T09,ERCO,SUN,0
2021-03-14T10,ERCO,SUN,0
2021-03-14T11,ERCO,SUN,0
2021-03-14T12,ERCO,SUN,0
2021-03-14T13,ERCO,SUN,0
2021-03-14T14,ERCO,SUN,724
2021-03-14T15,ERCO,SUN,3602
2021-03-14T16,ERCO,SUN,3873
2021-03-14T17,ERCO,SUN,2918
2021-03-14T18,ERCO,SUN,2373
2021-03-14T19,ERCO,SUN,1120
2021-03-14T20,ERCO,SUN,1048
2021-03-14T21,ERCO,SUN,1406
2021-03-14T22,ERCO,SUN,2057
2021-03-14T23,ERCO,SUN,1900
2021-03-15T00,ERCO,SUN,1479
2021-03-15T01,ERCO,SUN,342
2021-03-15T02,ERCO,SUN,1
2021-03-15T03,ERCO,SUN,0
2021-03-15T04,ERCO,SUN,0
2021-03-15T05,ERCO,SUN,0
2021-03-15T06,ERCO,SUN,0
2021-03-15T07,ERCO,SUN,0
2021-03-15T08,ERCO,SUN,0
2021-03-15T09,ERCO,SUN,0
2021-03-15T10,ERCO,SUN,0
2021-03-15T11,ERCO,SUN,0
2021-03-15T12,ERCO,SUN,0
2021-03-15T13,ERCO,SUN,2
2021-03-15T14,ERCO,SUN,926
2021-03-15T15,ERCO,SUN,4086
2021-03-15T16,ERCO,SUN,4983
2021-03-15T17,ERCO,SUN,5043
2021-03-15T18,ERCO,SUN,5092
2021-03-15T19,ERCO,SUN,5037
2021-03-15T20,ERCO,SUN,4978
2021-03-15T21,ERCO,SUN,5058
2021-03-15T22,ERCO,SUN,4953
2021-03-15T23,ERCO,SUN,4379
2021-03-16T00,ERCO,SUN,2832
2021-03-16T01,ERCO,SUN,408
2021-03-16T02,ERCO,SUN,0
2021-03-16T03,ERCO,SUN,0
2021-03-16T04,ERCO,SUN,0
2021-03-16T05,ERCO,SUN,0
2021-03-16T06,ERCO,SUN,0
2021-03-16T07,ERCO,SUN,0
2021-03-16T08,ERCO,SUN,0
2021-03-16T09,ERCO,SUN,0
2021-03-16T10,ERCO,SUN,0
2021-03-16T11,ERCO,SUN,0
2021-03-16T12,ERCO,SUN,0
2021-03-16T13,ERCO,SUN,0
2021-03-16T14,ERCO,SUN,201
2021-03-16T15,ERCO,SUN,1470
2021-03-16T16,ERCO,SUN,2844
2021-03-16T17,ERCO,SUN,3648
2021-03-16T18,ERCO,SUN,3965
2021-03-16T19,ERCO,SUN,4207
2021-03-16T20,ERCO,SUN,4669
2021-03-16T21,ERCO,SUN,4570
2021-03-16T22,ERCO,SUN,4048
2021-03-16T23,ERCO,SUN,3358
2021-03-17T00,ERCO,SUN,2070
2021-03-17T01,ERCO,SUN,261
2021-03-17T02,ERCO,SUN,0
2021-03-17T03,ERCO,SUN,0
2021-03-17T04,ERCO,SUN,0
2021-03-17T05,ERCO,SUN,0
2021-03-17T06,ERCO,SUN,0
2021-03-17T07,ERCO,SUN,0
2021-03-17T08,ERCO,SUN,0
2021-03-17T09,ERCO,SUN,0
2021-03-17T10,ERCO,SUN,0
2021-03-17T11,ERCO,SUN,0
2021-03-17T12,ERCO,SUN,0
2021-03-17T13,ERCO,SUN,1
2021-03-17T14,ERCO,SUN,721
2021-03-17T15,ERCO,SUN,2593
2021-03-17T16,ERCO,SUN,1585
2021-03-17T17,ERCO,SUN,1488
2021-03-17T18,ERCO,SUN,1220
2021-03-17T19,ERCO,SUN,1405
2021-03-17T20,ERCO,SUN,1917
2021-03-17T21,ERCO,SUN,1981
2021-03-17T22,ERCO,SUN,2312
2021-03-17T23,ERCO,SUN,2341
2021-03-18T00,ERCO,SUN,2006
2021-03-18T01,ERCO,SUN,564
2021-03-18T02,ERCO,SUN,0
2021-03-18T03,ERCO,SUN,0
2021-03-18T04,ERCO,SUN,0
2021-03-18T05,ERCO,SUN,0
2021-03-18T06,ERCO,SUN,0
2021-03-18T07,ERCO,SUN,0
2021-03-18T08,ERCO,SUN,0
2021-03-18T09,ERCO,SUN,0
2021-03-18T10,ERCO,SUN,0
2021-03-18T11,ERCO,SUN,0
2021-03-18T12,ERCO,SUN,0
2021-03-18T13,ERCO,SUN,6
2021-03-18T14,ERCO,SUN,1144
2021-03-18T15,ERCO,SUN,4084
2021-03-18T16,ERCO,SUN,4294
2021-03-18T17,ERCO,SUN,4693
2021-03-18T18,ERCO,SUN,5170
2021-03-18T19,ERCO,SUN,5128
2021-03-18T20,ERCO,SUN,5210
2021-03-18T21,ERCO,SUN,5247
2021-03-18T22,ERCO,SUN,5246
2021-03-18T23,ERCO,SUN,5153
2021-03-19T00,ERCO,SUN,3831
2021-03-19T01,ERCO,SUN,699
2021-03-19T02,ERCO,SUN,0
2021-03-19T03,ERCO,SUN,0
2021-03-19T04,ERCO,SUN,0
2021-03-19T05,ERCO,SUN,0
2021-03-19T06,ERCO,SUN,0
2021-03-19T07,ERCO,SUN,0
2021-03-19T08,ERCO,SUN,0
2021-03-19T09,ERCO,SUN,0
2021-03-19T10,ERCO,SUN,0
2021-03-19T11,ERCO,SUN,0
2021-03-19T12,ERCO,SUN,0
2021-03-19T13,ERCO,SUN,8
2021-03-19T14,ERCO,SUN,1255
2021-03-19T15,ERCO,SUN,4323
2021-03-19T16,ERCO,SUN,5121
2021-03-19T17,ERCO,SUN,5199
2021-03-19T18,ERCO,SUN,5277
2021-03-19T19,ERCO,SUN,5291
2021-03-19T20,ERCO,SUN,5336
2021-03-19T21,ERCO,SUN,5322
2021-03-19T22,ERCO,SUN,5317
2021-03-19T23,ERCO,SUN,5187
2021-03-20T00,ERCO,SUN,3802
2021-03-20T01,ERCO,SUN,704
2021-03-20T02,ERCO,SUN,0
2021-03-20T03,ERCO,SUN,0
2021-03-20T04,ERCO,SUN,0
2021-03-20T05,ERCO,SUN,0
2021-03-20T06,ERCO,SUN,0
2021-03-20T07,ERCO,SUN,0
2021-03-20T08,ERCO,SUN,0
2021-03-20T09,ERCO,SUN,0
2021-03-20T10,ERCO,SUN,0
2021-03-20T11,ERCO,SUN,0
2021-03-20T12,ERCO,SUN,0
2021-03-20T13,ERCO,SUN,10
2021-03-20T14,ERCO,SUN,1261
2021-03-20T15,ERCO,SUN,4322
2021-03-20T16,ERCO,SUN,4988
2021-03-20T17,ERCO,SUN,5110
2021-03-20T18,ERCO,SUN,5132
2021-03-20T19,ERCO,SUN,5117
2021-03-20T20,ERCO,SUN,5127
2021-03-20T21,ERCO,SUN,5107
2021-03-20T22,ERCO,SUN,5066
2021-03-20T23,ERCO,SUN,4916
2021-03-21T00,ERCO,SUN,3597
2021-03-21T01,ERCO,SUN,680
2021-03-21T02,ERCO,SUN,0
2021-03-21T03,ERCO,SUN,0
2021-03-21T04,ERCO,SUN,0
2021-03-21T05,ERCO,SUN,0
2021-03-21T06,ERCO,SUN,0
2021-03-21T07,ERCO,SUN,0
2021-03-21T08,ERCO,SUN,0
2021-03-21T09,ERCO,SUN,0
2021-03-21T10,ERCO,SUN,0
2021-03-21T11,ERCO,SUN,0
2021-03-21T12,ERCO,SUN,0
2021-03-21T13,ERCO,SUN,11
2021-03-21T14,ERCO,SUN,1005
2021-03-21T15,ERCO,SUN,2210
2021-03-21T16,ERCO,SUN,2011
2021-03-21T17,ERCO,SUN,2001
2021-03-21T18,ERCO,SUN,2165
2021-03-21T19,ERCO,SUN,2980
2021-03-21T20,ERCO,SUN,3072
2021-03-21T21,ERCO,SUN,2596
2021-03-21T22,ERCO,SUN,2074
2021-03-21T23,ERCO,SUN,1563
2021-03-22T00,ERCO,SUN,873
2021-03-22T01,ERCO,SUN,284
2021-03-22T02,ERCO,SUN,96
2021-03-22T03,ERCO,SUN,19
2021-03-22T04,ERCO,SUN,0
2021-03-22T05,ERCO,SUN,0
2021-03-22T06,ERCO,SUN,0
2021-03-22T07,ERCO,SUN,0
2021-03-22T08,ERCO,SUN,0
2021-03-22T09,ERCO,SUN,0
2021-03-22T10,ERCO,SUN,0
2021-03-22T11,ERCO,SUN,0
2021-03-22T12,ERCO,SUN,0
2021-03-22T13,ERCO,SUN,2
2021-03-22T14,ERCO,SUN,131
2021-03-22T15,ERCO,SUN,484
2021-03-22T16,ERCO,SUN,1628
2021-03-22T17,ERCO,SUN,1956
2021-03-22T18,ERCO,SUN,1423
2021-03-22T19,ERCO,SUN,2027
2021-03-22T20,ERCO,SUN,2513
2021-03-22T21,ERCO,SUN,3142
2021-03-22T22,ERCO,SUN,3225
2021-03-22T23,ERCO,SUN,2634
2021-03-23T00,ERCO,SUN,1617
2021-03-23T01,ERCO,SUN,277
2021-03-23T02,ERCO,SUN,0
2021-03-23T03,ERCO,SUN,0
2021-03-23T04,ERCO,SUN,0
2021-03-23T05,ERCO,SUN,0
2021-03-23T06,ERCO,SUN,0
2021-03-23T07,ERCO,SUN,0
2021-03-23T08,ERCO,SUN,0
2021-03-23T09,ERCO,SUN,0
2021-03-23T10,ERCO,SUN,0
2021-03-23T11,ERCO,SUN,0
2021-03-23T12,ERCO,SUN,0
2021-03-23T13,ERCO,SUN,14
2021-03-23T14,ERCO,SUN,1503
2021-03-23T15,ERCO,SUN,4537
2021-03-23T16,ERCO,SUN,5043
2021-03-23T17,ERCO,SUN,5079
2021-03-23T18,ERCO,SUN,5111
2021-03-23T19,ERCO,SUN,5015
2021-03-23T20,ERCO,SUN,4996
2021-03-23T21,ERCO,SUN,5142
2021-03-23T22,ERCO,SUN,5114
2021-03-23T23,ERCO,SUN,4997
2021-03-24T00,ERCO,SUN,3580
2021-03-24T01,ERCO,SUN,669
2021-03-24T02,ERCO,SUN,0
2021-03-24T03,ERCO,SUN,0
2021-03-24T04,ERCO,SUN,0
2021-03-24T05,ERCO,SUN,0
2021-03-24T06,ERCO,SUN,0
2021-03-24T07,ERCO,SUN,0
2021-03-24T08,ERCO,SUN,0
2021-03-24T09,ERCO,SUN,0
2021-03-24T10,ERCO,SUN,0
2021-03-24T11,ERCO,SUN,0
2021-03-24T12,ERCO,SUN,0
2021-03-24T13,ERCO,SUN,12
2021-03-24T14,ERCO,SUN,957
2021-03-24T15,ERCO,SUN,3396
2021-03-24T16,ERCO,SUN,3778
2021-03-24T17,ERCO,SUN,4088
2021-03-24T18,ERCO,SUN,4371
2021-03-24T19,ERCO,SUN,4392
2021-03-24T20,ERCO,SUN,4526
2021-03-24T21,ERCO,SUN,4579
2021-03-24T22,ERCO,SUN,4305
2021-03-24T23,ERCO,SUN,3461
2021-03-25T00,ERCO,SUN,2079
2021-03-25T01,ERCO,SUN,265
2021-03-25T02,ERCO,SUN,0
2021-03-25T03,ERCO,SUN,0
2021-03-25T04,ERCO,SUN,0
2021-03-25T05,ERCO,SUN,0
2021-03-25T06,ERCO,SUN,0
2021-03-25T07,ERCO,SUN,0
2021-03-25T08,ERCO,SUN,0
2021-03-25T09,ERCO,SUN,0
2021-03-25T10,ERCO,SUN,0
2021-03-25T11,ERCO,SUN,0
2021-03-25T12,ERCO,SUN,0
2021-03-25T13,ERCO,SUN,9
2021-03-25T14,ERCO,SUN,1449
2021-03-25T15,ERCO,SUN,4229
2021-03-25T16,ERCO,SUN,4845
2021-03-25T17,ERCO,SUN,4952
2021-03-25T18,ERCO,SUN,3863
2021-03-25T19,ERCO,SUN,4547
2021-03-25T20,ERCO,SUN,5004
2021-03-25T21,ERCO,SUN,5016
2021-03-25T22,ERCO,SUN,5026
2021-03-25T23,ERCO,SUN,4813
2021-03-26T00,ERCO,SUN,3622
2021-03-26T01,ERCO,SUN,769
2021-03-26T02,ERCO,SUN,0
2021-03-26T03,ERCO,SUN,0
2021-03-26T04,ERCO,SUN,0
2021-03-26T05,ERCO,SUN,0
2021-03-26T06,ERCO,SUN,0
2021-03-26T07,ERCO,SUN,0
2021-03-26T08,ERCO,SUN,0
2021-03-26T09,ERCO,SUN,0
2021-03-26T10,ERCO,SUN,0
2021-03-26T11,ERCO,SUN,0
2021-03-26T12,ERCO,SUN,0
2021-03-26T13,ERCO,SUN,28
2021-03-26T14,ERCO,SUN,1612
2021-03-26T15,ERCO,SUN,4163
2021-03-26T16,ERCO,SUN,3758
2021-03-26T17,ERCO,SUN,3425
2021-03-26T18,ERCO,SUN,3515
2021-03-26T19,ERCO,SUN,3616
2021-03-26T20,ERCO,SUN,3586
2021-03-26T21,ERCO,SUN,3534
2021-03-26T22,ERCO,SUN,3960
2021-03-26T23,ERCO,SUN,3966
2021-03-27T00,ERCO,SUN,3374
2021-03-27T01,ERCO,SUN,777
2021-03-27T02,ERCO,SUN,0
2021-03-27T03,ERCO,SUN,0
2021-03-27T04,ERCO,SUN,0
2021-03-27T05,ERCO,SUN,0
2021-03-27T06,ERCO,SUN,0
2021-03-27T07,ERCO,SUN,0
2021-03-27T08,ERCO,SUN,0
2021-03-27T09,ERCO,SUN,0
2021-03-27T10,ERCO,SUN,0
2021-03-27T11,ERCO,SUN,0
2021-03-27T12,ERCO,SUN,0
2021-03-27T13,ERCO,SUN,9
2021-03-27T14,ERCO,SUN,1194
2021-03-27T15,ERCO,SUN,3642
2021-03-27T16,ERCO,SUN,4328
2021-03-27T17,ERCO,SUN,4471
2021-03-27T18,ERCO,SUN,4659
2021-03-27T19,ERCO,SUN,4690
2021-03-27T20,ERCO,SUN,4680
2021-03-27T21,ERCO,SUN,4580
2021-03-27T22,ERCO,SUN,4400
2021-03-27T23,ERCO,SUN,4056
2021-03-28T00,ERCO,SUN,2931
2021-03-28T01,ERCO,SUN,635
2021-03-28T02,ERCO,SUN,1
2021-03-28T03,ERCO,SUN,0
2021-03-28T04,ERCO,SUN,0
2021-03-28T05,ERCO,SUN,0
2021-03-28T06,ERCO,SUN,0
2021-03-28T07,ERCO,SUN,0
2021-03-28T08,ERCO,SUN,0
2021-03-28T09,ERCO,SUN,0
2021-03-28T10,ERCO,SUN,0
2021-03-28T11,ERCO,SUN,0
2021-03-28T12,ERCO,SUN,0
2021-03-28T13,ERCO,SUN,25
2021-03-28T14,ERCO,SUN,1547
2021-03-28T15,ERCO,SUN,4240
2021-03-28T16,ERCO,SUN,4631
2021-03-28T17,ERCO,SUN,4809
2021-03-28T18,ERCO,SUN,4938
2021-03-28T19,ERCO,SUN,4957
2021-03-28T20,ERCO,SUN,5181
2021-03-28T21,ERCO,SUN,5412
2021-03-28T22,ERCO,SUN,5396
2021-03-28T23,ERCO,SUN,5147
2021-03-29T00,ERCO,SUN,3935
2021-03-29T01,ERCO,SUN,946
2021-03-29T02,ERCO,SUN,1
2021-03-29T03,ERCO,SUN,0
2021-03-29T04,ERCO,SUN,0
2021-03-29T05,ERCO,SUN,0
2021-03-29T06,ERCO,SUN,0
2021-03-29T07,ERCO,SUN,0
2021-03-29T08,ERCO,SUN,0
2021-03-29T09,ERCO,SUN,0
2021-03-29T10,ERCO,SUN,0
2021-03-29T11,ERCO,SUN,0
2021-03-29T12,ERCO,SUN,0
2021-03-29T13,ERCO,SUN,45
2021-03-29T14,ERCO,SUN,1794
2021-03-29T15,ERCO,SUN,3905
2021-03-29T16,ERCO,SUN,3165
2021-03-29T17,ERCO,SUN,2614
2021-03-29T18,ERCO,SUN,2447
2021-03-29T19,ERCO,SUN,2441
2021-03-29T20,ERCO,SUN,2568
2021-03-29T21,ERCO,SUN,2716
2021-03-29T22,ERCO,SUN,2623
2021-03-29T23,ERCO,SUN,2612
2021-03-30T00,ERCO,SUN,1765
2021-03-30T01,ERCO,SUN,541
2021-03-30T02,ERCO,SUN,1
2021-03-30T03,ERCO,SUN,0
2021-03-30T04,ERCO,SUN,0
2021-03-30T05,ERCO,SUN,0
2021-03-30T06,ERCO,SUN,0
2021-03-30T07,ERCO,SUN,0
2021-03-30T08,ERCO,SUN,0
2021-03-30T09,ERCO,SUN,0
2021-03-30T10,ERCO,SUN,0
2021-03-30T11,ERCO,SUN,0
2021-03-30T12,ERCO,SUN,0
2021-03-30T13,ERCO,SUN,6
2021-03-30T14,ERCO,SUN,323
2021-03-30T15,ERCO,SUN,1004
2021-03-30T16,ERCO,SUN,1927
2021-03-30T17,ERCO,SUN,2579
2021-03-30T18,ERCO,SUN,3406
2021-03-30T19,ERCO,SUN,3792
2021-03-30T20,ERCO,SUN,3957
2021-03-30T21,ERCO,SUN,4201
2021-03-30T22,ERCO,SUN,4318
2021-03-30T23,ERCO,SUN,4502
2021-03-31T00,ERCO,SUN,3750
2021-03-31T01,ERCO,SUN,913
2021-03-31T02,ERCO,SUN,1
2021-03-31T03,ERCO,SUN,0
2021-03-31T04,ERCO,SUN,0
2021-03-31T05,ERCO,SUN,0
2021-03-31T06,ERCO,SUN,0
2021-03-31T07,ERCO,SUN,0
2021-03-31T08,ERCO,SUN,0
2021-03-31T09,ERCO,SUN,0
2021-03-31T10,ERCO,SUN,0
2021-03-31T11,ERCO,SUN,0
2021-03-31T12,ERCO,SUN,0
2021-03-31T13,ERCO,SUN,17
2021-03-31T14,ERCO,SUN,1240
2021-03-31T15,ERCO,SUN,2558
2021-03-31T16,ERCO,SUN,2478
2021-03-31T17,ERCO,SUN,3180
2021-03-31T18,ERCO,SUN,3420
2021-03-31T19,ERCO,SUN,4130
2021-03-31T20,ERCO,SUN,4776
2021-03-31T21,ERCO,SUN,4954
2021-03-31T22,ERCO,SUN,5109
2021-03-31T23,ERCO,SUN,5172
2021-04-01T00,ERCO,SUN,4128
2021-04-01T01,ERCO,SUN,997
2021-04-01T02,ERCO,SUN,2
2021-04-01T03,ERCO,SUN,0
2021-04-01T04,ERCO,SUN,0
2021-04-01T05,ERCO,SUN,0
2021-04-01T06,ERCO,SUN,0
2021-04-01T07,ERCO,SUN,0
2021-04-01T08,ERCO,SUN,0
2021-04-01T09,ERCO,SUN,0
2021-04-01T10,ERCO,SUN,0
2021-04-01T11,ERCO,SUN,0
2021-04-01T12,ERCO,SUN,0
2021-04-01T13,ERCO,SUN,63
2021-04-01T14,ERCO,SUN,2079
2021-04-01T15,ERCO,SUN,4915
2021-04-01T16,ERCO,SUN,5019
2021-04-01T17,ERCO,SUN,5085
2021-04-01T18,ERCO,SUN,5182
2021-04-01T19,ERCO,SUN,5178
2021-04-01T20,ERCO,SUN,5184
2021-04-01T21,ERCO,SUN,5107
2021-04-01T22,ERCO,SUN,5002
2021-04-01T23,ERCO,SUN,4592
2021-04-02T00,ERCO,SUN,2987
2021-04-02T01,ERCO,SUN,743
2021-04-02T02,ERCO,SUN,1
2021-04-02T03,ERCO,SUN,0
2021-04-02T04,ERCO,SUN,0
2021-04-02T05,ERCO,SUN,0
2021-04-02T06,ERCO,SUN,0
2021-04-02T07,ERCO,SUN,0
2021-04-02T08,ERCO,SUN,0
2021-04-02T09,ERCO,SUN,0
2021-04-02T10,ERCO,SUN,0
2021-04-02T11,ERCO,SUN,0
2021-04-02T12,ERCO,SUN,0
2021-04-02T13,ERCO,SUN,60
2021-04-02T14,ERCO,SUN,1367
2021-04-02T15,ERCO,SUN,3148
2021-04-02T16,ERCO,SUN,2664
2021-04-02T17,ERCO,SUN,1888
2021-04-02T18,ERCO,SUN,2042
2021-04-02T19,ERCO,SUN,2561
2021-04-02T20,ERCO,SUN,2583
2021-04-02T21,ERCO,SUN,2969
2021-04-02T22,ERCO,SUN,3314
2021-04-02T23,ERCO,SUN,3033
2021-04-03T00,ERCO,SUN,2413
2021-04-03T01,ERCO,SUN,750
2021-04-03T02,ERCO,SUN,2
2021-04-03T03,ERCO,SUN,0
2021-04-03T04,ERCO,SUN,0
2021-04-03T05,ERCO,SUN,0
2021-04-03T06,ERCO,SUN,0
2021-04-03T07,ERCO,SUN,0
2021-04-03T08,ERCO,SUN,0
2021-04-03T09,ERCO,SUN,0
2021-04-03T10,ERCO,SUN,0
2021-04-03T11,ERCO,SUN,0
2021-04-03T12,ERCO,SUN,0
2021-04-03T13,ERCO,SUN,33
2021-04-03T14,ERCO,SUN,1217
2021-04-03T15,ERCO,SUN,2993
2021-04-03T16,ERCO,SUN,3922
2021-04-03T17,ERCO,SUN,4724
2021-04-03T18,ERCO,SUN,4546
2021-04-03T19,ERCO,SUN,4562
2021-04-03T20,ERCO,SUN,4400
2021-04-03T21,ERCO,SUN,4252
2021-04-03T22,ERCO,SUN,3789
2021-04-03T23,ERCO,SUN,2679
2021-04-04T00,ERCO,SUN,1097
2021-04-04T01,ERCO,SUN,203
2021-04-04T02,ERCO,SUN,1
2021-04-04T03,ERCO,SUN,0
2021-04-04T04,ERCO,SUN,0
2021-04-04T05,ERCO,SUN,0
2021-04-04T06,ERCO,SUN,0
2021-04-04T07,ERCO,SUN,0
2021-04-04T08,ERCO,SUN,0
2021-04-04T09,ERCO,SUN,0
2021-04-04T10,ERCO,SUN,0
2021-04-04T11,ERCO,SUN,0
2021-04-04T12,ERCO,SUN,0
2021-04-04T13,ERCO,SUN,17
2021-04-04T14,ERCO,SUN,324
2021-04-04T15,ERCO,SUN,855
2021-04-04T16,ERCO,SUN,1176
2021-04-04T17,ERCO,SUN,1575
2021-04-04T18,ERCO,SUN,1950
2021-04-04T19,ERCO,SUN,2177
2021-04-04T20,ERCO,SUN,2660
2021-04-04T21,ERCO,SUN,3130
2021-04-04T22,ERCO,SUN,3216
2021-04-04T23,ERCO,SUN,2811
2021-04-05T00,ERCO,SUN,2153
2021-04-05T01,ERCO,SUN,614
2021-04-05T02,ERCO,SUN,2
2021-04-05T03,ERCO,SUN,0
2021-04-05T04,ERCO,SUN,0
2021-04-05T05,ERCO,SUN,0
2021-04-05T06,ERCO,SUN,0
2021-04-05T07,ERCO,SUN,0
2021-04-05T08,ERCO,SUN,0
2021-04-05T09,ERCO,SUN,0
2021-04-05T10,ERCO,SUN,0
2021-04-05T11,ERCO,SUN,0
2021-04-05T12,ERCO,SUN,0
2021-04-05T13,ERCO,SUN,49
2021-04-05T14,ERCO,SUN,1028
2021-04-05T15,ERCO,SUN,2683
2021-04-05T16,ERCO,SUN,3055
2021-04-05T17,ERCO,SUN,2808
2021-04-05T18,ERCO,SUN,2182
2021-04-05T19,ERCO,SUN,1687
2021-04-05T20,ERCO,SUN,1246
2021-04-05T21,ERCO,SUN,1237
2021-04-05T22,ERCO,SUN,2347
2021-04-05T23,ERCO,SUN,1924
2021-04-06T00,ERCO,SUN,1282
2021-04-06T01,ERCO,SUN,324
2021-04-06T02,ERCO,SUN,1
2021-04-06T03,ERCO,SUN,0
2021-04-06T04,ERCO,SUN,0
2021-04-06T05,ERCO,SUN,0
2021-04-06T06,ERCO,SUN,0
2021-04-06T07,ERCO,SUN,0
2021-04-06T08,ERCO,SUN,0
2021-04-06T09,ERCO,SUN,0
2021-04-06T10,ERCO,SUN,0
2021-04-06T11,ERCO,SUN,0
2021-04-06T12,ERCO,SUN,0
2021-04-06T13,ERCO,SUN,25
2021-04-06T14,ERCO,SUN,612
2021-04-06T15,ERCO,SUN,903
2021-04-06T16,ERCO,SUN,1254
2021-04-06T17,ERCO,SUN,1441
2021-04-06T18,ERCO,SUN,1810
2021-04-06T19,ERCO,SUN,1848
2021-04-06T20,ERCO,SUN,1909
2021-04-06T21,ERCO,SUN,1859
2021-04-06T22,ERCO,SUN,1657
2021-04-06T23,ERCO,SUN,1170
2021-04-07T00,ERCO,SUN,945
2021-04-07T01,ERCO,SUN,387
2021-04-07T02,ERCO,SUN,5
2021-04-07T03,ERCO,SUN,0
2021-04-07T04,ERCO,SUN,0
2021-04-07T05,ERCO,SUN,0
2021-04-07T06,ERCO,SUN,0
2021-04-07T07,ERCO,SUN,0
2021-04-07T08,ERCO,SUN,0
2021-04-07T09,ERCO,SUN,0
2021-04-07T10,ERCO,SUN,0
2021-04-07T11,ERCO,SUN,0
2021-04-07T12,ERCO,SUN,0
2021-04-07T13,ERCO,SUN,73
2021-04-07T14,ERCO,SUN,1951
2021-04-07T15,ERCO,SUN,4236
2021-04-07T16,ERCO,SUN,4620
2021-04-07T17,ERCO,SUN,4687
2021-04-07T18,ERCO,SUN,4779
2021-04-07T19,ERCO,SUN,4893
2021-04-07T20,ERCO,SUN,4814
2021-04-07T21,ERCO,SUN,4871
2021-04-07T22,ERCO,SUN,4975
2021-04-07T23,ERCO,SUN,5041
2021-04-08T00,ERCO,SUN,4077
2021-04-08T01,ERCO,SUN,1119
2021-04-08T02,ERCO,SUN,11
2021-04-08T03,ERCO,SUN,2
2021-04-08T04,ERCO,SUN,0
2021-04-08T05,ERCO,SUN,0
2021-04-08T06,ERCO,SUN,0
2021-04-08T07,ERCO,SUN,0
2021-04-08T08,ERCO,SUN,0
2021-04-08T09,ERCO,SUN,0
2021-04-08T10,ERCO,SUN,0
2021-04-08T11,ERCO,SUN,0
2021-04-08T12,ERCO,SUN,0
2021-04-08T13,ERCO,SUN,135
2021-04-08T14,ERCO,SUN,2412
2021-04-08T15,ERCO,SUN,4594
2021-04-08T16,ERCO,SUN,5120
2021-04-08T17,ERCO,SUN,5199
2021-04-08T18,ERCO,SUN,5205
2021-04-08T19,ERCO,SUN,5198
2021-04-08T20,ERCO,SUN,5241
2021-04-08T21,ERCO,SUN,5149
2021-04-08T22,ERCO,SUN,4871
2021-04-08T23,ERCO,SUN,4416
2021-04-09T00,ERCO,SUN,3063
2021-04-09T01,ERCO,SUN,815
2021-04-09T02,ERCO,SUN,13
2021-04-09T03,ERCO,SUN,0
2021-04-09T04,ERCO,SUN,0
2021-04-09T05,ERCO,SUN,0
2021-04-09T06,ERCO,SUN,0
2021-04-09T07,ERCO,SUN,0
2021-04-09T08,ERCO,SUN,0
2021-04-09T09,ERCO,SUN,0
2021-04-09T10,ERCO,SUN,0
2021-04-09T11,ERCO,SUN,0
2021-04-09T12,ERCO,SUN,0
2021-04-09T13,ERCO,SUN,79
2021-04-09T14,ERCO,SUN,1914
2021-04-09T15,ERCO,SUN,3541
2021-04-09T16,ERCO,SUN,3083
2021-04-09T17,ERCO,SUN,2855
2021-04-09T18,ERCO,SUN,2891
2021-04-09T19,ERCO,SUN,3045
2021-04-09T20,ERCO,SUN,2602
2021-04-09T21,ERCO,SUN,1941
2021-04-09T22,ERCO,SUN,943
2021-04-09T23,ERCO,SUN,614
2021-04-10T00,ERCO,SUN,424
2021-04-10T01,ERCO,SUN,127
2021-04-10T02,ERCO,SUN,3
2021-04-10T03,ERCO,SUN,1
2021-04-10T04,ERCO,SUN,1
2021-04-10T05,ERCO,SUN,1
2021-04-10T06,ERCO,SUN,1
2021-04-10T07,ERCO,SUN,1
2021-04-10T08,ERCO,SUN,1
2021-04-10T09,ERCO,SUN,1
2021-04-10T10,ERCO,SUN,1
2021-04-10T11,ERCO,SUN,1
2021-04-10T12,ERCO,SUN,1
2021-04-10T13,ERCO,SUN,151
2021-04-10T14,ERCO,SUN,2552
2021-04-10T15,ERCO,SUN,4968
2021-04-10T16,ERCO,SUN,5364
2021-04-10T17,ERCO,SUN,5439
2021-04-10T18,ERCO,SUN,5506
2021-04-10T19,ERCO,SUN,5532
2021-04-10T20,ERCO,SUN,5537
2021-04-10T21,ERCO,SUN,5537
2021-04-10T22,ERCO,SUN,5497
2021-04-10T23,ERCO,SUN,5420
2021-04-11T00,ERCO,SUN,4412
2021-04-11T01,ERCO,SUN,1304
2021-04-11T02,ERCO,SUN,9
2021-04-11T03,ERCO,SUN,0
2021-04-11T04,ERCO,SUN,0
2021-04-11T05,ERCO,SUN,0
2021-04-11T06,ERCO,SUN,0
2021-04-11T07,ERCO,SUN,0
2021-04-11T08,ERCO,SUN,0
2021-04-11T09,ERCO,SUN,0
2021-04-11T10,ERCO,SUN,0
2021-04-11T11,ERCO,SUN,0
2021-04-11T12,ERCO,SUN,0
2021-04-11T13,ERCO,SUN,133
2021-04-11T14,ERCO,SUN,1932
2021-04-11T15,ERCO,SUN,3674
2021-04-11T16,ERCO,SUN,3537
2021-04-11T17,ERCO,SUN,4430
2021-04-11T18,ERCO,SUN,5274
2021-04-11T19,ERCO,SUN,5419
2021-04-11T20,ERCO,SUN,5409
2021-04-11T21,ERCO,SUN,5033
2021-04-11T22,ERCO,SUN,4711
2021-04-11T23,ERCO,SUN,4516
2021-04-12T00,ERCO,SUN,3176
2021-04-12T01,ERCO,SUN,783
2021-04-12T02,ERCO,SUN,4
2021-04-12T03,ERCO,SUN,0
2021-04-12T04,ERCO,SUN,0
2021-04-12T05,ERCO,SUN,0
2021-04-12T06,ERCO,SUN,0
2021-04-12T07,ERCO,SUN,0
2021-04-12T08,ERCO,SUN,0
2021-04-12T09,ERCO,SUN,0
2021-04-12T10,ERCO,SUN,0
2021-04-12T11,ERCO,SUN,0
2021-04-12T12,ERCO,SUN,0
2021-04-12T13,ERCO,SUN,85
2021-04-12T14,ERCO,SUN,928
2021-04-12T15,ERCO,SUN,2067
2021-04-12T16,ERCO,SUN,2942
2021-04-12T17,ERCO,SUN,3780
2021-04-12T18,ERCO,SUN,4341
2021-04-12T19,ERCO,SUN,4706
2021-04-12T20,ERCO,SUN,4955
2021-04-12T21,ERCO,SUN,4945
2021-04-12T22,ERCO,SUN,4761
2021-04-12T23,ERCO,SUN,4393
2021-04-13T00,ERCO,SUN,3349
2021-04-13T01,ERCO,SUN,1134
2021-04-13T02,ERCO,SUN,9
2021-04-13T03,ERCO,SUN,0
2021-04-13T04,ERCO,SUN,0
2021-04-13T05,ERCO,SUN,0
2021-04-13T06,ERCO,SUN,0
2021-04-13T07,ERCO,SUN,0
2021-04-13T08,ERCO,SUN,0
2021-04-13T09,ERCO,SUN,0
2021-04-13T10,ERCO,SUN,0
2021-04-13T11,ERCO,SUN,0
2021-04-13T12,ERCO,SUN,0
2021-04-13T13,ERCO,SUN,23
2021-04-13T14,ERCO,SUN,323
2021-04-13T15,ERCO,SUN,745
2021-04-13T16,ERCO,SUN,1144
2021-04-13T17,ERCO,SUN,1637
2021-04-13T18,ERCO,SUN,2215
2021-04-13T19,ERCO,SUN,2461
2021-04-13T20,ERCO,SUN,2169
2021-04-13T21,ERCO,SUN,2110
2021-04-13T22,ERCO,SUN,1986
2021-04-13T23,ERCO,SUN,1684
2021-04-14T00,ERCO,SUN,1047
2021-04-14T01,ERCO,SUN,233
2021-04-14T02,ERCO,SUN,2
2021-04-14T03,ERCO,SUN,0
2021-04-14T04,ERCO,SUN,0
2021-04-14T05,ERCO,SUN,0
2021-04-14T06,ERCO,SUN,0
2021-04-14T07,ERCO,SUN,0
2021-04-14T08,ERCO,SUN,0
2021-04-14T09,ERCO,SUN,0
2021-04-14T10,ERCO,SUN,0
2021-04-14T11,ERCO,SUN,0
2021-04-14T12,ERCO,SUN,0
2021-04-14T13,ERCO,SUN,9
2021-04-14T14,ERCO,SUN,177
2021-04-14T15,ERCO,SUN,476
2021-04-14T16,ERCO,SUN,871
2021-04-14T17,ERCO,SUN,1375
2021-04-14T18,ERCO,SUN,2219
2021-04-14T19,ERCO,SUN,2893
2021-04-14T20,ERCO,SUN,3031
2021-04-14T21,ERCO,SUN,2854
2021-04-14T22,ERCO,SUN,2636
2021-04-14T23,ERCO,SUN,2073
2021-04-15T00,ERCO,SUN,1153
2021-04-15T01,ERCO,SUN,471
2021-04-15T02,ERCO,SUN,6
2021-04-15T03,ERCO,SUN,0
2021-04-15T04,ERCO,SUN,0
2021-04-15T05,ERCO,SUN,0
2021-04-15T06,ERCO,SUN,0
2021-04-15T07,ERCO,SUN,0
2021-04-15T08,ERCO,SUN,0
2021-04-15T09,ERCO,SUN,0
2021-04-15T10,ERCO,SUN,0
2021-04-15T11,ERCO,SUN,0
2021-04-15T12,ERCO,SUN,0
2021-04-15T13,ERCO,SUN,33
2021-04-15T14,ERCO,SUN,205
2021-04-15T15,ERCO,SUN,432
2021-04-15T16,ERCO,SUN,679
2021-04-15T17,ERCO,SUN,984
2021-04-15T18,ERCO,SUN,1205
2021-04-15T19,ERCO,SUN,1250
2021-04-15T20,ERCO,SUN,1374
2021-04-15T21,ERCO,SUN,1311
2021-04-15T22,ERCO,SUN,1176
2021-04-15T23,ERCO,SUN,651
2021-04-16T00,ERCO,SUN,249
2021-04-16T01,ERCO,SUN,69
2021-04-16T02,ERCO,SUN,1
2021-04-16T03,ERCO,SUN,0
2021-04-16T04,ERCO,SUN,0
2021-04-16T05,ERCO,SUN,0
2021-04-16T06,ERCO,SUN,0
2021-04-16T07,ERCO,SUN,0
2021-04-16T08,ERCO,SUN,0
2021-04-16T09,ERCO,SUN,0
2021-04-16T10,ERCO,SUN,0
2021-04-16T11,ERCO,SUN,0
2021-04-16T12,ERCO,SUN,0
2021-04-16T13,ERCO,SUN,20
2021-04-16T14,ERCO,SUN,311
2021-04-16T15,ERCO,SUN,829
2021-04-16T16,ERCO,SUN,1624
2021-04-16T17,ERCO,SUN,2191
2021-04-16T18,ERCO,SUN,2481
2021-04-16T19,ERCO,SUN,2581
2021-04-16T20,ERCO,SUN,1948
2021-04-16T21,ERCO,SUN,1030
2021-04-16T22,ERCO,SUN,788
2021-04-16T23,ERCO,SUN,499
2021-04-17T00,ERCO,SUN,286
2021-04-17T01,ERCO,SUN,140
2021-04-17T02,ERCO,SUN,3
2021-04-17T03,ERCO,SUN,0
2021-04-17T04,ERCO,SUN,0
2021-04-17T05,ERCO,SUN,0
2021-04-17T06,ERCO,SUN,0
2021-04-17T07,ERCO,SUN,0
2021-04-17T08,ERCO,SUN,0
2021-04-17T09,ERCO,SUN,0
2021-04-17T10,ERCO,SUN,0
2021-04-17T11,ERCO,SUN,0
2021-04-17T12,ERCO,SUN,0
2021-04-17T13,ERCO,SUN,62
2021-04-17T14,ERCO,SUN,1086
2021-04-17T15,ERCO,SUN,2030
2021-04-17T16,ERCO,SUN,2453
2021-04-17T17,ERCO,SUN,2785
2021-04-17T18,ERCO,SUN,3084
2021-04-17T19,ERCO,SUN,2749
2021-04-17T20,ERCO,SUN,2753
2021-04-17T21,ERCO,SUN,2792
2021-04-17T22,ERCO,SUN,2270
2021-04-17T23,ERCO,SUN,1407
2021-04-18T00,ERCO,SUN,1058
2021-04-18T01,ERCO,SUN,519
2021-04-18T02,ERCO,SUN,12
2021-04-18T03,ERCO,SUN,0
2021-04-18T04,ERCO,SUN,0
2021-04-18T05,ERCO,SUN,0
2021-04-18T06,ERCO,SUN,0
2021-04-18T07,ERCO,SUN,0
2021-04-18T08,ERCO,SUN,0
2021-04-18T09,ERCO,SUN,0
2021-04-18T10,ERCO,SUN,0
2021-04-18T11,ERCO,SUN,0
2021-04-18T12,ERCO,SUN,0
2021-04-18T13,ERCO,SUN,151
2021-04-18T14,ERCO,SUN,1151
2021-04-18T15,ERCO,SUN,2365
2021-04-18T16,ERCO,SUN,3133
2021-04-18T17,ERCO,SUN,3711
2021-04-18T18,ERCO,SUN,3988
2021-04-18T19,ERCO,SUN,4207
2021-04-18T20,ERCO,SUN,4434
2021-04-18T21,ERCO,SUN,4701
2021-04-18T22,ERCO,SUN,4899
2021-04-18T23,ERCO,SUN,4545
2021-04-19T00,ERCO,SUN,3809
2021-04-19T01,ERCO,SUN,1424
2021-04-19T02,ERCO,SUN,18
2021-04-19T03,ERCO,SUN,0
2021-04-19T04,ERCO,SUN,0
2021-04-19T05,ERCO,SUN,0
2021-04-19T06,ERCO,SUN,0
2021-04-19T07,ERCO,SUN,0
2021-04-19T08,ERCO,SUN,0
2021-04-19T09,ERCO,SUN,0
2021-04-19T10,ERCO,SUN,0
2021-04-19T11,ERCO,SUN,0
2021-04-19T12,ERCO,SUN,0
2021-04-19T13,ERCO,SUN,226
2021-04-19T14,ERCO,SUN,1423
2021-04-19T15,ERCO,SUN,2831
2021-04-19T16,ERCO,SUN,3994
2021-04-19T17,ERCO,SUN,4916
2021-04-19T18,ERCO,SUN,5195
2021-04-19T19,ERCO,SUN,5299
2021-04-19T20,ERCO,SUN,5041
2021-04-19T21,ERCO,SUN,4699
2021-04-19T22,ERCO,SUN,4563
2021-04-19T23,ERCO,SUN,4606
2021-04-20T00,ERCO,SUN,4093
2021-04-20T01,ERCO,SUN,1493
2021-04-20T02,ERCO,SUN,22
2021-04-20T03,ERCO,SUN,0
2021-04-20T04,ERCO,SUN,0
2021-04-20T05,ERCO,SUN,0
2021-04-20T06,ERCO,SUN,0
2021-04-20T07,ERCO,SUN,0
2021-04-20T08,ERCO,SUN,0
2021-04-20T09,ERCO,SUN,0
2021-04-20T10,ERCO,SUN,0
2021-04-20T11,ERCO,SUN,0
2021-04-20T12,ERCO,SUN,0
2021-04-20T13,ERCO,SUN,204
2021-04-20T14,ERCO,SUN,1344
2021-04-20T15,ERCO,SUN,1807
2021-04-20T16,ERCO,SUN,1900
2021-04-20T17,ERCO,SUN,1635
2021-04-20T18,ERCO,SUN,1558
2021-04-20T19,ERCO,SUN,1593
2021-04-20T20,ERCO,SUN,1898
2021-04-20T21,ERCO,SUN,2221
2021-04-20T22,ERCO,SUN,3196
2021-04-20T23,ERCO,SUN,3650
2021-04-21T00,ERCO,SUN,3144
2021-04-21T01,ERCO,SUN,1617
2021-04-21T02,ERCO,SUN,29
2021-04-21T03,ERCO,SUN,0
2021-04-21T04,ERCO,SUN,0
2021-04-21T05,ERCO,SUN,0
2021-04-21T06,ERCO,SUN,0
2021-04-21T07,ERCO,SUN,0
2021-04-21T08,ERCO,SUN,0
2021-04-21T09,ERCO,SUN,0
2021-04-21T10,ERCO,SUN,0
2021-04-21T11,ERCO,SUN,0
2021-04-21T12,ERCO,SUN,1
2021-04-21T13,ERCO,SUN,297
2021-04-21T14,ERCO,SUN,2165
2021-04-21T15,ERCO,SUN,2941
2021-04-21T16,ERCO,SUN,3350
2021-04-21T17,ERCO,SUN,3932
2021-04-21T18,ERCO,SUN,4580
2021-04-21T19,ERCO,SUN,4951
2021-04-21T20,ERCO,SUN,5175
2021-04-21T21,ERCO,SUN,5058
2021-04-21T22,ERCO,SUN,4899
2021-04-21T23,ERCO,SUN,4440
2021-04-22T00,ERCO,SUN,3553
2021-04-22T01,ERCO,SUN,1346
2021-04-22T02,ERCO,SUN,35
2021-04-22T03,ERCO,SUN,0
2021-04-22T04,ERCO,SUN,0
2021-04-22T05,ERCO,SUN,0
2021-04-22T06,ERCO,SUN,0
2021-04-22T07,ERCO,SUN,0
2021-04-22T08,ERCO,SUN,0
2021-04-22T09,ERCO,SUN,0
2021-04-22T10,ERCO,SUN,0
2021-04-22T11,ERCO,SUN,0
2021-04-22T12,ERCO,SUN,0
2021-04-22T13,ERCO,SUN,118
2021-04-22T14,ERCO,SUN,1013
2021-04-22T15,ERCO,SUN,1445
2021-04-22T16,ERCO,SUN,1987
2021-04-22T17,ERCO,SUN,2683
2021-04-22T18,ERCO,SUN,3202
2021-04-22T19,ERCO,SUN,3417
2021-04-22T20,ERCO,SUN,3547
2021-04-22T21,ERCO,SUN,3319
2021-04-22T22,ERCO,SUN,2743
2021-04-22T23,ERCO,SUN,2274
2021-04-23T00,ERCO,SUN,1306
2021-04-23T01,ERCO,SUN,529
2021-04-23T02,ERCO,SUN,13
2021-04-23T03,ERCO,SUN,0
2021-04-23T04,ERCO,SUN,0
2021-04-23T05,ERCO,SUN,0
2021-04-23T06,ERCO,SUN,0
2021-04-23T07,ERCO,SUN,0
2021-04-23T08,ERCO,SUN,0
2021-04-23T09,ERCO,SUN,0
2021-04-23T10,ERCO,SUN,0
2021-04-23T11,ERCO,SUN,0
2021-04-23T12,ERCO,SUN,0
2021-04-23T13,ERCO,SUN,147
2021-04-23T14,ERCO,SUN,1806
2021-04-23T15,ERCO,SUN,2814
2021-04-23T16,ERCO,SUN,3071
2021-04-23T17,ERCO,SUN,3465
2021-04-23T18,ERCO,SUN,4495
2021-04-23T19,ERCO,SUN,4792
2021-04-23T20,ERCO,SUN,4834
2021-04-23T21,ERCO,SUN,4085
2021-04-23T22,ERCO,SUN,2554
2021-04-23T23,ERCO,SUN,1768
2021-04-24T00,ERCO,SUN,1344
2021-04-24T01,ERCO,SUN,639
2021-04-24T02,ERCO,SUN,37
2021-04-24T03,ERCO,SUN,0
2021-04-24T04,ERCO,SUN,0
2021-04-24T05,ERCO,SUN,0
2021-04-24T06,ERCO,SUN,0
2021-04-24T07,ERCO,SUN,0
2021-04-24T08,ERCO,SUN,0
2021-04-24T09,ERCO,SUN,0
2021-04-24T10,ERCO,SUN,0
2021-04-24T11,ERCO,SUN,0
2021-04-24T12,ERCO,SUN,0
2021-04-24T13,ERCO,SUN,506
2021-04-24T14,ERCO,SUN,3724
2021-04-24T15,ERCO,SUN,5513
2021-04-24T16,ERCO,SUN,5640
2021-04-24T17,ERCO,SUN,5668
2021-04-24T18,ERCO,SUN,5668
2021-04-24T19,ERCO,SUN,5681
2021-04-24T20,ERCO,SUN,5591
2021-04-24T21,ERCO,SUN,5442
2021-04-24T22,ERCO,SUN,5265
2021-04-24T23,ERCO,SUN,5345
2021-04-25T00,ERCO,SUN,4725
2021-04-25T01,ERCO,SUN,1830
2021-04-25T02,ERCO,SUN,45
2021-04-25T03,ERCO,SUN,0
2021-04-25T04,ERCO,SUN,0
2021-04-25T05,ERCO,SUN,0
2021-04-25T06,ERCO,SUN,0
2021-04-25T07,ERCO,SUN,0
2021-04-25T08,ERCO,SUN,0
2021-04-25T09,ERCO,SUN,0
2021-04-25T10,ERCO,SUN,0
2021-04-25T11,ERCO,SUN,0
2021-04-25T12,ERCO,SUN,0
2021-04-25T13,ERCO,SUN,199
2021-04-25T14,ERCO,SUN,1286
2021-04-25T15,ERCO,SUN,1762
2021-04-25T16,ERCO,SUN,1699
2021-04-25T17,ERCO,SUN,1669
2021-04-25T18,ERCO,SUN,1677
2021-04-25T19,ERCO,SUN,1922
2021-04-25T20,ERCO,SUN,2439
2021-04-25T21,ERCO,SUN,3007
2021-04-25T22,ERCO,SUN,3062
2021-04-25T23,ERCO,SUN,2691
2021-04-26T00,ERCO,SUN,1717
2021-04-26T01,ERCO,SUN,578
2021-04-26T02,ERCO,SUN,12
2021-04-26T03,ERCO,SUN,0
2021-04-26T04,ERCO,SUN,0
2021-04-26T05,ERCO,SUN,0
2021-04-26T06,ERCO,SUN,0
2021-04-26T07,ERCO,SUN,0
2021-04-26T08,ERCO,SUN,0
2021-04-26T09,ERCO,SUN,0
2021-04-26T10,ERCO,SUN,0
2021-04-26T11,ERCO,SUN,0
2021-04-26T12,ERCO,SUN,1
2021-04-26T13,ERCO,SUN,138
2021-04-26T14,ERCO,SUN,945
2021-04-26T15,ERCO,SUN,1537
2021-04-26T16,ERCO,SUN,1876
2021-04-26T17,ERCO,SUN,2502
2021-04-26T18,ERCO,SUN,3775
2021-04-26T19,ERCO,SUN,4752
2021-04-26T20,ERCO,SUN,4641
2021-04-26T21,ERCO,SUN,4115
2021-04-26T22,ERCO,SUN,3110
2021-04-26T23,ERCO,SUN,1663
2021-04-27T00,ERCO,SUN,801
2021-04-27T01,ERCO,SUN,255
2021-04-27T02,ERCO,SUN,12
2021-04-27T03,ERCO,SUN,0
2021-04-27T04,ERCO,SUN,0
2021-04-27T05,ERCO,SUN,0
2021-04-27T06,ERCO,SUN,0
2021-04-27T07,ERCO,SUN,0
2021-04-27T08,ERCO,SUN,0
2021-04-27T09,ERCO,SUN,0
2021-04-27T10,ERCO,SUN,0
2021-04-27T11,ERCO,SUN,0
2021-04-27T12,ERCO,SUN,0
2021-04-27T13,ERCO,SUN,44
2021-04-27T14,ERCO,SUN,344
2021-04-27T15,ERCO,SUN,1362
2021-04-27T16,ERCO,SUN,2549
2021-04-27T17,ERCO,SUN,2904
2021-04-27T18,ERCO,SUN,2554
2021-04-27T19,ERCO,SUN,2266
2021-04-27T20,ERCO,SUN,1922
2021-04-27T21,ERCO,SUN,1997
2021-04-27T22,ERCO,SUN,1913
2021-04-27T23,ERCO,SUN,1664
2021-04-28T00,ERCO,SUN,1408
2021-04-28T01,ERCO,SUN,472
2021-04-28T02,ERCO,SUN,8
2021-04-28T03,ERCO,SUN,0
2021-04-28T04,ERCO,SUN,0
2021-04-28T05,ERCO,SUN,0
2021-04-28T06,ERCO,SUN,0
2021-04-28T07,ERCO,SUN,0
2021-04-28T08,ERCO,SUN,0
2021-04-28T09,ERCO,SUN,0
2021-04-28T10,ERCO,SUN,0
2021-04-28T11,ERCO,SUN,0
2021-04-28T12,ERCO,SUN,0
2021-04-28T13,ERCO,SUN,273
2021-04-28T14,ERCO,SUN,2264
2021-04-28T15,ERCO,SUN,3549
2021-04-28T16,ERCO,SUN,3941
2021-04-28T17,ERCO,SUN,4430
2021-04-28T18,ERCO,SUN,4535
2021-04-28T19,ERCO,SUN,3847
2021-04-28T20,ERCO,SUN,3659
2021-04-28T21,ERCO,SUN,2829
2021-04-28T22,ERCO,SUN,2770
2021-04-28T23,ERCO,SUN,1802
2021-04-29T00,ERCO,SUN,657
2021-04-29T01,ERCO,SUN,239
2021-04-29T02,ERCO,SUN,53
2021-04-29T03,ERCO,SUN,36
2021-04-29T04,ERCO,SUN,0
2021-04-29T05,ERCO,SUN,0
2021-04-29T06,ERCO,SUN,0
2021-04-29T07,ERCO,SUN,0
2021-04-29T08,ERCO,SUN,0
2021-04-29T09,ERCO,SUN,0
2021-04-29T10,ERCO,SUN,0
2021-04-29T11,ERCO,SUN,0
2021-04-29T12,ERCO,SUN,0
2021-04-29T13,ERCO,SUN,36
2021-04-29T14,ERCO,SUN,241
2021-04-29T15,ERCO,SUN,624
2021-04-29T16,ERCO,SUN,817
2021-04-29T17,ERCO,SUN,1245
2021-04-29T18,ERCO,SUN,2036
2021-04-29T19,ERCO,SUN,2119
2021-04-29T20,ERCO,SUN,2759
2021-04-29T21,ERCO,SUN,2778
2021-04-29T22,ERCO,SUN,2700
2021-04-29T23,ERCO,SUN,1937
2021-04-30T00,ERCO,SUN,1575
2021-04-30T01,ERCO,SUN,789
2021-04-30T02,ERCO,SUN,21
2021-04-30T03,ERCO,SUN,0
2021-04-30T04,ERCO,SUN,0
2021-04-30T05,ERCO,SUN,0
2021-04-30T06,ERCO,SUN,0
2021-04-30T07,ERCO,SUN,0
2021-04-30T08,ERCO,SUN,0
2021-04-30T09,ERCO,SUN,0
2021-04-30T10,ERCO,SUN,0
2021-04-30T11,ERCO,SUN,0
2021-04-30T12,ERCO,SUN,0
2021-04-30T13,ERCO,SUN,125
2021-04-30T14,ERCO,SUN,1193
2021-04-30T15,ERCO,SUN,1917
2021-04-30T16,ERCO,SUN,2421
2021-04-30T17,ERCO,SUN,2966
2021-04-30T18,ERCO,SUN,3267
2021-04-30T19,ERCO,SUN,3345
2021-04-30T20,ERCO,SUN,2958
2021-04-30T21,ERCO,SUN,2371
2021-04-30T22,ERCO,SUN,2030
2021-04-30T23,ERCO,SUN,1700
2021-05-01T00,ERCO,SUN,944
2021-05-01T01,ERCO,SUN,348
2021-05-01T02,ERCO,SUN,9
2021-05-01T03,ERCO,SUN,0
2021-05-01T04,ERCO,SUN,0
2021-05-01T05,ERCO,SUN,0
2021-05-01T06,ERCO,SUN,0
2021-05-01T07,ERCO,SUN,0
2021-05-01T08,ERCO,SUN,0
2021-05-01T09,ERCO,SUN,0
2021-05-01T10,ERCO,SUN,0
2021-05-01T11,ERCO,SUN,0
2021-05-01T12,ERCO,SUN,0
2021-05-01T13,ERCO,SUN,127
2021-05-01T14,ERCO,SUN,954
2021-05-01T15,ERCO,SUN,2176
2021-05-01T16,ERCO,SUN,2879
2021-05-01T17,ERCO,SUN,3298
2021-05-01T18,ERCO,SUN,3636
2021-05-01T19,ERCO,SUN,3796
2021-05-01T20,ERCO,SUN,3961
2021-05-01T21,ERCO,SUN,3763
2021-05-01T22,ERCO,SUN,3877
2021-05-01T23,ERCO,SUN,3724
2021-05-02T00,ERCO,SUN,3415
2021-05-02T01,ERCO,SUN,1607
2021-05-02T02,ERCO,SUN,69
2021-05-02T03,ERCO,SUN,0
2021-05-02T04,ERCO,SUN,0
2021-05-02T05,ERCO,SUN,0
2021-05-02T06,ERCO,SUN,0
2021-05-02T07,ERCO,SUN,0
2021-05-02T08,ERCO,SUN,0
2021-05-02T09,ERCO,SUN,0
2021-05-02T10,ERCO,SUN,0
2021-05-02T11,ERCO,SUN,0
2021-05-02T12,ERCO,SUN,0
2021-05-02T13,ERCO,SUN,528
2021-05-02T14,ERCO,SUN,2458
2021-05-02T15,ERCO,SUN,3963
2021-05-02T16,ERCO,SUN,4499
2021-05-02T17,ERCO,SUN,4858
2021-05-02T18,ERCO,SUN,5020
2021-05-02T19,ERCO,SUN,4875
2021-05-02T20,ERCO,SUN,4603
2021-05-02T21,ERCO,SUN,4340
2021-05-02T22,ERCO,SUN,3476
2021-05-02T23,ERCO,SUN,2948
2021-05-03T00,ERCO,SUN,2935
2021-05-03T01,ERCO,SUN,1298
2021-05-03T02,ERCO,SUN,55
2021-05-03T03,ERCO,SUN,0
2021-05-03T04,ERCO,SUN,0
2021-05-03T05,ERCO,SUN,0
2021-05-03T06,ERCO,SUN,0
2021-05-03T07,ERCO,SUN,0
2021-05-03T08,ERCO,SUN,0
2021-05-03T09,ERCO,SUN,0
2021-05-03T10,ERCO,SUN,0
2021-05-03T11,ERCO,SUN,0
2021-05-03T12,ERCO,SUN,0
2021-05-03T13,ERCO,SUN,519
2021-05-03T14,ERCO,SUN,3296
2021-05-03T15,ERCO,SUN,4757
2021-05-03T16,ERCO,SUN,4728
2021-05-03T17,ERCO,SUN,4771
2021-05-03T18,ERCO,SUN,4553
2021-05-03T19,ERCO,SUN,4660
2021-05-03T20,ERCO,SUN,4775
2021-05-03T21,ERCO,SUN,4701
2021-05-03T22,ERCO,SUN,4669
2021-05-03T23,ERCO,SUN,4813
2021-05-04T00,ERCO,SUN,3873
2021-05-04T01,ERCO,SUN,1669
2021-05-04T02,ERCO,SUN,60
2021-05-04T03,ERCO,SUN,0
2021-05-04T04,ERCO,SUN,0
2021-05-04T05,ERCO,SUN,0
2021-05-04T06,ERCO,SUN,0
2021-05-04T07,ERCO,SUN,0
2021-05-04T08,ERCO,SUN,0
2021-05-04T09,ERCO,SUN,0
2021-05-04T10,ERCO,SUN,0
2021-05-04T11,ERCO,SUN,0
2021-05-04T12,ERCO,SUN,1
2021-05-04T13,ERCO,SUN,126
2021-05-04T14,ERCO,SUN,544
2021-05-04T15,ERCO,SUN,824
2021-05-04T16,ERCO,SUN,1956
2021-05-04T17,ERCO,SUN,3465
2021-05-04T18,ERCO,SUN,4643
2021-05-04T19,ERCO,SUN,5222
2021-05-04T20,ERCO,SUN,5655
2021-05-04T21,ERCO,SUN,5670
2021-05-04T22,ERCO,SUN,5552
2021-05-04T23,ERCO,SUN,5561
2021-05-05T00,ERCO,SUN,4933
2021-05-05T01,ERCO,SUN,2243
2021-05-05T02,ERCO,SUN,89
2021-05-05T03,ERCO,SUN,0
2021-05-05T04,ERCO,SUN,0
2021-05-05T05,ERCO,SUN,0
2021-05-05T06,ERCO,SUN,0
2021-05-05T07,ERCO,SUN,0
2021-05-05T08,ERCO,SUN,0
2021-05-05T09,ERCO,SUN,0
2021-05-05T10,ERCO,SUN,0
2021-05-05T11,ERCO,SUN,0
2021-05-05T12,ERCO,SUN,3
2021-05-05T13,ERCO,SUN,800
2021-05-05T14,ERCO,SUN,4191
2021-05-05T15,ERCO,SUN,5705
2021-05-05T16,ERCO,SUN,5751
2021-05-05T17,ERCO,SUN,5704
2021-05-05T18,ERCO,SUN,5763
2021-05-05T19,ERCO,SUN,5785
2021-05-05T20,ERCO,SUN,5889
2021-05-05T21,ERCO,SUN,5905
2021-05-05T22,ERCO,SUN,5769
2021-05-05T23,ERCO,SUN,5568
2021-05-06T00,ERCO,SUN,4855
2021-05-06T01,ERCO,SUN,2074
2021-05-06T02,ERCO,SUN,94
2021-05-06T03,ERCO,SUN,0
2021-05-06T04,ERCO,SUN,0
2021-05-06T05,ERCO,SUN,0
2021-05-06T06,ERCO,SUN,0
2021-05-06T07,ERCO,SUN,0
2021-05-06T08,ERCO,SUN,0
2021-05-06T09,ERCO,SUN,0
2021-05-06T10,ERCO,SUN,0
2021-05-06T11,ERCO,SUN,0
2021-05-06T12,ERCO,SUN,2
2021-05-06T13,ERCO,SUN,859
2021-05-06T14,ERCO,SUN,4051
2021-05-06T15,ERCO,SUN,5416
2021-05-06T16,ERCO,SUN,5609
2021-05-06T17,ERCO,SUN,5183
2021-05-06T18,ERCO,SUN,4941
2021-05-06T19,ERCO,SUN,4700
2021-05-06T20,ERCO,SUN,5770
2021-05-06T21,ERCO,SUN,5709
2021-05-06T22,ERCO,SUN,5520
2021-05-06T23,ERCO,SUN,5390
2021-05-07T00,ERCO,SUN,5066
2021-05-07T01,ERCO,SUN,2253
2021-05-07T02,ERCO,SUN,73
2021-05-07T03,ERCO,SUN,0
2021-05-07T04,ERCO,SUN,0
2021-05-07T05,ERCO,SUN,0
2021-05-07T06,ERCO,SUN,0
2021-05-07T07,ERCO,SUN,0
2021-05-07T08,ERCO,SUN,0
2021-05-07T09,ERCO,SUN,0
2021-05-07T10,ERCO,SUN,0
2021-05-07T11,ERCO,SUN,0
2021-05-07T12,ERCO,SUN,5
2021-05-07T13,ERCO,SUN,503
2021-05-07T14,ERCO,SUN,1700
2021-05-07T15,ERCO,SUN,1506
2021-05-07T16,ERCO,SUN,1360
2021-05-07T17,ERCO,SUN,1355
2021-05-07T18,ERCO,SUN,1374
2021-05-07T19,ERCO,SUN,1567
2021-05-07T20,ERCO,SUN,1553
2021-05-07T21,ERCO,SUN,1647
2021-05-07T22,ERCO,SUN,1599
2021-05-07T23,ERCO,SUN,1297
2021-05-08T00,ERCO,SUN,928
2021-05-08T01,ERCO,SUN,437
2021-05-08T02,ERCO,SUN,14
2021-05-08T03,ERCO,SUN,0
2021-05-08T04,ERCO,SUN,0
2021-05-08T05,ERCO,SUN,0
2021-05-08T06,ERCO,SUN,0
2021-05-08T07,ERCO,SUN,0
2021-05-08T08,ERCO,SUN,0
2021-05-08T09,ERCO,SUN,0
2021-05-08T10,ERCO,SUN,0
2021-05-08T11,ERCO,SUN,0
2021-05-08T12,ERCO,SUN,1
2021-05-08T13,ERCO,SUN,254
2021-05-08T14,ERCO,SUN,754
2021-05-08T15,ERCO,SUN,896
2021-05-08T16,ERCO,SUN,1186
2021-05-08T17,ERCO,SUN,1590
2021-05-08T18,ERCO,SUN,1729
2021-05-08T19,ERCO,SUN,1921
2021-05-08T20,ERCO,SUN,2198
2021-05-08T21,ERCO,SUN,2331
2021-05-08T22,ERCO,SUN,2555
2021-05-08T23,ERCO,SUN,2319
2021-05-09T00,ERCO,SUN,1631
2021-05-09T01,ERCO,SUN,572
2021-05-09T02,ERCO,SUN,35
2021-05-09T03,ERCO,SUN,0
2021-05-09T04,ERCO,SUN,0
2021-05-09T05,ERCO,SUN,0
2021-05-09T06,ERCO,SUN,0
2021-05-09T07,ERCO,SUN,0
2021-05-09T08,ERCO,SUN,0
2021-05-09T09,ERCO,SUN,0
2021-05-09T10,ERCO,SUN,0
2021-05-09T11,ERCO,SUN,0
2021-05-09T12,ERCO,SUN,1
2021-05-09T13,ERCO,SUN,678
2021-05-09T14,ERCO,SUN,3004
2021-05-09T15,ERCO,SUN,3271
2021-05-09T16,ERCO,SUN,3769
2021-05-09T17,ERCO,SUN,4502
2021-05-09T18,ERCO,SUN,4998
2021-05-09T19,ERCO,SUN,5420
2021-05-09T20,ERCO,SUN,5318
2021-05-09T21,ERCO,SUN,5337
2021-05-09T22,ERCO,SUN,5316
2021-05-09T23,ERCO,SUN,5235
2021-05-10T00,ERCO,SUN,4665
2021-05-10T01,ERCO,SUN,2146
2021-05-10T02,ERCO,SUN,102
2021-05-10T03,ERCO,SUN,0
2021-05-10T04,ERCO,SUN,0
2021-05-10T05,ERCO,SUN,0
2021-05-10T06,ERCO,SUN,0
2021-05-10T07,ERCO,SUN,0
2021-05-10T08,ERCO,SUN,0
2021-05-10T09,ERCO,SUN,0
2021-05-10T10,ERCO,SUN,0
2021-05-10T11,ERCO,SUN,0
2021-05-10T12,ERCO,SUN,1
2021-05-10T13,ERCO,SUN,177
2021-05-10T14,ERCO,SUN,863
2021-05-10T15,ERCO,SUN,1643
2021-05-10T16,ERCO,SUN,2526
2021-05-10T17,ERCO,SUN,3620
2021-05-10T18,ERCO,SUN,4010
2021-05-10T19,ERCO,SUN,4371
2021-05-10T20,ERCO,SUN,4578
2021-05-10T21,ERCO,SUN,4706
2021-05-10T22,ERCO,SUN,4811
2021-05-10T23,ERCO,SUN,4562
2021-05-11T00,ERCO,SUN,4084
2021-05-11T01,ERCO,SUN,1954
2021-05-11T02,ERCO,SUN,110
2021-05-11T03,ERCO,SUN,0
2021-05-11T04,ERCO,SUN,0
2021-05-11T05,ERCO,SUN,0
2021-05-11T06,ERCO,SUN,0
2021-05-11T07,ERCO,SUN,0
2021-05-11T08,ERCO,SUN,0
2021-05-11T09,ERCO,SUN,0
2021-05-11T10,ERCO,SUN,0
2021-05-11T11,ERCO,SUN,0
2021-05-11T12,ERCO,SUN,0
2021-05-11T13,ERCO,SUN,95
2021-05-11T14,ERCO,SUN,676
2021-05-11T15,ERCO,SUN,1256
2021-05-11T16,ERCO,SUN,2083
2021-05-11T17,ERCO,SUN,3082
2021-05-11T18,ERCO,SUN,3800
2021-05-11T19,ERCO,SUN,3828
2021-05-11T20,ERCO,SUN,3891
2021-05-11T21,ERCO,SUN,4042
2021-05-11T22,ERCO,SUN,3835
2021-05-11T23,ERCO,SUN,3241
2021-05-12T00,ERCO,SUN,2615
2021-05-12T01,ERCO,SUN,1278
2021-05-12T02,ERCO,SUN,70
2021-05-12T03,ERCO,SUN,0
2021-05-12T04,ERCO,SUN,2
2021-05-12T05,ERCO,SUN,7
2021-05-12T06,ERCO,SUN,7
2021-05-12T07,ERCO,SUN,7
2021-05-12T08,ERCO,SUN,3
2021-05-12T09,ERCO,SUN,0
2021-05-12T10,ERCO,SUN,0
2021-05-12T11,ERCO,SUN,0
2021-05-12T12,ERCO,SUN,1
2021-05-12T13,ERCO,SUN,123
2021-05-12T14,ERCO,SUN,564
2021-05-12T15,ERCO,SUN,1241
2021-05-12T16,ERCO,SUN,2160
2021-05-12T17,ERCO,SUN,2957
2021-05-12T18,ERCO,SUN,3734
2021-05-12T19,ERCO,SUN,4091
2021-05-12T20,ERCO,SUN,4500
2021-05-12T21,ERCO,SUN,4582
2021-05-12T22,ERCO,SUN,4215
2021-05-12T23,ERCO,SUN,3853
2021-05-13T00,ERCO,SUN,2773
2021-05-13T01,ERCO,SUN,1245
2021-05-13T02,ERCO,SUN,83
2021-05-13T03,ERCO,SUN,0
2021-05-13T04,ERCO,SUN,0
2021-05-13T05,ERCO,SUN,0
2021-05-13T06,ERCO,SUN,0
2021-05-13T07,ERCO,SUN,0
2021-05-13T08,ERCO,SUN,0
2021-05-13T09,ERCO,SUN,0
2021-05-13T10,ERCO,SUN,0
2021-05-13T11,ERCO,SUN,0
2021-05-13T12,ERCO,SUN,6
2021-05-13T13,ERCO,SUN,451
2021-05-13T14,ERCO,SUN,1705
2021-05-13T15,ERCO,SUN,2367
2021-05-13T16,ERCO,SUN,3220
2021-05-13T17,ERCO,SUN,4781
2021-05-13T18,ERCO,SUN,5202
2021-05-13T19,ERCO,SUN,5276
2021-05-13T20,ERCO,SUN,5600
2021-05-13T21,ERCO,SUN,5707
2021-05-13T22,ERCO,SUN,5674
2021-05-13T23,ERCO,SUN,5461
2021-05-14T00,ERCO,SUN,4739
2021-05-14T01,ERCO,SUN,2058
2021-05-14T02,ERCO,SUN,98
2021-05-14T03,ERCO,SUN,0
2021-05-14T04,ERCO,SUN,0
2021-05-14T05,ERCO,SUN,0
2021-05-14T06,ERCO,SUN,0
2021-05-14T07,ERCO,SUN,0
2021-05-14T08,ERCO,SUN,0
2021-05-14T09,ERCO,SUN,0
2021-05-14T10,ERCO,SUN,0
2021-05-14T11,ERCO,SUN,0
2021-05-14T12,ERCO,SUN,7
2021-05-14T13,ERCO,SUN,718
2021-05-14T14,ERCO,SUN,3021
2021-05-14T15,ERCO,SUN,4137
2021-05-14T16,ERCO,SUN,4319
2021-05-14T17,ERCO,SUN,4730
2021-05-14T18,ERCO,SUN,5241
2021-05-14T19,ERCO,SUN,5202
2021-05-14T20,ERCO,SUN,4986
2021-05-14T21,ERCO,SUN,4696
2021-05-14T22,ERCO,SUN,4156
2021-05-14T23,ERCO,SUN,3071
2021-05-15T00,ERCO,SUN,1762
2021-05-15T01,ERCO,SUN,573
2021-05-15T02,ERCO,SUN,46
2021-05-15T03,ERCO,SUN,0
2021-05-15T04,ERCO,SUN,0
2021-05-15T05,ERCO,SUN,0
2021-05-15T06,ERCO,SUN,0
2021-05-15T07,ERCO,SUN,0
2021-05-15T08,ERCO,SUN,0
2021-05-15T09,ERCO,SUN,0
2021-05-15T10,ERCO,SUN,0
2021-05-15T11,ERCO,SUN,0
2021-05-15T12,ERCO,SUN,8
2021-05-15T13,ERCO,SUN,517
2021-05-15T14,ERCO,SUN,2396
2021-05-15T15,ERCO,SUN,3794
2021-05-15T16,ERCO,SUN,3807
2021-05-15T17,ERCO,SUN,4017
2021-05-15T18,ERCO,SUN,4264
2021-05-15T19,ERCO,SUN,4902
2021-05-15T20,ERCO,SUN,4556
2021-05-15T21,ERCO,SUN,3861
2021-05-15T22,ERCO,SUN,2739
2021-05-15T23,ERCO,SUN,1496
2021-05-16T00,ERCO,SUN,813
2021-05-16T01,ERCO,SUN,210
2021-05-16T02,ERCO,SUN,6
2021-05-16T03,ERCO,SUN,0
2021-05-16T04,ERCO,SUN,0
2021-05-16T05,ERCO,SUN,0
2021-05-16T06,ERCO,SUN,0
2021-05-16T07,ERCO,SUN,0
2021-05-16T08,ERCO,SUN,0
2021-05-16T09,ERCO,SUN,0
2021-05-16T10,ERCO,SUN,0
2021-05-16T11,ERCO,SUN,0
2021-05-16T12,ERCO,SUN,5
2021-05-16T13,ERCO,SUN,643
2021-05-16T14,ERCO,SUN,3051
2021-05-16T15,ERCO,SUN,4124
2021-05-16T16,ERCO,SUN,4491
2021-05-16T17,ERCO,SUN,4940
2021-05-16T18,ERCO,SUN,5124
2021-05-16T19,ERCO,SUN,5066
2021-05-16T20,ERCO,SUN,5227
2021-05-16T21,ERCO,SUN,5102
2021-05-16T22,ERCO,SUN,4643
2021-05-16T23,ERCO,SUN,4215
2021-05-17T00,ERCO,SUN,3817
2021-05-17T01,ERCO,SUN,2023
2021-05-17T02,ERCO,SUN,146
2021-05-17T03,ERCO,SUN,0
2021-05-17T04,ERCO,SUN,0
2021-05-17T05,ERCO,SUN,0
2021-05-17T06,ERCO,SUN,0
2021-05-17T07,ERCO,SUN,0
2021-05-17T08,ERCO,SUN,0
2021-05-17T09,ERCO,SUN,0
2021-05-17T10,ERCO,SUN,0
2021-05-17T11,ERCO,SUN,0
2021-05-17T12,ERCO,SUN,2
2021-05-17T13,ERCO,SUN,488
2021-05-17T14,ERCO,SUN,2773
2021-05-17T15,ERCO,SUN,4034
2021-05-17T16,ERCO,SUN,4518
2021-05-17T17,ERCO,SUN,5041
2021-05-17T18,ERCO,SUN,5592
2021-05-17T19,ERCO,SUN,5662
2021-05-17T20,ERCO,SUN,5486
2021-05-17T21,ERCO,SUN,5296
2021-05-17T22,ERCO,SUN,5179
2021-05-17T23,ERCO,SUN,4473
2021-05-18T00,ERCO,SUN,3660
2021-05-18T01,ERCO,SUN,1977
2021-05-18T02,ERCO,SUN,166
2021-05-18T03,ERCO,SUN,0
2021-05-18T04,ERCO,SUN,0
2021-05-18T05,ERCO,SUN,0
2021-05-18T06,ERCO,SUN,0
2021-05-18T07,ERCO,SUN,0
2021-05-18T08,ERCO,SUN,0
2021-05-18T09,ERCO,SUN,0
2021-05-18T10,ERCO,SUN,0
2021-05-18T11,ERCO,SUN,0
2021-05-18T12,ERCO,SUN,3
2021-05-18T13,ERCO,SUN,451
2021-05-18T14,ERCO,SUN,2806
2021-05-18T15,ERCO,SUN,4238
2021-05-18T16,ERCO,SUN,4430
2021-05-18T17,ERCO,SUN,4937
2021-05-18T18,ERCO,SUN,5459
2021-05-18T19,ERCO,SUN,5506
2021-05-18T20,ERCO,SUN,5238
2021-05-18T21,ERCO,SUN,5015
2021-05-18T22,ERCO,SUN,4915
2021-05-18T23,ERCO,SUN,4396
2021-05-19T00,ERCO,SUN,3365
2021-05-19T01,ERCO,SUN,1840
2021-05-19T02,ERCO,SUN,151
2021-05-19T03,ERCO,SUN,0
2021-05-19T04,ERCO,SUN,0
2021-05-19T05,ERCO,SUN,0
2021-05-19T06,ERCO,SUN,0
2021-05-19T07,ERCO,SUN,0
2021-05-19T08,ERCO,SUN,0
2021-05-19T09,ERCO,SUN,0
2021-05-19T10,ERCO,SUN,0
2021-05-19T11,ERCO,SUN,0
2021-05-19T12,ERCO,SUN,3
2021-05-19T13,ERCO,SUN,408
2021-05-19T14,ERCO,SUN,2069
2021-05-19T15,ERCO,SUN,3636
2021-05-19T16,ERCO,SUN,4446
2021-05-19T17,ERCO,SUN,4791
2021-05-19T18,ERCO,SUN,4431
2021-05-19T19,ERCO,SUN,4601
2021-05-19T20,ERCO,SUN,4486
2021-05-19T21,ERCO,SUN,3990
2021-05-19T22,ERCO,SUN,3472
2021-05-19T23,ERCO,SUN,3179
2021-05-20T00,ERCO,SUN,3096
2021-05-20T01,ERCO,SUN,2180
2021-05-20T02,ERCO,SUN,249
2021-05-20T03,ERCO,SUN,44
2021-05-20T04,ERCO,SUN,0
2021-05-20T05,ERCO,SUN,0
2021-05-20T06,ERCO,SUN,0
2021-05-20T07,ERCO,SUN,0
2021-05-20T08,ERCO,SUN,0
2021-05-20T09,ERCO,SUN,0
2021-05-20T10,ERCO,SUN,0
2021-05-20T11,ERCO,SUN,0
2021-05-20T12,ERCO,SUN,2
2021-05-20T13,ERCO,SUN,768
2021-05-20T14,ERCO,SUN,3218
2021-05-20T15,ERCO,SUN,4573
2021-05-20T16,ERCO,SUN,5202
2021-05-20T17,ERCO,SUN,5392
2021-05-20T18,ERCO,SUN,5525
2021-05-20T19,ERCO,SUN,5597
2021-05-20T20,ERCO,SUN,5470
2021-05-20T21,ERCO,SUN,5451
2021-05-20T22,ERCO,SUN,4973
2021-05-20T23,ERCO,SUN,4625
2021-05-21T00,ERCO,SUN,3713
2021-05-21T01,ERCO,SUN,2262
2021-05-21T02,ERCO,SUN,183
2021-05-21T03,ERCO,SUN,0
2021-05-21T04,ERCO,SUN,0
2021-05-21T05,ERCO,SUN,0
2021-05-21T06,ERCO,SUN,0
2021-05-21T07,ERCO,SUN,0
2021-05-21T08,ERCO,SUN,0
2021-05-21T09,ERCO,SUN,0
2021-05-21T10,ERCO,SUN,0
2021-05-21T11,ERCO,SUN,0
2021-05-21T12,ERCO,SUN,2
2021-05-21T13,ERCO,SUN,840
2021-05-21T14,ERCO,SUN,2539
2021-05-21T15,ERCO,SUN,2503
2021-05-21T16,ERCO,SUN,3232
2021-05-21T17,ERCO,SUN,4210
2021-05-21T18,ERCO,SUN,4653
2021-05-21T19,ERCO,SUN,4729
2021-05-21T20,ERCO,SUN,4723
2021-05-21T21,ERCO,SUN,4798
2021-05-21T22,ERCO,SUN,4492
2021-05-21T23,ERCO,SUN,3618
2021-05-22T00,ERCO,SUN,2147
2021-05-22T01,ERCO,SUN,749
2021-05-22T02,ERCO,SUN,65
2021-05-22T03,ERCO,SUN,0
2021-05-22T04,ERCO,SUN,0
2021-05-22T05,ERCO,SUN,0
2021-05-22T06,ERCO,SUN,0
2021-05-22T07,ERCO,SUN,0
2021-05-22T08,ERCO,SUN,0
2021-05-22T09,ERCO,SUN,0
2021-05-22T10,ERCO,SUN,0
2021-05-22T11,ERCO,SUN,0
2021-05-22T12,ERCO,SUN,2
2021-05-22T13,ERCO,SUN,249
2021-05-22T14,ERCO,SUN,941
2021-05-22T15,ERCO,SUN,1451
2021-05-22T16,ERCO,SUN,2003
2021-05-22T17,ERCO,SUN,2735
2021-05-22T18,ERCO,SUN,3646
2021-05-22T19,ERCO,SUN,4484
2021-05-22T20,ERCO,SUN,4365
2021-05-22T21,ERCO,SUN,4319
2021-05-22T22,ERCO,SUN,4472
2021-05-22T23,ERCO,SUN,3903
2021-05-23T00,ERCO,SUN,3035
2021-05-23T01,ERCO,SUN,1713
2021-05-23T02,ERCO,SUN,147
2021-05-23T03,ERCO,SUN,0
2021-05-23T04,ERCO,SUN,0
2021-05-23T05,ERCO,SUN,0
2021-05-23T06,ERCO,SUN,0
2021-05-23T07,ERCO,SUN,0
2021-05-23T08,ERCO,SUN,0
2021-05-23T09,ERCO,SUN,0
2021-05-23T10,ERCO,SUN,0
2021-05-23T11,ERCO,SUN,0
2021-05-23T12,ERCO,SUN,7
2021-05-23T13,ERCO,SUN,381
2021-05-23T14,ERCO,SUN,1311
2021-05-23T15,ERCO,SUN,1983
2021-05-23T16,ERCO,SUN,2438
2021-05-23T17,ERCO,SUN,2750
2021-05-23T18,ERCO,SUN,3897
2021-05-23T19,ERCO,SUN,4509
2021-05-23T20,ERCO,SUN,4648
2021-05-23T21,ERCO,SUN,4142
2021-05-23T22,ERCO,SUN,3377
2021-05-23T23,ERCO,SUN,2369
2021-05-24T00,ERCO,SUN,1469
2021-05-24T01,ERCO,SUN,515
2021-05-24T02,ERCO,SUN,37
2021-05-24T03,ERCO,SUN,0
2021-05-24T04,ERCO,SUN,0
2021-05-24T05,ERCO,SUN,0
2021-05-24T06,ERCO,SUN,0
2021-05-24T07,ERCO,SUN,0
2021-05-24T08,ERCO,SUN,0
2021-05-24T09,ERCO,SUN,0
2021-05-24T10,ERCO,SUN,0
2021-05-24T11,ERCO,SUN,0
2021-05-24T12,ERCO,SUN,2
2021-05-24T13,ERCO,SUN,500
2021-05-24T14,ERCO,SUN,1461
2021-05-24T15,ERCO,SUN,2647
2021-05-24T16,ERCO,SUN,3618
2021-05-24T17,ERCO,SUN,4161
2021-05-24T18,ERCO,SUN,4606
2021-05-24T19,ERCO,SUN,4558
2021-05-24T20,ERCO,SUN,4486
2021-05-24T21,ERCO,SUN,4226
2021-05-24T22,ERCO,SUN,3860
2021-05-24T23,ERCO,SUN,3220
2021-05-25T00,ERCO,SUN,3049
2021-05-25T01,ERCO,SUN,1758
2021-05-25T02,ERCO,SUN,110
2021-05-25T03,ERCO,SUN,0
2021-05-25T04,ERCO,SUN,0
2021-05-25T05,ERCO,SUN,0
2021-05-25T06,ERCO,SUN,0
2021-05-25T07,ERCO,SUN,0
2021-05-25T08,ERCO,SUN,0
2021-05-25T09,ERCO,SUN,0
2021-05-25T10,ERCO,SUN,0
2021-05-25T11,ERCO,SUN,0
2021-05-25T12,ERCO,SUN,2
2021-05-25T13,ERCO,SUN,516
2021-05-25T14,ERCO,SUN,2483
2021-05-25T15,ERCO,SUN,4059
2021-05-25T16,ERCO,SUN,4884
2021-05-25T17,ERCO,SUN,5335
2021-05-25T18,ERCO,SUN,5481
2021-05-25T19,ERCO,SUN,5280
2021-05-25T20,ERCO,SUN,5160
2021-05-25T21,ERCO,SUN,4905
2021-05-25T22,ERCO,SUN,3754
2021-05-25T23,ERCO,SUN,3618
2021-05-26T00,ERCO,SUN,4104
2021-05-26T01,ERCO,SUN,2151
2021-05-26T02,ERCO,SUN,200
2021-05-26T03,ERCO,SUN,0
2021-05-26T04,ERCO,SUN,0
2021-05-26T05,ERCO,SUN,0
2021-05-26T06,ERCO,SUN,0
2021-05-26T07,ERCO,SUN,0
2021-05-26T08,ERCO,SUN,0
2021-05-26T09,ERCO,SUN,0
2021-05-26T10,ERCO,SUN,0
2021-05-26T11,ERCO,SUN,0
2021-05-26T12,ERCO,SUN,5
2021-05-26T13,ERCO,SUN,727
2021-05-26T14,ERCO,SUN,2259
2021-05-26T15,ERCO,SUN,3119
2021-05-26T16,ERCO,SUN,3964
2021-05-26T17,ERCO,SUN,5067
2021-05-26T18,ERCO,SUN,5339
2021-05-26T19,ERCO,SUN,5622
2021-05-26T20,ERCO,SUN,5549
2021-05-26T21,ERCO,SUN,5248
2021-05-26T22,ERCO,SUN,4572
2021-05-26T23,ERCO,SUN,3502
2021-05-27T00,ERCO,SUN,2175
2021-05-27T01,ERCO,SUN,1039
2021-05-27T02,ERCO,SUN,97
2021-05-27T03,ERCO,SUN,0
2021-05-27T04,ERCO,SUN,0
2021-05-27T05,ERCO,SUN,0
2021-05-27T06,ERCO,SUN,0
2021-05-27T07,ERCO,SUN,0
2021-05-27T08,ERCO,SUN,0
2021-05-27T09,ERCO,SUN,0
2021-05-27T10,ERCO,SUN,0
2021-05-27T11,ERCO,SUN,0
2021-05-27T12,ERCO,SUN,2
2021-05-27T13,ERCO,SUN,700
2021-05-27T14,ERCO,SUN,2808
2021-05-27T15,ERCO,SUN,3015
2021-05-27T16,ERCO,SUN,3633
2021-05-27T17,ERCO,SUN,4880
2021-05-27T18,ERCO,SUN,4801
2021-05-27T19,ERCO,SUN,4818
2021-05-27T20,ERCO,SUN,4616
2021-05-27T21,ERCO,SUN,4235
2021-05-27T22,ERCO,SUN,3265
2021-05-27T23,ERCO,SUN,2551
2021-05-28T00,ERCO,SUN,1452
2021-05-28T01,ERCO,SUN,556
2021-05-28T02,ERCO,SUN,98
2021-05-28T03,ERCO,SUN,0
2021-05-28T04,ERCO,SUN,0
2021-05-28T05,ERCO,SUN,0
2021-05-28T06,ERCO,SUN,0
2021-05-28T07,ERCO,SUN,0
2021-05-28T08,ERCO,SUN,0
2021-05-28T09,ERCO,SUN,0
2021-05-28T10,ERCO,SUN,0
2021-05-28T11,ERCO,SUN,0
2021-05-28T12,ERCO,SUN,3
2021-05-28T13,ERCO,SUN,676
2021-05-28T14,ERCO,SUN,2493
2021-05-28T15,ERCO,SUN,3458
2021-05-28T16,ERCO,SUN,4140
2021-05-28T17,ERCO,SUN,4176
2021-05-28T18,ERCO,SUN,4516
2021-05-28T19,ERCO,SUN,4418
2021-05-28T20,ERCO,SUN,4616
2021-05-28T21,ERCO,SUN,4562
2021-05-28T22,ERCO,SUN,4255
2021-05-28T23,ERCO,SUN,2943
2021-05-29T00,ERCO,SUN,2469
2021-05-29T01,ERCO,SUN,1010
2021-05-29T02,ERCO,SUN,100
2021-05-29T03,ERCO,SUN,0
2021-05-29T04,ERCO,SUN,0
2021-05-29T05,ERCO,SUN,0
2021-05-29T06,ERCO,SUN,0
2021-05-29T07,ERCO,SUN,0
2021-05-29T08,ERCO,SUN,0
2021-05-29T09,ERCO,SUN,0
2021-05-29T10,ERCO,SUN,0
2021-05-29T11,ERCO,SUN,0
2021-05-29T12,ERCO,SUN,14
2021-05-29T13,ERCO,SUN,1070
2021-05-29T14,ERCO,SUN,3847
2021-05-29T15,ERCO,SUN,4874
2021-05-29T16,ERCO,SUN,5247
2021-05-29T17,ERCO,SUN,5489
2021-05-29T18,ERCO,SUN,5769
2021-05-29T19,ERCO,SUN,5833
2021-05-29T20,ERCO,SUN,5786
2021-05-29T21,ERCO,SUN,5579
2021-05-29T22,ERCO,SUN,5344
2021-05-29T23,ERCO,SUN,5118
2021-05-30T00,ERCO,SUN,4354
2021-05-30T01,ERCO,SUN,2032
2021-05-30T02,ERCO,SUN,185
2021-05-30T03,ERCO,SUN,0
2021-05-30T04,ERCO,SUN,0
2021-05-30T05,ERCO,SUN,0
2021-05-30T06,ERCO,SUN,0
2021-05-30T07,ERCO,SUN,0
2021-05-30T08,ERCO,SUN,0
2021-05-30T09,ERCO,SUN,0
2021-05-30T10,ERCO,SUN,0
2021-05-30T11,ERCO,SUN,0
2021-05-30T12,ERCO,SUN,11
2021-05-30T13,ERCO,SUN,278
2021-05-30T14,ERCO,SUN,576
2021-05-30T15,ERCO,SUN,851
2021-05-30T16,ERCO,SUN,1612
2021-05-30T17,ERCO,SUN,2569
2021-05-30T18,ERCO,SUN,3985
2021-05-30T19,ERCO,SUN,4295
2021-05-30T20,ERCO,SUN,3869
2021-05-30T21,ERCO,SUN,3615
2021-05-30T22,ERCO,SUN,3431
2021-05-30T23,ERCO,SUN,2840
2021-05-31T00,ERCO,SUN,1872
2021-05-31T01,ERCO,SUN,778
2021-05-31T02,ERCO,SUN,96
2021-05-31T03,ERCO,SUN,0
2021-05-31T04,ERCO,SUN,0
2021-05-31T05,ERCO,SUN,0
2021-05-31T06,ERCO,SUN,0
2021-05-31T07,ERCO,SUN,0
2021-05-31T08,ERCO,SUN,0
2021-05-31T09,ERCO,SUN,0
2021-05-31T10,ERCO,SUN,0
2021-05-31T11,ERCO,SUN,0
2021-05-31T12,ERCO,SUN,5
2021-05-31T13,ERCO,SUN,143
2021-05-31T14,ERCO,SUN,423
2021-05-31T15,ERCO,SUN,487
2021-05-31T16,ERCO,SUN,762
2021-05-31T17,ERCO,SUN,1587
2021-05-31T18,ERCO,SUN,2385
2021-05-31T19,ERCO,SUN,2780
2021-05-31T20,ERCO,SUN,2943
2021-05-31T21,ERCO,SUN,1708
2021-05-31T22,ERCO,SUN,1259
2021-05-31T23,ERCO,SUN,1146
2021-06-01T00,ERCO,SUN,1547
2021-06-01T01,ERCO,SUN,871
2021-06-01T02,ERCO,SUN,141
2021-06-01T03,ERCO,SUN,16
2021-06-01T04,ERCO,SUN,4
2021-06-01T05,ERCO,SUN,0
2021-06-01T06,ERCO,SUN,0
2021-06-01T07,ERCO,SUN,0
2021-06-01T08,ERCO,SUN,0
2021-06-01T09,ERCO,SUN,0
2021-06-01T10,ERCO,SUN,0
2021-06-01T11,ERCO,SUN,0
2021-06-01T12,ERCO,SUN,4
2021-06-01T13,ERCO,SUN,680
2021-06-01T14,ERCO,SUN,2296
2021-06-01T15,ERCO,SUN,3315
2021-06-01T16,ERCO,SUN,3864
2021-06-01T17,ERCO,SUN,4015
2021-06-01T18,ERCO,SUN,4427
2021-06-01T19,ERCO,SUN,4603
2021-06-01T20,ERCO,SUN,4731
2021-06-01T21,ERCO,SUN,4832
2021-06-01T22,ERCO,SUN,4775
2021-06-01T23,ERCO,SUN,4539
2021-06-02T00,ERCO,SUN,3314
2021-06-02T01,ERCO,SUN,1136
2021-06-02T02,ERCO,SUN,108
2021-06-02T03,ERCO,SUN,0
2021-06-02T04,ERCO,SUN,0
2021-06-02T05,ERCO,SUN,0
2021-06-02T06,ERCO,SUN,0
2021-06-02T07,ERCO,SUN,0
2021-06-02T08,ERCO,SUN,0
2021-06-02T09,ERCO,SUN,0
2021-06-02T10,ERCO,SUN,0
2021-06-02T11,ERCO,SUN,0
2021-06-02T12,ERCO,SUN,15
2021-06-02T13,ERCO,SUN,1078
2021-06-02T14,ERCO,SUN,3691
2021-06-02T15,ERCO,SUN,4652
2021-06-02T16,ERCO,SUN,5094
2021-06-02T17,ERCO,SUN,5339
2021-06-02T18,ERCO,SUN,5187
2021-06-02T19,ERCO,SUN,5032
2021-06-02T20,ERCO,SUN,4262
2021-06-02T21,ERCO,SUN,3632
2021-06-02T22,ERCO,SUN,2891
2021-06-02T23,ERCO,SUN,2205
2021-06-03T00,ERCO,SUN,1531
2021-06-03T01,ERCO,SUN,720
2021-06-03T02,ERCO,SUN,57
2021-06-03T03,ERCO,SUN,0
2021-06-03T04,ERCO,SUN,0
2021-06-03T05,ERCO,SUN,0
2021-06-03T06,ERCO,SUN,0
2021-06-03T07,ERCO,SUN,0
2021-06-03T08,ERCO,SUN,0
2021-06-03T09,ERCO,SUN,0
2021-06-03T10,ERCO,SUN,0
2021-06-03T11,ERCO,SUN,0
2021-06-03T12,ERCO,SUN,20
2021-06-03T13,ERCO,SUN,510
2021-06-03T14,ERCO,SUN,2318
2021-06-03T15,ERCO,SUN,3943
2021-06-03T16,ERCO,SUN,4517
2021-06-03T17,ERCO,SUN,5093
2021-06-03T18,ERCO,SUN,5144
2021-06-03T19,ERCO,SUN,4704
2021-06-03T20,ERCO,SUN,4330
2021-06-03T21,ERCO,SUN,3801
2021-06-03T22,ERCO,SUN,3837
2021-06-03T23,ERCO,SUN,3714
2021-06-04T00,ERCO,SUN,3003
2021-06-04T01,ERCO,SUN,1563
2021-06-04T02,ERCO,SUN,282
2021-06-04T03,ERCO,SUN,0
2021-06-04T04,ERCO,SUN,0
2021-06-04T05,ERCO,SUN,0
2021-06-04T06,ERCO,SUN,0
2021-06-04T07,ERCO,SUN,0
2021-06-04T08,ERCO,SUN,0
2021-06-04T09,ERCO,SUN,0
2021-06-04T10,ERCO,SUN,0
2021-06-04T11,ERCO,SUN,0
2021-06-04T12,ERCO,SUN,10
2021-06-04T13,ERCO,SUN,1122
2021-06-04T14,ERCO,SUN,3752
2021-06-04T15,ERCO,SUN,4934
2021-06-04T16,ERCO,SUN,5457
2021-06-04T17,ERCO,SUN,5660
2021-06-04T18,ERCO,SUN,5751
2021-06-04T19,ERCO,SUN,5500
2021-06-04T20,ERCO,SUN,5405
2021-06-04T21,ERCO,SUN,5235
2021-06-04T22,ERCO,SUN,5097
2021-06-04T23,ERCO,SUN,4632
2021-06-05T00,ERCO,SUN,3830
2021-06-05T01,ERCO,SUN,2376
2021-06-05T02,ERCO,SUN,295
2021-06-05T03,ERCO,SUN,0
2021-06-05T04,ERCO,SUN,0
2021-06-05T05,ERCO,SUN,0
2021-06-05T06,ERCO,SUN,0
2021-06-05T07,ERCO,SUN,0
2021-06-05T08,ERCO,SUN,0
2021-06-05T09,ERCO,SUN,0
2021-06-05T10,ERCO,SUN,0
2021-06-05T11,ERCO,SUN,0
2021-06-05T12,ERCO,SUN,8
2021-06-05T13,ERCO,SUN,975
2021-06-05T14,ERCO,SUN,3707
2021-06-05T15,ERCO,SUN,5116
2021-06-05T16,ERCO,SUN,5660
2021-06-05T17,ERCO,SUN,5889
2021-06-05T18,ERCO,SUN,5802
2021-06-05T19,ERCO,SUN,5681
2021-06-05T20,ERCO,SUN,5609
2021-06-05T21,ERCO,SUN,5669
2021-06-05T22,ERCO,SUN,5479
2021-06-05T23,ERCO,SUN,5160
2021-06-06T00,ERCO,SUN,4724
2021-06-06T01,ERCO,SUN,2569
2021-06-06T02,ERCO,SUN,270
2021-06-06T03,ERCO,SUN,0
2021-06-06T04,ERCO,SUN,0
2021-06-06T05,ERCO,SUN,0
2021-06-06T06,ERCO,SUN,0
2021-06-06T07,ERCO,SUN,0
2021-06-06T08,ERCO,SUN,0
2021-06-06T09,ERCO,SUN,0
2021-06-06T10,ERCO,SUN,0
2021-06-06T11,ERCO,SUN,0
2021-06-06T12,ERCO,SUN,4
2021-06-06T13,ERCO,SUN,855
2021-06-06T14,ERCO,SUN,2930
2021-06-06T15,ERCO,SUN,3304
2021-06-06T16,ERCO,SUN,3884
2021-06-06T17,ERCO,SUN,5415
2021-06-06T18,ERCO,SUN,5954
2021-06-06T19,ERCO,SUN,5965
2021-06-06T20,ERCO,SUN,5811
2021-06-06T21,ERCO,SUN,5599
2021-06-06T22,ERCO,SUN,5236
2021-06-06T23,ERCO,SUN,4816
2021-06-07T00,ERCO,SUN,4144
2021-06-07T01,ERCO,SUN,2145
2021-06-07T02,ERCO,SUN,212
2021-06-07T03,ERCO,SUN,0
2021-06-07T04,ERCO,SUN,0
2021-06-07T05,ERCO,SUN,0
2021-06-07T06,ERCO,SUN,0
2021-06-07T07,ERCO,SUN,0
2021-06-07T08,ERCO,SUN,0
2021-06-07T09,ERCO,SUN,0
2021-06-07T10,ERCO,SUN,0
2021-06-07T11,ERCO,SUN,0
2021-06-07T12,ERCO,SUN,5
2021-06-07T13,ERCO,SUN,743
2021-06-07T14,ERCO,SUN,2922
2021-06-07T15,ERCO,SUN,3982
2021-06-07T16,ERCO,SUN,4790
2021-06-07T17,ERCO,SUN,5172
2021-06-07T18,ERCO,SUN,5292
2021-06-07T19,ERCO,SUN,5261
2021-06-07T20,ERCO,SUN,5435
2021-06-07T21,ERCO,SUN,5439
2021-06-07T22,ERCO,SUN,5240
2021-06-07T23,ERCO,SUN,4955
2021-06-08T00,ERCO,SUN,4039
2021-06-08T01,ERCO,SUN,2268
2021-06-08T02,ERCO,SUN,304
2021-06-08T03,ERCO,SUN,0
2021-06-08T04,ERCO,SUN,0
2021-06-08T05,ERCO,SUN,0
2021-06-08T06,ERCO,SUN,0
2021-06-08T07,ERCO,SUN,0
2021-06-08T08,ERCO,SUN,0
2021-06-08T09,ERCO,SUN,0
2021-06-08T10,ERCO,SUN,0
2021-06-08T11,ERCO,SUN,0
2021-06-08T12,ERCO,SUN,3
2021-06-08T13,ERCO,SUN,470
2021-06-08T14,ERCO,SUN,2446
2021-06-08T15,ERCO,SUN,3938
2021-06-08T16,ERCO,SUN,5024
2021-06-08T17,ERCO,SUN,5299
2021-06-08T18,ERCO,SUN,5248
2021-06-08T19,ERCO,SUN,5519
2021-06-08T20,ERCO,SUN,5682
2021-06-08T21,ERCO,SUN,5673
2021-06-08T22,ERCO,SUN,5500
2021-06-08T23,ERCO,SUN,5264
2021-06-09T00,ERCO,SUN,4525
2021-06-09T01,ERCO,SUN,2320
2021-06-09T02,ERCO,SUN,175
2021-06-09T03,ERCO,SUN,0
2021-06-09T04,ERCO,SUN,0
2021-06-09T05,ERCO,SUN,0
2021-06-09T06,ERCO,SUN,0
2021-06-09T07,ERCO,SUN,0
2021-06-09T08,ERCO,SUN,0
2021-06-09T09,ERCO,SUN,0
2021-06-09T10,ERCO,SUN,0
2021-06-09T11,ERCO,SUN,0
2021-06-09T12,ERCO,SUN,6
2021-06-09T13,ERCO,SUN,716
2021-06-09T14,ERCO,SUN,2940
2021-06-09T15,ERCO,SUN,4441
2021-06-09T16,ERCO,SUN,4981
2021-06-09T17,ERCO,SUN,5317
2021-06-09T18,ERCO,SUN,5421
2021-06-09T19,ERCO,SUN,5362
2021-06-09T20,ERCO,SUN,5376
2021-06-09T21,ERCO,SUN,5231
2021-06-09T22,ERCO,SUN,5095
2021-06-09T23,ERCO,SUN,4849
2021-06-10T00,ERCO,SUN,3332
2021-06-10T01,ERCO,SUN,1767
2021-06-10T02,ERCO,SUN,289
2021-06-10T03,ERCO,SUN,0
2021-06-10T04,ERCO,SUN,0
2021-06-10T05,ERCO,SUN,0
2021-06-10T06,ERCO,SUN,0
2021-06-10T07,ERCO,SUN,0
2021-06-10T08,ERCO,SUN,0
2021-06-10T09,ERCO,SUN,0
2021-06-10T10,ERCO,SUN,0
2021-06-10T11,ERCO,SUN,0
2021-06-10T12,ERCO,SUN,7
2021-06-10T13,ERCO,SUN,918
2021-06-10T14,ERCO,SUN,3392
2021-06-10T15,ERCO,SUN,4621
2021-06-10T16,ERCO,SUN,5425
2021-06-10T17,ERCO,SUN,5705
2021-06-10T18,ERCO,SUN,5817
2021-06-10T19,ERCO,SUN,5798
2021-06-10T20,ERCO,SUN,5666
2021-06-10T21,ERCO,SUN,5627
2021-06-10T22,ERCO,SUN,5341
2021-06-10T23,ERCO,SUN,4817
2021-06-11T00,ERCO,SUN,4469
2021-06-11T01,ERCO,SUN,2656
2021-06-11T02,ERCO,SUN,317
2021-06-11T03,ERCO,SUN,0
2021-06-11T04,ERCO,SUN,0
2021-06-11T05,ERCO,SUN,0
2021-06-11T06,ERCO,SUN,0
2021-06-11T07,ERCO,SUN,0
2021-06-11T08,ERCO,SUN,0
2021-06-11T09,ERCO,SUN,0
2021-06-11T10,ERCO,SUN,0
2021-06-11T11,ERCO,SUN,0
2021-06-11T12,ERCO,SUN,12
2021-06-11T13,ERCO,SUN,995
2021-06-11T14,ERCO,SUN,3405
2021-06-11T15,ERCO,SUN,4920
2021-06-11T16,ERCO,SUN,5493
2021-06-11T17,ERCO,SUN,5773
2021-06-11T18,ERCO,SUN,5844
2021-06-11T19,ERCO,SUN,5861
2021-06-11T20,ERCO,SUN,5821
2021-06-11T21,ERCO,SUN,5788
2021-06-11T22,ERCO,SUN,5650
2021-06-11T23,ERCO,SUN,5289
2021-06-12T00,ERCO,SUN,4546
2021-06-12T01,ERCO,SUN,2589
2021-06-12T02,ERCO,SUN,343
2021-06-12T03,ERCO,SUN,0
2021-06-12T04,ERCO,SUN,0
2021-06-12T05,ERCO,SUN,0
2021-06-12T06,ERCO,SUN,0
2021-06-12T07,ERCO,SUN,0
2021-06-12T08,ERCO,SUN,0
2021-06-12T09,ERCO,SUN,0
2021-06-12T10,ERCO,SUN,0
2021-06-12T11,ERCO,SUN,0
2021-06-12T12,ERCO,SUN,8
2021-06-12T13,ERCO,SUN,1117
2021-06-12T14,ERCO,SUN,3857
2021-06-12T15,ERCO,SUN,5181
2021-06-12T16,ERCO,SUN,5746
2021-06-12T17,ERCO,SUN,5913
2021-06-12T18,ERCO,SUN,5960
2021-06-12T19,ERCO,SUN,5753
2021-06-12T20,ERCO,SUN,5667
2021-06-12T21,ERCO,SUN,5582
2021-06-12T22,ERCO,SUN,5587
2021-06-12T23,ERCO,SUN,5476
2021-06-13T00,ERCO,SUN,4984
2021-06-13T01,ERCO,SUN,2837
2021-06-13T02,ERCO,SUN,216
2021-06-13T03,ERCO,SUN,0
2021-06-13T04,ERCO,SUN,0
2021-06-13T05,ERCO,SUN,0
2021-06-13T06,ERCO,SUN,0
2021-06-13T07,ERCO,SUN,0
2021-06-13T08,ERCO,SUN,0
2021-06-13T09,ERCO,SUN,0
2021-06-13T10,ERCO,SUN,0
2021-06-13T11,ERCO,SUN,0
2021-06-13T12,ERCO,SUN,16
2021-06-13T13,ERCO,SUN,949
2021-06-13T14,ERCO,SUN,3170
2021-06-13T15,ERCO,SUN,4050
2021-06-13T16,ERCO,SUN,4982
2021-06-13T17,ERCO,SUN,5860
2021-06-13T18,ERCO,SUN,5898
2021-06-13T19,ERCO,SUN,5730
2021-06-13T20,ERCO,SUN,5637
2021-06-13T21,ERCO,SUN,5825
2021-06-13T22,ERCO,SUN,5684
2021-06-13T23,ERCO,SUN,5476
2021-06-14T00,ERCO,SUN,4831
2021-06-14T01,ERCO,SUN,2877
2021-06-14T02,ERCO,SUN,334
2021-06-14T03,ERCO,SUN,0
2021-06-14T04,ERCO,SUN,0
2021-06-14T05,ERCO,SUN,0
2021-06-14T06,ERCO,SUN,0
2021-06-14T07,ERCO,SUN,0
2021-06-14T08,ERCO,SUN,0
2021-06-14T09,ERCO,SUN,0
2021-06-14T10,ERCO,SUN,0
2021-06-14T11,ERCO,SUN,0
2021-06-14T12,ERCO,SUN,12
2021-06-14T13,ERCO,SUN,794
2021-06-14T14,ERCO,SUN,2800
2021-06-14T15,ERCO,SUN,3587
2021-06-14T16,ERCO,SUN,4703
2021-06-14T17,ERCO,SUN,5185
2021-06-14T18,ERCO,SUN,5422
2021-06-14T19,ERCO,SUN,5498
2021-06-14T20,ERCO,SUN,5333
2021-06-14T21,ERCO,SUN,4954
2021-06-14T22,ERCO,SUN,4769
2021-06-14T23,ERCO,SUN,4288
2021-06-15T00,ERCO,SUN,3855
2021-06-15T01,ERCO,SUN,2450
2021-06-15T02,ERCO,SUN,406
2021-06-15T03,ERCO,SUN,0
2021-06-15T04,ERCO,SUN,0
2021-06-15T05,ERCO,SUN,0
2021-06-15T06,ERCO,SUN,0
2021-06-15T07,ERCO,SUN,0
2021-06-15T08,ERCO,SUN,0
2021-06-15T09,ERCO,SUN,0
2021-06-15T10,ERCO,SUN,0
2021-06-15T11,ERCO,SUN,0
2021-06-15T12,ERCO,SUN,22
2021-06-15T13,ERCO,SUN,1460
2021-06-15T14,ERCO,SUN,4448
2021-06-15T15,ERCO,SUN,5724
2021-06-15T16,ERCO,SUN,6018
2021-06-15T17,ERCO,SUN,6038
2021-06-15T18,ERCO,SUN,5909
2021-06-15T19,ERCO,SUN,5858
2021-06-15T20,ERCO,SUN,5541
2021-06-15T21,ERCO,SUN,5380
2021-06-15T22,ERCO,SUN,5355
2021-06-15T23,ERCO,SUN,5358
2021-06-16T00,ERCO,SUN,4915
2021-06-16T01,ERCO,SUN,3124
2021-06-16T02,ERCO,SUN,450
2021-06-16T03,ERCO,SUN,0
2021-06-16T04,ERCO,SUN,0
2021-06-16T05,ERCO,SUN,0
2021-06-16T06,ERCO,SUN,0
2021-06-16T07,ERCO,SUN,0
2021-06-16T08,ERCO,SUN,0
2021-06-16T09,ERCO,SUN,0
2021-06-16T10,ERCO,SUN,0
2021-06-16T11,ERCO,SUN,0
2021-06-16T12,ERCO,SUN,27
2021-06-16T13,ERCO,SUN,1400
2021-06-16T14,ERCO,SUN,4496
2021-06-16T15,ERCO,SUN,5774
2021-06-16T16,ERCO,SUN,6029
2021-06-16T17,ERCO,SUN,6089
2021-06-16T18,ERCO,SUN,5965
2021-06-16T19,ERCO,SUN,5842
2021-06-16T20,ERCO,SUN,5756
2021-06-16T21,ERCO,SUN,5617
2021-06-16T22,ERCO,SUN,5509
2021-06-16T23,ERCO,SUN,5338
2021-06-17T00,ERCO,SUN,4856
2021-06-17T01,ERCO,SUN,2954
2021-06-17T02,ERCO,SUN,462
2021-06-17T03,ERCO,SUN,0
2021-06-17T04,ERCO,SUN,0
2021-06-17T05,ERCO,SUN,0
2021-06-17T06,ERCO,SUN,0
2021-06-17T07,ERCO,SUN,0
2021-06-17T08,ERCO,SUN,0
2021-06-17T09,ERCO,SUN,0
2021-06-17T10,ERCO,SUN,0
2021-06-17T11,ERCO,SUN,0
2021-06-17T12,ERCO,SUN,21
2021-06-17T13,ERCO,SUN,1462
2021-06-17T14,ERCO,SUN,4608
2021-06-17T15,ERCO,SUN,5824
2021-06-17T16,ERCO,SUN,6098
2021-06-17T17,ERCO,SUN,5903
2021-06-17T18,ERCO,SUN,5805
2021-06-17T19,ERCO,SUN,5710
2021-06-17T20,ERCO,SUN,5493
2021-06-17T21,ERCO,SUN,5425
2021-06-17T22,ERCO,SUN,5360
2021-06-17T23,ERCO,SUN,5242
2021-06-18T00,ERCO,SUN,4839
2021-06-18T01,ERCO,SUN,3087
2021-06-18T02,ERCO,SUN,471
2021-06-18T03,ERCO,SUN,0
2021-06-18T04,ERCO,SUN,5
2021-06-18T05,ERCO,SUN,0
2021-06-18T06,ERCO,SUN,0
2021-06-18T07,ERCO,SUN,0
2021-06-18T08,ERCO,SUN,0
2021-06-18T09,ERCO,SUN,0
2021-06-18T10,ERCO,SUN,0
2021-06-18T11,ERCO,SUN,0
2021-06-18T12,ERCO,SUN,17
2021-06-18T13,ERCO,SUN,1331
2021-06-18T14,ERCO,SUN,4344
2021-06-18T15,ERCO,SUN,5656
2021-06-18T16,ERCO,SUN,5983
2021-06-18T17,ERCO,SUN,6005
2021-06-18T18,ERCO,SUN,5773
2021-06-18T19,ERCO,SUN,5721
2021-06-18T20,ERCO,SUN,5618
2021-06-18T21,ERCO,SUN,5513
2021-06-18T22,ERCO,SUN,5582
2021-06-18T23,ERCO,SUN,5509
2021-06-19T00,ERCO,SUN,5069
2021-06-19T01,ERCO,SUN,3254
2021-06-19T02,ERCO,SUN,498
2021-06-19T03,ERCO,SUN,0
2021-06-19T04,ERCO,SUN,0
2021-06-19T05,ERCO,SUN,0
2021-06-19T06,ERCO,SUN,0
2021-06-19T07,ERCO,SUN,0
2021-06-19T08,ERCO,SUN,0
2021-06-19T09,ERCO,SUN,0
2021-06-19T10,ERCO,SUN,0
2021-06-19T11,ERCO,SUN,0
2021-06-19T12,ERCO,SUN,20
2021-06-19T13,ERCO,SUN,1403
2021-06-19T14,ERCO,SUN,4402
2021-06-19T15,ERCO,SUN,5775
2021-06-19T16,ERCO,SUN,6062
2021-06-19T17,ERCO,SUN,6128
2021-06-19T18,ERCO,SUN,5921
2021-06-19T19,ERCO,SUN,5753
2021-06-19T20,ERCO,SUN,5687
2021-06-19T21,ERCO,SUN,5658
2021-06-19T22,ERCO,SUN,5666
2021-06-19T23,ERCO,SUN,5450
2021-06-20T00,ERCO,SUN,5178
2021-06-20T01,ERCO,SUN,3156
2021-06-20T02,ERCO,SUN,439
2021-06-20T03,ERCO,SUN,0
2021-06-20T04,ERCO,SUN,0
2021-06-20T05,ERCO,SUN,0
2021-06-20T06,ERCO,SUN,0
2021-06-20T07,ERCO,SUN,0
2021-06-20T08,ERCO,SUN,0
2021-06-20T09,ERCO,SUN,0
2021-06-20T10,ERCO,SUN,0
2021-06-20T11,ERCO,SUN,0
2021-06-20T12,ERCO,SUN,19
2021-06-20T13,ERCO,SUN,1329
2021-06-20T14,ERCO,SUN,3863
2021-06-20T15,ERCO,SUN,3687
2021-06-20T16,ERCO,SUN,4968
2021-06-20T17,ERCO,SUN,5563
2021-06-20T18,ERCO,SUN,5900
2021-06-20T19,ERCO,SUN,5943
2021-06-20T20,ERCO,SUN,5744
2021-06-20T21,ERCO,SUN,5633
2021-06-20T22,ERCO,SUN,5307
2021-06-20T23,ERCO,SUN,5142
2021-06-21T00,ERCO,SUN,4710
2021-06-21T01,ERCO,SUN,2588
2021-06-21T02,ERCO,SUN,287
2021-06-21T03,ERCO,SUN,0
2021-06-21T04,ERCO,SUN,0
2021-06-21T05,ERCO,SUN,0
2021-06-21T06,ERCO,SUN,0
2021-06-21T07,ERCO,SUN,0
2021-06-21T08,ERCO,SUN,0
2021-06-21T09,ERCO,SUN,0
2021-06-21T10,ERCO,SUN,0
2021-06-21T11,ERCO,SUN,0
2021-06-21T12,ERCO,SUN,5
2021-06-21T13,ERCO,SUN,800
2021-06-21T14,ERCO,SUN,2746
2021-06-21T15,ERCO,SUN,3744
2021-06-21T16,ERCO,SUN,4550
2021-06-21T17,ERCO,SUN,4857
2021-06-21T18,ERCO,SUN,4812
2021-06-21T19,ERCO,SUN,4886
2021-06-21T20,ERCO,SUN,4280
2021-06-21T21,ERCO,SUN,3783
2021-06-21T22,ERCO,SUN,2819
2021-06-21T23,ERCO,SUN,3020
2021-06-22T00,ERCO,SUN,2044
2021-06-22T01,ERCO,SUN,915
2021-06-22T02,ERCO,SUN,232
2021-06-22T03,ERCO,SUN,1
2021-06-22T04,ERCO,SUN,0
2021-06-22T05,ERCO,SUN,0
2021-06-22T06,ERCO,SUN,0
2021-06-22T07,ERCO,SUN,0
2021-06-22T08,ERCO,SUN,0
2021-06-22T09,ERCO,SUN,0
2021-06-22T10,ERCO,SUN,0
2021-06-22T11,ERCO,SUN,0
2021-06-22T12,ERCO,SUN,16
2021-06-22T13,ERCO,SUN,444
2021-06-22T14,ERCO,SUN,1664
2021-06-22T15,ERCO,SUN,3074
2021-06-22T16,ERCO,SUN,4659
2021-06-22T17,ERCO,SUN,5662
2021-06-22T18,ERCO,SUN,5978
2021-06-22T19,ERCO,SUN,6128
2021-06-22T20,ERCO,SUN,6045
2021-06-22T21,ERCO,SUN,6069
2021-06-22T22,ERCO,SUN,6016
2021-06-22T23,ERCO,SUN,5843
2021-06-23T00,ERCO,SUN,5151
2021-06-23T01,ERCO,SUN,3103
2021-06-23T02,ERCO,SUN,420
2021-06-23T03,ERCO,SUN,1
2021-06-23T04,ERCO,SUN,5
2021-06-23T05,ERCO,SUN,6
2021-06-23T06,ERCO,SUN,7
2021-06-23T07,ERCO,SUN,7
2021-06-23T08,ERCO,SUN,7
2021-06-23T09,ERCO,SUN,7
2021-06-23T10,ERCO,SUN,6
2021-06-23T11,ERCO,SUN,0
2021-06-23T12,ERCO,SUN,10
2021-06-23T13,ERCO,SUN,926
2021-06-23T14,ERCO,SUN,2647
2021-06-23T15,ERCO,SUN,2274
2021-06-23T16,ERCO,SUN,2906
2021-06-23T17,ERCO,SUN,2911
2021-06-23T18,ERCO,SUN,2978
2021-06-23T19,ERCO,SUN,2839
2021-06-23T20,ERCO,SUN,4200
2021-06-23T21,ERCO,SUN,4930
2021-06-23T22,ERCO,SUN,5343
2021-06-23T23,ERCO,SUN,5235
2021-06-24T00,ERCO,SUN,4318
2021-06-24T01,ERCO,SUN,1948
2021-06-24T02,ERCO,SUN,294
2021-06-24T03,ERCO,SUN,0
2021-06-24T04,ERCO,SUN,0
2021-06-24T05,ERCO,SUN,0
2021-06-24T06,ERCO,SUN,0
2021-06-24T07,ERCO,SUN,0
2021-06-24T08,ERCO,SUN,0
2021-06-24T09,ERCO,SUN,0
2021-06-24T10,ERCO,SUN,0
2021-06-24T11,ERCO,SUN,0
2021-06-24T12,ERCO,SUN,15
2021-06-24T13,ERCO,SUN,972
2021-06-24T14,ERCO,SUN,2956
2021-06-24T15,ERCO,SUN,3337
2021-06-24T16,ERCO,SUN,4731
2021-06-24T17,ERCO,SUN,5779
2021-06-24T18,ERCO,SUN,5823
2021-06-24T19,ERCO,SUN,5812
2021-06-24T20,ERCO,SUN,5805
2021-06-24T21,ERCO,SUN,5730
2021-06-24T22,ERCO,SUN,5638
2021-06-24T23,ERCO,SUN,5050
2021-06-25T00,ERCO,SUN,3879
2021-06-25T01,ERCO,SUN,1873
2021-06-25T02,ERCO,SUN,256
2021-06-25T03,ERCO,SUN,0
2021-06-25T04,ERCO,SUN,0
2021-06-25T05,ERCO,SUN,0
2021-06-25T06,ERCO,SUN,0
2021-06-25T07,ERCO,SUN,0
2021-06-25T08,ERCO,SUN,0
2021-06-25T09,ERCO,SUN,0
2021-06-25T10,ERCO,SUN,0
2021-06-25T11,ERCO,SUN,0
2021-06-25T12,ERCO,SUN,13
2021-06-25T13,ERCO,SUN,833
2021-06-25T14,ERCO,SUN,2791
2021-06-25T15,ERCO,SUN,3180
2021-06-25T16,ERCO,SUN,4769
2021-06-25T17,ERCO,SUN,5472
2021-06-25T18,ERCO,SUN,5750
2021-06-25T19,ERCO,SUN,5857
2021-06-25T20,ERCO,SUN,5651
2021-06-25T21,ERCO,SUN,5334
2021-06-25T22,ERCO,SUN,4464
2021-06-25T23,ERCO,SUN,3112
2021-06-26T00,ERCO,SUN,2814
2021-06-26T01,ERCO,SUN,1940
2021-06-26T02,ERCO,SUN,373
2021-06-26T03,ERCO,SUN,2
2021-06-26T04,ERCO,SUN,0
2021-06-26T05,ERCO,SUN,0
2021-06-26T06,ERCO,SUN,0
2021-06-26T07,ERCO,SUN,0
2021-06-26T08,ERCO,SUN,0
2021-06-26T09,ERCO,SUN,0
2021-06-26T10,ERCO,SUN,0
2021-06-26T11,ERCO,SUN,0
2021-06-26T12,ERCO,SUN,9
2021-06-26T13,ERCO,SUN,860
2021-06-26T14,ERCO,SUN,3324
2021-06-26T15,ERCO,SUN,4780
2021-06-26T16,ERCO,SUN,5508
2021-06-26T17,ERCO,SUN,5643
2021-06-26T18,ERCO,SUN,5657
2021-06-26T19,ERCO,SUN,5407
2021-06-26T20,ERCO,SUN,5131
2021-06-26T21,ERCO,SUN,4888
2021-06-26T22,ERCO,SUN,4296
2021-06-26T23,ERCO,SUN,4115
2021-06-27T00,ERCO,SUN,3135
2021-06-27T01,ERCO,SUN,1463
2021-06-27T02,ERCO,SUN,287
2021-06-27T03,ERCO,SUN,1
2021-06-27T04,ERCO,SUN,1
2021-06-27T05,ERCO,SUN,1
2021-06-27T06,ERCO,SUN,1
2021-06-27T07,ERCO,SUN,1
2021-06-27T08,ERCO,SUN,1
2021-06-27T09,ERCO,SUN,1
2021-06-27T10,ERCO,SUN,1
2021-06-27T11,ERCO,SUN,0
2021-06-27T12,ERCO,SUN,9
2021-06-27T13,ERCO,SUN,194
2021-06-27T14,ERCO,SUN,619
2021-06-27T15,ERCO,SUN,964
2021-06-27T16,ERCO,SUN,1414
2021-06-27T17,ERCO,SUN,1778
2021-06-27T18,ERCO,SUN,2410
2021-06-27T19,ERCO,SUN,3180
2021-06-27T20,ERCO,SUN,3645
2021-06-27T21,ERCO,SUN,3642
2021-06-27T22,ERCO,SUN,3553
2021-06-27T23,ERCO,SUN,3748
2021-06-28T00,ERCO,SUN,3042
2021-06-28T01,ERCO,SUN,1549
2021-06-28T02,ERCO,SUN,216
2021-06-28T03,ERCO,SUN,4
2021-06-28T04,ERCO,SUN,0
2021-06-28T05,ERCO,SUN,0
2021-06-28T06,ERCO,SUN,0
2021-06-28T07,ERCO,SUN,0
2021-06-28T08,ERCO,SUN,0
2021-06-28T09,ERCO,SUN,0
2021-06-28T10,ERCO,SUN,0
2021-06-28T11,ERCO,SUN,0
2021-06-28T12,ERCO,SUN,11
2021-06-28T13,ERCO,SUN,364
2021-06-28T14,ERCO,SUN,1608
2021-06-28T15,ERCO,SUN,2019
2021-06-28T16,ERCO,SUN,2554
2021-06-28T17,ERCO,SUN,3095
2021-06-28T18,ERCO,SUN,3545
2021-06-28T19,ERCO,SUN,4010
2021-06-28T20,ERCO,SUN,3765
2021-06-28T21,ERCO,SUN,3168
2021-06-28T22,ERCO,SUN,2700
2021-06-28T23,ERCO,SUN,2146
2021-06-29T00,ERCO,SUN,1078
2021-06-29T01,ERCO,SUN,465
2021-06-29T02,ERCO,SUN,59
2021-06-29T03,ERCO,SUN,16
2021-06-29T04,ERCO,SUN,16
2021-06-29T05,ERCO,SUN,16
2021-06-29T06,ERCO,SUN,16
2021-06-29T07,ERCO,SUN,16
2021-06-29T08,ERCO,SUN,16
2021-06-29T09,ERCO,SUN,16
2021-06-29T10,ERCO,SUN,5
2021-06-29T11,ERCO,SUN,0
2021-06-29T12,ERCO,SUN,8
2021-06-29T13,ERCO,SUN,465
2021-06-29T14,ERCO,SUN,1582
2021-06-29T15,ERCO,SUN,2173
2021-06-29T16,ERCO,SUN,3494
2021-06-29T17,ERCO,SUN,4571
2021-06-29T18,ERCO,SUN,4908
2021-06-29T19,ERCO,SUN,4931
2021-06-29T20,ERCO,SUN,4905
2021-06-29T21,ERCO,SUN,4746
2021-06-29T22,ERCO,SUN,4219
2021-06-29T23,ERCO,SUN,3978
2021-06-30T00,ERCO,SUN,3524
2021-06-30T01,ERCO,SUN,2030
2021-06-30T02,ERCO,SUN,187
2021-06-30T03,ERCO,SUN,0
2021-06-30T04,ERCO,SUN,0
2021-06-30T05,ERCO,SUN,0
2021-06-30T06,ERCO,SUN,0
2021-06-30T07,ERCO,SUN,0
2021-06-30T08,ERCO,SUN,0
2021-06-30T09,ERCO,SUN,0
2021-06-30T10,ERCO,SUN,0
2021-06-30T11,ERCO,SUN,0
2021-06-30T12,ERCO,SUN,13
2021-06-30T13,ERCO,SUN,561
2021-06-30T14,ERCO,SUN,1909
2021-06-30T15,ERCO,SUN,2994
2021-06-30T16,ERCO,SUN,3607
2021-06-30T17,ERCO,SUN,4003
2021-06-30T18,ERCO,SUN,4367
2021-06-30T19,ERCO,SUN,4855
2021-06-30T20,ERCO,SUN,5186
2021-06-30T21,ERCO,SUN,4729
2021-06-30T22,ERCO,SUN,4788
2021-06-30T23,ERCO,SUN,4482
2021-07-01T00,ERCO,SUN,4178
2021-07-01T01,ERCO,SUN,2480
2021-07-01T02,ERCO,SUN,330
2021-07-01T03,ERCO,SUN,0
2021-07-01T04,ERCO,SUN,0
2021-07-01T05,ERCO,SUN,0
2021-07-01T06,ERCO,SUN,0
2021-07-01T07,ERCO,SUN,0
2021-07-01T08,ERCO,SUN,0
2021-07-01T09,ERCO,SUN,0
2021-07-01T10,ERCO,SUN,0
2021-07-01T11,ERCO,SUN,0
2021-07-01T12,ERCO,SUN,14
2021-07-01T13,ERCO,SUN,1319
2021-07-01T14,ERCO,SUN,4178
2021-07-01T15,ERCO,SUN,5324
2021-07-01T16,ERCO,SUN,5983
2021-07-01T17,ERCO,SUN,6185
2021-07-01T18,ERCO,SUN,6148
2021-07-01T19,ERCO,SUN,5738
2021-07-01T20,ERCO,SUN,5303
2021-07-01T21,ERCO,SUN,5318
2021-07-01T22,ERCO,SUN,5274
2021-07-01T23,ERCO,SUN,5168
2021-07-02T00,ERCO,SUN,4655
2021-07-02T01,ERCO,SUN,2871
2021-07-02T02,ERCO,SUN,487
2021-07-02T03,ERCO,SUN,35
2021-07-02T04,ERCO,SUN,36
2021-07-02T05,ERCO,SUN,35
2021-07-02T06,ERCO,SUN,35
2021-07-02T07,ERCO,SUN,35
2021-07-02T08,ERCO,SUN,35
2021-07-02T09,ERCO,SUN,35
2021-07-02T10,ERCO,SUN,13
2021-07-02T11,ERCO,SUN,0
2021-07-02T12,ERCO,SUN,4
2021-07-02T13,ERCO,SUN,921
2021-07-02T14,ERCO,SUN,3563
2021-07-02T15,ERCO,SUN,4725
2021-07-02T16,ERCO,SUN,4769
2021-07-02T17,ERCO,SUN,4788
2021-07-02T18,ERCO,SUN,4937
2021-07-02T19,ERCO,SUN,5535
2021-07-02T20,ERCO,SUN,5493
2021-07-02T21,ERCO,SUN,5360
2021-07-02T22,ERCO,SUN,4940
2021-07-02T23,ERCO,SUN,4372
2021-07-03T00,ERCO,SUN,3176
2021-07-03T01,ERCO,SUN,1350
2021-07-03T02,ERCO,SUN,121
2021-07-03T03,ERCO,SUN,0
2021-07-03T04,ERCO,SUN,0
2021-07-03T05,ERCO,SUN,0
2021-07-03T06,ERCO,SUN,0
2021-07-03T07,ERCO,SUN,0
2021-07-03T08,ERCO,SUN,0
2021-07-03T09,ERCO,SUN,0
2021-07-03T10,ERCO,SUN,0
2021-07-03T11,ERCO,SUN,0
2021-07-03T12,ERCO,SUN,3
2021-07-03T13,ERCO,SUN,146
2021-07-03T14,ERCO,SUN,750
2021-07-03T15,ERCO,SUN,1582
2021-07-03T16,ERCO,SUN,2692
2021-07-03T17,ERCO,SUN,4008
2021-07-03T18,ERCO,SUN,4725
2021-07-03T19,ERCO,SUN,4917
2021-07-03T20,ERCO,SUN,4925
2021-07-03T21,ERCO,SUN,4556
2021-07-03T22,ERCO,SUN,4095
2021-07-03T23,ERCO,SUN,3378
2021-07-04T00,ERCO,SUN,3321
2021-07-04T01,ERCO,SUN,1339
2021-07-04T02,ERCO,SUN,188
2021-07-04T03,ERCO,SUN,0
2021-07-04T04,ERCO,SUN,0
2021-07-04T05,ERCO,SUN,0
2021-07-04T06,ERCO,SUN,0
2021-07-04T07,ERCO,SUN,0
2021-07-04T08,ERCO,SUN,0
2021-07-04T09,ERCO,SUN,0
2021-07-04T10,ERCO,SUN,0
2021-07-04T11,ERCO,SUN,0
2021-07-04T12,ERCO,SUN,10
2021-07-04T13,ERCO,SUN,925
2021-07-04T14,ERCO,SUN,3120
2021-07-04T15,ERCO,SUN,4737
2021-07-04T16,ERCO,SUN,5656
2021-07-04T17,ERCO,SUN,5993
2021-07-04T18,ERCO,SUN,6112
2021-07-04T19,ERCO,SUN,5898
2021-07-04T20,ERCO,SUN,5493
2021-07-04T21,ERCO,SUN,5408
2021-07-04T22,ERCO,SUN,5511
2021-07-04T23,ERCO,SUN,5109
2021-07-05T00,ERCO,SUN,4734
2021-07-05T01,ERCO,SUN,2937
2021-07-05T02,ERCO,SUN,369
2021-07-05T03,ERCO,SUN,0
2021-07-05T04,ERCO,SUN,0
2021-07-05T05,ERCO,SUN,0
2021-07-05T06,ERCO,SUN,0
2021-07-05T07,ERCO,SUN,0
2021-07-05T08,ERCO,SUN,0
2021-07-05T09,ERCO,SUN,0
2021-07-05T10,ERCO,SUN,0
2021-07-05T11,ERCO,SUN,0
2021-07-05T12,ERCO,SUN,11
2021-07-05T13,ERCO,SUN,346
2021-07-05T14,ERCO,SUN,879
2021-07-05T15,ERCO,SUN,1742
2021-07-05T16,ERCO,SUN,2762
2021-07-05T17,ERCO,SUN,3116
2021-07-05T18,ERCO,SUN,3546
2021-07-05T19,ERCO,SUN,3474
2021-07-05T20,ERCO,SUN,4433
2021-07-05T21,ERCO,SUN,5213
2021-07-05T22,ERCO,SUN,5111
2021-07-05T23,ERCO,SUN,5150
2021-07-06T00,ERCO,SUN,4694
2021-07-06T01,ERCO,SUN,2683
2021-07-06T02,ERCO,SUN,459
2021-07-06T03,ERCO,SUN,0
2021-07-06T04,ERCO,SUN,0
2021-07-06T05,ERCO,SUN,0
2021-07-06T06,ERCO,SUN,0
2021-07-06T07,ERCO,SUN,0
2021-07-06T08,ERCO,SUN,0
2021-07-06T09,ERCO,SUN,0
2021-07-06T10,ERCO,SUN,0
2021-07-06T11,ERCO,SUN,0
2021-07-06T12,ERCO,SUN,6
2021-07-06T13,ERCO,SUN,528
2021-07-06T14,ERCO,SUN,2065
2021-07-06T15,ERCO,SUN,2950
2021-07-06T16,ERCO,SUN,3618
2021-07-06T17,ERCO,SUN,3955
2021-07-06T18,ERCO,SUN,4563
2021-07-06T19,ERCO,SUN,5117
2021-07-06T20,ERCO,SUN,5359
2021-07-06T21,ERCO,SUN,5394
2021-07-06T22,ERCO,SUN,5190
2021-07-06T23,ERCO,SUN,5105
2021-07-07T00,ERCO,SUN,4650
2021-07-07T01,ERCO,SUN,2856
2021-07-07T02,ERCO,SUN,417
2021-07-07T03,ERCO,SUN,0
2021-07-07T04,ERCO,SUN,0
2021-07-07T05,ERCO,SUN,0
2021-07-07T06,ERCO,SUN,0
2021-07-07T07,ERCO,SUN,0
2021-07-07T08,ERCO,SUN,0
2021-07-07T09,ERCO,SUN,0
2021-07-07T10,ERCO,SUN,0
2021-07-07T11,ERCO,SUN,0
2021-07-07T12,ERCO,SUN,8
2021-07-07T13,ERCO,SUN,857
2021-07-07T14,ERCO,SUN,3656
2021-07-07T15,ERCO,SUN,4980
2021-07-07T16,ERCO,SUN,4927
2021-07-07T17,ERCO,SUN,4882
2021-07-07T18,ERCO,SUN,5296
2021-07-07T19,ERCO,SUN,5411
2021-07-07T20,ERCO,SUN,5398
2021-07-07T21,ERCO,SUN,5139
2021-07-07T22,ERCO,SUN,5120
2021-07-07T23,ERCO,SUN,5137
2021-07-08T00,ERCO,SUN,4245
2021-07-08T01,ERCO,SUN,2566
2021-07-08T02,ERCO,SUN,404
2021-07-08T03,ERCO,SUN,0
2021-07-08T04,ERCO,SUN,0
2021-07-08T05,ERCO,SUN,0
2021-07-08T06,ERCO,SUN,1
2021-07-08T07,ERCO,SUN,0
2021-07-08T08,ERCO,SUN,0
2021-07-08T09,ERCO,SUN,0
2021-07-08T10,ERCO,SUN,0
2021-07-08T11,ERCO,SUN,0
2021-07-08T12,ERCO,SUN,11
2021-07-08T13,ERCO,SUN,988
2021-07-08T14,ERCO,SUN,4021
2021-07-08T15,ERCO,SUN,5694
2021-07-08T16,ERCO,SUN,6056
2021-07-08T17,ERCO,SUN,5594
2021-07-08T18,ERCO,SUN,5277
2021-07-08T19,ERCO,SUN,5521
2021-07-08T20,ERCO,SUN,5561
2021-07-08T21,ERCO,SUN,5515
2021-07-08T22,ERCO,SUN,5429
2021-07-08T23,ERCO,SUN,5148
2021-07-09T00,ERCO,SUN,4693
2021-07-09T01,ERCO,SUN,3081
2021-07-09T02,ERCO,SUN,450
2021-07-09T03,ERCO,SUN,0
2021-07-09T04,ERCO,SUN,0
2021-07-09T05,ERCO,SUN,0
2021-07-09T06,ERCO,SUN,0
2021-07-09T07,ERCO,SUN,1
2021-07-09T08,ERCO,SUN,0
2021-07-09T09,ERCO,SUN,0
2021-07-09T10,ERCO,SUN,0
2021-07-09T11,ERCO,SUN,0
2021-07-09T12,ERCO,SUN,11
2021-07-09T13,ERCO,SUN,959
2021-07-09T14,ERCO,SUN,3736
2021-07-09T15,ERCO,SUN,4989
2021-07-09T16,ERCO,SUN,5433
2021-07-09T17,ERCO,SUN,5699
2021-07-09T18,ERCO,SUN,5851
2021-07-09T19,ERCO,SUN,5919
2021-07-09T20,ERCO,SUN,5979
2021-07-09T21,ERCO,SUN,5884
2021-07-09T22,ERCO,SUN,5667
2021-07-09T23,ERCO,SUN,5492
2021-07-10T00,ERCO,SUN,5292
2021-07-10T01,ERCO,SUN,3393
2021-07-10T02,ERCO,SUN,552
2021-07-10T03,ERCO,SUN,0
2021-07-10T04,ERCO,SUN,0
2021-07-10T05,ERCO,SUN,0
2021-07-10T06,ERCO,SUN,0
2021-07-10T07,ERCO,SUN,0
2021-07-10T08,ERCO,SUN,0
2021-07-10T09,ERCO,SUN,0
2021-07-10T10,ERCO,SUN,0
2021-07-10T11,ERCO,SUN,0
2021-07-10T12,ERCO,SUN,4
2021-07-10T13,ERCO,SUN,664
2021-07-10T14,ERCO,SUN,2777
2021-07-10T15,ERCO,SUN,3459
2021-07-10T16,ERCO,SUN,3849
2021-07-10T17,ERCO,SUN,4727
2021-07-10T18,ERCO,SUN,5104
2021-07-10T19,ERCO,SUN,5298
2021-07-10T20,ERCO,SUN,5614
2021-07-10T21,ERCO,SUN,5592
2021-07-10T22,ERCO,SUN,5515
2021-07-10T23,ERCO,SUN,5553
2021-07-11T00,ERCO,SUN,5284
2021-07-11T01,ERCO,SUN,3372
2021-07-11T02,ERCO,SUN,458
2021-07-11T03,ERCO,SUN,0
2021-07-11T04,ERCO,SUN,0
2021-07-11T05,ERCO,SUN,0
2021-07-11T06,ERCO,SUN,0
2021-07-11T07,ERCO,SUN,0
2021-07-11T08,ERCO,SUN,0
2021-07-11T09,ERCO,SUN,0
2021-07-11T10,ERCO,SUN,0
2021-07-11T11,ERCO,SUN,0
2021-07-11T12,ERCO,SUN,2
2021-07-11T13,ERCO,SUN,381
2021-07-11T14,ERCO,SUN,2069
2021-07-11T15,ERCO,SUN,3650
2021-07-11T16,ERCO,SUN,4180
2021-07-11T17,ERCO,SUN,4835
2021-07-11T18,ERCO,SUN,5333
2021-07-11T19,ERCO,SUN,5124
2021-07-11T20,ERCO,SUN,4977
2021-07-11T21,ERCO,SUN,4149
2021-07-11T22,ERCO,SUN,3346
2021-07-11T23,ERCO,SUN,2701
2021-07-12T00,ERCO,SUN,1727
2021-07-12T01,ERCO,SUN,683
2021-07-12T02,ERCO,SUN,118
2021-07-12T03,ERCO,SUN,2
2021-07-12T04,ERCO,SUN,0
2021-07-12T05,ERCO,SUN,0
2021-07-12T06,ERCO,SUN,0
2021-07-12T07,ERCO,SUN,0
2021-07-12T08,ERCO,SUN,0
2021-07-12T09,ERCO,SUN,0
2021-07-12T10,ERCO,SUN,2
2021-07-12T11,ERCO,SUN,0
2021-07-12T12,ERCO,SUN,9
2021-07-12T13,ERCO,SUN,704
2021-07-12T14,ERCO,SUN,3340
2021-07-12T15,ERCO,SUN,4963
2021-07-12T16,ERCO,SUN,5523
2021-07-12T17,ERCO,SUN,5401
2021-07-12T18,ERCO,SUN,5271
2021-07-12T19,ERCO,SUN,5693
2021-07-12T20,ERCO,SUN,5618
2021-07-12T21,ERCO,SUN,5344
2021-07-12T22,ERCO,SUN,5103
2021-07-12T23,ERCO,SUN,4485
2021-07-13T00,ERCO,SUN,4324
2021-07-13T01,ERCO,SUN,2556
2021-07-13T02,ERCO,SUN,312
2021-07-13T03,ERCO,SUN,0
2021-07-13T04,ERCO,SUN,0
2021-07-13T05,ERCO,SUN,0
2021-07-13T06,ERCO,SUN,0
2021-07-13T07,ERCO,SUN,0
2021-07-13T08,ERCO,SUN,0
2021-07-13T09,ERCO,SUN,0
2021-07-13T10,ERCO,SUN,0
2021-07-13T11,ERCO,SUN,0
2021-07-13T12,ERCO,SUN,8
2021-07-13T13,ERCO,SUN,703
2021-07-13T14,ERCO,SUN,3185
2021-07-13T15,ERCO,SUN,5126
2021-07-13T16,ERCO,SUN,5913
2021-07-13T17,ERCO,SUN,6359
2021-07-13T18,ERCO,SUN,6569
2021-07-13T19,ERCO,SUN,6496
2021-07-13T20,ERCO,SUN,6435
2021-07-13T21,ERCO,SUN,6291
2021-07-13T22,ERCO,SUN,6099
2021-07-13T23,ERCO,SUN,5899
2021-07-14T00,ERCO,SUN,5281
2021-07-14T01,ERCO,SUN,3125
2021-07-14T02,ERCO,SUN,419
2021-07-14T03,ERCO,SUN,0
2021-07-14T04,ERCO,SUN,0
2021-07-14T05,ERCO,SUN,0
2021-07-14T06,ERCO,SUN,0
2021-07-14T07,ERCO,SUN,0
2021-07-14T08,ERCO,SUN,0
2021-07-14T09,ERCO,SUN,0
2021-07-14T10,ERCO,SUN,0
2021-07-14T11,ERCO,SUN,0
2021-07-14T12,ERCO,SUN,8
2021-07-14T13,ERCO,SUN,754
2021-07-14T14,ERCO,SUN,2814
2021-07-14T15,ERCO,SUN,4112
2021-07-14T16,ERCO,SUN,3740
2021-07-14T17,ERCO,SUN,4082
2021-07-14T18,ERCO,SUN,4322
2021-07-14T19,ERCO,SUN,4911
2021-07-14T20,ERCO,SUN,5353
2021-07-14T21,ERCO,SUN,6015
2021-07-14T22,ERCO,SUN,6052
2021-07-14T23,ERCO,SUN,5783
2021-07-15T00,ERCO,SUN,4689
2021-07-15T01,ERCO,SUN,2831
2021-07-15T02,ERCO,SUN,422
2021-07-15T03,ERCO,SUN,0
2021-07-15T04,ERCO,SUN,0
2021-07-15T05,ERCO,SUN,0
2021-07-15T06,ERCO,SUN,0
2021-07-15T07,ERCO,SUN,0
2021-07-15T08,ERCO,SUN,0
2021-07-15T09,ERCO,SUN,0
2021-07-15T10,ERCO,SUN,0
2021-07-15T11,ERCO,SUN,0
2021-07-15T12,ERCO,SUN,5
2021-07-15T13,ERCO,SUN,566
2021-07-15T14,ERCO,SUN,3185
2021-07-15T15,ERCO,SUN,4159
2021-07-15T16,ERCO,SUN,5054
2021-07-15T17,ERCO,SUN,6355
2021-07-15T18,ERCO,SUN,6403
2021-07-15T19,ERCO,SUN,6528
2021-07-15T20,ERCO,SUN,6404
2021-07-15T21,ERCO,SUN,6402
2021-07-15T22,ERCO,SUN,6179
2021-07-15T23,ERCO,SUN,5777
2021-07-16T00,ERCO,SUN,4979
2021-07-16T01,ERCO,SUN,2733
2021-07-16T02,ERCO,SUN,290
2021-07-16T03,ERCO,SUN,0
2021-07-16T04,ERCO,SUN,0
2021-07-16T05,ERCO,SUN,0
2021-07-16T06,ERCO,SUN,0
2021-07-16T07,ERCO,SUN,0
2021-07-16T08,ERCO,SUN,0
2021-07-16T09,ERCO,SUN,0
2021-07-16T10,ERCO,SUN,0
2021-07-16T11,ERCO,SUN,0
2021-07-16T12,ERCO,SUN,5
2021-07-16T13,ERCO,SUN,387
2021-07-16T14,ERCO,SUN,2253
2021-07-16T15,ERCO,SUN,3824
2021-07-16T16,ERCO,SUN,4514
2021-07-16T17,ERCO,SUN,5157
2021-07-16T18,ERCO,SUN,5799
2021-07-16T19,ERCO,SUN,6098
2021-07-16T20,ERCO,SUN,6247
2021-07-16T21,ERCO,SUN,5931
2021-07-16T22,ERCO,SUN,5720
2021-07-16T23,ERCO,SUN,5563
2021-07-17T00,ERCO,SUN,4494
2021-07-17T01,ERCO,SUN,2405
2021-07-17T02,ERCO,SUN,232
2021-07-17T03,ERCO,SUN,0
2021-07-17T04,ERCO,SUN,0
2021-07-17T05,ERCO,SUN,0
2021-07-17T06,ERCO,SUN,0
2021-07-17T07,ERCO,SUN,0
2021-07-17T08,ERCO,SUN,0
2021-07-17T09,ERCO,SUN,0
2021-07-17T10,ERCO,SUN,0
2021-07-17T11,ERCO,SUN,0
2021-07-17T12,ERCO,SUN,6
2021-07-17T13,ERCO,SUN,653
2021-07-17T14,ERCO,SUN,2709
2021-07-17T15,ERCO,SUN,4198
2021-07-17T16,ERCO,SUN,5583
2021-07-17T17,ERCO,SUN,6218
2021-07-17T18,ERCO,SUN,6447
2021-07-17T19,ERCO,SUN,6258
2021-07-17T20,ERCO,SUN,6281
2021-07-17T21,ERCO,SUN,6155
2021-07-17T22,ERCO,SUN,6020
2021-07-17T23,ERCO,SUN,5797
2021-07-18T00,ERCO,SUN,4958
2021-07-18T01,ERCO,SUN,2608
2021-07-18T02,ERCO,SUN,248
2021-07-18T03,ERCO,SUN,0
2021-07-18T04,ERCO,SUN,0
2021-07-18T05,ERCO,SUN,0
2021-07-18T06,ERCO,SUN,0
2021-07-18T07,ERCO,SUN,0
2021-07-18T08,ERCO,SUN,0
2021-07-18T09,ERCO,SUN,0
2021-07-18T10,ERCO,SUN,0
2021-07-18T11,ERCO,SUN,0
2021-07-18T12,ERCO,SUN,4
2021-07-18T13,ERCO,SUN,517
2021-07-18T14,ERCO,SUN,2734
2021-07-18T15,ERCO,SUN,4118
2021-07-18T16,ERCO,SUN,4523
2021-07-18T17,ERCO,SUN,4947
2021-07-18T18,ERCO,SUN,5434
2021-07-18T19,ERCO,SUN,5865
2021-07-18T20,ERCO,SUN,6016
2021-07-18T21,ERCO,SUN,5609
2021-07-18T22,ERCO,SUN,5415
2021-07-18T23,ERCO,SUN,4457
2021-07-19T00,ERCO,SUN,3216
2021-07-19T01,ERCO,SUN,1764
2021-07-19T02,ERCO,SUN,373
2021-07-19T03,ERCO,SUN,17
2021-07-19T04,ERCO,SUN,0
2021-07-19T05,ERCO,SUN,0
2021-07-19T06,ERCO,SUN,0
2021-07-19T07,ERCO,SUN,0
2021-07-19T08,ERCO,SUN,0
2021-07-19T09,ERCO,SUN,0
2021-07-19T10,ERCO,SUN,0
2021-07-19T11,ERCO,SUN,0
2021-07-19T12,ERCO,SUN,1
2021-07-19T13,ERCO,SUN,468
2021-07-19T14,ERCO,SUN,2701
2021-07-19T15,ERCO,SUN,4354
2021-07-19T16,ERCO,SUN,5018
2021-07-19T17,ERCO,SUN,5012
2021-07-19T18,ERCO,SUN,4985
2021-07-19T19,ERCO,SUN,4973
2021-07-19T20,ERCO,SUN,5242
2021-07-19T21,ERCO,SUN,5015
2021-07-19T22,ERCO,SUN,4776
2021-07-19T23,ERCO,SUN,4281
2021-07-20T00,ERCO,SUN,3458
2021-07-20T01,ERCO,SUN,1618
2021-07-20T02,ERCO,SUN,211
2021-07-20T03,ERCO,SUN,0
2021-07-20T04,ERCO,SUN,0
2021-07-20T05,ERCO,SUN,0
2021-07-20T06,ERCO,SUN,0
2021-07-20T07,ERCO,SUN,0
2021-07-20T08,ERCO,SUN,0
2021-07-20T09,ERCO,SUN,0
2021-07-20T10,ERCO,SUN,0
2021-07-20T11,ERCO,SUN,0
2021-07-20T12,ERCO,SUN,4
2021-07-20T13,ERCO,SUN,585
2021-07-20T14,ERCO,SUN,3184
2021-07-20T15,ERCO,SUN,4985
2021-07-20T16,ERCO,SUN,5601
2021-07-20T17,ERCO,SUN,6054
2021-07-20T18,ERCO,SUN,5779
2021-07-20T19,ERCO,SUN,5546
2021-07-20T20,ERCO,SUN,5743
2021-07-20T21,ERCO,SUN,6007
2021-07-20T22,ERCO,SUN,5770
2021-07-20T23,ERCO,SUN,5517
2021-07-21T00,ERCO,SUN,4841
2021-07-21T01,ERCO,SUN,2519
2021-07-21T02,ERCO,SUN,293
2021-07-21T03,ERCO,SUN,22
2021-07-21T04,ERCO,SUN,0
2021-07-21T05,ERCO,SUN,0
2021-07-21T06,ERCO,SUN,0
2021-07-21T07,ERCO,SUN,0
2021-07-21T08,ERCO,SUN,0
2021-07-21T09,ERCO,SUN,0
2021-07-21T10,ERCO,SUN,0
2021-07-21T11,ERCO,SUN,0
2021-07-21T12,ERCO,SUN,3
2021-07-21T13,ERCO,SUN,644
2021-07-21T14,ERCO,SUN,3357
2021-07-21T15,ERCO,SUN,5418
2021-07-21T16,ERCO,SUN,6096
2021-07-21T17,ERCO,SUN,5816
2021-07-21T18,ERCO,SUN,6021
2021-07-21T19,ERCO,SUN,5862
2021-07-21T20,ERCO,SUN,5805
2021-07-21T21,ERCO,SUN,5834
2021-07-21T22,ERCO,SUN,5798
2021-07-21T23,ERCO,SUN,5422
2021-07-22T00,ERCO,SUN,4423
2021-07-22T01,ERCO,SUN,2333
2021-07-22T02,ERCO,SUN,247
2021-07-22T03,ERCO,SUN,0
2021-07-22T04,ERCO,SUN,0
2021-07-22T05,ERCO,SUN,0
2021-07-22T06,ERCO,SUN,0
2021-07-22T07,ERCO,SUN,0
2021-07-22T08,ERCO,SUN,0
2021-07-22T09,ERCO,SUN,0
2021-07-22T10,ERCO,SUN,0
2021-07-22T11,ERCO,SUN,0
2021-07-22T12,ERCO,SUN,4
2021-07-22T13,ERCO,SUN,654
2021-07-22T14,ERCO,SUN,3555
2021-07-22T15,ERCO,SUN,5639
2021-07-22T16,ERCO,SUN,6304
2021-07-22T17,ERCO,SUN,6381
2021-07-22T18,ERCO,SUN,6325
2021-07-22T19,ERCO,SUN,6154
2021-07-22T20,ERCO,SUN,5901
2021-07-22T21,ERCO,SUN,5956
2021-07-22T22,ERCO,SUN,5627
2021-07-22T23,ERCO,SUN,5377
2021-07-23T00,ERCO,SUN,4619
2021-07-23T01,ERCO,SUN,2606
2021-07-23T02,ERCO,SUN,284
2021-07-23T03,ERCO,SUN,0
2021-07-23T04,ERCO,SUN,0
2021-07-23T05,ERCO,SUN,0
2021-07-23T06,ERCO,SUN,0
2021-07-23T07,ERCO,SUN,0
2021-07-23T08,ERCO,SUN,0
2021-07-23T09,ERCO,SUN,0
2021-07-23T10,ERCO,SUN,0
2021-07-23T11,ERCO,SUN,0
2021-07-23T12,ERCO,SUN,4
2021-07-23T13,ERCO,SUN,465
2021-07-23T14,ERCO,SUN,2492
2021-07-23T15,ERCO,SUN,4765
2021-07-23T16,ERCO,SUN,5699
2021-07-23T17,ERCO,SUN,6037
2021-07-23T18,ERCO,SUN,6360
2021-07-23T19,ERCO,SUN,6382
2021-07-23T20,ERCO,SUN,6076
2021-07-23T21,ERCO,SUN,5601
2021-07-23T22,ERCO,SUN,5254
2021-07-23T23,ERCO,SUN,5048
2021-07-24T00,ERCO,SUN,3949
2021-07-24T01,ERCO,SUN,1749
2021-07-24T02,ERCO,SUN,178
2021-07-24T03,ERCO,SUN,0
2021-07-24T04,ERCO,SUN,0
2021-07-24T05,ERCO,SUN,0
2021-07-24T06,ERCO,SUN,0
2021-07-24T07,ERCO,SUN,0
2021-07-24T08,ERCO,SUN,0
2021-07-24T09,ERCO,SUN,0
2021-07-24T10,ERCO,SUN,0
2021-07-24T11,ERCO,SUN,0
2021-07-24T12,ERCO,SUN,2
2021-07-24T13,ERCO,SUN,601
2021-07-24T14,ERCO,SUN,3729
2021-07-24T15,ERCO,SUN,5831
2021-07-24T16,ERCO,SUN,6636
2021-07-24T17,ERCO,SUN,6641
2021-07-24T18,ERCO,SUN,6577
2021-07-24T19,ERCO,SUN,6495
2021-07-24T20,ERCO,SUN,6047
2021-07-24T21,ERCO,SUN,5627
2021-07-24T22,ERCO,SUN,4995
2021-07-24T23,ERCO,SUN,4251
2021-07-25T00,ERCO,SUN,3383
2021-07-25T01,ERCO,SUN,1742
2021-07-25T02,ERCO,SUN,136
2021-07-25T03,ERCO,SUN,0
2021-07-25T04,ERCO,SUN,0
2021-07-25T05,ERCO,SUN,0
2021-07-25T06,ERCO,SUN,0
2021-07-25T07,ERCO,SUN,0
2021-07-25T08,ERCO,SUN,0
2021-07-25T09,ERCO,SUN,0
2021-07-25T10,ERCO,SUN,0
2021-07-25T11,ERCO,SUN,0
2021-07-25T12,ERCO,SUN,3
2021-07-25T13,ERCO,SUN,629
2021-07-25T14,ERCO,SUN,3328
2021-07-25T15,ERCO,SUN,5532
2021-07-25T16,ERCO,SUN,6311
2021-07-25T17,ERCO,SUN,6519
2021-07-25T18,ERCO,SUN,6358
2021-07-25T19,ERCO,SUN,6271
2021-07-25T20,ERCO,SUN,6185
2021-07-25T21,ERCO,SUN,5842
2021-07-25T22,ERCO,SUN,5586
2021-07-25T23,ERCO,SUN,4993
2021-07-26T00,ERCO,SUN,3727
2021-07-26T01,ERCO,SUN,1687
2021-07-26T02,ERCO,SUN,168
2021-07-26T03,ERCO,SUN,0
2021-07-26T04,ERCO,SUN,0
2021-07-26T05,ERCO,SUN,0
2021-07-26T06,ERCO,SUN,0
2021-07-26T07,ERCO,SUN,0
2021-07-26T08,ERCO,SUN,0
2021-07-26T09,ERCO,SUN,0
2021-07-26T10,ERCO,SUN,0
2021-07-26T11,ERCO,SUN,0
2021-07-26T12,ERCO,SUN,2
2021-07-26T13,ERCO,SUN,717
2021-07-26T14,ERCO,SUN,3632
2021-07-26T15,ERCO,SUN,5550
2021-07-26T16,ERCO,SUN,6334
2021-07-26T17,ERCO,SUN,6522
2021-07-26T18,ERCO,SUN,6267
2021-07-26T19,ERCO,SUN,6110
2021-07-26T20,ERCO,SUN,6005
2021-07-26T21,ERCO,SUN,5995
2021-07-26T22,ERCO,SUN,5999
2021-07-26T23,ERCO,SUN,5833
2021-07-27T00,ERCO,SUN,5185
2021-07-27T01,ERCO,SUN,2810
2021-07-27T02,ERCO,SUN,255
2021-07-27T03,ERCO,SUN,0
2021-07-27T04,ERCO,SUN,0
2021-07-27T05,ERCO,SUN,0
2021-07-27T06,ERCO,SUN,0
2021-07-27T07,ERCO,SUN,0
2021-07-27T08,ERCO,SUN,0
2021-07-27T09,ERCO,SUN,0
2021-07-27T10,ERCO,SUN,0
2021-07-27T11,ERCO,SUN,0
2021-07-27T12,ERCO,SUN,2
2021-07-27T13,ERCO,SUN,597
2021-07-27T14,ERCO,SUN,3747
2021-07-27T15,ERCO,SUN,5807
2021-07-27T16,ERCO,SUN,6343
2021-07-27T17,ERCO,SUN,6289
2021-07-27T18,ERCO,SUN,6186
2021-07-27T19,ERCO,SUN,5996
2021-07-27T20,ERCO,SUN,5892
2021-07-27T21,ERCO,SUN,5776
2021-07-27T22,ERCO,SUN,5453
2021-07-27T23,ERCO,SUN,5115
2021-07-28T00,ERCO,SUN,4469
2021-07-28T01,ERCO,SUN,2687
2021-07-28T02,ERCO,SUN,424
2021-07-28T03,ERCO,SUN,140
2021-07-28T04,ERCO,SUN,49
2021-07-28T05,ERCO,SUN,0
2021-07-28T06,ERCO,SUN,0
2021-07-28T07,ERCO,SUN,0
2021-07-28T08,ERCO,SUN,0
2021-07-28T09,ERCO,SUN,0
2021-07-28T10,ERCO,SUN,0
2021-07-28T11,ERCO,SUN,0
2021-07-28T12,ERCO,SUN,2
2021-07-28T13,ERCO,SUN,306
2021-07-28T14,ERCO,SUN,1435
2021-07-28T15,ERCO,SUN,2309
2021-07-28T16,ERCO,SUN,2723
2021-07-28T17,ERCO,SUN,3021
2021-07-28T18,ERCO,SUN,3464
2021-07-28T19,ERCO,SUN,4144
2021-07-28T20,ERCO,SUN,4764
2021-07-28T21,ERCO,SUN,5330
2021-07-28T22,ERCO,SUN,5259
2021-07-28T23,ERCO,SUN,5049
2021-07-29T00,ERCO,SUN,3463
2021-07-29T01,ERCO,SUN,1424
2021-07-29T02,ERCO,SUN,197
2021-07-29T03,ERCO,SUN,0
2021-07-29T04,ERCO,SUN,0
2021-07-29T05,ERCO,SUN,0
2021-07-29T06,ERCO,SUN,0
2021-07-29T07,ERCO,SUN,0
2021-07-29T08,ERCO,SUN,0
2021-07-29T09,ERCO,SUN,0
2021-07-29T10,ERCO,SUN,0
2021-07-29T11,ERCO,SUN,0
2021-07-29T12,ERCO,SUN,1
2021-07-29T13,ERCO,SUN,596
2021-07-29T14,ERCO,SUN,3820
2021-07-29T15,ERCO,SUN,5978
2021-07-29T16,ERCO,SUN,6440
2021-07-29T17,ERCO,SUN,6314
2021-07-29T18,ERCO,SUN,6266
2021-07-29T19,ERCO,SUN,5919
2021-07-29T20,ERCO,SUN,5742
2021-07-29T21,ERCO,SUN,5642
2021-07-29T22,ERCO,SUN,5529
2021-07-29T23,ERCO,SUN,5014
2021-07-30T00,ERCO,SUN,4563
2021-07-30T01,ERCO,SUN,2754
2021-07-30T02,ERCO,SUN,336
2021-07-30T03,ERCO,SUN,0
2021-07-30T04,ERCO,SUN,0
2021-07-30T05,ERCO,SUN,0
2021-07-30T06,ERCO,SUN,0
2021-07-30T07,ERCO,SUN,0
2021-07-30T08,ERCO,SUN,0
2021-07-30T09,ERCO,SUN,0
2021-07-30T10,ERCO,SUN,0
2021-07-30T11,ERCO,SUN,0
2021-07-30T12,ERCO,SUN,2
2021-07-30T13,ERCO,SUN,673
2021-07-30T14,ERCO,SUN,3808
2021-07-30T15,ERCO,SUN,5913
2021-07-30T16,ERCO,SUN,6400
2021-07-30T17,ERCO,SUN,6446
2021-07-30T18,ERCO,SUN,6128
2021-07-30T19,ERCO,SUN,5870
2021-07-30T20,ERCO,SUN,5756
2021-07-30T21,ERCO,SUN,5358
2021-07-30T22,ERCO,SUN,4768
2021-07-30T23,ERCO,SUN,4564
2021-07-31T00,ERCO,SUN,4283
2021-07-31T01,ERCO,SUN,2480
2021-07-31T02,ERCO,SUN,259
2021-07-31T03,ERCO,SUN,0
2021-07-31T04,ERCO,SUN,0
2021-07-31T05,ERCO,SUN,0
2021-07-31T06,ERCO,SUN,0
2021-07-31T07,ERCO,SUN,0
2021-07-31T08,ERCO,SUN,0
2021-07-31T09,ERCO,SUN,0
2021-07-31T10,ERCO,SUN,0
2021-07-31T11,ERCO,SUN,0
2021-07-31T12,ERCO,SUN,1
2021-07-31T13,ERCO,SUN,658
2021-07-31T14,ERCO,SUN,4085
2021-07-31T15,ERCO,SUN,6282
2021-07-31T16,ERCO,SUN,6833
2021-07-31T17,ERCO,SUN,6699
2021-07-31T18,ERCO,SUN,6508
2021-07-31T19,ERCO,SUN,6174
2021-07-31T20,ERCO,SUN,6108
2021-07-31T21,ERCO,SUN,5903
2021-07-31T22,ERCO,SUN,5637
2021-07-31T23,ERCO,SUN,5239
2021-08-01T00,ERCO,SUN,4142
2021-08-01T01,ERCO,SUN,2158
2021-08-01T02,ERCO,SUN,232
2021-08-01T03,ERCO,SUN,0
2021-08-01T04,ERCO,SUN,0
2021-08-01T05,ERCO,SUN,0
2021-08-01T06,ERCO,SUN,0
2021-08-01T07,ERCO,SUN,0
2021-08-01T08,ERCO,SUN,0
2021-08-01T09,ERCO,SUN,0
2021-08-01T10,ERCO,SUN,0
2021-08-01T11,ERCO,SUN,0
2021-08-01T12,ERCO,SUN,1
2021-08-01T13,ERCO,SUN,257
2021-08-01T14,ERCO,SUN,1676
2021-08-01T15,ERCO,SUN,3165
2021-08-01T16,ERCO,SUN,3756
2021-08-01T17,ERCO,SUN,4354
2021-08-01T18,ERCO,SUN,4289
2021-08-01T19,ERCO,SUN,4166
2021-08-01T20,ERCO,SUN,3833
2021-08-01T21,ERCO,SUN,3168
2021-08-01T22,ERCO,SUN,2263
2021-08-01T23,ERCO,SUN,1800
2021-08-02T00,ERCO,SUN,1479
2021-08-02T01,ERCO,SUN,826
2021-08-02T02,ERCO,SUN,71
2021-08-02T03,ERCO,SUN,0
2021-08-02T04,ERCO,SUN,0
2021-08-02T05,ERCO,SUN,0
2021-08-02T06,ERCO,SUN,0
2021-08-02T07,ERCO,SUN,0
2021-08-02T08,ERCO,SUN,0
2021-08-02T09,ERCO,SUN,0
2021-08-02T10,ERCO,SUN,0
2021-08-02T11,ERCO,SUN,0
2021-08-02T12,ERCO,SUN,0
2021-08-02T13,ERCO,SUN,97
2021-08-02T14,ERCO,SUN,789
2021-08-02T15,ERCO,SUN,1766
2021-08-02T16,ERCO,SUN,2568
2021-08-02T17,ERCO,SUN,3382
2021-08-02T18,ERCO,SUN,4370
2021-08-02T19,ERCO,SUN,4678
2021-08-02T20,ERCO,SUN,5136
2021-08-02T21,ERCO,SUN,5243
2021-08-02T22,ERCO,SUN,5243
2021-08-02T23,ERCO,SUN,4909
2021-08-03T00,ERCO,SUN,3895
2021-08-03T01,ERCO,SUN,1870
2021-08-03T02,ERCO,SUN,191
2021-08-03T03,ERCO,SUN,0
2021-08-03T04,ERCO,SUN,0
2021-08-03T05,ERCO,SUN,0
2021-08-03T06,ERCO,SUN,0
2021-08-03T07,ERCO,SUN,0
2021-08-03T08,ERCO,SUN,0
2021-08-03T09,ERCO,SUN,0
2021-08-03T10,ERCO,SUN,0
2021-08-03T11,ERCO,SUN,0
2021-08-03T12,ERCO,SUN,1
2021-08-03T13,ERCO,SUN,442
2021-08-03T14,ERCO,SUN,3089
2021-08-03T15,ERCO,SUN,5473
2021-08-03T16,ERCO,SUN,6411
2021-08-03T17,ERCO,SUN,6828
2021-08-03T18,ERCO,SUN,6920
2021-08-03T19,ERCO,SUN,6910
2021-08-03T20,ERCO,SUN,6797
2021-08-03T21,ERCO,SUN,6583
2021-08-03T22,ERCO,SUN,6440
2021-08-03T23,ERCO,SUN,5899
2021-08-04T00,ERCO,SUN,4922
2021-08-04T01,ERCO,SUN,2314
2021-08-04T02,ERCO,SUN,178
2021-08-04T03,ERCO,SUN,0
2021-08-04T04,ERCO,SUN,0
2021-08-04T05,ERCO,SUN,0
2021-08-04T06,ERCO,SUN,0
2021-08-04T07,ERCO,SUN,0
2021-08-04T08,ERCO,SUN,0
2021-08-04T09,ERCO,SUN,0
2021-08-04T10,ERCO,SUN,0
2021-08-04T11,ERCO,SUN,0
2021-08-04T12,ERCO,SUN,1
2021-08-04T13,ERCO,SUN,432
2021-08-04T14,ERCO,SUN,3186
2021-08-04T15,ERCO,SUN,5519
2021-08-04T16,ERCO,SUN,6213
2021-08-04T17,ERCO,SUN,6217
2021-08-04T18,ERCO,SUN,6071
2021-08-04T19,ERCO,SUN,6096
2021-08-04T20,ERCO,SUN,6226
2021-08-04T21,ERCO,SUN,6222
2021-08-04T22,ERCO,SUN,5946
2021-08-04T23,ERCO,SUN,5626
2021-08-05T00,ERCO,SUN,4566
2021-08-05T01,ERCO,SUN,1974
2021-08-05T02,ERCO,SUN,117
2021-08-05T03,ERCO,SUN,0
2021-08-05T04,ERCO,SUN,0
2021-08-05T05,ERCO,SUN,0
2021-08-05T06,ERCO,SUN,0
2021-08-05T07,ERCO,SUN,0
2021-08-05T08,ERCO,SUN,0
2021-08-05T09,ERCO,SUN,0
2021-08-05T10,ERCO,SUN,0
2021-08-05T11,ERCO,SUN,0
2021-08-05T12,ERCO,SUN,0
2021-08-05T13,ERCO,SUN,216
2021-08-05T14,ERCO,SUN,1512
2021-08-05T15,ERCO,SUN,2846
2021-08-05T16,ERCO,SUN,4187
2021-08-05T17,ERCO,SUN,4986
2021-08-05T18,ERCO,SUN,5408
2021-08-05T19,ERCO,SUN,4986
2021-08-05T20,ERCO,SUN,4857
2021-08-05T21,ERCO,SUN,5208
2021-08-05T22,ERCO,SUN,5258
2021-08-05T23,ERCO,SUN,4812
2021-08-06T00,ERCO,SUN,3691
2021-08-06T01,ERCO,SUN,2001
2021-08-06T02,ERCO,SUN,144
2021-08-06T03,ERCO,SUN,0
2021-08-06T04,ERCO,SUN,0
2021-08-06T05,ERCO,SUN,0
2021-08-06T06,ERCO,SUN,0
2021-08-06T07,ERCO,SUN,0
2021-08-06T08,ERCO,SUN,0
2021-08-06T09,ERCO,SUN,0
2021-08-06T10,ERCO,SUN,0
2021-08-06T11,ERCO,SUN,0
2021-08-06T12,ERCO,SUN,1
2021-08-06T13,ERCO,SUN,349
2021-08-06T14,ERCO,SUN,3028
2021-08-06T15,ERCO,SUN,5583
2021-08-06T16,ERCO,SUN,6426
2021-08-06T17,ERCO,SUN,6512
2021-08-06T18,ERCO,SUN,6514
2021-08-06T19,ERCO,SUN,6363
2021-08-06T20,ERCO,SUN,6089
2021-08-06T21,ERCO,SUN,6074
2021-08-06T22,ERCO,SUN,5871
2021-08-06T23,ERCO,SUN,5574
2021-08-07T00,ERCO,SUN,4592
2021-08-07T01,ERCO,SUN,2173
2021-08-07T02,ERCO,SUN,145
2021-08-07T03,ERCO,SUN,0
2021-08-07T04,ERCO,SUN,0
2021-08-07T05,ERCO,SUN,0
2021-08-07T06,ERCO,SUN,0
2021-08-07T07,ERCO,SUN,0
2021-08-07T08,ERCO,SUN,0
2021-08-07T09,ERCO,SUN,0
2021-08-07T10,ERCO,SUN,0
2021-08-07T11,ERCO,SUN,0
2021-08-07T12,ERCO,SUN,0
2021-08-07T13,ERCO,SUN,343
2021-08-07T14,ERCO,SUN,2313
2021-08-07T15,ERCO,SUN,3839
2021-08-07T16,ERCO,SUN,4189
2021-08-07T17,ERCO,SUN,5081
2021-08-07T18,ERCO,SUN,6009
2021-08-07T19,ERCO,SUN,6365
2021-08-07T20,ERCO,SUN,6278
2021-08-07T21,ERCO,SUN,6211
2021-08-07T22,ERCO,SUN,6101
2021-08-07T23,ERCO,SUN,5708
2021-08-08T00,ERCO,SUN,4759
2021-08-08T01,ERCO,SUN,2221
2021-08-08T02,ERCO,SUN,172
2021-08-08T03,ERCO,SUN,0
2021-08-08T04,ERCO,SUN,0
2021-08-08T05,ERCO,SUN,0
2021-08-08T06,ERCO,SUN,0
2021-08-08T07,ERCO,SUN,0
2021-08-08T08,ERCO,SUN,0
2021-08-08T09,ERCO,SUN,0
2021-08-08T10,ERCO,SUN,0
2021-08-08T11,ERCO,SUN,0
2021-08-08T12,ERCO,SUN,0
2021-08-08T13,ERCO,SUN,448
2021-08-08T14,ERCO,SUN,3082
2021-08-08T15,ERCO,SUN,3514
2021-08-08T16,ERCO,SUN,4196
2021-08-08T17,ERCO,SUN,5735
2021-08-08T18,ERCO,SUN,6059
2021-08-08T19,ERCO,SUN,6047
2021-08-08T20,ERCO,SUN,5810
2021-08-08T21,ERCO,SUN,5693
2021-08-08T22,ERCO,SUN,4928
2021-08-08T23,ERCO,SUN,4308
2021-08-09T00,ERCO,SUN,3574
2021-08-09T01,ERCO,SUN,2025
2021-08-09T02,ERCO,SUN,134
2021-08-09T03,ERCO,SUN,0
2021-08-09T04,ERCO,SUN,0
2021-08-09T05,ERCO,SUN,0
2021-08-09T06,ERCO,SUN,0
2021-08-09T07,ERCO,SUN,0
2021-08-09T08,ERCO,SUN,0
2021-08-09T09,ERCO,SUN,0
2021-08-09T10,ERCO,SUN,0
2021-08-09T11,ERCO,SUN,0
2021-08-09T12,ERCO,SUN,0
2021-08-09T13,ERCO,SUN,390
2021-08-09T14,ERCO,SUN,3105
2021-08-09T15,ERCO,SUN,5319
2021-08-09T16,ERCO,SUN,6156
2021-08-09T17,ERCO,SUN,6403
2021-08-09T18,ERCO,SUN,6447
2021-08-09T19,ERCO,SUN,6409
2021-08-09T20,ERCO,SUN,6245
2021-08-09T21,ERCO,SUN,6104
2021-08-09T22,ERCO,SUN,5443
2021-08-09T23,ERCO,SUN,4985
2021-08-10T00,ERCO,SUN,3073
2021-08-10T01,ERCO,SUN,1232
2021-08-10T02,ERCO,SUN,61
2021-08-10T03,ERCO,SUN,0
2021-08-10T04,ERCO,SUN,0
2021-08-10T05,ERCO,SUN,0
2021-08-10T06,ERCO,SUN,0
2021-08-10T07,ERCO,SUN,0
2021-08-10T08,ERCO,SUN,0
2021-08-10T09,ERCO,SUN,0
2021-08-10T10,ERCO,SUN,0
2021-08-10T11,ERCO,SUN,0
2021-08-10T12,ERCO,SUN,0
2021-08-10T13,ERCO,SUN,382
2021-08-10T14,ERCO,SUN,2972
2021-08-10T15,ERCO,SUN,3712
2021-08-10T16,ERCO,SUN,4138
2021-08-10T17,ERCO,SUN,4541
2021-08-10T18,ERCO,SUN,4868
2021-08-10T19,ERCO,SUN,5866
2021-08-10T20,ERCO,SUN,5849
2021-08-10T21,ERCO,SUN,5502
2021-08-10T22,ERCO,SUN,4960
2021-08-10T23,ERCO,SUN,3865
2021-08-11T00,ERCO,SUN,2612
2021-08-11T01,ERCO,SUN,1042
2021-08-11T02,ERCO,SUN,33
2021-08-11T03,ERCO,SUN,0
2021-08-11T04,ERCO,SUN,0
2021-08-11T05,ERCO,SUN,0
2021-08-11T06,ERCO,SUN,0
2021-08-11T07,ERCO,SUN,0
2021-08-11T08,ERCO,SUN,0
2021-08-11T09,ERCO,SUN,0
2021-08-11T10,ERCO,SUN,0
2021-08-11T11,ERCO,SUN,0
2021-08-11T12,ERCO,SUN,1
2021-08-11T13,ERCO,SUN,404
2021-08-11T14,ERCO,SUN,2592
2021-08-11T15,ERCO,SUN,4555
2021-08-11T16,ERCO,SUN,5079
2021-08-11T17,ERCO,SUN,5810
2021-08-11T18,ERCO,SUN,6072
2021-08-11T19,ERCO,SUN,6020
2021-08-11T20,ERCO,SUN,5690
2021-08-11T21,ERCO,SUN,5288
2021-08-11T22,ERCO,SUN,5084
2021-08-11T23,ERCO,SUN,3690
2021-08-12T00,ERCO,SUN,3390
2021-08-12T01,ERCO,SUN,1463
2021-08-12T02,ERCO,SUN,96
2021-08-12T03,ERCO,SUN,0
2021-08-12T04,ERCO,SUN,0
2021-08-12T05,ERCO,SUN,0
2021-08-12T06,ERCO,SUN,0
2021-08-12T07,ERCO,SUN,0
2021-08-12T08,ERCO,SUN,0
2021-08-12T09,ERCO,SUN,0
2021-08-12T10,ERCO,SUN,0
2021-08-12T11,ERCO,SUN,0
2021-08-12T12,ERCO,SUN,0
2021-08-12T13,ERCO,SUN,419
2021-08-12T14,ERCO,SUN,2884
2021-08-12T15,ERCO,SUN,4309
2021-08-12T16,ERCO,SUN,4779
2021-08-12T17,ERCO,SUN,5711
2021-08-12T18,ERCO,SUN,5884
2021-08-12T19,ERCO,SUN,6077
2021-08-12T20,ERCO,SUN,5993
2021-08-12T21,ERCO,SUN,5340
2021-08-12T22,ERCO,SUN,3919
2021-08-12T23,ERCO,SUN,3089
2021-08-13T00,ERCO,SUN,2141
2021-08-13T01,ERCO,SUN,735
2021-08-13T02,ERCO,SUN,28
2021-08-13T03,ERCO,SUN,0
2021-08-13T04,ERCO,SUN,0
2021-08-13T05,ERCO,SUN,0
2021-08-13T06,ERCO,SUN,0
2021-08-13T07,ERCO,SUN,0
2021-08-13T08,ERCO,SUN,0
2021-08-13T09,ERCO,SUN,0
2021-08-13T10,ERCO,SUN,0
2021-08-13T11,ERCO,SUN,0
2021-08-13T12,ERCO,SUN,1
2021-08-13T13,ERCO,SUN,400
2021-08-13T14,ERCO,SUN,3216
2021-08-13T15,ERCO,SUN,4964
2021-08-13T16,ERCO,SUN,5714
2021-08-13T17,ERCO,SUN,6044
2021-08-13T18,ERCO,SUN,5828
2021-08-13T19,ERCO,SUN,5368
2021-08-13T20,ERCO,SUN,5067
2021-08-13T21,ERCO,SUN,4728
2021-08-13T22,ERCO,SUN,4491
2021-08-13T23,ERCO,SUN,4059
2021-08-14T00,ERCO,SUN,2921
2021-08-14T01,ERCO,SUN,828
2021-08-14T02,ERCO,SUN,17
2021-08-14T03,ERCO,SUN,0
2021-08-14T04,ERCO,SUN,0
2021-08-14T05,ERCO,SUN,0
2021-08-14T06,ERCO,SUN,0
2021-08-14T07,ERCO,SUN,0
2021-08-14T08,ERCO,SUN,0
2021-08-14T09,ERCO,SUN,0
2021-08-14T10,ERCO,SUN,0
2021-08-14T11,ERCO,SUN,0
2021-08-14T12,ERCO,SUN,0
2021-08-14T13,ERCO,SUN,234
2021-08-14T14,ERCO,SUN,1626
2021-08-14T15,ERCO,SUN,3188
2021-08-14T16,ERCO,SUN,3802
2021-08-14T17,ERCO,SUN,4181
2021-08-14T18,ERCO,SUN,3800
2021-08-14T19,ERCO,SUN,3580
2021-08-14T20,ERCO,SUN,3994
2021-08-14T21,ERCO,SUN,3440
2021-08-14T22,ERCO,SUN,3072
2021-08-14T23,ERCO,SUN,2374
2021-08-15T00,ERCO,SUN,1895
2021-08-15T01,ERCO,SUN,762
2021-08-15T02,ERCO,SUN,26
2021-08-15T03,ERCO,SUN,0
2021-08-15T04,ERCO,SUN,0
2021-08-15T05,ERCO,SUN,0
2021-08-15T06,ERCO,SUN,0
2021-08-15T07,ERCO,SUN,0
2021-08-15T08,ERCO,SUN,0
2021-08-15T09,ERCO,SUN,0
2021-08-15T10,ERCO,SUN,0
2021-08-15T11,ERCO,SUN,0
2021-08-15T12,ERCO,SUN,0
2021-08-15T13,ERCO,SUN,221
2021-08-15T14,ERCO,SUN,1948
2021-08-15T15,ERCO,SUN,3136
2021-08-15T16,ERCO,SUN,3868
2021-08-15T17,ERCO,SUN,4305
2021-08-15T18,ERCO,SUN,4381
2021-08-15T19,ERCO,SUN,4443
2021-08-15T20,ERCO,SUN,4957
2021-08-15T21,ERCO,SUN,4511
2021-08-15T22,ERCO,SUN,4560
2021-08-15T23,ERCO,SUN,5243
2021-08-16T00,ERCO,SUN,4456
2021-08-16T01,ERCO,SUN,1746
2021-08-16T02,ERCO,SUN,42
2021-08-16T03,ERCO,SUN,0
2021-08-16T04,ERCO,SUN,0
2021-08-16T05,ERCO,SUN,0
2021-08-16T06,ERCO,SUN,0
2021-08-16T07,ERCO,SUN,0
2021-08-16T08,ERCO,SUN,0
2021-08-16T09,ERCO,SUN,0
2021-08-16T10,ERCO,SUN,0
2021-08-16T11,ERCO,SUN,0
2021-08-16T12,ERCO,SUN,0
2021-08-16T13,ERCO,SUN,370
2021-08-16T14,ERCO,SUN,2931
2021-08-16T15,ERCO,SUN,4967
2021-08-16T16,ERCO,SUN,5419
2021-08-16T17,ERCO,SUN,5255
2021-08-16T18,ERCO,SUN,4815
2021-08-16T19,ERCO,SUN,4790
2021-08-16T20,ERCO,SUN,3843
2021-08-16T21,ERCO,SUN,3625
2021-08-16T22,ERCO,SUN,3800
2021-08-16T23,ERCO,SUN,2908
2021-08-17T00,ERCO,SUN,2098
2021-08-17T01,ERCO,SUN,600
2021-08-17T02,ERCO,SUN,20
2021-08-17T03,ERCO,SUN,0
2021-08-17T04,ERCO,SUN,0
2021-08-17T05,ERCO,SUN,0
2021-08-17T06,ERCO,SUN,0
2021-08-17T07,ERCO,SUN,0
2021-08-17T08,ERCO,SUN,0
2021-08-17T09,ERCO,SUN,0
2021-08-17T10,ERCO,SUN,0
2021-08-17T11,ERCO,SUN,0
2021-08-17T12,ERCO,SUN,0
2021-08-17T13,ERCO,SUN,119
2021-08-17T14,ERCO,SUN,940
2021-08-17T15,ERCO,SUN,1643
2021-08-17T16,ERCO,SUN,2107
2021-08-17T17,ERCO,SUN,2517
2021-08-17T18,ERCO,SUN,3401
2021-08-17T19,ERCO,SUN,3731
2021-08-17T20,ERCO,SUN,4430
2021-08-17T21,ERCO,SUN,4381
2021-08-17T22,ERCO,SUN,3538
2021-08-17T23,ERCO,SUN,2935
2021-08-18T00,ERCO,SUN,2394
2021-08-18T01,ERCO,SUN,1084
2021-08-18T02,ERCO,SUN,57
2021-08-18T03,ERCO,SUN,0
2021-08-18T04,ERCO,SUN,0
2021-08-18T05,ERCO,SUN,0
2021-08-18T06,ERCO,SUN,0
2021-08-18T07,ERCO,SUN,0
2021-08-18T08,ERCO,SUN,0
2021-08-18T09,ERCO,SUN,0
2021-08-18T10,ERCO,SUN,0
2021-08-18T11,ERCO,SUN,0
2021-08-18T12,ERCO,SUN,0
2021-08-18T13,ERCO,SUN,115
2021-08-18T14,ERCO,SUN,1274
2021-08-18T15,ERCO,SUN,2555
2021-08-18T16,ERCO,SUN,3880
2021-08-18T17,ERCO,SUN,4993
2021-08-18T18,ERCO,SUN,5416
2021-08-18T19,ERCO,SUN,5556
2021-08-18T20,ERCO,SUN,5346
2021-08-18T21,ERCO,SUN,5093
2021-08-18T22,ERCO,SUN,4469
2021-08-18T23,ERCO,SUN,4031
2021-08-19T00,ERCO,SUN,3126
2021-08-19T01,ERCO,SUN,1195
2021-08-19T02,ERCO,SUN,60
2021-08-19T03,ERCO,SUN,0
2021-08-19T04,ERCO,SUN,0
2021-08-19T05,ERCO,SUN,0
2021-08-19T06,ERCO,SUN,0
2021-08-19T07,ERCO,SUN,0
2021-08-19T08,ERCO,SUN,0
2021-08-19T09,ERCO,SUN,0
2021-08-19T10,ERCO,SUN,0
2021-08-19T11,ERCO,SUN,0
2021-08-19T12,ERCO,SUN,0
2021-08-19T13,ERCO,SUN,220
2021-08-19T14,ERCO,SUN,2416
2021-08-19T15,ERCO,SUN,4113
2021-08-19T16,ERCO,SUN,4855
2021-08-19T17,ERCO,SUN,5747
2021-08-19T18,ERCO,SUN,6197
2021-08-19T19,ERCO,SUN,6064
2021-08-19T20,ERCO,SUN,5789
2021-08-19T21,ERCO,SUN,4586
2021-08-19T22,ERCO,SUN,3598
2021-08-19T23,ERCO,SUN,2724
2021-08-20T00,ERCO,SUN,1616
2021-08-20T01,ERCO,SUN,492
2021-08-20T02,ERCO,SUN,22
2021-08-20T03,ERCO,SUN,0
2021-08-20T04,ERCO,SUN,0
2021-08-20T05,ERCO,SUN,0
2021-08-20T06,ERCO,SUN,0
2021-08-20T07,ERCO,SUN,0
2021-08-20T08,ERCO,SUN,0
2021-08-20T09,ERCO,SUN,0
2021-08-20T10,ERCO,SUN,0
2021-08-20T11,ERCO,SUN,0
2021-08-20T12,ERCO,SUN,0
2021-08-20T13,ERCO,SUN,193
2021-08-20T14,ERCO,SUN,2144
2021-08-20T15,ERCO,SUN,4094
2021-08-20T16,ERCO,SUN,5019
2021-08-20T17,ERCO,SUN,5404
2021-08-20T18,ERCO,SUN,5757
2021-08-20T19,ERCO,SUN,5597
2021-08-20T20,ERCO,SUN,5516
2021-08-20T21,ERCO,SUN,5378
2021-08-20T22,ERCO,SUN,4845
2021-08-20T23,ERCO,SUN,3244
2021-08-21T00,ERCO,SUN,2264
2021-08-21T01,ERCO,SUN,928
2021-08-21T02,ERCO,SUN,42
2021-08-21T03,ERCO,SUN,0
2021-08-21T04,ERCO,SUN,0
2021-08-21T05,ERCO,SUN,0
2021-08-21T06,ERCO,SUN,0
2021-08-21T07,ERCO,SUN,0
2021-08-21T08,ERCO,SUN,0
2021-08-21T09,ERCO,SUN,0
2021-08-21T10,ERCO,SUN,0
2021-08-21T11,ERCO,SUN,0
2021-08-21T12,ERCO,SUN,0
2021-08-21T13,ERCO,SUN,198
2021-08-21T14,ERCO,SUN,1790
2021-08-21T15,ERCO,SUN,3840
2021-08-21T16,ERCO,SUN,5142
2021-08-21T17,ERCO,SUN,5451
2021-08-21T18,ERCO,SUN,5323
2021-08-21T19,ERCO,SUN,5361
2021-08-21T20,ERCO,SUN,5267
2021-08-21T21,ERCO,SUN,5293
2021-08-21T22,ERCO,SUN,4867
2021-08-21T23,ERCO,SUN,4287
2021-08-22T00,ERCO,SUN,2723
2021-08-22T01,ERCO,SUN,774
2021-08-22T02,ERCO,SUN,9
2021-08-22T03,ERCO,SUN,0
2021-08-22T04,ERCO,SUN,0
2021-08-22T05,ERCO,SUN,0
2021-08-22T06,ERCO,SUN,0
2021-08-22T07,ERCO,SUN,0
2021-08-22T08,ERCO,SUN,0
2021-08-22T09,ERCO,SUN,0
2021-08-22T10,ERCO,SUN,0
2021-08-22T11,ERCO,SUN,0
2021-08-22T12,ERCO,SUN,0
2021-08-22T13,ERCO,SUN,284
2021-08-22T14,ERCO,SUN,3139
2021-08-22T15,ERCO,SUN,5439
2021-08-22T16,ERCO,SUN,6229
2021-08-22T17,ERCO,SUN,6423
2021-08-22T18,ERCO,SUN,6309
2021-08-22T19,ERCO,SUN,6133
2021-08-22T20,ERCO,SUN,6055
2021-08-22T21,ERCO,SUN,5809
2021-08-22T22,ERCO,SUN,5790
2021-08-22T23,ERCO,SUN,5476
2021-08-23T00,ERCO,SUN,4694
2021-08-23T01,ERCO,SUN,1833
2021-08-23T02,ERCO,SUN,33
2021-08-23T03,ERCO,SUN,0
2021-08-23T04,ERCO,SUN,0
2021-08-23T05,ERCO,SUN,0
2021-08-23T06,ERCO,SUN,0
2021-08-23T07,ERCO,SUN,0
2021-08-23T08,ERCO,SUN,0
2021-08-23T09,ERCO,SUN,0
2021-08-23T10,ERCO,SUN,0
2021-08-23T11,ERCO,SUN,0
2021-08-23T12,ERCO,SUN,0
2021-08-23T13,ERCO,SUN,371
2021-08-23T14,ERCO,SUN,3783
2021-08-23T15,ERCO,SUN,6195
2021-08-23T16,ERCO,SUN,6176
2021-08-23T17,ERCO,SUN,6453
2021-08-23T18,ERCO,SUN,6548
2021-08-23T19,ERCO,SUN,6446
2021-08-23T20,ERCO,SUN,6281
2021-08-23T21,ERCO,SUN,6228
2021-08-23T22,ERCO,SUN,6116
2021-08-23T23,ERCO,SUN,5785
2021-08-24T00,ERCO,SUN,4934
2021-08-24T01,ERCO,SUN,1870
2021-08-24T02,ERCO,SUN,33
2021-08-24T03,ERCO,SUN,0
2021-08-24T04,ERCO,SUN,0
2021-08-24T05,ERCO,SUN,0
2021-08-24T06,ERCO,SUN,0
2021-08-24T07,ERCO,SUN,0
2021-08-24T08,ERCO,SUN,0
2021-08-24T09,ERCO,SUN,0
2021-08-24T10,ERCO,SUN,0
2021-08-24T11,ERCO,SUN,0
2021-08-24T12,ERCO,SUN,0
2021-08-24T13,ERCO,SUN,345
2021-08-24T14,ERCO,SUN,3818
2021-08-24T15,ERCO,SUN,6199
2021-08-24T16,ERCO,SUN,6030
2021-08-24T17,ERCO,SUN,6479
2021-08-24T18,ERCO,SUN,6402
2021-08-24T19,ERCO,SUN,6408
2021-08-24T20,ERCO,SUN,6258
2021-08-24T21,ERCO,SUN,6202
2021-08-24T22,ERCO,SUN,6142
2021-08-24T23,ERCO,SUN,5823
2021-08-25T00,ERCO,SUN,4876
2021-08-25T01,ERCO,SUN,1792
2021-08-25T02,ERCO,SUN,16
2021-08-25T03,ERCO,SUN,0
2021-08-25T04,ERCO,SUN,0
2021-08-25T05,ERCO,SUN,0
2021-08-25T06,ERCO,SUN,0
2021-08-25T07,ERCO,SUN,0
2021-08-25T08,ERCO,SUN,0
2021-08-25T09,ERCO,SUN,0
2021-08-25T10,ERCO,SUN,0
2021-08-25T11,ERCO,SUN,0
2021-08-25T12,ERCO,SUN,0
2021-08-25T13,ERCO,SUN,305
2021-08-25T14,ERCO,SUN,3515
2021-08-25T15,ERCO,SUN,6079
2021-08-25T16,ERCO,SUN,6391
2021-08-25T17,ERCO,SUN,6302
2021-08-25T18,ERCO,SUN,6443
2021-08-25T19,ERCO,SUN,6044
2021-08-25T20,ERCO,SUN,5917
2021-08-25T21,ERCO,SUN,5748
2021-08-25T22,ERCO,SUN,5543
2021-08-25T23,ERCO,SUN,5395
2021-08-26T00,ERCO,SUN,4411
2021-08-26T01,ERCO,SUN,1593
2021-08-26T02,ERCO,SUN,24
2021-08-26T03,ERCO,SUN,0
2021-08-26T04,ERCO,SUN,0
2021-08-26T05,ERCO,SUN,0
2021-08-26T06,ERCO,SUN,0
2021-08-26T07,ERCO,SUN,0
2021-08-26T08,ERCO,SUN,0
2021-08-26T09,ERCO,SUN,0
2021-08-26T10,ERCO,SUN,0
2021-08-26T11,ERCO,SUN,0
2021-08-26T12,ERCO,SUN,0
2021-08-26T13,ERCO,SUN,275
2021-08-26T14,ERCO,SUN,3407
2021-08-26T15,ERCO,SUN,6014
2021-08-26T16,ERCO,SUN,6437
2021-08-26T17,ERCO,SUN,6056
2021-08-26T18,ERCO,SUN,5741
2021-08-26T19,ERCO,SUN,5454
2021-08-26T20,ERCO,SUN,5475
2021-08-26T21,ERCO,SUN,5402
2021-08-26T22,ERCO,SUN,5422
2021-08-26T23,ERCO,SUN,4919
2021-08-27T00,ERCO,SUN,4483
2021-08-27T01,ERCO,SUN,1550
2021-08-27T02,ERCO,SUN,17
2021-08-27T03,ERCO,SUN,0
2021-08-27T04,ERCO,SUN,0
2021-08-27T05,ERCO,SUN,0
2021-08-27T06,ERCO,SUN,0
2021-08-27T07,ERCO,SUN,0
2021-08-27T08,ERCO,SUN,0
2021-08-27T09,ERCO,SUN,0
2021-08-27T10,ERCO,SUN,0
2021-08-27T11,ERCO,SUN,0
2021-08-27T12,ERCO,SUN,0
2021-08-27T13,ERCO,SUN,244
2021-08-27T14,ERCO,SUN,3177
2021-08-27T15,ERCO,SUN,5713
2021-08-27T16,ERCO,SUN,6325
2021-08-27T17,ERCO,SUN,6296
2021-08-27T18,ERCO,SUN,6047
2021-08-27T19,ERCO,SUN,5737
2021-08-27T20,ERCO,SUN,5462
2021-08-27T21,ERCO,SUN,5323
2021-08-27T22,ERCO,SUN,5405
2021-08-27T23,ERCO,SUN,5223
2021-08-28T00,ERCO,SUN,4195
2021-08-28T01,ERCO,SUN,1393
2021-08-28T02,ERCO,SUN,14
2021-08-28T03,ERCO,SUN,0
2021-08-28T04,ERCO,SUN,0
2021-08-28T05,ERCO,SUN,0
2021-08-28T06,ERCO,SUN,6
2021-08-28T07,ERCO,SUN,7
2021-08-28T08,ERCO,SUN,7
2021-08-28T09,ERCO,SUN,7
2021-08-28T10,ERCO,SUN,7
2021-08-28T11,ERCO,SUN,7
2021-08-28T12,ERCO,SUN,7
2021-08-28T13,ERCO,SUN,234
2021-08-28T14,ERCO,SUN,2959
2021-08-28T15,ERCO,SUN,5373
2021-08-28T16,ERCO,SUN,6121
2021-08-28T17,ERCO,SUN,6213
2021-08-28T18,ERCO,SUN,5945
2021-08-28T19,ERCO,SUN,5696
2021-08-28T20,ERCO,SUN,5697
2021-08-28T21,ERCO,SUN,5466
2021-08-28T22,ERCO,SUN,5171
2021-08-28T23,ERCO,SUN,4907
2021-08-29T00,ERCO,SUN,3875
2021-08-29T01,ERCO,SUN,1358
2021-08-29T02,ERCO,SUN,9
2021-08-29T03,ERCO,SUN,0
2021-08-29T04,ERCO,SUN,3
2021-08-29T05,ERCO,SUN,0
2021-08-29T06,ERCO,SUN,0
2021-08-29T07,ERCO,SUN,0
2021-08-29T08,ERCO,SUN,0
2021-08-29T09,ERCO,SUN,0
2021-08-29T10,ERCO,SUN,0
2021-08-29T11,ERCO,SUN,0
2021-08-29T12,ERCO,SUN,0
2021-08-29T13,ERCO,SUN,183
2021-08-29T14,ERCO,SUN,2644
2021-08-29T15,ERCO,SUN,4868
2021-08-29T16,ERCO,SUN,5615
2021-08-29T17,ERCO,SUN,5810
2021-08-29T18,ERCO,SUN,5507
2021-08-29T19,ERCO,SUN,5152
2021-08-29T20,ERCO,SUN,5152
2021-08-29T21,ERCO,SUN,4966
2021-08-29T22,ERCO,SUN,4619
2021-08-29T23,ERCO,SUN,4117
2021-08-30T00,ERCO,SUN,3458
2021-08-30T01,ERCO,SUN,974
2021-08-30T02,ERCO,SUN,10
2021-08-30T03,ERCO,SUN,0
2021-08-30T04,ERCO,SUN,0
2021-08-30T05,ERCO,SUN,0
2021-08-30T06,ERCO,SUN,0
2021-08-30T07,ERCO,SUN,0
2021-08-30T08,ERCO,SUN,0
2021-08-30T09,ERCO,SUN,0
2021-08-30T10,ERCO,SUN,0
2021-08-30T11,ERCO,SUN,0
2021-08-30T12,ERCO,SUN,0
2021-08-30T13,ERCO,SUN,221
2021-08-30T14,ERCO,SUN,2235
2021-08-30T15,ERCO,SUN,4276
2021-08-30T16,ERCO,SUN,4920
2021-08-30T17,ERCO,SUN,4989
2021-08-30T18,ERCO,SUN,5291
2021-08-30T19,ERCO,SUN,4857
2021-08-30T20,ERCO,SUN,5051
2021-08-30T21,ERCO,SUN,5276
2021-08-30T22,ERCO,SUN,4893
2021-08-30T23,ERCO,SUN,3746
2021-08-31T00,ERCO,SUN,3010
2021-08-31T01,ERCO,SUN,863
2021-08-31T02,ERCO,SUN,6
2021-08-31T03,ERCO,SUN,0
2021-08-31T04,ERCO,SUN,0
2021-08-31T05,ERCO,SUN,0
2021-08-31T06,ERCO,SUN,0
2021-08-31T07,ERCO,SUN,0
2021-08-31T08,ERCO,SUN,0
2021-08-31T09,ERCO,SUN,0
2021-08-31T10,ERCO,SUN,0
2021-08-31T11,ERCO,SUN,0
2021-08-31T12,ERCO,SUN,0
2021-08-31T13,ERCO,SUN,229
2021-08-31T14,ERCO,SUN,3092
2021-08-31T15,ERCO,SUN,5802
2021-08-31T16,ERCO,SUN,6486
2021-08-31T17,ERCO,SUN,6543
2021-08-31T18,ERCO,SUN,6428
2021-08-31T19,ERCO,SUN,6122
2021-08-31T20,ERCO,SUN,5862
2021-08-31T21,ERCO,SUN,5589
2021-08-31T22,ERCO,SUN,5080
2021-08-31T23,ERCO,SUN,4568
2021-09-01T00,ERCO,SUN,3295
2021-09-01T01,ERCO,SUN,766
2021-09-01T02,ERCO,SUN,3
2021-09-01T03,ERCO,SUN,0
2021-09-01T04,ERCO,SUN,0
2021-09-01T05,ERCO,SUN,0
2021-09-01T06,ERCO,SUN,0
2021-09-01T07,ERCO,SUN,0
2021-09-01T08,ERCO,SUN,0
2021-09-01T09,ERCO,SUN,0
2021-09-01T10,ERCO,SUN,0
2021-09-01T11,ERCO,SUN,0
2021-09-01T12,ERCO,SUN,0
2021-09-01T13,ERCO,SUN,191
2021-09-01T14,ERCO,SUN,2662
2021-09-01T15,ERCO,SUN,5493
2021-09-01T16,ERCO,SUN,6595
2021-09-01T17,ERCO,SUN,6578
2021-09-01T18,ERCO,SUN,6266
2021-09-01T19,ERCO,SUN,6010
2021-09-01T20,ERCO,SUN,5768
2021-09-01T21,ERCO,SUN,5654
2021-09-01T22,ERCO,SUN,5358
2021-09-01T23,ERCO,SUN,4683
2021-09-02T00,ERCO,SUN,3085
2021-09-02T01,ERCO,SUN,558
2021-09-02T02,ERCO,SUN,1
2021-09-02T03,ERCO,SUN,0
2021-09-02T04,ERCO,SUN,0
2021-09-02T05,ERCO,SUN,0
2021-09-02T06,ERCO,SUN,0
2021-09-02T07,ERCO,SUN,0
2021-09-02T08,ERCO,SUN,0
2021-09-02T09,ERCO,SUN,0
2021-09-02T10,ERCO,SUN,0
2021-09-02T11,ERCO,SUN,0
2021-09-02T12,ERCO,SUN,0
2021-09-02T13,ERCO,SUN,168
2021-09-02T14,ERCO,SUN,2135
2021-09-02T15,ERCO,SUN,4372
2021-09-02T16,ERCO,SUN,5980
2021-09-02T17,ERCO,SUN,6432
2021-09-02T18,ERCO,SUN,6282
2021-09-02T19,ERCO,SUN,6133
2021-09-02T20,ERCO,SUN,5854
2021-09-02T21,ERCO,SUN,5603
2021-09-02T22,ERCO,SUN,5413
2021-09-02T23,ERCO,SUN,4333
2021-09-03T00,ERCO,SUN,2585
2021-09-03T01,ERCO,SUN,645
2021-09-03T02,ERCO,SUN,3
2021-09-03T03,ERCO,SUN,1
2021-09-03T04,ERCO,SUN,0
2021-09-03T05,ERCO,SUN,0
2021-09-03T06,ERCO,SUN,0
2021-09-03T07,ERCO,SUN,0
2021-09-03T08,ERCO,SUN,0
2021-09-03T09,ERCO,SUN,0
2021-09-03T10,ERCO,SUN,0
2021-09-03T11,ERCO,SUN,0
2021-09-03T12,ERCO,SUN,0
2021-09-03T13,ERCO,SUN,152
2021-09-03T14,ERCO,SUN,2546
2021-09-03T15,ERCO,SUN,5659
2021-09-03T16,ERCO,SUN,6581
2021-09-03T17,ERCO,SUN,6894
2021-09-03T18,ERCO,SUN,6615
2021-09-03T19,ERCO,SUN,6151
2021-09-03T20,ERCO,SUN,5920
2021-09-03T21,ERCO,SUN,5887
2021-09-03T22,ERCO,SUN,5601
2021-09-03T23,ERCO,SUN,5339
2021-09-04T00,ERCO,SUN,3892
2021-09-04T01,ERCO,SUN,808
2021-09-04T02,ERCO,SUN,0
2021-09-04T03,ERCO,SUN,0
2021-09-04T04,ERCO,SUN,0
2021-09-04T05,ERCO,SUN,0
2021-09-04T06,ERCO,SUN,0
2021-09-04T07,ERCO,SUN,0
2021-09-04T08,ERCO,SUN,0
2021-09-04T09,ERCO,SUN,0
2021-09-04T10,ERCO,SUN,0
2021-09-04T11,ERCO,SUN,0
2021-09-04T12,ERCO,SUN,0
2021-09-04T13,ERCO,SUN,164
2021-09-04T14,ERCO,SUN,2926
2021-09-04T15,ERCO,SUN,6041
2021-09-04T16,ERCO,SUN,6884
2021-09-04T17,ERCO,SUN,6893
2021-09-04T18,ERCO,SUN,6708
2021-09-04T19,ERCO,SUN,6470
2021-09-04T20,ERCO,SUN,6262
2021-09-04T21,ERCO,SUN,6038
2021-09-04T22,ERCO,SUN,5657
2021-09-04T23,ERCO,SUN,5392
2021-09-05T00,ERCO,SUN,3486
2021-09-05T01,ERCO,SUN,666
2021-09-05T02,ERCO,SUN,0
2021-09-05T03,ERCO,SUN,0
2021-09-05T04,ERCO,SUN,0
2021-09-05T05,ERCO,SUN,0
2021-09-05T06,ERCO,SUN,0
2021-09-05T07,ERCO,SUN,0
2021-09-05T08,ERCO,SUN,0
2021-09-05T09,ERCO,SUN,0
2021-09-05T10,ERCO,SUN,0
2021-09-05T11,ERCO,SUN,0
2021-09-05T12,ERCO,SUN,0
2021-09-05T13,ERCO,SUN,120
2021-09-05T14,ERCO,SUN,1981
2021-09-05T15,ERCO,SUN,4193
2021-09-05T16,ERCO,SUN,5244
2021-09-05T17,ERCO,SUN,5611
2021-09-05T18,ERCO,SUN,5860
2021-09-05T19,ERCO,SUN,6023
2021-09-05T20,ERCO,SUN,5301
2021-09-05T21,ERCO,SUN,4656
2021-09-05T22,ERCO,SUN,4452
2021-09-05T23,ERCO,SUN,3815
2021-09-06T00,ERCO,SUN,2204
2021-09-06T01,ERCO,SUN,455
2021-09-06T02,ERCO,SUN,1
2021-09-06T03,ERCO,SUN,0
2021-09-06T04,ERCO,SUN,0
2021-09-06T05,ERCO,SUN,0
2021-09-06T06,ERCO,SUN,0
2021-09-06T07,ERCO,SUN,0
2021-09-06T08,ERCO,SUN,0
2021-09-06T09,ERCO,SUN,0
2021-09-06T10,ERCO,SUN,0
2021-09-06T11,ERCO,SUN,0
2021-09-06T12,ERCO,SUN,0
2021-09-06T13,ERCO,SUN,125
2021-09-06T14,ERCO,SUN,2181
2021-09-06T15,ERCO,SUN,5059
2021-09-06T16,ERCO,SUN,6050
2021-09-06T17,ERCO,SUN,6513
2021-09-06T18,ERCO,SUN,6480
2021-09-06T19,ERCO,SUN,6359
2021-09-06T20,ERCO,SUN,6067
2021-09-06T21,ERCO,SUN,5659
2021-09-06T22,ERCO,SUN,5331
2021-09-06T23,ERCO,SUN,4845
2021-09-07T00,ERCO,SUN,3166
2021-09-07T01,ERCO,SUN,740
2021-09-07T02,ERCO,SUN,2
2021-09-07T03,ERCO,SUN,0
2021-09-07T04,ERCO,SUN,0
2021-09-07T05,ERCO,SUN,0
2021-09-07T06,ERCO,SUN,0
2021-09-07T07,ERCO,SUN,0
2021-09-07T08,ERCO,SUN,0
2021-09-07T09,ERCO,SUN,0
2021-09-07T10,ERCO,SUN,0
2021-09-07T11,ERCO,SUN,0
2021-09-07T12,ERCO,SUN,0
2021-09-07T13,ERCO,SUN,152
2021-09-07T14,ERCO,SUN,2746
2021-09-07T15,ERCO,SUN,5855
2021-09-07T16,ERCO,SUN,6608
2021-09-07T17,ERCO,SUN,6776
2021-09-07T18,ERCO,SUN,6610
2021-09-07T19,ERCO,SUN,6321
2021-09-07T20,ERCO,SUN,6038
2021-09-07T21,ERCO,SUN,5990
2021-09-07T22,ERCO,SUN,5727
2021-09-07T23,ERCO,SUN,5127
2021-09-08T00,ERCO,SUN,3916
2021-09-08T01,ERCO,SUN,888
2021-09-08T02,ERCO,SUN,2
2021-09-08T03,ERCO,SUN,0
2021-09-08T04,ERCO,SUN,0
2021-09-08T05,ERCO,SUN,0
2021-09-08T06,ERCO,SUN,0
2021-09-08T07,ERCO,SUN,0
2021-09-08T08,ERCO,SUN,0
2021-09-08T09,ERCO,SUN,0
2021-09-08T10,ERCO,SUN,0
2021-09-08T11,ERCO,SUN,0
2021-09-08T12,ERCO,SUN,0
2021-09-08T13,ERCO,SUN,125
2021-09-08T14,ERCO,SUN,2403
2021-09-08T15,ERCO,SUN,5245
2021-09-08T16,ERCO,SUN,6194
2021-09-08T17,ERCO,SUN,6496
2021-09-08T18,ERCO,SUN,6517
2021-09-08T19,ERCO,SUN,6151
2021-09-08T20,ERCO,SUN,5727
2021-09-08T21,ERCO,SUN,5790
2021-09-08T22,ERCO,SUN,5499
2021-09-08T23,ERCO,SUN,5200
2021-09-09T00,ERCO,SUN,3470
2021-09-09T01,ERCO,SUN,680
2021-09-09T02,ERCO,SUN,0
2021-09-09T03,ERCO,SUN,0
2021-09-09T04,ERCO,SUN,0
2021-09-09T05,ERCO,SUN,0
2021-09-09T06,ERCO,SUN,0
2021-09-09T07,ERCO,SUN,0
2021-09-09T08,ERCO,SUN,0
2021-09-09T09,ERCO,SUN,0
2021-09-09T10,ERCO,SUN,0
2021-09-09T11,ERCO,SUN,0
2021-09-09T12,ERCO,SUN,0
2021-09-09T13,ERCO,SUN,139
2021-09-09T14,ERCO,SUN,2613
2021-09-09T15,ERCO,SUN,5570
2021-09-09T16,ERCO,SUN,6504
2021-09-09T17,ERCO,SUN,6752
2021-09-09T18,ERCO,SUN,6779
2021-09-09T19,ERCO,SUN,6733
2021-09-09T20,ERCO,SUN,6641
2021-09-09T21,ERCO,SUN,6457
2021-09-09T22,ERCO,SUN,6194
2021-09-09T23,ERCO,SUN,5731
2021-09-10T00,ERCO,SUN,3831
2021-09-10T01,ERCO,SUN,683
2021-09-10T02,ERCO,SUN,0
2021-09-10T03,ERCO,SUN,0
2021-09-10T04,ERCO,SUN,0
2021-09-10T05,ERCO,SUN,0
2021-09-10T06,ERCO,SUN,0
2021-09-10T07,ERCO,SUN,0
2021-09-10T08,ERCO,SUN,0
2021-09-10T09,ERCO,SUN,0
2021-09-10T10,ERCO,SUN,0
2021-09-10T11,ERCO,SUN,0
2021-09-10T12,ERCO,SUN,0
2021-09-10T13,ERCO,SUN,113
2021-09-10T14,ERCO,SUN,2465
2021-09-10T15,ERCO,SUN,5628
2021-09-10T16,ERCO,SUN,6648
2021-09-10T17,ERCO,SUN,6946
2021-09-10T18,ERCO,SUN,6938
2021-09-10T19,ERCO,SUN,6902
2021-09-10T20,ERCO,SUN,6900
2021-09-10T21,ERCO,SUN,6761
2021-09-10T22,ERCO,SUN,6393
2021-09-10T23,ERCO,SUN,5562
2021-09-11T00,ERCO,SUN,3321
2021-09-11T01,ERCO,SUN,545
2021-09-11T02,ERCO,SUN,0
2021-09-11T03,ERCO,SUN,0
2021-09-11T04,ERCO,SUN,0
2021-09-11T05,ERCO,SUN,0
2021-09-11T06,ERCO,SUN,0
2021-09-11T07,ERCO,SUN,0
2021-09-11T08,ERCO,SUN,0
2021-09-11T09,ERCO,SUN,0
2021-09-11T10,ERCO,SUN,0
2021-09-11T11,ERCO,SUN,0
2021-09-11T12,ERCO,SUN,0
2021-09-11T13,ERCO,SUN,102
2021-09-11T14,ERCO,SUN,2027
2021-09-11T15,ERCO,SUN,4960
2021-09-11T16,ERCO,SUN,6327
2021-09-11T17,ERCO,SUN,6719
2021-09-11T18,ERCO,SUN,6730
2021-09-11T19,ERCO,SUN,6802
2021-09-11T20,ERCO,SUN,6751
2021-09-11T21,ERCO,SUN,6608
2021-09-11T22,ERCO,SUN,6268
2021-09-11T23,ERCO,SUN,5638
2021-09-12T00,ERCO,SUN,3604
2021-09-12T01,ERCO,SUN,571
2021-09-12T02,ERCO,SUN,0
2021-09-12T03,ERCO,SUN,0
2021-09-12T04,ERCO,SUN,0
2021-09-12T05,ERCO,SUN,0
2021-09-12T06,ERCO,SUN,0
2021-09-12T07,ERCO,SUN,0
2021-09-12T08,ERCO,SUN,0
2021-09-12T09,ERCO,SUN,0
2021-09-12T10,ERCO,SUN,0
2021-09-12T11,ERCO,SUN,0
2021-09-12T12,ERCO,SUN,0
2021-09-12T13,ERCO,SUN,111
2021-09-12T14,ERCO,SUN,2354
2021-09-12T15,ERCO,SUN,5336
2021-09-12T16,ERCO,SUN,6448
2021-09-12T17,ERCO,SUN,6814
2021-09-12T18,ERCO,SUN,6799
2021-09-12T19,ERCO,SUN,6528
2021-09-12T20,ERCO,SUN,6487
2021-09-12T21,ERCO,SUN,6274
2021-09-12T22,ERCO,SUN,6045
2021-09-12T23,ERCO,SUN,5588
2021-09-13T00,ERCO,SUN,3907
2021-09-13T01,ERCO,SUN,669
2021-09-13T02,ERCO,SUN,0
2021-09-13T03,ERCO,SUN,0
2021-09-13T04,ERCO,SUN,0
2021-09-13T05,ERCO,SUN,0
2021-09-13T06,ERCO,SUN,0
2021-09-13T07,ERCO,SUN,0
2021-09-13T08,ERCO,SUN,0
2021-09-13T09,ERCO,SUN,0
2021-09-13T10,ERCO,SUN,0
2021-09-13T11,ERCO,SUN,0
2021-09-13T12,ERCO,SUN,0
2021-09-13T13,ERCO,SUN,80
2021-09-13T14,ERCO,SUN,2307
2021-09-13T15,ERCO,SUN,5332
2021-09-13T16,ERCO,SUN,6126
2021-09-13T17,ERCO,SUN,6310
2021-09-13T18,ERCO,SUN,6166
2021-09-13T19,ERCO,SUN,6046
2021-09-13T20,ERCO,SUN,5926
2021-09-13T21,ERCO,SUN,6010
2021-09-13T22,ERCO,SUN,5923
2021-09-13T23,ERCO,SUN,5688
2021-09-14T00,ERCO,SUN,3774
2021-09-14T01,ERCO,SUN,638
2021-09-14T02,ERCO,SUN,0
2021-09-14T03,ERCO,SUN,0
2021-09-14T04,ERCO,SUN,0
2021-09-14T05,ERCO,SUN,0
2021-09-14T06,ERCO,SUN,0
2021-09-14T07,ERCO,SUN,0
2021-09-14T08,ERCO,SUN,0
2021-09-14T09,ERCO,SUN,0
2021-09-14T10,ERCO,SUN,0
2021-09-14T11,ERCO,SUN,0
2021-09-14T12,ERCO,SUN,0
2021-09-14T13,ERCO,SUN,95
2021-09-14T14,ERCO,SUN,2525
2021-09-14T15,ERCO,SUN,5647
2021-09-14T16,ERCO,SUN,6447
2021-09-14T17,ERCO,SUN,6355
2021-09-14T18,ERCO,SUN,6213
2021-09-14T19,ERCO,SUN,6184
2021-09-14T20,ERCO,SUN,6160
2021-09-14T21,ERCO,SUN,6160
2021-09-14T22,ERCO,SUN,6021
2021-09-14T23,ERCO,SUN,5605
2021-09-15T00,ERCO,SUN,3778
2021-09-15T01,ERCO,SUN,568
2021-09-15T02,ERCO,SUN,0
2021-09-15T03,ERCO,SUN,0
2021-09-15T04,ERCO,SUN,0
2021-09-15T05,ERCO,SUN,0
2021-09-15T06,ERCO,SUN,0
2021-09-15T07,ERCO,SUN,0
2021-09-15T08,ERCO,SUN,0
2021-09-15T09,ERCO,SUN,0
2021-09-15T10,ERCO,SUN,0
2021-09-15T11,ERCO,SUN,0
2021-09-15T12,ERCO,SUN,0
2021-09-15T13,ERCO,SUN,81
2021-09-15T14,ERCO,SUN,2013
2021-09-15T15,ERCO,SUN,4807
2021-09-15T16,ERCO,SUN,6005
2021-09-15T17,ERCO,SUN,6371
2021-09-15T18,ERCO,SUN,6376
2021-09-15T19,ERCO,SUN,6265
2021-09-15T20,ERCO,SUN,6181
2021-09-15T21,ERCO,SUN,6027
2021-09-15T22,ERCO,SUN,5876
2021-09-15T23,ERCO,SUN,5579
2021-09-16T00,ERCO,SUN,3768
2021-09-16T01,ERCO,SUN,526
2021-09-16T02,ERCO,SUN,0
2021-09-16T03,ERCO,SUN,0
2021-09-16T04,ERCO,SUN,0
2021-09-16T05,ERCO,SUN,0
2021-09-16T06,ERCO,SUN,0
2021-09-16T07,ERCO,SUN,0
2021-09-16T08,ERCO,SUN,0
2021-09-16T09,ERCO,SUN,0
2021-09-16T10,ERCO,SUN,0
2021-09-16T11,ERCO,SUN,0
2021-09-16T12,ERCO,SUN,0
2021-09-16T13,ERCO,SUN,122
2021-09-16T14,ERCO,SUN,2828
2021-09-16T15,ERCO,SUN,5981
2021-09-16T16,ERCO,SUN,6607
2021-09-16T17,ERCO,SUN,6736
2021-09-16T18,ERCO,SUN,6563
2021-09-16T19,ERCO,SUN,6550
2021-09-16T20,ERCO,SUN,6373
2021-09-16T21,ERCO,SUN,6168
2021-09-16T22,ERCO,SUN,6167
2021-09-16T23,ERCO,SUN,5683
2021-09-17T00,ERCO,SUN,3869
2021-09-17T01,ERCO,SUN,533
2021-09-17T02,ERCO,SUN,0
2021-09-17T03,ERCO,SUN,0
2021-09-17T04,ERCO,SUN,0
2021-09-17T05,ERCO,SUN,0
2021-09-17T06,ERCO,SUN,0
2021-09-17T07,ERCO,SUN,0
2021-09-17T08,ERCO,SUN,0
2021-09-17T09,ERCO,SUN,0
2021-09-17T10,ERCO,SUN,0
2021-09-17T11,ERCO,SUN,0
2021-09-17T12,ERCO,SUN,0
2021-09-17T13,ERCO,SUN,104
2021-09-17T14,ERCO,SUN,2771
2021-09-17T15,ERCO,SUN,5943
2021-09-17T16,ERCO,SUN,6494
2021-09-17T17,ERCO,SUN,6666
2021-09-17T18,ERCO,SUN,6445
2021-09-17T19,ERCO,SUN,6031
2021-09-17T20,ERCO,SUN,6150
2021-09-17T21,ERCO,SUN,5954
2021-09-17T22,ERCO,SUN,5862
2021-09-17T23,ERCO,SUN,5433
2021-09-18T00,ERCO,SUN,3429
2021-09-18T01,ERCO,SUN,383
2021-09-18T02,ERCO,SUN,0
2021-09-18T03,ERCO,SUN,0
2021-09-18T04,ERCO,SUN,0
2021-09-18T05,ERCO,SUN,0
2021-09-18T06,ERCO,SUN,0
2021-09-18T07,ERCO,SUN,0
2021-09-18T08,ERCO,SUN,0
2021-09-18T09,ERCO,SUN,0
2021-09-18T10,ERCO,SUN,0
2021-09-18T11,ERCO,SUN,0
2021-09-18T12,ERCO,SUN,0
2021-09-18T13,ERCO,SUN,90
2021-09-18T14,ERCO,SUN,2392
2021-09-18T15,ERCO,SUN,5315
2021-09-18T16,ERCO,SUN,6137
2021-09-18T17,ERCO,SUN,6221
2021-09-18T18,ERCO,SUN,6213
2021-09-18T19,ERCO,SUN,6139
2021-09-18T20,ERCO,SUN,5984
2021-09-18T21,ERCO,SUN,5102
2021-09-18T22,ERCO,SUN,4970
2021-09-18T23,ERCO,SUN,4162
2021-09-19T00,ERCO,SUN,2396
2021-09-19T01,ERCO,SUN,312
2021-09-19T02,ERCO,SUN,0
2021-09-19T03,ERCO,SUN,0
2021-09-19T04,ERCO,SUN,0
2021-09-19T05,ERCO,SUN,0
2021-09-19T06,ERCO,SUN,0
2021-09-19T07,ERCO,SUN,0
2021-09-19T08,ERCO,SUN,0
2021-09-19T09,ERCO,SUN,0
2021-09-19T10,ERCO,SUN,0
2021-09-19T11,ERCO,SUN,0
2021-09-19T12,ERCO,SUN,0
2021-09-19T13,ERCO,SUN,94
2021-09-19T14,ERCO,SUN,2761
2021-09-19T15,ERCO,SUN,6101
2021-09-19T16,ERCO,SUN,6812
2021-09-19T17,ERCO,SUN,6595
2021-09-19T18,ERCO,SUN,6338
2021-09-19T19,ERCO,SUN,6104
2021-09-19T20,ERCO,SUN,6122
2021-09-19T21,ERCO,SUN,5993
2021-09-19T22,ERCO,SUN,5855
2021-09-19T23,ERCO,SUN,5430
2021-09-20T00,ERCO,SUN,3520
2021-09-20T01,ERCO,SUN,430
2021-09-20T02,ERCO,SUN,0
2021-09-20T03,ERCO,SUN,0
2021-09-20T04,ERCO,SUN,0
2021-09-20T05,ERCO,SUN,0
2021-09-20T06,ERCO,SUN,0
2021-09-20T07,ERCO,SUN,0
2021-09-20T08,ERCO,SUN,0
2021-09-20T09,ERCO,SUN,0
2021-09-20T10,ERCO,SUN,0
2021-09-20T11,ERCO,SUN,0
2021-09-20T12,ERCO,SUN,0
2021-09-20T13,ERCO,SUN,85
2021-09-20T14,ERCO,SUN,2045
2021-09-20T15,ERCO,SUN,4453
2021-09-20T16,ERCO,SUN,5507
2021-09-20T17,ERCO,SUN,6341
2021-09-20T18,ERCO,SUN,6378
2021-09-20T19,ERCO,SUN,6082
2021-09-20T20,ERCO,SUN,5868
2021-09-20T21,ERCO,SUN,5483
2021-09-20T22,ERCO,SUN,5188
2021-09-20T23,ERCO,SUN,4559
2021-09-21T00,ERCO,SUN,2403
2021-09-21T01,ERCO,SUN,249
2021-09-21T02,ERCO,SUN,0
2021-09-21T03,ERCO,SUN,0
2021-09-21T04,ERCO,SUN,0
2021-09-21T05,ERCO,SUN,0
2021-09-21T06,ERCO,SUN,0
2021-09-21T07,ERCO,SUN,0
2021-09-21T08,ERCO,SUN,0
2021-09-21T09,ERCO,SUN,0
2021-09-21T10,ERCO,SUN,0
2021-09-21T11,ERCO,SUN,0
2021-09-21T12,ERCO,SUN,0
2021-09-21T13,ERCO,SUN,47
2021-09-21T14,ERCO,SUN,1032
2021-09-21T15,ERCO,SUN,1639
2021-09-21T16,ERCO,SUN,1664
2021-09-21T17,ERCO,SUN,2003
2021-09-21T18,ERCO,SUN,2097
2021-09-21T19,ERCO,SUN,2133
2021-09-21T20,ERCO,SUN,2135
2021-09-21T21,ERCO,SUN,2297
2021-09-21T22,ERCO,SUN,2167
2021-09-21T23,ERCO,SUN,2083
2021-09-22T00,ERCO,SUN,1548
2021-09-22T01,ERCO,SUN,333
2021-09-22T02,ERCO,SUN,0
2021-09-22T03,ERCO,SUN,0
2021-09-22T04,ERCO,SUN,0
2021-09-22T05,ERCO,SUN,0
2021-09-22T06,ERCO,SUN,0
2021-09-22T07,ERCO,SUN,0
2021-09-22T08,ERCO,SUN,0
2021-09-22T09,ERCO,SUN,0
2021-09-22T10,ERCO,SUN,0
2021-09-22T11,ERCO,SUN,0
2021-09-22T12,ERCO,SUN,0
2021-09-22T13,ERCO,SUN,110
2021-09-22T14,ERCO,SUN,2805
2021-09-22T15,ERCO,SUN,6298
2021-09-22T16,ERCO,SUN,6711
2021-09-22T17,ERCO,SUN,6659
2021-09-22T18,ERCO,SUN,6682
2021-09-22T19,ERCO,SUN,6877
2021-09-22T20,ERCO,SUN,6955
2021-09-22T21,ERCO,SUN,6895
2021-09-22T22,ERCO,SUN,6796
2021-09-22T23,ERCO,SUN,6379
2021-09-23T00,ERCO,SUN,3505
2021-09-23T01,ERCO,SUN,286
2021-09-23T02,ERCO,SUN,1
2021-09-23T03,ERCO,SUN,0
2021-09-23T04,ERCO,SUN,0
2021-09-23T05,ERCO,SUN,0
2021-09-23T06,ERCO,SUN,0
2021-09-23T07,ERCO,SUN,0
2021-09-23T08,ERCO,SUN,0
2021-09-23T09,ERCO,SUN,0
2021-09-23T10,ERCO,SUN,0
2021-09-23T11,ERCO,SUN,0
2021-09-23T12,ERCO,SUN,0
2021-09-23T13,ERCO,SUN,115
2021-09-23T14,ERCO,SUN,2558
2021-09-23T15,ERCO,SUN,6003
2021-09-23T16,ERCO,SUN,5545
2021-09-23T17,ERCO,SUN,6323
2021-09-23T18,ERCO,SUN,6708
2021-09-23T19,ERCO,SUN,6672
2021-09-23T20,ERCO,SUN,6598
2021-09-23T21,ERCO,SUN,6487
2021-09-23T22,ERCO,SUN,6086
2021-09-23T23,ERCO,SUN,5772
2021-09-24T00,ERCO,SUN,3382
2021-09-24T01,ERCO,SUN,357
2021-09-24T02,ERCO,SUN,0
2021-09-24T03,ERCO,SUN,0
2021-09-24T04,ERCO,SUN,0
2021-09-24T05,ERCO,SUN,0
2021-09-24T06,ERCO,SUN,0
2021-09-24T07,ERCO,SUN,0
2021-09-24T08,ERCO,SUN,0
2021-09-24T09,ERCO,SUN,0
2021-09-24T10,ERCO,SUN,0
2021-09-24T11,ERCO,SUN,0
2021-09-24T12,ERCO,SUN,0
2021-09-24T13,ERCO,SUN,94
2021-09-24T14,ERCO,SUN,2035
2021-09-24T15,ERCO,SUN,3784
2021-09-24T16,ERCO,SUN,4220
2021-09-24T17,ERCO,SUN,5263
2021-09-24T18,ERCO,SUN,5948
2021-09-24T19,ERCO,SUN,5914
2021-09-24T20,ERCO,SUN,6045
2021-09-24T21,ERCO,SUN,6102
2021-09-24T22,ERCO,SUN,5640
2021-09-24T23,ERCO,SUN,4781
2021-09-25T00,ERCO,SUN,2764
2021-09-25T01,ERCO,SUN,254
2021-09-25T02,ERCO,SUN,0
2021-09-25T03,ERCO,SUN,0
2021-09-25T04,ERCO,SUN,0
2021-09-25T05,ERCO,SUN,0
2021-09-25T06,ERCO,SUN,0
2021-09-25T07,ERCO,SUN,0
2021-09-25T08,ERCO,SUN,0
2021-09-25T09,ERCO,SUN,0
2021-09-25T10,ERCO,SUN,0
2021-09-25T11,ERCO,SUN,0
2021-09-25T12,ERCO,SUN,0
2021-09-25T13,ERCO,SUN,83
2021-09-25T14,ERCO,SUN,2579
2021-09-25T15,ERCO,SUN,5846
2021-09-25T16,ERCO,SUN,6177
2021-09-25T17,ERCO,SUN,6329
2021-09-25T18,ERCO,SUN,6599
2021-09-25T19,ERCO,SUN,6683
2021-09-25T20,ERCO,SUN,6617
2021-09-25T21,ERCO,SUN,6356
2021-09-25T22,ERCO,SUN,5962
2021-09-25T23,ERCO,SUN,5107
2021-09-26T00,ERCO,SUN,2239
2021-09-26T01,ERCO,SUN,145
2021-09-26T02,ERCO,SUN,0
2021-09-26T03,ERCO,SUN,0
2021-09-26T04,ERCO,SUN,0
2021-09-26T05,ERCO,SUN,0
2021-09-26T06,ERCO,SUN,0
2021-09-26T07,ERCO,SUN,0
2021-09-26T08,ERCO,SUN,0
2021-09-26T09,ERCO,SUN,0
2021-09-26T10,ERCO,SUN,0
2021-09-26T11,ERCO,SUN,0
2021-09-26T12,ERCO,SUN,0
2021-09-26T13,ERCO,SUN,79
2021-09-26T14,ERCO,SUN,2409
2021-09-26T15,ERCO,SUN,5286
2021-09-26T16,ERCO,SUN,5809
2021-09-26T17,ERCO,SUN,6577
2021-09-26T18,ERCO,SUN,6542
2021-09-26T19,ERCO,SUN,6676
2021-09-26T20,ERCO,SUN,6486
2021-09-26T21,ERCO,SUN,6729
2021-09-26T22,ERCO,SUN,6510
2021-09-26T23,ERCO,SUN,5859
2021-09-27T00,ERCO,SUN,3129
2021-09-27T01,ERCO,SUN,217
2021-09-27T02,ERCO,SUN,0
2021-09-27T03,ERCO,SUN,0
2021-09-27T04,ERCO,SUN,0
2021-09-27T05,ERCO,SUN,0
2021-09-27T06,ERCO,SUN,0
2021-09-27T07,ERCO,SUN,0
2021-09-27T08,ERCO,SUN,0
2021-09-27T09,ERCO,SUN,0
2021-09-27T10,ERCO,SUN,0
2021-09-27T11,ERCO,SUN,0
2021-09-27T12,ERCO,SUN,0
2021-09-27T13,ERCO,SUN,53
2021-09-27T14,ERCO,SUN,1079
2021-09-27T15,ERCO,SUN,3501
2021-09-27T16,ERCO,SUN,5190
2021-09-27T17,ERCO,SUN,5378
2021-09-27T18,ERCO,SUN,5548
2021-09-27T19,ERCO,SUN,5783
2021-09-27T20,ERCO,SUN,5740
2021-09-27T21,ERCO,SUN,5378
2021-09-27T22,ERCO,SUN,4524
2021-09-27T23,ERCO,SUN,4064
2021-09-28T00,ERCO,SUN,1970
2021-09-28T01,ERCO,SUN,111
2021-09-28T02,ERCO,SUN,0
2021-09-28T03,ERCO,SUN,0
2021-09-28T04,ERCO,SUN,0
2021-09-28T05,ERCO,SUN,0
2021-09-28T06,ERCO,SUN,0
2021-09-28T07,ERCO,SUN,0
2021-09-28T08,ERCO,SUN,0
2021-09-28T09,ERCO,SUN,0
2021-09-28T10,ERCO,SUN,0
2021-09-28T11,ERCO,SUN,0
2021-09-28T12,ERCO,SUN,0
2021-09-28T13,ERCO,SUN,40
2021-09-28T14,ERCO,SUN,1607
2021-09-28T15,ERCO,SUN,4339
2021-09-28T16,ERCO,SUN,5250
2021-09-28T17,ERCO,SUN,4678
2021-09-28T18,ERCO,SUN,4717
2021-09-28T19,ERCO,SUN,4442
2021-09-28T20,ERCO,SUN,4449
2021-09-28T21,ERCO,SUN,4858
2021-09-28T22,ERCO,SUN,5306
2021-09-28T23,ERCO,SUN,4511
2021-09-29T00,ERCO,SUN,2354
2021-09-29T01,ERCO,SUN,165
2021-09-29T02,ERCO,SUN,0
2021-09-29T03,ERCO,SUN,0
2021-09-29T04,ERCO,SUN,0
2021-09-29T05,ERCO,SUN,0
2021-09-29T06,ERCO,SUN,0
2021-09-29T07,ERCO,SUN,0
2021-09-29T08,ERCO,SUN,0
2021-09-29T09,ERCO,SUN,0
2021-09-29T10,ERCO,SUN,0
2021-09-29T11,ERCO,SUN,0
2021-09-29T12,ERCO,SUN,0
2021-09-29T13,ERCO,SUN,20
2021-09-29T14,ERCO,SUN,1734
2021-09-29T15,ERCO,SUN,4716
2021-09-29T16,ERCO,SUN,5929
2021-09-29T17,ERCO,SUN,6365
2021-09-29T18,ERCO,SUN,6379
2021-09-29T19,ERCO,SUN,6322
2021-09-29T20,ERCO,SUN,6120
2021-09-29T21,ERCO,SUN,6073
2021-09-29T22,ERCO,SUN,5924
2021-09-29T23,ERCO,SUN,5427
2021-09-30T00,ERCO,SUN,2693
2021-09-30T01,ERCO,SUN,153
2021-09-30T02,ERCO,SUN,0
2021-09-30T03,ERCO,SUN,0
2021-09-30T04,ERCO,SUN,0
2021-09-30T05,ERCO,SUN,0
2021-09-30T06,ERCO,SUN,0
2021-09-30T07,ERCO,SUN,0
2021-09-30T08,ERCO,SUN,0
2021-09-30T09,ERCO,SUN,0
2021-09-30T10,ERCO,SUN,0
2021-09-30T11,ERCO,SUN,0
2021-09-30T12,ERCO,SUN,0
2021-09-30T13,ERCO,SUN,24
2021-09-30T14,ERCO,SUN,1178
2021-09-30T15,ERCO,SUN,3007
2021-09-30T16,ERCO,SUN,3317
2021-09-30T17,ERCO,SUN,4442
2021-09-30T18,ERCO,SUN,5387
2021-09-30T19,ERCO,SUN,5240
2021-09-30T20,ERCO,SUN,4847
2021-09-30T21,ERCO,SUN,3811
2021-09-30T22,ERCO,SUN,2939
2021-09-30T23,ERCO,SUN,1536
2021-10-01T00,ERCO,SUN,864
2021-10-01T01,ERCO,SUN,134
2021-10-01T02,ERCO,SUN,0
2021-10-01T03,ERCO,SUN,0
2021-10-01T04,ERCO,SUN,0
2021-10-01T05,ERCO,SUN,0
2021-10-01T06,ERCO,SUN,0
2021-10-01T07,ERCO,SUN,0
2021-10-01T08,ERCO,SUN,0
2021-10-01T09,ERCO,SUN,0
2021-10-01T10,ERCO,SUN,0
2021-10-01T11,ERCO,SUN,0
2021-10-01T12,ERCO,SUN,0
2021-10-01T13,ERCO,SUN,8
2021-10-01T14,ERCO,SUN,435
2021-10-01T15,ERCO,SUN,1611
2021-10-01T16,ERCO,SUN,2411
2021-10-01T17,ERCO,SUN,3364
2021-10-01T18,ERCO,SUN,3447
2021-10-01T19,ERCO,SUN,3005
2021-10-01T20,ERCO,SUN,2628
2021-10-01T21,ERCO,SUN,2146
2021-10-01T22,ERCO,SUN,2052
2021-10-01T23,ERCO,SUN,1988
2021-10-02T00,ERCO,SUN,990
2021-10-02T01,ERCO,SUN,54
2021-10-02T02,ERCO,SUN,0
2021-10-02T03,ERCO,SUN,0
2021-10-02T04,ERCO,SUN,0
2021-10-02T05,ERCO,SUN,0
2021-10-02T06,ERCO,SUN,0
2021-10-02T07,ERCO,SUN,0
2021-10-02T08,ERCO,SUN,0
2021-10-02T09,ERCO,SUN,0
2021-10-02T10,ERCO,SUN,0
2021-10-02T11,ERCO,SUN,0
2021-10-02T12,ERCO,SUN,0
2021-10-02T13,ERCO,SUN,13
2021-10-02T14,ERCO,SUN,1040
2021-10-02T15,ERCO,SUN,3090
2021-10-02T16,ERCO,SUN,3907
2021-10-02T17,ERCO,SUN,4935
2021-10-02T18,ERCO,SUN,5718
2021-10-02T19,ERCO,SUN,5783
2021-10-02T20,ERCO,SUN,5814
2021-10-02T21,ERCO,SUN,5912
2021-10-02T22,ERCO,SUN,5857
2021-10-02T23,ERCO,SUN,5169
2021-10-03T00,ERCO,SUN,2554
2021-10-03T01,ERCO,SUN,119
2021-10-03T02,ERCO,SUN,0
2021-10-03T03,ERCO,SUN,0
2021-10-03T04,ERCO,SUN,0
2021-10-03T05,ERCO,SUN,0
2021-10-03T06,ERCO,SUN,0
2021-10-03T07,ERCO,SUN,0
2021-10-03T08,ERCO,SUN,0
2021-10-03T09,ERCO,SUN,0
2021-10-03T10,ERCO,SUN,0
2021-10-03T11,ERCO,SUN,0
2021-10-03T12,ERCO,SUN,0
2021-10-03T13,ERCO,SUN,34
2021-10-03T14,ERCO,SUN,1645
2021-10-03T15,ERCO,SUN,4657
2021-10-03T16,ERCO,SUN,5832
2021-10-03T17,ERCO,SUN,6112
2021-10-03T18,ERCO,SUN,6112
2021-10-03T19,ERCO,SUN,5942
2021-10-03T20,ERCO,SUN,5926
2021-10-03T21,ERCO,SUN,5706
2021-10-03T22,ERCO,SUN,5526
2021-10-03T23,ERCO,SUN,4662
2021-10-04T00,ERCO,SUN,2274
2021-10-04T01,ERCO,SUN,97
2021-10-04T02,ERCO,SUN,0
2021-10-04T03,ERCO,SUN,0
2021-10-04T04,ERCO,SUN,0
2021-10-04T05,ERCO,SUN,0
2021-10-04T06,ERCO,SUN,0
2021-10-04T07,ERCO,SUN,0
2021-10-04T08,ERCO,SUN,0
2021-10-04T09,ERCO,SUN,0
2021-10-04T10,ERCO,SUN,0
2021-10-04T11,ERCO,SUN,0
2021-10-04T12,ERCO,SUN,0
2021-10-04T13,ERCO,SUN,37
2021-10-04T14,ERCO,SUN,2117
2021-10-04T15,ERCO,SUN,5785
2021-10-04T16,ERCO,SUN,6655
2021-10-04T17,ERCO,SUN,6743
2021-10-04T18,ERCO,SUN,6307
2021-10-04T19,ERCO,SUN,6322
2021-10-04T20,ERCO,SUN,6230
2021-10-04T21,ERCO,SUN,6143
2021-10-04T22,ERCO,SUN,5786
2021-10-04T23,ERCO,SUN,5005
2021-10-05T00,ERCO,SUN,2206
2021-10-05T01,ERCO,SUN,88
2021-10-05T02,ERCO,SUN,0
2021-10-05T03,ERCO,SUN,0
2021-10-05T04,ERCO,SUN,0
2021-10-05T05,ERCO,SUN,0
2021-10-05T06,ERCO,SUN,0
2021-10-05T07,ERCO,SUN,0
2021-10-05T08,ERCO,SUN,0
2021-10-05T09,ERCO,SUN,0
2021-10-05T10,ERCO,SUN,0
2021-10-05T11,ERCO,SUN,0
2021-10-05T12,ERCO,SUN,0
2021-10-05T13,ERCO,SUN,38
2021-10-05T14,ERCO,SUN,2013
2021-10-05T15,ERCO,SUN,5833
2021-10-05T16,ERCO,SUN,6738
2021-10-05T17,ERCO,SUN,6854
2021-10-05T18,ERCO,SUN,6731
2021-10-05T19,ERCO,SUN,6594
2021-10-05T20,ERCO,SUN,6306
2021-10-05T21,ERCO,SUN,6118
2021-10-05T22,ERCO,SUN,5801
2021-10-05T23,ERCO,SUN,4951
2021-10-06T00,ERCO,SUN,2145
2021-10-06T01,ERCO,SUN,74
2021-10-06T02,ERCO,SUN,0
2021-10-06T03,ERCO,SUN,0
2021-10-06T04,ERCO,SUN,0
2021-10-06T05,ERCO,SUN,0
2021-10-06T06,ERCO,SUN,0
2021-10-06T07,ERCO,SUN,0
2021-10-06T08,ERCO,SUN,0
2021-10-06T09,ERCO,SUN,0
2021-10-06T10,ERCO,SUN,0
2021-10-06T11,ERCO,SUN,0
2021-10-06T12,ERCO,SUN,0
2021-10-06T13,ERCO,SUN,34
2021-10-06T14,ERCO,SUN,1999
2021-10-06T15,ERCO,SUN,5721
2021-10-06T16,ERCO,SUN,6795
2021-10-06T17,ERCO,SUN,6847
2021-10-06T18,ERCO,SUN,6746
2021-10-06T19,ERCO,SUN,6574
2021-10-06T20,ERCO,SUN,6561
2021-10-06T21,ERCO,SUN,6392
2021-10-06T22,ERCO,SUN,6060
2021-10-06T23,ERCO,SUN,4996
2021-10-07T00,ERCO,SUN,1977
2021-10-07T01,ERCO,SUN,190
2021-10-07T02,ERCO,SUN,135
2021-10-07T03,ERCO,SUN,135
2021-10-07T04,ERCO,SUN,135
2021-10-07T05,ERCO,SUN,135
2021-10-07T06,ERCO,SUN,135
2021-10-07T07,ERCO,SUN,135
2021-10-07T08,ERCO,SUN,135
2021-10-07T09,ERCO,SUN,135
2021-10-07T10,ERCO,SUN,80
2021-10-07T11,ERCO,SUN,0
2021-10-07T12,ERCO,SUN,0
2021-10-07T13,ERCO,SUN,35
2021-10-07T14,ERCO,SUN,2024
2021-10-07T15,ERCO,SUN,5787
2021-10-07T16,ERCO,SUN,6791
2021-10-07T17,ERCO,SUN,6837
2021-10-07T18,ERCO,SUN,6708
2021-10-07T19,ERCO,SUN,6605
2021-10-07T20,ERCO,SUN,6532
2021-10-07T21,ERCO,SUN,6257
2021-10-07T22,ERCO,SUN,5877
2021-10-07T23,ERCO,SUN,5151
2021-10-08T00,ERCO,SUN,2230
2021-10-08T01,ERCO,SUN,36
2021-10-08T02,ERCO,SUN,0
2021-10-08T03,ERCO,SUN,0
2021-10-08T04,ERCO,SUN,0
2021-10-08T05,ERCO,SUN,0
2021-10-08T06,ERCO,SUN,0
2021-10-08T07,ERCO,SUN,0
2021-10-08T08,ERCO,SUN,0
2021-10-08T09,ERCO,SUN,0
2021-10-08T10,ERCO,SUN,0
2021-10-08T11,ERCO,SUN,0
2021-10-08T12,ERCO,SUN,0
2021-10-08T13,ERCO,SUN,35
2021-10-08T14,ERCO,SUN,1751
2021-10-08T15,ERCO,SUN,4240
2021-10-08T16,ERCO,SUN,4501
2021-10-08T17,ERCO,SUN,5338
2021-10-08T18,ERCO,SUN,5930
2021-10-08T19,ERCO,SUN,5777
2021-10-08T20,ERCO,SUN,5123
2021-10-08T21,ERCO,SUN,5783
2021-10-08T22,ERCO,SUN,5240
2021-10-08T23,ERCO,SUN,4218
2021-10-09T00,ERCO,SUN,2002
2021-10-09T01,ERCO,SUN,63
2021-10-09T02,ERCO,SUN,0
2021-10-09T03,ERCO,SUN,0
2021-10-09T04,ERCO,SUN,0
2021-10-09T05,ERCO,SUN,0
2021-10-09T06,ERCO,SUN,0
2021-10-09T07,ERCO,SUN,0
2021-10-09T08,ERCO,SUN,0
2021-10-09T09,ERCO,SUN,0
2021-10-09T10,ERCO,SUN,0
2021-10-09T11,ERCO,SUN,0
2021-10-09T12,ERCO,SUN,0
2021-10-09T13,ERCO,SUN,24
2021-10-09T14,ERCO,SUN,1037
2021-10-09T15,ERCO,SUN,3454
2021-10-09T16,ERCO,SUN,4625
2021-10-09T17,ERCO,SUN,5697
2021-10-09T18,ERCO,SUN,6021
2021-10-09T19,ERCO,SUN,5533
2021-10-09T20,ERCO,SUN,5077
2021-10-09T21,ERCO,SUN,5147
2021-10-09T22,ERCO,SUN,5157
2021-10-09T23,ERCO,SUN,4328
2021-10-10T00,ERCO,SUN,2038
2021-10-10T01,ERCO,SUN,47
2021-10-10T02,ERCO,SUN,0
2021-10-10T03,ERCO,SUN,0
2021-10-10T04,ERCO,SUN,0
2021-10-10T05,ERCO,SUN,0
2021-10-10T06,ERCO,SUN,0
2021-10-10T07,ERCO,SUN,0
2021-10-10T08,ERCO,SUN,0
2021-10-10T09,ERCO,SUN,0
2021-10-10T10,ERCO,SUN,0
2021-10-10T11,ERCO,SUN,0
2021-10-10T12,ERCO,SUN,0
2021-10-10T13,ERCO,SUN,9
2021-10-10T14,ERCO,SUN,1182
2021-10-10T15,ERCO,SUN,3110
2021-10-10T16,ERCO,SUN,3397
2021-10-10T17,ERCO,SUN,4092
2021-10-10T18,ERCO,SUN,4613
2021-10-10T19,ERCO,SUN,4990
2021-10-10T20,ERCO,SUN,4436
2021-10-10T21,ERCO,SUN,3680
2021-10-10T22,ERCO,SUN,3116
2021-10-10T23,ERCO,SUN,2099
2021-10-11T00,ERCO,SUN,714
2021-10-11T01,ERCO,SUN,32
2021-10-11T02,ERCO,SUN,0
2021-10-11T03,ERCO,SUN,0
2021-10-11T04,ERCO,SUN,0
2021-10-11T05,ERCO,SUN,0
2021-10-11T06,ERCO,SUN,0
2021-10-11T07,ERCO,SUN,0
2021-10-11T08,ERCO,SUN,0
2021-10-11T09,ERCO,SUN,0
2021-10-11T10,ERCO,SUN,0
2021-10-11T11,ERCO,SUN,0
2021-10-11T12,ERCO,SUN,0
2021-10-11T13,ERCO,SUN,17
2021-10-11T14,ERCO,SUN,1919
2021-10-11T15,ERCO,SUN,5727
2021-10-11T16,ERCO,SUN,6541
2021-10-11T17,ERCO,SUN,6567
2021-10-11T18,ERCO,SUN,6458
2021-10-11T19,ERCO,SUN,6461
2021-10-11T20,ERCO,SUN,6403
2021-10-11T21,ERCO,SUN,6392
2021-10-11T22,ERCO,SUN,6327
2021-10-11T23,ERCO,SUN,5556
2021-10-12T00,ERCO,SUN,2212
2021-10-12T01,ERCO,SUN,35
2021-10-12T02,ERCO,SUN,0
2021-10-12T03,ERCO,SUN,0
2021-10-12T04,ERCO,SUN,0
2021-10-12T05,ERCO,SUN,0
2021-10-12T06,ERCO,SUN,0
2021-10-12T07,ERCO,SUN,0
2021-10-12T08,ERCO,SUN,0
2021-10-12T09,ERCO,SUN,0
2021-10-12T10,ERCO,SUN,0
2021-10-12T11,ERCO,SUN,0
2021-10-12T12,ERCO,SUN,0
2021-10-12T13,ERCO,SUN,11
2021-10-12T14,ERCO,SUN,583
2021-10-12T15,ERCO,SUN,1796
2021-10-12T16,ERCO,SUN,1864
2021-10-12T17,ERCO,SUN,2078
2021-10-12T18,ERCO,SUN,2285
2021-10-12T19,ERCO,SUN,2205
2021-10-12T20,ERCO,SUN,1789
2021-10-12T21,ERCO,SUN,1523
2021-10-12T22,ERCO,SUN,1339
2021-10-12T23,ERCO,SUN,1024
2021-10-13T00,ERCO,SUN,417
2021-10-13T01,ERCO,SUN,14
2021-10-13T02,ERCO,SUN,0
2021-10-13T03,ERCO,SUN,0
2021-10-13T04,ERCO,SUN,0
2021-10-13T05,ERCO,SUN,0
2021-10-13T06,ERCO,SUN,0
2021-10-13T07,ERCO,SUN,0
2021-10-13T08,ERCO,SUN,0
2021-10-13T09,ERCO,SUN,0
2021-10-13T10,ERCO,SUN,0
2021-10-13T11,ERCO,SUN,0
2021-10-13T12,ERCO,SUN,0
2021-10-13T13,ERCO,SUN,9
2021-10-13T14,ERCO,SUN,503
2021-10-13T15,ERCO,SUN,1660
2021-10-13T16,ERCO,SUN,2261
2021-10-13T17,ERCO,SUN,2752
2021-10-13T18,ERCO,SUN,3108
2021-10-13T19,ERCO,SUN,3047
2021-10-13T20,ERCO,SUN,2481
2021-10-13T21,ERCO,SUN,2239
2021-10-13T22,ERCO,SUN,1668
2021-10-13T23,ERCO,SUN,2341
2021-10-14T00,ERCO,SUN,1337
2021-10-14T01,ERCO,SUN,24
2021-10-14T02,ERCO,SUN,0
2021-10-14T03,ERCO,SUN,0
2021-10-14T04,ERCO,SUN,0
2021-10-14T05,ERCO,SUN,0
2021-10-14T06,ERCO,SUN,0
2021-10-14T07,ERCO,SUN,0
2021-10-14T08,ERCO,SUN,0
2021-10-14T09,ERCO,SUN,0
2021-10-14T10,ERCO,SUN,0
2021-10-14T11,ERCO,SUN,0
2021-10-14T12,ERCO,SUN,0
2021-10-14T13,ERCO,SUN,2
2021-10-14T14,ERCO,SUN,962
2021-10-14T15,ERCO,SUN,3912
2021-10-14T16,ERCO,SUN,5010
2021-10-14T17,ERCO,SUN,5326
2021-10-14T18,ERCO,SUN,5750
2021-10-14T19,ERCO,SUN,5843
2021-10-14T20,ERCO,SUN,6007
2021-10-14T21,ERCO,SUN,5917
2021-10-14T22,ERCO,SUN,5897
2021-10-14T23,ERCO,SUN,5330
2021-10-15T00,ERCO,SUN,1946
2021-10-15T01,ERCO,SUN,21
2021-10-15T02,ERCO,SUN,0
2021-10-15T03,ERCO,SUN,0
2021-10-15T04,ERCO,SUN,0
2021-10-15T05,ERCO,SUN,0
2021-10-15T06,ERCO,SUN,0
2021-10-15T07,ERCO,SUN,0
2021-10-15T08,ERCO,SUN,0
2021-10-15T09,ERCO,SUN,0
2021-10-15T10,ERCO,SUN,0
2021-10-15T11,ERCO,SUN,0
2021-10-15T12,ERCO,SUN,0
2021-10-15T13,ERCO,SUN,7
2021-10-15T14,ERCO,SUN,1367
2021-10-15T15,ERCO,SUN,3729
2021-10-15T16,ERCO,SUN,4034
2021-10-15T17,ERCO,SUN,4219
2021-10-15T18,ERCO,SUN,3584
2021-10-15T19,ERCO,SUN,3620
2021-10-15T20,ERCO,SUN,3996
2021-10-15T21,ERCO,SUN,4285
2021-10-15T22,ERCO,SUN,4761
2021-10-15T23,ERCO,SUN,4771
2021-10-16T00,ERCO,SUN,1916
2021-10-16T01,ERCO,SUN,19
2021-10-16T02,ERCO,SUN,0
2021-10-16T03,ERCO,SUN,0
2021-10-16T04,ERCO,SUN,0
2021-10-16T05,ERCO,SUN,0
2021-10-16T06,ERCO,SUN,0
2021-10-16T07,ERCO,SUN,0
2021-10-16T08,ERCO,SUN,0
2021-10-16T09,ERCO,SUN,0
2021-10-16T10,ERCO,SUN,0
2021-10-16T11,ERCO,SUN,0
2021-10-16T12,ERCO,SUN,0
2021-10-16T13,ERCO,SUN,18
2021-10-16T14,ERCO,SUN,1769
2021-10-16T15,ERCO,SUN,5798
2021-10-16T16,ERCO,SUN,6750
2021-10-16T17,ERCO,SUN,6950
2021-10-16T18,ERCO,SUN,6847
2021-10-16T19,ERCO,SUN,6761
2021-10-16T20,ERCO,SUN,6870
2021-10-16T21,ERCO,SUN,6988
2021-10-16T22,ERCO,SUN,6881
2021-10-16T23,ERCO,SUN,5598
2021-10-17T00,ERCO,SUN,1567
2021-10-17T01,ERCO,SUN,11
2021-10-17T02,ERCO,SUN,0
2021-10-17T03,ERCO,SUN,0
2021-10-17T04,ERCO,SUN,0
2021-10-17T05,ERCO,SUN,0
2021-10-17T06,ERCO,SUN,0
2021-10-17T07,ERCO,SUN,0
2021-10-17T08,ERCO,SUN,0
2021-10-17T09,ERCO,SUN,0
2021-10-17T10,ERCO,SUN,0
2021-10-17T11,ERCO,SUN,0
2021-10-17T12,ERCO,SUN,0
2021-10-17T13,ERCO,SUN,21
2021-10-17T14,ERCO,SUN,1186
2021-10-17T15,ERCO,SUN,3663
2021-10-17T16,ERCO,SUN,4917
2021-10-17T17,ERCO,SUN,5877
2021-10-17T18,ERCO,SUN,6007
2021-10-17T19,ERCO,SUN,6038
2021-10-17T20,ERCO,SUN,6290
2021-10-17T21,ERCO,SUN,6236
2021-10-17T22,ERCO,SUN,6023
2021-10-17T23,ERCO,SUN,4947
2021-10-18T00,ERCO,SUN,1699
2021-10-18T01,ERCO,SUN,12
2021-10-18T02,ERCO,SUN,0
2021-10-18T03,ERCO,SUN,0
2021-10-18T04,ERCO,SUN,0
2021-10-18T05,ERCO,SUN,0
2021-10-18T06,ERCO,SUN,0
2021-10-18T07,ERCO,SUN,0
2021-10-18T08,ERCO,SUN,0
2021-10-18T09,ERCO,SUN,0
2021-10-18T10,ERCO,SUN,0
2021-10-18T11,ERCO,SUN,0
2021-10-18T12,ERCO,SUN,0
2021-10-18T13,ERCO,SUN,16
2021-10-18T14,ERCO,SUN,1214
2021-10-18T15,ERCO,SUN,3491
2021-10-18T16,ERCO,SUN,4321
2021-10-18T17,ERCO,SUN,4801
2021-10-18T18,ERCO,SUN,5064
2021-10-18T19,ERCO,SUN,4544
2021-10-18T20,ERCO,SUN,3477
2021-10-18T21,ERCO,SUN,2797
2021-10-18T22,ERCO,SUN,2554
2021-10-18T23,ERCO,SUN,1900
2021-10-19T00,ERCO,SUN,791
2021-10-19T01,ERCO,SUN,10
2021-10-19T02,ERCO,SUN,0
2021-10-19T03,ERCO,SUN,0
2021-10-19T04,ERCO,SUN,0
2021-10-19T05,ERCO,SUN,0
2021-10-19T06,ERCO,SUN,0
2021-10-19T07,ERCO,SUN,0
2021-10-19T08,ERCO,SUN,0
2021-10-19T09,ERCO,SUN,0
2021-10-19T10,ERCO,SUN,0
2021-10-19T11,ERCO,SUN,0
2021-10-19T12,ERCO,SUN,0
2021-10-19T13,ERCO,SUN,6
2021-10-19T14,ERCO,SUN,956
2021-10-19T15,ERCO,SUN,3115
2021-10-19T16,ERCO,SUN,3257
2021-10-19T17,ERCO,SUN,4025
2021-10-19T18,ERCO,SUN,4709
2021-10-19T19,ERCO,SUN,4988
2021-10-19T20,ERCO,SUN,5014
2021-10-19T21,ERCO,SUN,4487
2021-10-19T22,ERCO,SUN,3645
2021-10-19T23,ERCO,SUN,2549
2021-10-20T00,ERCO,SUN,1063
2021-10-20T01,ERCO,SUN,10
2021-10-20T02,ERCO,SUN,0
2021-10-20T03,ERCO,SUN,0
2021-10-20T04,ERCO,SUN,0
2021-10-20T05,ERCO,SUN,0
2021-10-20T06,ERCO,SUN,0
2021-10-20T07,ERCO,SUN,0
2021-10-20T08,ERCO,SUN,0
2021-10-20T09,ERCO,SUN,0
2021-10-20T10,ERCO,SUN,0
2021-10-20T11,ERCO,SUN,0
2021-10-20T12,ERCO,SUN,0
2021-10-20T13,ERCO,SUN,7
2021-10-20T14,ERCO,SUN,1093
2021-10-20T15,ERCO,SUN,4544
2021-10-20T16,ERCO,SUN,5646
2021-10-20T17,ERCO,SUN,5787
2021-10-20T18,ERCO,SUN,5822
2021-10-20T19,ERCO,SUN,5824
2021-10-20T20,ERCO,SUN,5884
2021-10-20T21,ERCO,SUN,5892
2021-10-20T22,ERCO,SUN,5789
2021-10-20T23,ERCO,SUN,4748
2021-10-21T00,ERCO,SUN,1404
2021-10-21T01,ERCO,SUN,4
2021-10-21T02,ERCO,SUN,3
2021-10-21T03,ERCO,SUN,1
2021-10-21T04,ERCO,SUN,0
2021-10-21T05,ERCO,SUN,0
2021-10-21T06,ERCO,SUN,0
2021-10-21T07,ERCO,SUN,0
2021-10-21T08,ERCO,SUN,0
2021-10-21T09,ERCO,SUN,0
2021-10-21T10,ERCO,SUN,0
2021-10-21T11,ERCO,SUN,0
2021-10-21T12,ERCO,SUN,0
2021-10-21T13,ERCO,SUN,7
2021-10-21T14,ERCO,SUN,521
2021-10-21T15,ERCO,SUN,1687
2021-10-21T16,ERCO,SUN,2590
2021-10-21T17,ERCO,SUN,3407
2021-10-21T18,ERCO,SUN,4412
2021-10-21T19,ERCO,SUN,4707
2021-10-21T20,ERCO,SUN,5248
2021-10-21T21,ERCO,SUN,5741
2021-10-21T22,ERCO,SUN,5570
2021-10-21T23,ERCO,SUN,4362
2021-10-22T00,ERCO,SUN,1039
2021-10-22T01,ERCO,SUN,2
2021-10-22T02,ERCO,SUN,0
2021-10-22T03,ERCO,SUN,0
2021-10-22T04,ERCO,SUN,0
2021-10-22T05,ERCO,SUN,0
2021-10-22T06,ERCO,SUN,0
2021-10-22T07,ERCO,SUN,0
2021-10-22T08,ERCO,SUN,0
2021-10-22T09,ERCO,SUN,0
2021-10-22T10,ERCO,SUN,0
2021-10-22T11,ERCO,SUN,0
2021-10-22T12,ERCO,SUN,0
2021-10-22T13,ERCO,SUN,6
2021-10-22T14,ERCO,SUN,719
2021-10-22T15,ERCO,SUN,3373
2021-10-22T16,ERCO,SUN,4874
2021-10-22T17,ERCO,SUN,5658
2021-10-22T18,ERCO,SUN,5938
2021-10-22T19,ERCO,SUN,5848
2021-10-22T20,ERCO,SUN,5871
2021-10-22T21,ERCO,SUN,6048
2021-10-22T22,ERCO,SUN,5942
2021-10-22T23,ERCO,SUN,4659
2021-10-23T00,ERCO,SUN,1211
2021-10-23T01,ERCO,SUN,1
2021-10-23T02,ERCO,SUN,0
2021-10-23T03,ERCO,SUN,0
2021-10-23T04,ERCO,SUN,0
2021-10-23T05,ERCO,SUN,0
2021-10-23T06,ERCO,SUN,0
2021-10-23T07,ERCO,SUN,0
2021-10-23T08,ERCO,SUN,0
2021-10-23T09,ERCO,SUN,0
2021-10-23T10,ERCO,SUN,0
2021-10-23T11,ERCO,SUN,0
2021-10-23T12,ERCO,SUN,0
2021-10-23T13,ERCO,SUN,3
2021-10-23T14,ERCO,SUN,861
2021-10-23T15,ERCO,SUN,3322
2021-10-23T16,ERCO,SUN,3405
2021-10-23T17,ERCO,SUN,3715
2021-10-23T18,ERCO,SUN,4498
2021-10-23T19,ERCO,SUN,4528
2021-10-23T20,ERCO,SUN,3943
2021-10-23T21,ERCO,SUN,3230
2021-10-23T22,ERCO,SUN,2642
2021-10-23T23,ERCO,SUN,1568
2021-10-24T00,ERCO,SUN,592
2021-10-24T01,ERCO,SUN,3
2021-10-24T02,ERCO,SUN,0
2021-10-24T03,ERCO,SUN,0
2021-10-24T04,ERCO,SUN,0
2021-10-24T05,ERCO,SUN,0
2021-10-24T06,ERCO,SUN,0
2021-10-24T07,ERCO,SUN,0
2021-10-24T08,ERCO,SUN,0
2021-10-24T09,ERCO,SUN,0
2021-10-24T10,ERCO,SUN,0
2021-10-24T11,ERCO,SUN,0
2021-10-24T12,ERCO,SUN,0
2021-10-24T13,ERCO,SUN,2
2021-10-24T14,ERCO,SUN,960
2021-10-24T15,ERCO,SUN,4549
2021-10-24T16,ERCO,SUN,5887
2021-10-24T17,ERCO,SUN,6064
2021-10-24T18,ERCO,SUN,6086
2021-10-24T19,ERCO,SUN,6104
2021-10-24T20,ERCO,SUN,6130
2021-10-24T21,ERCO,SUN,6271
2021-10-24T22,ERCO,SUN,6212
2021-10-24T23,ERCO,SUN,4994
2021-10-25T00,ERCO,SUN,1280
2021-10-25T01,ERCO,SUN,1
2021-10-25T02,ERCO,SUN,0
2021-10-25T03,ERCO,SUN,0
2021-10-25T04,ERCO,SUN,0
2021-10-25T05,ERCO,SUN,0
2021-10-25T06,ERCO,SUN,0
2021-10-25T07,ERCO,SUN,0
2021-10-25T08,ERCO,SUN,0
2021-10-25T09,ERCO,SUN,0
2021-10-25T10,ERCO,SUN,0
2021-10-25T11,ERCO,SUN,0
2021-10-25T12,ERCO,SUN,0
2021-10-25T13,ERCO,SUN,5
2021-10-25T14,ERCO,SUN,1178
2021-10-25T15,ERCO,SUN,4861
2021-10-25T16,ERCO,SUN,6002
2021-10-25T17,ERCO,SUN,6135
2021-10-25T18,ERCO,SUN,6041
2021-10-25T19,ERCO,SUN,6008
2021-10-25T20,ERCO,SUN,6090
2021-10-25T21,ERCO,SUN,6271
2021-10-25T22,ERCO,SUN,6170
2021-10-25T23,ERCO,SUN,4833
2021-10-26T00,ERCO,SUN,1171
2021-10-26T01,ERCO,SUN,1
2021-10-26T02,ERCO,SUN,0
2021-10-26T03,ERCO,SUN,0
2021-10-26T04,ERCO,SUN,0
2021-10-26T05,ERCO,SUN,0
2021-10-26T06,ERCO,SUN,0
2021-10-26T07,ERCO,SUN,0
2021-10-26T08,ERCO,SUN,0
2021-10-26T09,ERCO,SUN,0
2021-10-26T10,ERCO,SUN,0
2021-10-26T11,ERCO,SUN,0
2021-10-26T12,ERCO,SUN,0
2021-10-26T13,ERCO,SUN,2
2021-10-26T14,ERCO,SUN,525
2021-10-26T15,ERCO,SUN,1991
2021-10-26T16,ERCO,SUN,2132
2021-10-26T17,ERCO,SUN,2236
2021-10-26T18,ERCO,SUN,2311
2021-10-26T19,ERCO,SUN,2166
2021-10-26T20,ERCO,SUN,2259
2021-10-26T21,ERCO,SUN,2130
2021-10-26T22,ERCO,SUN,1968
2021-10-26T23,ERCO,SUN,1525
2021-10-27T00,ERCO,SUN,397
2021-10-27T01,ERCO,SUN,1
2021-10-27T02,ERCO,SUN,0
2021-10-27T03,ERCO,SUN,0
2021-10-27T04,ERCO,SUN,0
2021-10-27T05,ERCO,SUN,0
2021-10-27T06,ERCO,SUN,0
2021-10-27T07,ERCO,SUN,0
2021-10-27T08,ERCO,SUN,0
2021-10-27T09,ERCO,SUN,0
2021-10-27T10,ERCO,SUN,0
2021-10-27T11,ERCO,SUN,0
2021-10-27T12,ERCO,SUN,0
2021-10-27T13,ERCO,SUN,1
2021-10-27T14,ERCO,SUN,487
2021-10-27T15,ERCO,SUN,1497
2021-10-27T16,ERCO,SUN,1605
2021-10-27T17,ERCO,SUN,1988
2021-10-27T18,ERCO,SUN,2500
2021-10-27T19,ERCO,SUN,2682
2021-10-27T20,ERCO,SUN,2602
2021-10-27T21,ERCO,SUN,2600
2021-10-27T22,ERCO,SUN,2470
2021-10-27T23,ERCO,SUN,1621
2021-10-28T00,ERCO,SUN,516
2021-10-28T01,ERCO,SUN,1
2021-10-28T02,ERCO,SUN,0
2021-10-28T03,ERCO,SUN,0
2021-10-28T04,ERCO,SUN,0
2021-10-28T05,ERCO,SUN,0
2021-10-28T06,ERCO,SUN,0
2021-10-28T07,ERCO,SUN,0
2021-10-28T08,ERCO,SUN,0
2021-10-28T09,ERCO,SUN,0
2021-10-28T10,ERCO,SUN,0
2021-10-28T11,ERCO,SUN,0
2021-10-28T12,ERCO,SUN,0
2021-10-28T13,ERCO,SUN,6
2021-10-28T14,ERCO,SUN,962
2021-10-28T15,ERCO,SUN,3297
2021-10-28T16,ERCO,SUN,3579
2021-10-28T17,ERCO,SUN,3189
2021-10-28T18,ERCO,SUN,3199
2021-10-28T19,ERCO,SUN,3193
2021-10-28T20,ERCO,SUN,3287
2021-10-28T21,ERCO,SUN,3446
2021-10-28T22,ERCO,SUN,3293
2021-10-28T23,ERCO,SUN,2653
2021-10-29T00,ERCO,SUN,979
2021-10-29T01,ERCO,SUN,1
2021-10-29T02,ERCO,SUN,0
2021-10-29T03,ERCO,SUN,0
2021-10-29T04,ERCO,SUN,0
2021-10-29T05,ERCO,SUN,0
2021-10-29T06,ERCO,SUN,0
2021-10-29T07,ERCO,SUN,0
2021-10-29T08,ERCO,SUN,0
2021-10-29T09,ERCO,SUN,0
2021-10-29T10,ERCO,SUN,0
2021-10-29T11,ERCO,SUN,0
2021-10-29T12,ERCO,SUN,0
2021-10-29T13,ERCO,SUN,7
2021-10-29T14,ERCO,SUN,1339
2021-10-29T15,ERCO,SUN,5547
2021-10-29T16,ERCO,SUN,6644
2021-10-29T17,ERCO,SUN,6557
2021-10-29T18,ERCO,SUN,6514
2021-10-29T19,ERCO,SUN,6200
2021-10-29T20,ERCO,SUN,5850
2021-10-29T21,ERCO,SUN,5734
2021-10-29T22,ERCO,SUN,6294
2021-10-29T23,ERCO,SUN,5065
2021-10-30T00,ERCO,SUN,1109
2021-10-30T01,ERCO,SUN,0
2021-10-30T02,ERCO,SUN,0
2021-10-30T03,ERCO,SUN,0
2021-10-30T04,ERCO,SUN,0
2021-10-30T05,ERCO,SUN,0
2021-10-30T06,ERCO,SUN,0
2021-10-30T07,ERCO,SUN,0
2021-10-30T08,ERCO,SUN,0
2021-10-30T09,ERCO,SUN,0
2021-10-30T10,ERCO,SUN,0
2021-10-30T11,ERCO,SUN,0
2021-10-30T12,ERCO,SUN,0
2021-10-30T13,ERCO,SUN,7
2021-10-30T14,ERCO,SUN,1306
2021-10-30T15,ERCO,SUN,5630
2021-10-30T16,ERCO,SUN,6986
2021-10-30T17,ERCO,SUN,6857
2021-10-30T18,ERCO,SUN,6647
2021-10-30T19,ERCO,SUN,6534
2021-10-30T20,ERCO,SUN,6607
2021-10-30T21,ERCO,SUN,6758
2021-10-30T22,ERCO,SUN,6689
2021-10-30T23,ERCO,SUN,5090
2021-10-31T00,ERCO,SUN,1047
2021-10-31T01,ERCO,SUN,0
2021-10-31T02,ERCO,SUN,0
2021-10-31T03,ERCO,SUN,0
2021-10-31T04,ERCO,SUN,0
2021-10-31T05,ERCO,SUN,0
2021-10-31T06,ERCO,SUN,0
2021-10-31T07,ERCO,SUN,0
2021-10-31T08,ERCO,SUN,0
2021-10-31T09,ERCO,SUN,0
2021-10-31T10,ERCO,SUN,0
2021-10-31T11,ERCO,SUN,0
2021-10-31T12,ERCO,SUN,0
2021-10-31T13,ERCO,SUN,5
2021-10-31T14,ERCO,SUN,1130
2021-10-31T15,ERCO,SUN,5040
2021-10-31T16,ERCO,SUN,5745
2021-10-31T17,ERCO,SUN,6084
2021-10-31T18,ERCO,SUN,6438
2021-10-31T19,ERCO,SUN,6488
2021-10-31T20,ERCO,SUN,6582
2021-10-31T21,ERCO,SUN,6699
2021-10-31T22,ERCO,SUN,6517
2021-10-31T23,ERCO,SUN,4436
2021-11-01T00,ERCO,SUN,709
2021-11-01T01,ERCO,SUN,1
2021-11-01T02,ERCO,SUN,0
2021-11-01T03,ERCO,SUN,0
2021-11-01T04,ERCO,SUN,0
2021-11-01T05,ERCO,SUN,0
2021-11-01T06,ERCO,SUN,0
2021-11-01T07,ERCO,SUN,0
2021-11-01T08,ERCO,SUN,0
2021-11-01T09,ERCO,SUN,0
2021-11-01T10,ERCO,SUN,0
2021-11-01T11,ERCO,SUN,0
2021-11-01T12,ERCO,SUN,0
2021-11-01T13,ERCO,SUN,4
2021-11-01T14,ERCO,SUN,680
2021-11-01T15,ERCO,SUN,2989
2021-11-01T16,ERCO,SUN,4061
2021-11-01T17,ERCO,SUN,4404
2021-11-01T18,ERCO,SUN,4496
2021-11-01T19,ERCO,SUN,5155
2021-11-01T20,ERCO,SUN,5751
2021-11-01T21,ERCO,SUN,5772
2021-11-01T22,ERCO,SUN,5394
2021-11-01T23,ERCO,SUN,3264
2021-11-02T00,ERCO,SUN,422
2021-11-02T01,ERCO,SUN,1
2021-11-02T02,ERCO,SUN,0
2021-11-02T03,ERCO,SUN,0
2021-11-02T04,ERCO,SUN,0
2021-11-02T05,ERCO,SUN,0
2021-11-02T06,ERCO,SUN,0
2021-11-02T07,ERCO,SUN,0
2021-11-02T08,ERCO,SUN,0
2021-11-02T09,ERCO,SUN,0
2021-11-02T10,ERCO,SUN,0
2021-11-02T11,ERCO,SUN,0
2021-11-02T12,ERCO,SUN,0
2021-11-02T13,ERCO,SUN,2
2021-11-02T14,ERCO,SUN,220
2021-11-02T15,ERCO,SUN,787
2021-11-02T16,ERCO,SUN,1149
2021-11-02T17,ERCO,SUN,1466
2021-11-02T18,ERCO,SUN,1757
2021-11-02T19,ERCO,SUN,1959
2021-11-02T20,ERCO,SUN,1723
2021-11-02T21,ERCO,SUN,1551
2021-11-02T22,ERCO,SUN,1209
2021-11-02T23,ERCO,SUN,715
2021-11-03T00,ERCO,SUN,130
2021-11-03T01,ERCO,SUN,0
2021-11-03T02,ERCO,SUN,0
2021-11-03T03,ERCO,SUN,0
2021-11-03T04,ERCO,SUN,0
2021-11-03T05,ERCO,SUN,0
2021-11-03T06,ERCO,SUN,0
2021-11-03T07,ERCO,SUN,0
2021-11-03T08,ERCO,SUN,0
2021-11-03T09,ERCO,SUN,0
2021-11-03T10,ERCO,SUN,0
2021-11-03T11,ERCO,SUN,0
2021-11-03T12,ERCO,SUN,0
2021-11-03T13,ERCO,SUN,3
2021-11-03T14,ERCO,SUN,82
2021-11-03T15,ERCO,SUN,403
2021-11-03T16,ERCO,SUN,664
2021-11-03T17,ERCO,SUN,880
2021-11-03T18,ERCO,SUN,1160
2021-11-03T19,ERCO,SUN,1267
2021-11-03T20,ERCO,SUN,1085
2021-11-03T21,ERCO,SUN,1004
2021-11-03T22,ERCO,SUN,750
2021-11-03T23,ERCO,SUN,335
2021-11-04T00,ERCO,SUN,34
2021-11-04T01,ERCO,SUN,0
2021-11-04T02,ERCO,SUN,0
2021-11-04T03,ERCO,SUN,0
2021-11-04T04,ERCO,SUN,0
2021-11-04T05,ERCO,SUN,0
2021-11-04T06,ERCO,SUN,0
2021-11-04T07,ERCO,SUN,0
2021-11-04T08,ERCO,SUN,0
2021-11-04T09,ERCO,SUN,0
2021-11-04T10,ERCO,SUN,0
2021-11-04T11,ERCO,SUN,0
2021-11-04T12,ERCO,SUN,0
2021-11-04T13,ERCO,SUN,0
2021-11-04T14,ERCO,SUN,161
2021-11-04T15,ERCO,SUN,974
2021-11-04T16,ERCO,SUN,1813
2021-11-04T17,ERCO,SUN,2434
2021-11-04T18,ERCO,SUN,3031
2021-11-04T19,ERCO,SUN,3577
2021-11-04T20,ERCO,SUN,3869
2021-11-04T21,ERCO,SUN,4214
2021-11-04T22,ERCO,SUN,4615
2021-11-04T23,ERCO,SUN,3634
2021-11-05T00,ERCO,SUN,683
2021-11-05T01,ERCO,SUN,0
2021-11-05T02,ERCO,SUN,0
2021-11-05T03,ERCO,SUN,0
2021-11-05T04,ERCO,SUN,0
2021-11-05T05,ERCO,SUN,0
2021-11-05T06,ERCO,SUN,0
2021-11-05T07,ERCO,SUN,0
2021-11-05T08,ERCO,SUN,0
2021-11-05T09,ERCO,SUN,0
2021-11-05T10,ERCO,SUN,0
2021-11-05T11,ERCO,SUN,0
2021-11-05T12,ERCO,SUN,0
2021-11-05T13,ERCO,SUN,2
2021-11-05T14,ERCO,SUN,548
2021-11-05T15,ERCO,SUN,3149
2021-11-05T16,ERCO,SUN,5028
2021-11-05T17,ERCO,SUN,5945
2021-11-05T18,ERCO,SUN,6070
2021-11-05T19,ERCO,SUN,6149
2021-11-05T20,ERCO,SUN,6262
2021-11-05T21,ERCO,SUN,6470
2021-11-05T22,ERCO,SUN,6348
2021-11-05T23,ERCO,SUN,4742
2021-11-06T00,ERCO,SUN,809
2021-11-06T01,ERCO,SUN,0
2021-11-06T02,ERCO,SUN,0
2021-11-06T03,ERCO,SUN,0
2021-11-06T04,ERCO,SUN,0
2021-11-06T05,ERCO,SUN,0
2021-11-06T06,ERCO,SUN,0
2021-11-06T07,ERCO,SUN,0
2021-11-06T08,ERCO,SUN,0
2021-11-06T09,ERCO,SUN,0
2021-11-06T10,ERCO,SUN,0
2021-11-06T11,ERCO,SUN,0
2021-11-06T12,ERCO,SUN,0
2021-11-06T13,ERCO,SUN,2
2021-11-06T14,ERCO,SUN,751
2021-11-06T15,ERCO,SUN,3929
2021-11-06T16,ERCO,SUN,5685
2021-11-06T17,ERCO,SUN,6493
2021-11-06T18,ERCO,SUN,6480
2021-11-06T19,ERCO,SUN,6249
2021-11-06T20,ERCO,SUN,6321
2021-11-06T21,ERCO,SUN,6342
2021-11-06T22,ERCO,SUN,6461
2021-11-06T23,ERCO,SUN,4445
2021-11-07T00,ERCO,SUN,752
2021-11-07T01,ERCO,SUN,0
2021-11-07T02,ERCO,SUN,0
2021-11-07T03,ERCO,SUN,0
2021-11-07T04,ERCO,SUN,0
2021-11-07T05,ERCO,SUN,0
2021-11-07T06,ERCO,SUN,0
2021-11-07T07,ERCO,SUN,0
2021-11-07T08,ERCO,SUN,0
2021-11-07T09,ERCO,SUN,0
2021-11-07T10,ERCO,SUN,0
2021-11-07T11,ERCO,SUN,0
2021-11-07T12,ERCO,SUN,0
2021-11-07T13,ERCO,SUN,2
2021-11-07T14,ERCO,SUN,870
2021-11-07T15,ERCO,SUN,3417
2021-11-07T16,ERCO,SUN,4157
2021-11-07T17,ERCO,SUN,5198
2021-11-07T18,ERCO,SUN,6280
2021-11-07T19,ERCO,SUN,6256
2021-11-07T20,ERCO,SUN,6386
2021-11-07T21,ERCO,SUN,6357
2021-11-07T22,ERCO,SUN,6073
2021-11-07T23,ERCO,SUN,4568
2021-11-08T00,ERCO,SUN,729
2021-11-08T01,ERCO,SUN,0
2021-11-08T02,ERCO,SUN,0
2021-11-08T03,ERCO,SUN,0
2021-11-08T04,ERCO,SUN,0
2021-11-08T05,ERCO,SUN,0
2021-11-08T06,ERCO,SUN,0
2021-11-08T07,ERCO,SUN,0
2021-11-08T08,ERCO,SUN,0
2021-11-08T09,ERCO,SUN,0
2021-11-08T10,ERCO,SUN,0
2021-11-08T11,ERCO,SUN,0
2021-11-08T12,ERCO,SUN,0
2021-11-08T13,ERCO,SUN,2
2021-11-08T14,ERCO,SUN,699
2021-11-08T15,ERCO,SUN,3062
2021-11-08T16,ERCO,SUN,4125
2021-11-08T17,ERCO,SUN,4757
2021-11-08T18,ERCO,SUN,5584
2021-11-08T19,ERCO,SUN,5893
2021-11-08T20,ERCO,SUN,6088
2021-11-08T21,ERCO,SUN,5921
2021-11-08T22,ERCO,SUN,4662
2021-11-08T23,ERCO,SUN,2335
2021-11-09T00,ERCO,SUN,228
2021-11-09T01,ERCO,SUN,0
2021-11-09T02,ERCO,SUN,0
2021-11-09T03,ERCO,SUN,0
2021-11-09T04,ERCO,SUN,0
2021-11-09T05,ERCO,SUN,0
2021-11-09T06,ERCO,SUN,0
2021-11-09T07,ERCO,SUN,0
2021-11-09T08,ERCO,SUN,0
2021-11-09T09,ERCO,SUN,0
2021-11-09T10,ERCO,SUN,0
2021-11-09T11,ERCO,SUN,0
2021-11-09T12,ERCO,SUN,0
2021-11-09T13,ERCO,SUN,1
2021-11-09T14,ERCO,SUN,203
2021-11-09T15,ERCO,SUN,2299
2021-11-09T16,ERCO,SUN,4488
2021-11-09T17,ERCO,SUN,5152
2021-11-09T18,ERCO,SUN,5550
2021-11-09T19,ERCO,SUN,5614
2021-11-09T20,ERCO,SUN,5798
2021-11-09T21,ERCO,SUN,5928
2021-11-09T22,ERCO,SUN,5816
2021-11-09T23,ERCO,SUN,4003
2021-11-10T00,ERCO,SUN,596
2021-11-10T01,ERCO,SUN,0
2021-11-10T02,ERCO,SUN,0
2021-11-10T03,ERCO,SUN,0
2021-11-10T04,ERCO,SUN,0
2021-11-10T05,ERCO,SUN,0
2021-11-10T06,ERCO,SUN,0
2021-11-10T07,ERCO,SUN,0
2021-11-10T08,ERCO,SUN,0
2021-11-10T09,ERCO,SUN,0
2021-11-10T10,ERCO,SUN,0
2021-11-10T11,ERCO,SUN,0
2021-11-10T12,ERCO,SUN,0
2021-11-10T13,ERCO,SUN,1
2021-11-10T14,ERCO,SUN,295
2021-11-10T15,ERCO,SUN,2104
2021-11-10T16,ERCO,SUN,2796
2021-11-10T17,ERCO,SUN,2703
2021-11-10T18,ERCO,SUN,3189
2021-11-10T19,ERCO,SUN,4323
2021-11-10T20,ERCO,SUN,5134
2021-11-10T21,ERCO,SUN,4976
2021-11-10T22,ERCO,SUN,4235
2021-11-10T23,ERCO,SUN,3264
2021-11-11T00,ERCO,SUN,601
2021-11-11T01,ERCO,SUN,0
2021-11-11T02,ERCO,SUN,0
2021-11-11T03,ERCO,SUN,0
2021-11-11T04,ERCO,SUN,0
2021-11-11T05,ERCO,SUN,0
2021-11-11T06,ERCO,SUN,0
2021-11-11T07,ERCO,SUN,0
2021-11-11T08,ERCO,SUN,0
2021-11-11T09,ERCO,SUN,0
2021-11-11T10,ERCO,SUN,0
2021-11-11T11,ERCO,SUN,0
2021-11-11T12,ERCO,SUN,0
2021-11-11T13,ERCO,SUN,0
2021-11-11T14,ERCO,SUN,652
2021-11-11T15,ERCO,SUN,4274
2021-11-11T16,ERCO,SUN,6171
2021-11-11T17,ERCO,SUN,6276
2021-11-11T18,ERCO,SUN,6194
2021-11-11T19,ERCO,SUN,6141
2021-11-11T20,ERCO,SUN,6332
2021-11-11T21,ERCO,SUN,6571
2021-11-11T22,ERCO,SUN,6440
2021-11-11T23,ERCO,SUN,4414
2021-11-12T00,ERCO,SUN,619
2021-11-12T01,ERCO,SUN,0
2021-11-12T02,ERCO,SUN,0
2021-11-12T03,ERCO,SUN,0
2021-11-12T04,ERCO,SUN,0
2021-11-12T05,ERCO,SUN,0
2021-11-12T06,ERCO,SUN,0
2021-11-12T07,ERCO,SUN,0
2021-11-12T08,ERCO,SUN,0
2021-11-12T09,ERCO,SUN,0
2021-11-12T10,ERCO,SUN,0
2021-11-12T11,ERCO,SUN,0
2021-11-12T12,ERCO,SUN,0
2021-11-12T13,ERCO,SUN,1
2021-11-12T14,ERCO,SUN,691
2021-11-12T15,ERCO,SUN,4472
2021-11-12T16,ERCO,SUN,6049
2021-11-12T17,ERCO,SUN,5441
2021-11-12T18,ERCO,SUN,4528
2021-11-12T19,ERCO,SUN,3508
2021-11-12T20,ERCO,SUN,4701
2021-11-12T21,ERCO,SUN,6282
2021-11-12T22,ERCO,SUN,6522
2021-11-12T23,ERCO,SUN,4381
2021-11-13T00,ERCO,SUN,584
2021-11-13T01,ERCO,SUN,0
2021-11-13T02,ERCO,SUN,0
2021-11-13T03,ERCO,SUN,0
2021-11-13T04,ERCO,SUN,0
2021-11-13T05,ERCO,SUN,0
2021-11-13T06,ERCO,SUN,0
2021-11-13T07,ERCO,SUN,0
2021-11-13T08,ERCO,SUN,0
2021-11-13T09,ERCO,SUN,0
2021-11-13T10,ERCO,SUN,0
2021-11-13T11,ERCO,SUN,0
2021-11-13T12,ERCO,SUN,0
2021-11-13T13,ERCO,SUN,1
2021-11-13T14,ERCO,SUN,654
2021-11-13T15,ERCO,SUN,4236
2021-11-13T16,ERCO,SUN,5807
2021-11-13T17,ERCO,SUN,5279
2021-11-13T18,ERCO,SUN,4711
2021-11-13T19,ERCO,SUN,4512
2021-11-13T20,ERCO,SUN,3843
2021-11-13T21,ERCO,SUN,3709
2021-11-13T22,ERCO,SUN,3848
2021-11-13T23,ERCO,SUN,3045
2021-11-14T00,ERCO,SUN,565
2021-11-14T01,ERCO,SUN,0
2021-11-14T02,ERCO,SUN,0
2021-11-14T03,ERCO,SUN,0
2021-11-14T04,ERCO,SUN,0
2021-11-14T05,ERCO,SUN,0
2021-11-14T06,ERCO,SUN,0
2021-11-14T07,ERCO,SUN,0
2021-11-14T08,ERCO,SUN,0
2021-11-14T09,ERCO,SUN,0
2021-11-14T10,ERCO,SUN,0
2021-11-14T11,ERCO,SUN,0
2021-11-14T12,ERCO,SUN,0
2021-11-14T13,ERCO,SUN,1
2021-11-14T14,ERCO,SUN,609
2021-11-14T15,ERCO,SUN,4317
2021-11-14T16,ERCO,SUN,4980
2021-11-14T17,ERCO,SUN,4945
2021-11-14T18,ERCO,SUN,6146
2021-11-14T19,ERCO,SUN,6224
2021-11-14T20,ERCO,SUN,6363
2021-11-14T21,ERCO,SUN,6503
2021-11-14T22,ERCO,SUN,6357
2021-11-14T23,ERCO,SUN,4232
2021-11-15T00,ERCO,SUN,575
2021-11-15T01,ERCO,SUN,0
2021-11-15T02,ERCO,SUN,0
2021-11-15T03,ERCO,SUN,0
2021-11-15T04,ERCO,SUN,0
2021-11-15T05,ERCO,SUN,0
2021-11-15T06,ERCO,SUN,0
2021-11-15T07,ERCO,SUN,0
2021-11-15T08,ERCO,SUN,0
2021-11-15T09,ERCO,SUN,0
2021-11-15T10,ERCO,SUN,0
2021-11-15T11,ERCO,SUN,0
2021-11-15T12,ERCO,SUN,0
2021-11-15T13,ERCO,SUN,0
2021-11-15T14,ERCO,SUN,600
2021-11-15T15,ERCO,SUN,4479
2021-11-15T16,ERCO,SUN,6290
2021-11-15T17,ERCO,SUN,6367
2021-11-15T18,ERCO,SUN,6167
2021-11-15T19,ERCO,SUN,5994
2021-11-15T20,ERCO,SUN,6033
2021-11-15T21,ERCO,SUN,6286
2021-11-15T22,ERCO,SUN,6194
2021-11-15T23,ERCO,SUN,4164
2021-11-16T00,ERCO,SUN,560
2021-11-16T01,ERCO,SUN,0
2021-11-16T02,ERCO,SUN,0
2021-11-16T03,ERCO,SUN,0
2021-11-16T04,ERCO,SUN,0
2021-11-16T05,ERCO,SUN,0
2021-11-16T06,ERCO,SUN,0
2021-11-16T07,ERCO,SUN,0
2021-11-16T08,ERCO,SUN,0
2021-11-16T09,ERCO,SUN,0
2021-11-16T10,ERCO,SUN,0
2021-11-16T11,ERCO,SUN,0
2021-11-16T12,ERCO,SUN,0
2021-11-16T13,ERCO,SUN,0
2021-11-16T14,ERCO,SUN,351
2021-11-16T15,ERCO,SUN,2793
2021-11-16T16,ERCO,SUN,4848
2021-11-16T17,ERCO,SUN,5226
2021-11-16T18,ERCO,SUN,4459
2021-11-16T19,ERCO,SUN,3431
2021-11-16T20,ERCO,SUN,3464
2021-11-16T21,ERCO,SUN,3403
2021-11-16T22,ERCO,SUN,3115
2021-11-16T23,ERCO,SUN,2592
2021-11-17T00,ERCO,SUN,486
2021-11-17T01,ERCO,SUN,0
2021-11-17T02,ERCO,SUN,0
2021-11-17T03,ERCO,SUN,0
2021-11-17T04,ERCO,SUN,0
2021-11-17T05,ERCO,SUN,9
2021-11-17T06,ERCO,SUN,0
2021-11-17T07,ERCO,SUN,0
2021-11-17T08,ERCO,SUN,0
2021-11-17T09,ERCO,SUN,0
2021-11-17T10,ERCO,SUN,0
2021-11-17T11,ERCO,SUN,0
2021-11-17T12,ERCO,SUN,0
2021-11-17T13,ERCO,SUN,0
2021-11-17T14,ERCO,SUN,392
2021-11-17T15,ERCO,SUN,3305
2021-11-17T16,ERCO,SUN,5104
2021-11-17T17,ERCO,SUN,5347
2021-11-17T18,ERCO,SUN,5332
2021-11-17T19,ERCO,SUN,5373
2021-11-17T20,ERCO,SUN,5679
2021-11-17T21,ERCO,SUN,5862
2021-11-17T22,ERCO,SUN,4921
2021-11-17T23,ERCO,SUN,2280
2021-11-18T00,ERCO,SUN,210
2021-11-18T01,ERCO,SUN,0
2021-11-18T02,ERCO,SUN,0
2021-11-18T03,ERCO,SUN,0
2021-11-18T04,ERCO,SUN,0
2021-11-18T05,ERCO,SUN,0
2021-11-18T06,ERCO,SUN,0
2021-11-18T07,ERCO,SUN,0
2021-11-18T08,ERCO,SUN,0
2021-11-18T09,ERCO,SUN,0
2021-11-18T10,ERCO,SUN,0
2021-11-18T11,ERCO,SUN,0
2021-11-18T12,ERCO,SUN,0
2021-11-18T13,ERCO,SUN,0
2021-11-18T14,ERCO,SUN,217
2021-11-18T15,ERCO,SUN,3057
2021-11-18T16,ERCO,SUN,5758
2021-11-18T17,ERCO,SUN,5818
2021-11-18T18,ERCO,SUN,5659
2021-11-18T19,ERCO,SUN,5835
2021-11-18T20,ERCO,SUN,6071
2021-11-18T21,ERCO,SUN,6183
2021-11-18T22,ERCO,SUN,5958
2021-11-18T23,ERCO,SUN,3745
2021-11-19T00,ERCO,SUN,443
2021-11-19T01,ERCO,SUN,1
2021-11-19T02,ERCO,SUN,1
2021-11-19T03,ERCO,SUN,1
2021-11-19T04,ERCO,SUN,1
2021-11-19T05,ERCO,SUN,1
2021-11-19T06,ERCO,SUN,1
2021-11-19T07,ERCO,SUN,1
2021-11-19T08,ERCO,SUN,1
2021-11-19T09,ERCO,SUN,1
2021-11-19T10,ERCO,SUN,1
2021-11-19T11,ERCO,SUN,1
2021-11-19T12,ERCO,SUN,1
2021-11-19T13,ERCO,SUN,1
2021-11-19T14,ERCO,SUN,405
2021-11-19T15,ERCO,SUN,3498
2021-11-19T16,ERCO,SUN,5306
2021-11-19T17,ERCO,SUN,5397
2021-11-19T18,ERCO,SUN,5675
2021-11-19T19,ERCO,SUN,5379
2021-11-19T20,ERCO,SUN,4771
2021-11-19T21,ERCO,SUN,3959
2021-11-19T22,ERCO,SUN,3197
2021-11-19T23,ERCO,SUN,1878
2021-11-20T00,ERCO,SUN,388
2021-11-20T01,ERCO,SUN,0
2021-11-20T02,ERCO,SUN,0
2021-11-20T03,ERCO,SUN,0
2021-11-20T04,ERCO,SUN,0
2021-11-20T05,ERCO,SUN,0
2021-11-20T06,ERCO,SUN,0
2021-11-20T07,ERCO,SUN,0
2021-11-20T08,ERCO,SUN,0
2021-11-20T09,ERCO,SUN,0
2021-11-20T10,ERCO,SUN,0
2021-11-20T11,ERCO,SUN,0
2021-11-20T12,ERCO,SUN,0
2021-11-20T13,ERCO,SUN,0
2021-11-20T14,ERCO,SUN,391
2021-11-20T15,ERCO,SUN,2924
2021-11-20T16,ERCO,SUN,5466
2021-11-20T17,ERCO,SUN,5940
2021-11-20T18,ERCO,SUN,5611
2021-11-20T19,ERCO,SUN,5571
2021-11-20T20,ERCO,SUN,5779
2021-11-20T21,ERCO,SUN,5943
2021-11-20T22,ERCO,SUN,5470
2021-11-20T23,ERCO,SUN,3171
2021-11-21T00,ERCO,SUN,268
2021-11-21T01,ERCO,SUN,0
2021-11-21T02,ERCO,SUN,0
2021-11-21T03,ERCO,SUN,0
2021-11-21T04,ERCO,SUN,0
2021-11-21T05,ERCO,SUN,0
2021-11-21T06,ERCO,SUN,0
2021-11-21T07,ERCO,SUN,0
2021-11-21T08,ERCO,SUN,0
2021-11-21T09,ERCO,SUN,0
2021-11-21T10,ERCO,SUN,0
2021-11-21T11,ERCO,SUN,0
2021-11-21T12,ERCO,SUN,0
2021-11-21T13,ERCO,SUN,0
2021-11-21T14,ERCO,SUN,100
2021-11-21T15,ERCO,SUN,989
2021-11-21T16,ERCO,SUN,2235
2021-11-21T17,ERCO,SUN,2277
2021-11-21T18,ERCO,SUN,1869
2021-11-21T19,ERCO,SUN,1890
2021-11-21T20,ERCO,SUN,1694
2021-11-21T21,ERCO,SUN,1257
2021-11-21T22,ERCO,SUN,1031
2021-11-21T23,ERCO,SUN,840
2021-11-22T00,ERCO,SUN,91
2021-11-22T01,ERCO,SUN,1
2021-11-22T02,ERCO,SUN,0
2021-11-22T03,ERCO,SUN,0
2021-11-22T04,ERCO,SUN,0
2021-11-22T05,ERCO,SUN,0
2021-11-22T06,ERCO,SUN,0
2021-11-22T07,ERCO,SUN,0
2021-11-22T08,ERCO,SUN,0
2021-11-22T09,ERCO,SUN,0
2021-11-22T10,ERCO,SUN,0
2021-11-22T11,ERCO,SUN,0
2021-11-22T12,ERCO,SUN,0
2021-11-22T13,ERCO,SUN,0
2021-11-22T14,ERCO,SUN,349
2021-11-22T15,ERCO,SUN,3371
2021-11-22T16,ERCO,SUN,5883
2021-11-22T17,ERCO,SUN,6164
2021-11-22T18,ERCO,SUN,6020
2021-11-22T19,ERCO,SUN,5867
2021-11-22T20,ERCO,SUN,6132
2021-11-22T21,ERCO,SUN,6210
2021-11-22T22,ERCO,SUN,5742
2021-11-22T23,ERCO,SUN,3305
2021-11-23T00,ERCO,SUN,298
2021-11-23T01,ERCO,SUN,0
2021-11-23T02,ERCO,SUN,0
2021-11-23T03,ERCO,SUN,0
2021-11-23T04,ERCO,SUN,2
2021-11-23T05,ERCO,SUN,0
2021-11-23T06,ERCO,SUN,0
2021-11-23T07,ERCO,SUN,0
2021-11-23T08,ERCO,SUN,0
2021-11-23T09,ERCO,SUN,0
2021-11-23T10,ERCO,SUN,0
2021-11-23T11,ERCO,SUN,0
2021-11-23T12,ERCO,SUN,0
2021-11-23T13,ERCO,SUN,0
2021-11-23T14,ERCO,SUN,375
2021-11-23T15,ERCO,SUN,3375
2021-11-23T16,ERCO,SUN,5645
2021-11-23T17,ERCO,SUN,5838
2021-11-23T18,ERCO,SUN,5354
2021-11-23T19,ERCO,SUN,4263
2021-11-23T20,ERCO,SUN,2954
2021-11-23T21,ERCO,SUN,2538
2021-11-23T22,ERCO,SUN,1877
2021-11-23T23,ERCO,SUN,978
2021-11-24T00,ERCO,SUN,76
2021-11-24T01,ERCO,SUN,0
2021-11-24T02,ERCO,SUN,0
2021-11-24T03,ERCO,SUN,0
2021-11-24T04,ERCO,SUN,0
2021-11-24T05,ERCO,SUN,0
2021-11-24T06,ERCO,SUN,0
2021-11-24T07,ERCO,SUN,0
2021-11-24T08,ERCO,SUN,0
2021-11-24T09,ERCO,SUN,0
2021-11-24T10,ERCO,SUN,0
2021-11-24T11,ERCO,SUN,0
2021-11-24T12,ERCO,SUN,0
2021-11-24T13,ERCO,SUN,0
2021-11-24T14,ERCO,SUN,145
2021-11-24T15,ERCO,SUN,1224
2021-11-24T16,ERCO,SUN,2038
2021-11-24T17,ERCO,SUN,2927
2021-11-24T18,ERCO,SUN,3314
2021-11-24T19,ERCO,SUN,3662
2021-11-24T20,ERCO,SUN,3246
2021-11-24T21,ERCO,SUN,2609
2021-11-24T22,ERCO,SUN,2418
2021-11-24T23,ERCO,SUN,1335
2021-11-25T00,ERCO,SUN,182
2021-11-25T01,ERCO,SUN,0
2021-11-25T02,ERCO,SUN,0
2021-11-25T03,ERCO,SUN,0
2021-11-25T04,ERCO,SUN,0
2021-11-25T05,ERCO,SUN,0
2021-11-25T06,ERCO,SUN,0
2021-11-25T07,ERCO,SUN,0
2021-11-25T08,ERCO,SUN,0
2021-11-25T09,ERCO,SUN,0
2021-11-25T10,ERCO,SUN,0
2021-11-25T11,ERCO,SUN,0
2021-11-25T12,ERCO,SUN,0
2021-11-25T13,ERCO,SUN,0
2021-11-25T14,ERCO,SUN,61
2021-11-25T15,ERCO,SUN,707
2021-11-25T16,ERCO,SUN,1423
2021-11-25T17,ERCO,SUN,1657
2021-11-25T18,ERCO,SUN,2229
2021-11-25T19,ERCO,SUN,3898
2021-11-25T20,ERCO,SUN,5421
2021-11-25T21,ERCO,SUN,5531
2021-11-25T22,ERCO,SUN,5052
2021-11-25T23,ERCO,SUN,2919
2021-11-26T00,ERCO,SUN,317
2021-11-26T01,ERCO,SUN,0
2021-11-26T02,ERCO,SUN,0
2021-11-26T03,ERCO,SUN,0
2021-11-26T04,ERCO,SUN,0
2021-11-26T05,ERCO,SUN,0
2021-11-26T06,ERCO,SUN,0
2021-11-26T07,ERCO,SUN,0
2021-11-26T08,ERCO,SUN,0
2021-11-26T09,ERCO,SUN,0
2021-11-26T10,ERCO,SUN,0
2021-11-26T11,ERCO,SUN,0
2021-11-26T12,ERCO,SUN,0
2021-11-26T13,ERCO,SUN,0
2021-11-26T14,ERCO,SUN,142
2021-11-26T15,ERCO,SUN,2057
2021-11-26T16,ERCO,SUN,4099
2021-11-26T17,ERCO,SUN,5000
2021-11-26T18,ERCO,SUN,5035
2021-11-26T19,ERCO,SUN,4971
2021-11-26T20,ERCO,SUN,4611
2021-11-26T21,ERCO,SUN,3424
2021-11-26T22,ERCO,SUN,2095
2021-11-26T23,ERCO,SUN,883
2021-11-27T00,ERCO,SUN,83
2021-11-27T01,ERCO,SUN,0
2021-11-27T02,ERCO,SUN,0
2021-11-27T03,ERCO,SUN,0
2021-11-27T04,ERCO,SUN,0
2021-11-27T05,ERCO,SUN,0
2021-11-27T06,ERCO,SUN,0
2021-11-27T07,ERCO,SUN,0
2021-11-27T08,ERCO,SUN,0
2021-11-27T09,ERCO,SUN,0
2021-11-27T10,ERCO,SUN,0
2021-11-27T11,ERCO,SUN,0
2021-11-27T12,ERCO,SUN,0
2021-11-27T13,ERCO,SUN,0
2021-11-27T14,ERCO,SUN,20
2021-11-27T15,ERCO,SUN,762
2021-11-27T16,ERCO,SUN,2201
2021-11-27T17,ERCO,SUN,3345
2021-11-27T18,ERCO,SUN,3212
2021-11-27T19,ERCO,SUN,3092
2021-11-27T20,ERCO,SUN,3348
2021-11-27T21,ERCO,SUN,3001
2021-11-27T22,ERCO,SUN,2096
2021-11-27T23,ERCO,SUN,1305
2021-11-28T00,ERCO,SUN,215
2021-11-28T01,ERCO,SUN,0
2021-11-28T02,ERCO,SUN,0
2021-11-28T03,ERCO,SUN,0
2021-11-28T04,ERCO,SUN,0
2021-11-28T05,ERCO,SUN,0
2021-11-28T06,ERCO,SUN,0
2021-11-28T07,ERCO,SUN,0
2021-11-28T08,ERCO,SUN,0
2021-11-28T09,ERCO,SUN,0
2021-11-28T10,ERCO,SUN,0
2021-11-28T11,ERCO,SUN,0
2021-11-28T12,ERCO,SUN,0
2021-11-28T13,ERCO,SUN,0
2021-11-28T14,ERCO,SUN,190
2021-11-28T15,ERCO,SUN,3345
2021-11-28T16,ERCO,SUN,5910
2021-11-28T17,ERCO,SUN,5979
2021-11-28T18,ERCO,SUN,5813
2021-11-28T19,ERCO,SUN,5759
2021-11-28T20,ERCO,SUN,5883
2021-11-28T21,ERCO,SUN,6121
2021-11-28T22,ERCO,SUN,6029
2021-11-28T23,ERCO,SUN,3863
2021-11-29T00,ERCO,SUN,423
2021-11-29T01,ERCO,SUN,0
2021-11-29T02,ERCO,SUN,0
2021-11-29T03,ERCO,SUN,0
2021-11-29T04,ERCO,SUN,0
2021-11-29T05,ERCO,SUN,0
2021-11-29T06,ERCO,SUN,0
2021-11-29T07,ERCO,SUN,0
2021-11-29T08,ERCO,SUN,0
2021-11-29T09,ERCO,SUN,0
2021-11-29T10,ERCO,SUN,0
2021-11-29T11,ERCO,SUN,0
2021-11-29T12,ERCO,SUN,0
2021-11-29T13,ERCO,SUN,0
2021-11-29T14,ERCO,SUN,271
2021-11-29T15,ERCO,SUN,3687
2021-11-29T16,ERCO,SUN,6289
2021-11-29T17,ERCO,SUN,6347
2021-11-29T18,ERCO,SUN,6121
2021-11-29T19,ERCO,SUN,5995
2021-11-29T20,ERCO,SUN,6124
2021-11-29T21,ERCO,SUN,6312
2021-11-29T22,ERCO,SUN,6216
2021-11-29T23,ERCO,SUN,3745
2021-11-30T00,ERCO,SUN,335
2021-11-30T01,ERCO,SUN,0
2021-11-30T02,ERCO,SUN,0
2021-11-30T03,ERCO,SUN,0
2021-11-30T04,ERCO,SUN,0
2021-11-30T05,ERCO,SUN,0
2021-11-30T06,ERCO,SUN,0
2021-11-30T07,ERCO,SUN,0
2021-11-30T08,ERCO,SUN,0
2021-11-30T09,ERCO,SUN,0
2021-11-30T10,ERCO,SUN,0
2021-11-30T11,ERCO,SUN,0
2021-11-30T12,ERCO,SUN,0
2021-11-30T13,ERCO,SUN,0
2021-11-30T14,ERCO,SUN,229
2021-11-30T15,ERCO,SUN,2991
2021-11-30T16,ERCO,SUN,5934
2021-11-30T17,ERCO,SUN,6207
2021-11-30T18,ERCO,SUN,5849
2021-11-30T19,ERCO,SUN,5782
2021-11-30T20,ERCO,SUN,5758
2021-11-30T21,ERCO,SUN,5970
2021-11-30T22,ERCO,SUN,5820
2021-11-30T23,ERCO,SUN,3618
2021-12-01T00,ERCO,SUN,342
2021-12-01T01,ERCO,SUN,0
2021-12-01T02,ERCO,SUN,0
2021-12-01T03,ERCO,SUN,0
2021-12-01T04,ERCO,SUN,0
2021-12-01T05,ERCO,SUN,0
2021-12-01T06,ERCO,SUN,0
2021-12-01T07,ERCO,SUN,0
2021-12-01T08,ERCO,SUN,0
2021-12-01T09,ERCO,SUN,0
2021-12-01T10,ERCO,SUN,0
2021-12-01T11,ERCO,SUN,0
2021-12-01T12,ERCO,SUN,0
2021-12-01T13,ERCO,SUN,0
2021-12-01T14,ERCO,SUN,164
2021-12-01T15,ERCO,SUN,2742
2021-12-01T16,ERCO,SUN,5231
2021-12-01T17,ERCO,SUN,5615
2021-12-01T18,ERCO,SUN,5222
2021-12-01T19,ERCO,SUN,5254
2021-12-01T20,ERCO,SUN,5116
2021-12-01T21,ERCO,SUN,5161
2021-12-01T22,ERCO,SUN,4553
2021-12-01T23,ERCO,SUN,2555
2021-12-02T00,ERCO,SUN,241
2021-12-02T01,ERCO,SUN,0
2021-12-02T02,ERCO,SUN,0
2021-12-02T03,ERCO,SUN,0
2021-12-02T04,ERCO,SUN,0
2021-12-02T05,ERCO,SUN,0
2021-12-02T06,ERCO,SUN,0
2021-12-02T07,ERCO,SUN,0
2021-12-02T08,ERCO,SUN,0
2021-12-02T09,ERCO,SUN,0
2021-12-02T10,ERCO,SUN,0
2021-12-02T11,ERCO,SUN,0
2021-12-02T12,ERCO,SUN,0
2021-12-02T13,ERCO,SUN,0
2021-12-02T14,ERCO,SUN,139
2021-12-02T15,ERCO,SUN,2703
2021-12-02T16,ERCO,SUN,4970
2021-12-02T17,ERCO,SUN,5262
2021-12-02T18,ERCO,SUN,5361
2021-12-02T19,ERCO,SUN,5306
2021-12-02T20,ERCO,SUN,5143
2021-12-02T21,ERCO,SUN,5462
2021-12-02T22,ERCO,SUN,5191
2021-12-02T23,ERCO,SUN,3189
2021-12-03T00,ERCO,SUN,313
2021-12-03T01,ERCO,SUN,0
2021-12-03T02,ERCO,SUN,0
2021-12-03T03,ERCO,SUN,0
2021-12-03T04,ERCO,SUN,0
2021-12-03T05,ERCO,SUN,0
2021-12-03T06,ERCO,SUN,0
2021-12-03T07,ERCO,SUN,0
2021-12-03T08,ERCO,SUN,0
2021-12-03T09,ERCO,SUN,0
2021-12-03T10,ERCO,SUN,0
2021-12-03T11,ERCO,SUN,0
2021-12-03T12,ERCO,SUN,0
2021-12-03T13,ERCO,SUN,0
2021-12-03T14,ERCO,SUN,59
2021-12-03T15,ERCO,SUN,2201
2021-12-03T16,ERCO,SUN,4857
2021-12-03T17,ERCO,SUN,5276
2021-12-03T18,ERCO,SUN,5324
2021-12-03T19,ERCO,SUN,5240
2021-12-03T20,ERCO,SUN,5414
2021-12-03T21,ERCO,SUN,5606
2021-12-03T22,ERCO,SUN,5431
2021-12-03T23,ERCO,SUN,3512
2021-12-04T00,ERCO,SUN,352
2021-12-04T01,ERCO,SUN,0
2021-12-04T02,ERCO,SUN,0
2021-12-04T03,ERCO,SUN,0
2021-12-04T04,ERCO,SUN,0
2021-12-04T05,ERCO,SUN,0
2021-12-04T06,ERCO,SUN,0
2021-12-04T07,ERCO,SUN,0
2021-12-04T08,ERCO,SUN,0
2021-12-04T09,ERCO,SUN,0
2021-12-04T10,ERCO,SUN,0
2021-12-04T11,ERCO,SUN,0
2021-12-04T12,ERCO,SUN,0
2021-12-04T13,ERCO,SUN,0
2021-12-04T14,ERCO,SUN,90
2021-12-04T15,ERCO,SUN,2241
2021-12-04T16,ERCO,SUN,4443
2021-12-04T17,ERCO,SUN,5067
2021-12-04T18,ERCO,SUN,5326
2021-12-04T19,ERCO,SUN,5204
2021-12-04T20,ERCO,SUN,5033
2021-12-04T21,ERCO,SUN,5076
2021-12-04T22,ERCO,SUN,4661
2021-12-04T23,ERCO,SUN,2927
2021-12-05T00,ERCO,SUN,275
2021-12-05T01,ERCO,SUN,0
2021-12-05T02,ERCO,SUN,0
2021-12-05T03,ERCO,SUN,0
2021-12-05T04,ERCO,SUN,0
2021-12-05T05,ERCO,SUN,0
2021-12-05T06,ERCO,SUN,0
2021-12-05T07,ERCO,SUN,0
2021-12-05T08,ERCO,SUN,0
2021-12-05T09,ERCO,SUN,0
2021-12-05T10,ERCO,SUN,0
2021-12-05T11,ERCO,SUN,0
2021-12-05T12,ERCO,SUN,0
2021-12-05T13,ERCO,SUN,0
2021-12-05T14,ERCO,SUN,50
2021-12-05T15,ERCO,SUN,658
2021-12-05T16,ERCO,SUN,1610
2021-12-05T17,ERCO,SUN,2501
2021-12-05T18,ERCO,SUN,1998
2021-12-05T19,ERCO,SUN,2011
2021-12-05T20,ERCO,SUN,1961
2021-12-05T21,ERCO,SUN,1948
2021-12-05T22,ERCO,SUN,1895
2021-12-05T23,ERCO,SUN,1496
2021-12-06T00,ERCO,SUN,316
2021-12-06T01,ERCO,SUN,4
2021-12-06T02,ERCO,SUN,1
2021-12-06T03,ERCO,SUN,0
2021-12-06T04,ERCO,SUN,0
2021-12-06T05,ERCO,SUN,0
2021-12-06T06,ERCO,SUN,0
2021-12-06T07,ERCO,SUN,0
2021-12-06T08,ERCO,SUN,0
2021-12-06T09,ERCO,SUN,0
2021-12-06T10,ERCO,SUN,0
2021-12-06T11,ERCO,SUN,0
2021-12-06T12,ERCO,SUN,0
2021-12-06T13,ERCO,SUN,0
2021-12-06T14,ERCO,SUN,56
2021-12-06T15,ERCO,SUN,1150
2021-12-06T16,ERCO,SUN,2029
2021-12-06T17,ERCO,SUN,2765
2021-12-06T18,ERCO,SUN,4748
2021-12-06T19,ERCO,SUN,5579
2021-12-06T20,ERCO,SUN,5749
2021-12-06T21,ERCO,SUN,6004
2021-12-06T22,ERCO,SUN,5906
2021-12-06T23,ERCO,SUN,3711
2021-12-07T00,ERCO,SUN,396
2021-12-07T01,ERCO,SUN,0
2021-12-07T02,ERCO,SUN,0
2021-12-07T03,ERCO,SUN,0
2021-12-07T04,ERCO,SUN,0
2021-12-07T05,ERCO,SUN,0
2021-12-07T06,ERCO,SUN,0
2021-12-07T07,ERCO,SUN,0
2021-12-07T08,ERCO,SUN,0
2021-12-07T09,ERCO,SUN,0
2021-12-07T10,ERCO,SUN,0
2021-12-07T11,ERCO,SUN,0
2021-12-07T12,ERCO,SUN,0
2021-12-07T13,ERCO,SUN,0
2021-12-07T14,ERCO,SUN,73
2021-12-07T15,ERCO,SUN,2244
2021-12-07T16,ERCO,SUN,4722
2021-12-07T17,ERCO,SUN,5232
2021-12-07T18,ERCO,SUN,5263
2021-12-07T19,ERCO,SUN,5102
2021-12-07T20,ERCO,SUN,4909
2021-12-07T21,ERCO,SUN,4959
2021-12-07T22,ERCO,SUN,4646
2021-12-07T23,ERCO,SUN,2878
2021-12-08T00,ERCO,SUN,371
2021-12-08T01,ERCO,SUN,0
2021-12-08T02,ERCO,SUN,0
2021-12-08T03,ERCO,SUN,0
2021-12-08T04,ERCO,SUN,0
2021-12-08T05,ERCO,SUN,0
2021-12-08T06,ERCO,SUN,0
2021-12-08T07,ERCO,SUN,0
2021-12-08T08,ERCO,SUN,0
2021-12-08T09,ERCO,SUN,0
2021-12-08T10,ERCO,SUN,0
2021-12-08T11,ERCO,SUN,0
2021-12-08T12,ERCO,SUN,0
2021-12-08T13,ERCO,SUN,0
2021-12-08T14,ERCO,SUN,85
2021-12-08T15,ERCO,SUN,2074
2021-12-08T16,ERCO,SUN,4362
2021-12-08T17,ERCO,SUN,4906
2021-12-08T18,ERCO,SUN,5256
2021-12-08T19,ERCO,SUN,5110
2021-12-08T20,ERCO,SUN,5069
2021-12-08T21,ERCO,SUN,5083
2021-12-08T22,ERCO,SUN,4246
2021-12-08T23,ERCO,SUN,2627
2021-12-09T00,ERCO,SUN,239
2021-12-09T01,ERCO,SUN,0
2021-12-09T02,ERCO,SUN,0
2021-12-09T03,ERCO,SUN,0
2021-12-09T04,ERCO,SUN,0
2021-12-09T05,ERCO,SUN,0
2021-12-09T06,ERCO,SUN,0
2021-12-09T07,ERCO,SUN,0
2021-12-09T08,ERCO,SUN,0
2021-12-09T09,ERCO,SUN,0
2021-12-09T10,ERCO,SUN,0
2021-12-09T11,ERCO,SUN,0
2021-12-09T12,ERCO,SUN,0
2021-12-09T13,ERCO,SUN,0
2021-12-09T14,ERCO,SUN,31
2021-12-09T15,ERCO,SUN,832
2021-12-09T16,ERCO,SUN,2794
2021-12-09T17,ERCO,SUN,3633
2021-12-09T18,ERCO,SUN,3897
2021-12-09T19,ERCO,SUN,3910
2021-12-09T20,ERCO,SUN,3985
2021-12-09T21,ERCO,SUN,4069
2021-12-09T22,ERCO,SUN,3819
2021-12-09T23,ERCO,SUN,2269
2021-12-10T00,ERCO,SUN,169
2021-12-10T01,ERCO,SUN,0
2021-12-10T02,ERCO,SUN,0
2021-12-10T03,ERCO,SUN,0
2021-12-10T04,ERCO,SUN,0
2021-12-10T05,ERCO,SUN,0
2021-12-10T06,ERCO,SUN,0
2021-12-10T07,ERCO,SUN,0
2021-12-10T08,ERCO,SUN,0
2021-12-10T09,ERCO,SUN,0
2021-12-10T10,ERCO,SUN,0
2021-12-10T11,ERCO,SUN,0
2021-12-10T12,ERCO,SUN,0
2021-12-10T13,ERCO,SUN,0
2021-12-10T14,ERCO,SUN,21
2021-12-10T15,ERCO,SUN,1477
2021-12-10T16,ERCO,SUN,3532
2021-12-10T17,ERCO,SUN,3601
2021-12-10T18,ERCO,SUN,2754
2021-12-10T19,ERCO,SUN,2001
2021-12-10T20,ERCO,SUN,2140
2021-12-10T21,ERCO,SUN,1925
2021-12-10T22,ERCO,SUN,2474
2021-12-10T23,ERCO,SUN,1931
2021-12-11T00,ERCO,SUN,197
2021-12-11T01,ERCO,SUN,6
2021-12-11T02,ERCO,SUN,2
2021-12-11T03,ERCO,SUN,0
2021-12-11T04,ERCO,SUN,0
2021-12-11T05,ERCO,SUN,0
2021-12-11T06,ERCO,SUN,0
2021-12-11T07,ERCO,SUN,0
2021-12-11T08,ERCO,SUN,0
2021-12-11T09,ERCO,SUN,0
2021-12-11T10,ERCO,SUN,0
2021-12-11T11,ERCO,SUN,0
2021-12-11T12,ERCO,SUN,0
2021-12-11T13,ERCO,SUN,0
2021-12-11T14,ERCO,SUN,28
2021-12-11T15,ERCO,SUN,1138
2021-12-11T16,ERCO,SUN,3313
2021-12-11T17,ERCO,SUN,5017
2021-12-11T18,ERCO,SUN,5128
2021-12-11T19,ERCO,SUN,5186
2021-12-11T20,ERCO,SUN,5387
2021-12-11T21,ERCO,SUN,5589
2021-12-11T22,ERCO,SUN,5486
2021-12-11T23,ERCO,SUN,3731
2021-12-12T00,ERCO,SUN,437
2021-12-12T01,ERCO,SUN,0
2021-12-12T02,ERCO,SUN,0
2021-12-12T03,ERCO,SUN,0
2021-12-12T04,ERCO,SUN,0
2021-12-12T05,ERCO,SUN,0
2021-12-12T06,ERCO,SUN,0
2021-12-12T07,ERCO,SUN,0
2021-12-12T08,ERCO,SUN,0
2021-12-12T09,ERCO,SUN,0
2021-12-12T10,ERCO,SUN,0
2021-12-12T11,ERCO,SUN,0
2021-12-12T12,ERCO,SUN,0
2021-12-12T13,ERCO,SUN,0
2021-12-12T14,ERCO,SUN,127
2021-12-12T15,ERCO,SUN,2663
2021-12-12T16,ERCO,SUN,5271
2021-12-12T17,ERCO,SUN,6015
2021-12-12T18,ERCO,SUN,5967
2021-12-12T19,ERCO,SUN,5835
2021-12-12T20,ERCO,SUN,5931
2021-12-12T21,ERCO,SUN,6162
2021-12-12T22,ERCO,SUN,5789
2021-12-12T23,ERCO,SUN,3960
2021-12-13T00,ERCO,SUN,454
2021-12-13T01,ERCO,SUN,0
2021-12-13T02,ERCO,SUN,0
2021-12-13T03,ERCO,SUN,0
2021-12-13T04,ERCO,SUN,0
2021-12-13T05,ERCO,SUN,0
2021-12-13T06,ERCO,SUN,0
2021-12-13T07,ERCO,SUN,0
2021-12-13T08,ERCO,SUN,0
2021-12-13T09,ERCO,SUN,0
2021-12-13T10,ERCO,SUN,0
2021-12-13T11,ERCO,SUN,0
2021-12-13T12,ERCO,SUN,0
2021-12-13T13,ERCO,SUN,0
2021-12-13T14,ERCO,SUN,51
2021-12-13T15,ERCO,SUN,2272
2021-12-13T16,ERCO,SUN,5020
2021-12-13T17,ERCO,SUN,5188
2021-12-13T18,ERCO,SUN,4987
2021-12-13T19,ERCO,SUN,4748
2021-12-13T20,ERCO,SUN,4768
2021-12-13T21,ERCO,SUN,4829
2021-12-13T22,ERCO,SUN,4631
2021-12-13T23,ERCO,SUN,3046
2021-12-14T00,ERCO,SUN,374
2021-12-14T01,ERCO,SUN,0
2021-12-14T02,ERCO,SUN,0
2021-12-14T03,ERCO,SUN,0
2021-12-14T04,ERCO,SUN,0
2021-12-14T05,ERCO,SUN,0
2021-12-14T06,ERCO,SUN,0
2021-12-14T07,ERCO,SUN,0
2021-12-14T08,ERCO,SUN,0
2021-12-14T09,ERCO,SUN,0
2021-12-14T10,ERCO,SUN,0
2021-12-14T11,ERCO,SUN,0
2021-12-14T12,ERCO,SUN,0
2021-12-14T13,ERCO,SUN,0
2021-12-14T14,ERCO,SUN,31
2021-12-14T15,ERCO,SUN,1573
2021-12-14T16,ERCO,SUN,3765
2021-12-14T17,ERCO,SUN,4278
2021-12-14T18,ERCO,SUN,4366
2021-12-14T19,ERCO,SUN,3874
2021-12-14T20,ERCO,SUN,3384
2021-12-14T21,ERCO,SUN,2703
2021-12-14T22,ERCO,SUN,3311
2021-12-14T23,ERCO,SUN,2079
2021-12-15T00,ERCO,SUN,227
2021-12-15T01,ERCO,SUN,0
2021-12-15T02,ERCO,SUN,0
2021-12-15T03,ERCO,SUN,0
2021-12-15T04,ERCO,SUN,0
2021-12-15T05,ERCO,SUN,0
2021-12-15T06,ERCO,SUN,0
2021-12-15T07,ERCO,SUN,0
2021-12-15T08,ERCO,SUN,0
2021-12-15T09,ERCO,SUN,0
2021-12-15T10,ERCO,SUN,0
2021-12-15T11,ERCO,SUN,0
2021-12-15T12,ERCO,SUN,0
2021-12-15T13,ERCO,SUN,0
2021-12-15T14,ERCO,SUN,27
2021-12-15T15,ERCO,SUN,439
2021-12-15T16,ERCO,SUN,1029
2021-12-15T17,ERCO,SUN,1267
2021-12-15T18,ERCO,SUN,1470
2021-12-15T19,ERCO,SUN,1524
2021-12-15T20,ERCO,SUN,1342
2021-12-15T21,ERCO,SUN,1362
2021-12-15T22,ERCO,SUN,1162
2021-12-15T23,ERCO,SUN,621
2021-12-16T00,ERCO,SUN,98
2021-12-16T01,ERCO,SUN,0
2021-12-16T02,ERCO,SUN,0
2021-12-16T03,ERCO,SUN,0
2021-12-16T04,ERCO,SUN,0
2021-12-16T05,ERCO,SUN,0
2021-12-16T06,ERCO,SUN,0
2021-12-16T07,ERCO,SUN,0
2021-12-16T08,ERCO,SUN,0
2021-12-16T09,ERCO,SUN,0
2021-12-16T10,ERCO,SUN,0
2021-12-16T11,ERCO,SUN,0
2021-12-16T12,ERCO,SUN,0
2021-12-16T13,ERCO,SUN,0
2021-12-16T14,ERCO,SUN,51
2021-12-16T15,ERCO,SUN,1601
2021-12-16T16,ERCO,SUN,3848
2021-12-16T17,ERCO,SUN,4091
2021-12-16T18,ERCO,SUN,4337
2021-12-16T19,ERCO,SUN,4437
2021-12-16T20,ERCO,SUN,4351
2021-12-16T21,ERCO,SUN,4030
2021-12-16T22,ERCO,SUN,3506
2021-12-16T23,ERCO,SUN,1528
2021-12-17T00,ERCO,SUN,186
2021-12-17T01,ERCO,SUN,2
2021-12-17T02,ERCO,SUN,0
2021-12-17T03,ERCO,SUN,0
2021-12-17T04,ERCO,SUN,0
2021-12-17T05,ERCO,SUN,0
2021-12-17T06,ERCO,SUN,0
2021-12-17T07,ERCO,SUN,0
2021-12-17T08,ERCO,SUN,0
2021-12-17T09,ERCO,SUN,0
2021-12-17T10,ERCO,SUN,0
2021-12-17T11,ERCO,SUN,0
2021-12-17T12,ERCO,SUN,0
2021-12-17T13,ERCO,SUN,0
2021-12-17T14,ERCO,SUN,25
2021-12-17T15,ERCO,SUN,625
2021-12-17T16,ERCO,SUN,1881
2021-12-17T17,ERCO,SUN,2942
2021-12-17T18,ERCO,SUN,3275
2021-12-17T19,ERCO,SUN,2654
2021-12-17T20,ERCO,SUN,2247
2021-12-17T21,ERCO,SUN,1536
2021-12-17T22,ERCO,SUN,1034
2021-12-17T23,ERCO,SUN,508
2021-12-18T00,ERCO,SUN,78
2021-12-18T01,ERCO,SUN,0
2021-12-18T02,ERCO,SUN,0
2021-12-18T03,ERCO,SUN,0
2021-12-18T04,ERCO,SUN,0
2021-12-18T05,ERCO,SUN,0
2021-12-18T06,ERCO,SUN,0
2021-12-18T07,ERCO,SUN,0
2021-12-18T08,ERCO,SUN,0
2021-12-18T09,ERCO,SUN,0
2021-12-18T10,ERCO,SUN,0
2021-12-18T11,ERCO,SUN,0
2021-12-18T12,ERCO,SUN,0
2021-12-18T13,ERCO,SUN,0
2021-12-18T14,ERCO,SUN,10
2021-12-18T15,ERCO,SUN,375
2021-12-18T16,ERCO,SUN,1234
2021-12-18T17,ERCO,SUN,1480
2021-12-18T18,ERCO,SUN,1798
2021-12-18T19,ERCO,SUN,2309
2021-12-18T20,ERCO,SUN,2356
2021-12-18T21,ERCO,SUN,2464
2021-12-18T22,ERCO,SUN,2659
2021-12-18T23,ERCO,SUN,2214
2021-12-19T00,ERCO,SUN,262
2021-12-19T01,ERCO,SUN,1
2021-12-19T02,ERCO,SUN,1
2021-12-19T03,ERCO,SUN,1
2021-12-19T04,ERCO,SUN,1
2021-12-19T05,ERCO,SUN,1
2021-12-19T06,ERCO,SUN,1
2021-12-19T07,ERCO,SUN,1
2021-12-19T08,ERCO,SUN,1
2021-12-19T09,ERCO,SUN,1
2021-12-19T10,ERCO,SUN,1
2021-12-19T11,ERCO,SUN,1
2021-12-19T12,ERCO,SUN,1
2021-12-19T13,ERCO,SUN,1
2021-12-19T14,ERCO,SUN,20
2021-12-19T15,ERCO,SUN,672
2021-12-19T16,ERCO,SUN,1990
2021-12-19T17,ERCO,SUN,2679
2021-12-19T18,ERCO,SUN,3447
2021-12-19T19,ERCO,SUN,3538
2021-12-19T20,ERCO,SUN,3436
2021-12-19T21,ERCO,SUN,3033
2021-12-19T22,ERCO,SUN,2949
2021-12-19T23,ERCO,SUN,2255
2021-12-20T00,ERCO,SUN,401
2021-12-20T01,ERCO,SUN,0
2021-12-20T02,ERCO,SUN,0
2021-12-20T03,ERCO,SUN,0
2021-12-20T04,ERCO,SUN,0
2021-12-20T05,ERCO,SUN,0
2021-12-20T06,ERCO,SUN,0
2021-12-20T07,ERCO,SUN,0
2021-12-20T08,ERCO,SUN,0
2021-12-20T09,ERCO,SUN,0
2021-12-20T10,ERCO,SUN,0
2021-12-20T11,ERCO,SUN,0
2021-12-20T12,ERCO,SUN,0
2021-12-20T13,ERCO,SUN,0
2021-12-20T14,ERCO,SUN,36
2021-12-20T15,ERCO,SUN,2196
2021-12-20T16,ERCO,SUN,5452
2021-12-20T17,ERCO,SUN,6005
2021-12-20T18,ERCO,SUN,5899
2021-12-20T19,ERCO,SUN,5750
2021-12-20T20,ERCO,SUN,5886
2021-12-20T21,ERCO,SUN,6207
2021-12-20T22,ERCO,SUN,6239
2021-12-20T23,ERCO,SUN,4369
2021-12-21T00,ERCO,SUN,582
2021-12-21T01,ERCO,SUN,1
2021-12-21T02,ERCO,SUN,1
2021-12-21T03,ERCO,SUN,1
2021-12-21T04,ERCO,SUN,1
2021-12-21T05,ERCO,SUN,1
2021-12-21T06,ERCO,SUN,1
2021-12-21T07,ERCO,SUN,1
2021-12-21T08,ERCO,SUN,1
2021-12-21T09,ERCO,SUN,1
2021-12-21T10,ERCO,SUN,1
2021-12-21T11,ERCO,SUN,1
2021-12-21T12,ERCO,SUN,1
2021-12-21T13,ERCO,SUN,1
2021-12-21T14,ERCO,SUN,71
2021-12-21T15,ERCO,SUN,2058
2021-12-21T16,ERCO,SUN,4202
2021-12-21T17,ERCO,SUN,4729
2021-12-21T18,ERCO,SUN,5078
2021-12-21T19,ERCO,SUN,5139
2021-12-21T20,ERCO,SUN,4934
2021-12-21T21,ERCO,SUN,5033
2021-12-21T22,ERCO,SUN,4681
2021-12-21T23,ERCO,SUN,2886
2021-12-22T00,ERCO,SUN,329
2021-12-22T01,ERCO,SUN,0
2021-12-22T02,ERCO,SUN,0
2021-12-22T03,ERCO,SUN,0
2021-12-22T04,ERCO,SUN,0
2021-12-22T05,ERCO,SUN,0
2021-12-22T06,ERCO,SUN,0
2021-12-22T07,ERCO,SUN,0
2021-12-22T08,ERCO,SUN,0
2021-12-22T09,ERCO,SUN,0
2021-12-22T10,ERCO,SUN,0
2021-12-22T11,ERCO,SUN,0
2021-12-22T12,ERCO,SUN,0
2021-12-22T13,ERCO,SUN,0
2021-12-22T14,ERCO,SUN,53
2021-12-22T15,ERCO,SUN,2225
2021-12-22T16,ERCO,SUN,5720
2021-12-22T17,ERCO,SUN,6312
2021-12-22T18,ERCO,SUN,6103
2021-12-22T19,ERCO,SUN,5899
2021-12-22T20,ERCO,SUN,5987
2021-12-22T21,ERCO,SUN,6282
2021-12-22T22,ERCO,SUN,6174
2021-12-22T23,ERCO,SUN,4214
2021-12-23T00,ERCO,SUN,514
2021-12-23T01,ERCO,SUN,0
2021-12-23T02,ERCO,SUN,0
2021-12-23T03,ERCO,SUN,0
2021-12-23T04,ERCO,SUN,0
2021-12-23T05,ERCO,SUN,0
2021-12-23T06,ERCO,SUN,0
2021-12-23T07,ERCO,SUN,0
2021-12-23T08,ERCO,SUN,0
2021-12-23T09,ERCO,SUN,0
2021-12-23T10,ERCO,SUN,0
2021-12-23T11,ERCO,SUN,0
2021-12-23T12,ERCO,SUN,0
2021-12-23T13,ERCO,SUN,0
2021-12-23T14,ERCO,SUN,38
2021-12-23T15,ERCO,SUN,1595
2021-12-23T16,ERCO,SUN,4049
2021-12-23T17,ERCO,SUN,5601
2021-12-23T18,ERCO,SUN,5319
2021-12-23T19,ERCO,SUN,5395
2021-12-23T20,ERCO,SUN,5719
2021-12-23T21,ERCO,SUN,5578
2021-12-23T22,ERCO,SUN,4849
2021-12-23T23,ERCO,SUN,2997
2021-12-24T00,ERCO,SUN,443
2021-12-24T01,ERCO,SUN,0
2021-12-24T02,ERCO,SUN,0
2021-12-24T03,ERCO,SUN,0
2021-12-24T04,ERCO,SUN,0
2021-12-24T05,ERCO,SUN,0
2021-12-24T06,ERCO,SUN,0
2021-12-24T07,ERCO,SUN,0
2021-12-24T08,ERCO,SUN,0
2021-12-24T09,ERCO,SUN,0
2021-12-24T10,ERCO,SUN,0
2021-12-24T11,ERCO,SUN,0
2021-12-24T12,ERCO,SUN,0
2021-12-24T13,ERCO,SUN,0
2021-12-24T14,ERCO,SUN,16
2021-12-24T15,ERCO,SUN,587
2021-12-24T16,ERCO,SUN,1821
2021-12-24T17,ERCO,SUN,2607
2021-12-24T18,ERCO,SUN,2343
2021-12-24T19,ERCO,SUN,2372
2021-12-24T20,ERCO,SUN,2356
2021-12-24T21,ERCO,SUN,2313
2021-12-24T22,ERCO,SUN,1958
2021-12-24T23,ERCO,SUN,1062
2021-12-25T00,ERCO,SUN,147
2021-12-25T01,ERCO,SUN,0
2021-12-25T02,ERCO,SUN,0
2021-12-25T03,ERCO,SUN,0
2021-12-25T04,ERCO,SUN,0
2021-12-25T05,ERCO,SUN,0
2021-12-25T06,ERCO,SUN,0
2021-12-25T07,ERCO,SUN,0
2021-12-25T08,ERCO,SUN,0
2021-12-25T09,ERCO,SUN,0
2021-12-25T10,ERCO,SUN,0
2021-12-25T11,ERCO,SUN,0
2021-12-25T12,ERCO,SUN,0
2021-12-25T13,ERCO,SUN,0
2021-12-25T14,ERCO,SUN,31
2021-12-25T15,ERCO,SUN,1412
2021-12-25T16,ERCO,SUN,3512
2021-12-25T17,ERCO,SUN,4216
2021-12-25T18,ERCO,SUN,4446
2021-12-25T19,ERCO,SUN,4695
2021-12-25T20,ERCO,SUN,4081
2021-12-25T21,ERCO,SUN,3516
2021-12-25T22,ERCO,SUN,3505
2021-12-25T23,ERCO,SUN,2376
2021-12-26T00,ERCO,SUN,286
2021-12-26T01,ERCO,SUN,0
2021-12-26T02,ERCO,SUN,0
2021-12-26T03,ERCO,SUN,0
2021-12-26T04,ERCO,SUN,0
2021-12-26T05,ERCO,SUN,0
2021-12-26T06,ERCO,SUN,0
2021-12-26T07,ERCO,SUN,0
2021-12-26T08,ERCO,SUN,0
2021-12-26T09,ERCO,SUN,0
2021-12-26T10,ERCO,SUN,0
2021-12-26T11,ERCO,SUN,0
2021-12-26T12,ERCO,SUN,0
2021-12-26T13,ERCO,SUN,0
2021-12-26T14,ERCO,SUN,8
2021-12-26T15,ERCO,SUN,752
2021-12-26T16,ERCO,SUN,2595
2021-12-26T17,ERCO,SUN,3096
2021-12-26T18,ERCO,SUN,2583
2021-12-26T19,ERCO,SUN,2349
2021-12-26T20,ERCO,SUN,2239
2021-12-26T21,ERCO,SUN,2377
2021-12-26T22,ERCO,SUN,2661
2021-12-26T23,ERCO,SUN,2223
2021-12-27T00,ERCO,SUN,363
2021-12-27T01,ERCO,SUN,0
2021-12-27T02,ERCO,SUN,0
2021-12-27T03,ERCO,SUN,0
2021-12-27T04,ERCO,SUN,0
2021-12-27T05,ERCO,SUN,0
2021-12-27T06,ERCO,SUN,0
2021-12-27T07,ERCO,SUN,0
2021-12-27T08,ERCO,SUN,0
2021-12-27T09,ERCO,SUN,0
2021-12-27T10,ERCO,SUN,0
2021-12-27T11,ERCO,SUN,0
2021-12-27T12,ERCO,SUN,0
2021-12-27T13,ERCO,SUN,0
2021-12-27T14,ERCO,SUN,24
2021-12-27T15,ERCO,SUN,1524
2021-12-27T16,ERCO,SUN,4069
2021-12-27T17,ERCO,SUN,4023
2021-12-27T18,ERCO,SUN,4165
2021-12-27T19,ERCO,SUN,3882
2021-12-27T20,ERCO,SUN,4139
2021-12-27T21,ERCO,SUN,3996
2021-12-27T22,ERCO,SUN,4132
2021-12-27T23,ERCO,SUN,2197
2021-12-28T00,ERCO,SUN,300
2021-12-28T01,ERCO,SUN,0
2021-12-28T02,ERCO,SUN,0
2021-12-28T03,ERCO,SUN,0
2021-12-28T04,ERCO,SUN,0
2021-12-28T05,ERCO,SUN,0
2021-12-28T06,ERCO,SUN,0
2021-12-28T07,ERCO,SUN,0
2021-12-28T08,ERCO,SUN,0
2021-12-28T09,ERCO,SUN,0
2021-12-28T10,ERCO,SUN,0
2021-12-28T11,ERCO,SUN,0
2021-12-28T12,ERCO,SUN,0
2021-12-28T13,ERCO,SUN,0
2021-12-28T14,ERCO,SUN,17
2021-12-28T15,ERCO,SUN,1332
2021-12-28T16,ERCO,SUN,3934
2021-12-28T17,ERCO,SUN,4576
2021-12-28T18,ERCO,SUN,3455
2021-12-28T19,ERCO,SUN,3248
2021-12-28T20,ERCO,SUN,4346
2021-12-28T21,ERCO,SUN,5452
2021-12-28T22,ERCO,SUN,5253
2021-12-28T23,ERCO,SUN,3577
2021-12-29T00,ERCO,SUN,477
2021-12-29T01,ERCO,SUN,0
2021-12-29T02,ERCO,SUN,0
2021-12-29T03,ERCO,SUN,0
2021-12-29T04,ERCO,SUN,0
2021-12-29T05,ERCO,SUN,0
2021-12-29T06,ERCO,SUN,0
2021-12-29T07,ERCO,SUN,0
2021-12-29T08,ERCO,SUN,0
2021-12-29T09,ERCO,SUN,0
2021-12-29T10,ERCO,SUN,0
2021-12-29T11,ERCO,SUN,0
2021-12-29T12,ERCO,SUN,0
2021-12-29T13,ERCO,SUN,0
2021-12-29T14,ERCO,SUN,10
2021-12-29T15,ERCO,SUN,1410
2021-12-29T16,ERCO,SUN,4597
2021-12-29T17,ERCO,SUN,5432
2021-12-29T18,ERCO,SUN,5050
2021-12-29T19,ERCO,SUN,3783
2021-12-29T20,ERCO,SUN,3320
2021-12-29T21,ERCO,SUN,3170
2021-12-29T22,ERCO,SUN,3557
2021-12-29T23,ERCO,SUN,3396
2021-12-30T00,ERCO,SUN,641
2021-12-30T01,ERCO,SUN,0
2021-12-30T02,ERCO,SUN,0
2021-12-30T03,ERCO,SUN,0
2021-12-30T04,ERCO,SUN,0
2021-12-30T05,ERCO,SUN,0
2021-12-30T06,ERCO,SUN,0
2021-12-30T07,ERCO,SUN,0
2021-12-30T08,ERCO,SUN,0
2021-12-30T09,ERCO,SUN,0
2021-12-30T10,ERCO,SUN,0
2021-12-30T11,ERCO,SUN,0
2021-12-30T12,ERCO,SUN,0
2021-12-30T13,ERCO,SUN,0
2021-12-30T14,ERCO,SUN,26
2021-12-30T15,ERCO,SUN,1706
2021-12-30T16,ERCO,SUN,4732
2021-12-30T17,ERCO,SUN,5244
2021-12-30T18,ERCO,SUN,4846
2021-12-30T19,ERCO,SUN,4583
2021-12-30T20,ERCO,SUN,4603
2021-12-30T21,ERCO,SUN,4699
2021-12-30T22,ERCO,SUN,4057
2021-12-30T23,ERCO,SUN,2831
2021-12-31T00,ERCO,SUN,517
2021-12-31T01,ERCO,SUN,0
2021-12-31T02,ERCO,SUN,0
2021-12-31T03,ERCO,SUN,0
2021-12-31T04,ERCO,SUN,0
2021-12-31T05,ERCO,SUN,0
2021-12-31T06,ERCO,SUN,0
2021-12-31T07,ERCO,SUN,0
2021-12-31T08,ERCO,SUN,0
2021-12-31T09,ERCO,SUN,0
2021-12-31T10,ERCO,SUN,0
2021-12-31T11,ERCO,SUN,0
2021-12-31T12,ERCO,SUN,0
2021-12-31T13,ERCO,SUN,0
2021-12-31T14,ERCO,SUN,6
2021-12-31T15,ERCO,SUN,207
2021-12-31T16,ERCO,SUN,717
2021-12-31T17,ERCO,SUN,1292
2021-12-31T18,ERCO,SUN,1800
2021-12-31T19,ERCO,SUN,2372
2021-12-31T20,ERCO,SUN,2555
2021-12-31T21,ERCO,SUN,2130
2021-12-31T22,ERCO,SUN,1577
2021-12-31T23,ERCO,SUN,619
