Source,Location ID,City,State,Country,Latitude,Longitude,Time Zone,Elevation,Local Time Zone,Clearsky DHI Units,Clearsky DNI Units,Clearsky GHI Units,Dew Point Units,DHI Units,DNI Units,GHI Units,Solar Zenith Angle Units,Temperature Units,Pressure Units,Relative Humidity Units,Precipitable Water Units,Wind Direction Units,Wind Speed Units,Cloud Type -15,Cloud Type 0,Cloud Type 1,Cloud Type 2,Cloud Type 3,Cloud Type 4,Cloud Type 5,Cloud Type 6,Cloud Type 7,Cloud Type 8,Cloud Type 9,Cloud Type 10,Cloud Type 11,Cloud Type 12,Fill Flag 0,Fill Flag 1,Fill Flag 2,Fill Flag 3,Fill Flag 4,Fill Flag 5,Surface Albedo Units,Version
NSRDB,575848,-,-,-,32.25,-101.5,-6,756,-6,w/m2,w/m2,w/m2,c,w/m2,w/m2,w/m2,Degree,c,mbar,%,cm,Degrees,m/s,N/A,Clear,Probably Clear,Fog,Water,Super-Cooled Water,Mixed,Opaque Ice,Cirrus,Overlapping,Overshooting,Unknown,Dust,Smoke,N/A,Missing Image,Low Irradiance,Exceeds Clearsky,Missing CLoud Properties,Rayleigh Violation,N/A,4.0.0
Year,Month,Day,Hour,Minute,GHI,Wind Speed,Cloud Type,Temperature
2021,1,1,0,30,0,4.5,8,-0.30000000000000004
2021,1,1,1,30,0,4.2,0,-0.5
2021,1,1,2,30,0,3.9000000000000004,0,-0.8
2021,1,1,3,30,0,3.4000000000000004,4,-1.2000000000000002
2021,1,1,4,30,0,3.1,4,-1.5
2021,1,1,5,30,0,2.9000000000000004,4,-1.8
2021,1,1,6,30,0,2.9000000000000004,4,-2.1
2021,1,1,7,30,0,3.3000000000000003,4,-1.4000000000000001
2021,1,1,8,30,34,3.9000000000000004,4,0.7000000000000001
2021,1,1,9,30,164,4.2,4,3.1
2021,1,1,10,30,372,4.2,4,4.9
2021,1,1,11,30,549,4.1000000000000005,4,6.4
2021,1,1,12,30,511,3.9000000000000004,4,7.6000000000000005
2021,1,1,13,30,232,3.8000000000000003,4,8.5
2021,1,1,14,30,204,3.6,4,8.8
2021,1,1,15,30,221,3,8,8.4
2021,1,1,16,30,100,1.9000000000000001,4,6.5
2021,1,1,17,30,23,1.3,4,4.3
2021,1,1,18,30,0,1.3,8,3.6
2021,1,1,19,30,0,1.2000000000000002,4,3.3000000000000003
2021,1,1,20,30,0,1.2000000000000002,4,2.9000000000000004
2021,1,1,21,30,0,1.2000000000000002,4,2.6
2021,1,1,22,30,0,1.1,4,2.4000000000000004
2021,1,1,23,30,0,1.1,4,2.2
2021,1,2,0,30,0,1,7,2.3000000000000003
2021,1,2,1,30,0,0.8,7,2.6
2021,1,2,2,30,0,0.6000000000000001,7,3
2021,1,2,3,30,0,0.7000000000000001,7,2.5
2021,1,2,4,30,0,1.1,8,1.1
2021,1,2,5,30,0,1.3,0,-0.5
2021,1,2,6,30,0,1.6,0,-1.6
2021,1,2,7,30,0,1.9000000000000001,0,-1.1
2021,1,2,8,30,104,2.7,0,1.3
2021,1,2,9,30,298,3.3000000000000003,0,4.2
2021,1,2,10,30,469,4.1000000000000005,0,7.4
2021,1,2,11,30,593,5.2,0,10.3
2021,1,2,12,30,650,5.7,0,11.8
2021,1,2,13,30,639,5.9,0,12.600000000000001
2021,1,2,14,30,561,5.7,0,12.8
2021,1,2,15,30,422,4.7,0,12.200000000000001
2021,1,2,16,30,239,3,0,9.1
2021,1,2,17,30,51,2.4000000000000004,0,5.6000000000000005
2021,1,2,18,30,0,3,0,4.5
2021,1,2,19,30,0,3.7,0,4.3
2021,1,2,20,30,0,4.3,0,4
2021,1,2,21,30,0,4.6000000000000005,0,3.9000000000000004
2021,1,2,22,30,0,4.6000000000000005,0,4.1000000000000005
2021,1,2,23,30,0,4.4,7,4.2
2021,1,3,0,30,0,4.3,0,4
2021,1,3,1,30,0,4.4,0,3.6
2021,1,3,2,30,0,4.4,0,2.9000000000000004
2021,1,3,3,30,0,4.4,0,2.1
2021,1,3,4,30,0,4.4,0,1.5
2021,1,3,5,30,0,4.3,0,0.9
2021,1,3,6,30,0,4.1000000000000005,0,0.4
2021,1,3,7,30,0,4.3,0,0.6000000000000001
2021,1,3,8,30,107,4.6000000000000005,0,2.5
2021,1,3,9,30,302,4.6000000000000005,0,5.7
2021,1,3,10,30,473,4.6000000000000005,0,9.3
2021,1,3,11,30,594,4.5,0,12.4
2021,1,3,12,30,648,4.5,0,14.8
2021,1,3,13,30,636,4.7,0,16.3
2021,1,3,14,30,554,4.5,0,16.8
2021,1,3,15,30,417,3.3000000000000003,0,15.9
2021,1,3,16,30,235,1.9000000000000001,0,12.600000000000001
2021,1,3,17,30,51,1.6,0,9.3
2021,1,3,18,30,0,1.7000000000000002,0,7.800000000000001
2021,1,3,19,30,0,1.9000000000000001,0,7.1000000000000005
2021,1,3,20,30,0,2.3000000000000003,0,6.9
2021,1,3,21,30,0,3,0,6.5
2021,1,3,22,30,0,3.6,0,5.800000000000001
2021,1,3,23,30,0,3.9000000000000004,7,5.2
2021,1,4,0,30,0,4.1000000000000005,0,4.800000000000001
2021,1,4,1,30,0,4.3,0,4.6000000000000005
2021,1,4,2,30,0,4.5,0,4.5
2021,1,4,3,30,0,4.5,0,4.4
2021,1,4,4,30,0,4.3,0,4.1000000000000005
2021,1,4,5,30,0,4.1000000000000005,0,3.8000000000000003
2021,1,4,6,30,0,3.8000000000000003,0,3.4000000000000004
2021,1,4,7,30,0,4,0,3.8000000000000003
2021,1,4,8,30,102,4.5,0,5.800000000000001
2021,1,4,9,30,294,4.7,0,8.6
2021,1,4,10,30,463,4.800000000000001,0,11.3
2021,1,4,11,30,583,4.800000000000001,0,13.700000000000001
2021,1,4,12,30,640,4.9,0,15.700000000000001
2021,1,4,13,30,630,5,0,16.900000000000002
2021,1,4,14,30,551,4.800000000000001,0,17.1
2021,1,4,15,30,414,4,0,16.1
2021,1,4,16,30,235,2.5,0,12.8
2021,1,4,17,30,52,1.6,0,9
2021,1,4,18,30,0,1.6,0,7.300000000000001
2021,1,4,19,30,0,1.5,0,6.4
2021,1,4,20,30,0,1.4000000000000001,0,5.9
2021,1,4,21,30,0,1.3,0,5.6000000000000005
2021,1,4,22,30,0,1.2000000000000002,0,5.5
2021,1,4,23,30,0,1.1,0,5.300000000000001
2021,1,5,0,30,0,1,0,5.2
2021,1,5,1,30,0,0.9,0,4.800000000000001
2021,1,5,2,30,0,0.9,0,4.4
2021,1,5,3,30,0,0.9,0,3.7
2021,1,5,4,30,0,1.1,0,2.9000000000000004
2021,1,5,5,30,0,1.2000000000000002,0,1.9000000000000001
2021,1,5,6,30,0,1.3,0,1
2021,1,5,7,30,0,1.4000000000000001,0,1.7000000000000002
2021,1,5,8,30,99,2.2,0,4.5
2021,1,5,9,30,285,3,0,7.9
2021,1,5,10,30,448,4,0,11.5
2021,1,5,11,30,556,4.800000000000001,0,14.5
2021,1,5,12,30,522,4.9,7,16.3
2021,1,5,13,30,514,5,7,17.6
2021,1,5,14,30,477,5.1000000000000005,7,18.2
2021,1,5,15,30,390,4.5,0,17.7
2021,1,5,16,30,202,3,0,15
2021,1,5,17,30,47,2.2,0,12.100000000000001
2021,1,5,18,30,0,2.6,6,11
2021,1,5,19,30,0,3.3000000000000003,7,10.3
2021,1,5,20,30,0,3.9000000000000004,7,9.5
2021,1,5,21,30,0,4,7,8.5
2021,1,5,22,30,0,4.1000000000000005,8,7.7
2021,1,5,23,30,0,4,0,6.9
2021,1,6,0,30,0,3.8000000000000003,0,6.300000000000001
2021,1,6,1,30,0,3.6,0,5.800000000000001
2021,1,6,2,30,0,3.5,0,5.4
2021,1,6,3,30,0,3.8000000000000003,0,5
2021,1,6,4,30,0,4.2,0,4.6000000000000005
2021,1,6,5,30,0,4.4,0,4.1000000000000005
2021,1,6,6,30,0,4.5,0,3.6
2021,1,6,7,30,0,4.9,0,3.9000000000000004
2021,1,6,8,30,96,6.1000000000000005,0,5.6000000000000005
2021,1,6,9,30,232,7.1000000000000005,0,7.7
2021,1,6,10,30,331,7.300000000000001,8,9.200000000000001
2021,1,6,11,30,335,7.2,8,10.5
2021,1,6,12,30,623,7.2,0,11.700000000000001
2021,1,6,13,30,598,7.2,0,12.600000000000001
2021,1,6,14,30,549,7.2,0,13
2021,1,6,15,30,419,6.9,0,12.9
2021,1,6,16,30,244,5.6000000000000005,0,11.3
2021,1,6,17,30,59,4,0,8.5
2021,1,6,18,30,0,3.3000000000000003,0,6.300000000000001
2021,1,6,19,30,0,3,0,5.2
2021,1,6,20,30,0,2.8000000000000003,0,4.2
2021,1,6,21,30,0,2.6,0,3.3000000000000003
2021,1,6,22,30,0,2.5,0,2.4000000000000004
2021,1,6,23,30,0,2.4000000000000004,0,1.7000000000000002
2021,1,7,0,30,0,2.2,0,1
2021,1,7,1,30,0,2.1,0,0.4
2021,1,7,2,30,0,2.1,0,-0.1
2021,1,7,3,30,0,2,0,-0.6000000000000001
2021,1,7,4,30,0,1.9000000000000001,0,-1.1
2021,1,7,5,30,0,1.9000000000000001,0,-1.5
2021,1,7,6,30,0,1.8,0,-1.9000000000000001
2021,1,7,7,30,0,2.2,0,-0.9
2021,1,7,8,30,94,2.7,0,1.8
2021,1,7,9,30,292,2.8000000000000003,0,5.2
2021,1,7,10,30,461,2.8000000000000003,0,8.5
2021,1,7,11,30,578,2.3000000000000003,0,10.700000000000001
2021,1,7,12,30,635,1.7000000000000002,0,12.200000000000001
2021,1,7,13,30,627,1.6,0,13.4
2021,1,7,14,30,553,1.5,0,14
2021,1,7,15,30,420,1.2000000000000002,0,13.700000000000001
2021,1,7,16,30,244,0.8,0,11.8
2021,1,7,17,30,59,1,0,8.8
2021,1,7,18,30,0,1.4000000000000001,0,6.300000000000001
2021,1,7,19,30,0,1.6,0,4.6000000000000005
2021,1,7,20,30,0,1.8,0,3.4000000000000004
2021,1,7,21,30,0,1.9000000000000001,0,2.4000000000000004
2021,1,7,22,30,0,1.9000000000000001,0,1.4000000000000001
2021,1,7,23,30,0,1.8,0,0.5
2021,1,8,0,30,0,1.6,0,-0.4
2021,1,8,1,30,0,1.4000000000000001,0,-1.1
2021,1,8,2,30,0,1.3,0,-1.7000000000000002
2021,1,8,3,30,0,1.3,0,-2.3000000000000003
2021,1,8,4,30,0,1.3,0,-2.7
2021,1,8,5,30,0,1.3,0,-3.1
2021,1,8,6,30,0,1.4000000000000001,0,-3.3000000000000003
2021,1,8,7,30,0,2.2,0,-2.2
2021,1,8,8,30,59,3.2,4,0
2021,1,8,9,30,39,3.5,4,2.3000000000000003
2021,1,8,10,30,94,3.5,8,4.1000000000000005
2021,1,8,11,30,71,3,4,5.300000000000001
2021,1,8,12,30,111,2.5,4,6.4
2021,1,8,13,30,128,2,4,7.2
2021,1,8,14,30,109,1.7000000000000002,4,7.5
2021,1,8,15,30,133,1.5,4,7.2
2021,1,8,16,30,157,1,4,5.6000000000000005
2021,1,8,17,30,57,0.8,0,3.4000000000000004
2021,1,8,18,30,0,0.9,0,1.8
2021,1,8,19,30,0,0.9,0,0.8
2021,1,8,20,30,0,0.8,0,0.1
2021,1,8,21,30,0,0.7000000000000001,0,-0.4
2021,1,8,22,30,0,0.7000000000000001,0,-0.8
2021,1,8,23,30,0,0.7000000000000001,0,-1.2000000000000002
2021,1,9,0,30,0,0.7000000000000001,0,-1.4000000000000001
2021,1,9,1,30,0,0.7000000000000001,0,-1.7000000000000002
2021,1,9,2,30,0,0.6000000000000001,0,-2.1
2021,1,9,3,30,0,0.7000000000000001,0,-2.5
2021,1,9,4,30,0,0.7000000000000001,0,-2.8000000000000003
2021,1,9,5,30,0,0.9,0,-2.8000000000000003
2021,1,9,6,30,0,1.3,0,-2.5
2021,1,9,7,30,0,2,0,-2
2021,1,9,8,30,22,2.8000000000000003,8,-0.6000000000000001
2021,1,9,9,30,81,3.7,8,2
2021,1,9,10,30,53,4.3,8,4.7
2021,1,9,11,30,128,4.7,8,6.800000000000001
2021,1,9,12,30,159,4.9,5,8.4
2021,1,9,13,30,75,4.800000000000001,8,9.3
2021,1,9,14,30,139,4.6000000000000005,8,9.5
2021,1,9,15,30,78,4.5,7,9
2021,1,9,16,30,30,4.1000000000000005,7,7.9
2021,1,9,17,30,25,3.5,7,6.6000000000000005
2021,1,9,18,30,0,3.6,7,5.7
2021,1,9,19,30,0,3.9000000000000004,8,5.300000000000001
2021,1,9,20,30,0,4.2,6,4.800000000000001
2021,1,9,21,30,0,4.6000000000000005,9,4.3
2021,1,9,22,30,0,4.800000000000001,6,3.9000000000000004
2021,1,9,23,30,0,4.800000000000001,9,3.3000000000000003
2021,1,10,0,30,0,4.800000000000001,6,2.5
2021,1,10,1,30,0,4.9,6,1.7000000000000002
2021,1,10,2,30,0,4.6000000000000005,9,1
2021,1,10,3,30,0,4.5,7,0.8
2021,1,10,4,30,0,4.6000000000000005,8,0.5
2021,1,10,5,30,0,4.6000000000000005,7,0.2
2021,1,10,6,30,0,4.5,7,-0.1
2021,1,10,7,30,0,4.3,7,-0.4
2021,1,10,8,30,18,4.4,8,-0.2
2021,1,10,9,30,89,4.6000000000000005,4,0.30000000000000004
2021,1,10,10,30,68,4.5,4,1
2021,1,10,11,30,90,4.2,4,1.4000000000000001
2021,1,10,12,30,108,3.9000000000000004,4,1.6
2021,1,10,13,30,103,3.9000000000000004,4,1.6
2021,1,10,14,30,109,4,4,1.6
2021,1,10,15,30,42,3.9000000000000004,5,1.4000000000000001
2021,1,10,16,30,82,3.3000000000000003,4,0.5
2021,1,10,17,30,40,2.3000000000000003,4,-1.2000000000000002
2021,1,10,18,30,0,1.6,0,-2.7
2021,1,10,19,30,0,1.5,0,-3.8000000000000003
2021,1,10,20,30,0,1.5,0,-4.6000000000000005
2021,1,10,21,30,0,1.5,0,-5.2
2021,1,10,22,30,0,1.6,0,-5.6000000000000005
2021,1,10,23,30,0,1.6,0,-5.9
2021,1,11,0,30,0,1.7000000000000002,4,-6.2
2021,1,11,1,30,0,1.7000000000000002,4,-6.4
2021,1,11,2,30,0,1.8,4,-6.6000000000000005
2021,1,11,3,30,0,1.9000000000000001,4,-6.6000000000000005
2021,1,11,4,30,0,2.1,4,-6.5
2021,1,11,5,30,0,2.1,4,-6.5
2021,1,11,6,30,0,2.1,4,-6.6000000000000005
2021,1,11,7,30,0,2.3000000000000003,4,-5.800000000000001
2021,1,11,8,30,48,2.4000000000000004,4,-3.4000000000000004
2021,1,11,9,30,146,2.1,4,-0.30000000000000004
2021,1,11,10,30,272,1.6,4,1.8
2021,1,11,11,30,438,1.3,4,2.8000000000000003
2021,1,11,12,30,644,1.4000000000000001,0,3.6
2021,1,11,13,30,605,1.5,0,4.1000000000000005
2021,1,11,14,30,575,1.8,0,4.2
2021,1,11,15,30,437,1.9000000000000001,0,3.9000000000000004
2021,1,11,16,30,255,1.5,0,2.2
2021,1,11,17,30,66,1.1,0,-0.2
2021,1,11,18,30,0,1.2000000000000002,0,-1.7000000000000002
2021,1,11,19,30,0,1.2000000000000002,0,-2.5
2021,1,11,20,30,0,1.2000000000000002,0,-3.2
2021,1,11,21,30,0,1.2000000000000002,8,-3.6
2021,1,11,22,30,0,1.2000000000000002,8,-4.1000000000000005
2021,1,11,23,30,0,1.3,0,-4.4
2021,1,12,0,30,0,1.4000000000000001,0,-4.6000000000000005
2021,1,12,1,30,0,1.6,7,-4.800000000000001
2021,1,12,2,30,0,1.6,0,-5.1000000000000005
2021,1,12,3,30,0,1.7000000000000002,0,-5.4
2021,1,12,4,30,0,1.7000000000000002,8,-5.6000000000000005
2021,1,12,5,30,0,1.7000000000000002,0,-5.7
2021,1,12,6,30,0,1.8,0,-5.800000000000001
2021,1,12,7,30,0,2.4000000000000004,8,-4.800000000000001
2021,1,12,8,30,100,3.1,0,-2.2
2021,1,12,9,30,298,3.3000000000000003,0,0.9
2021,1,12,10,30,439,3.3000000000000003,0,3.5
2021,1,12,11,30,600,3.2,0,5.300000000000001
2021,1,12,12,30,662,3.2,0,6.800000000000001
2021,1,12,13,30,583,3.3000000000000003,7,8.1
2021,1,12,14,30,575,3.1,0,8.8
2021,1,12,15,30,445,2.4000000000000004,0,8.6
2021,1,12,16,30,263,1.6,0,6.4
2021,1,12,17,30,71,1.4000000000000001,0,3.5
2021,1,12,18,30,0,1.6,0,1.7000000000000002
2021,1,12,19,30,0,1.7000000000000002,0,0.4
2021,1,12,20,30,0,1.9000000000000001,0,-0.4
2021,1,12,21,30,0,2.2,0,-0.8
2021,1,12,22,30,0,2.6,0,-1.1
2021,1,12,23,30,0,2.9000000000000004,0,-1.5
2021,1,13,0,30,0,3.2,0,-2.1
2021,1,13,1,30,0,3.3000000000000003,0,-2.8000000000000003
2021,1,13,2,30,0,3.2,0,-3.4000000000000004
2021,1,13,3,30,0,2.8000000000000003,0,-3.8000000000000003
2021,1,13,4,30,0,2.5,0,-4
2021,1,13,5,30,0,2.5,0,-3.9000000000000004
2021,1,13,6,30,0,2.8000000000000003,0,-3.6
2021,1,13,7,30,0,3.7,0,-2.4000000000000004
2021,1,13,8,30,112,4.5,0,0.1
2021,1,13,9,30,312,4.5,0,3.3000000000000003
2021,1,13,10,30,490,4.7,0,7.2
2021,1,13,11,30,616,5.4,0,10.9
2021,1,13,12,30,678,6,0,13.600000000000001
2021,1,13,13,30,674,6.300000000000001,0,15.3
2021,1,13,14,30,596,6.1000000000000005,0,16
2021,1,13,15,30,457,4.9,0,15.200000000000001
2021,1,13,16,30,275,3.2,0,11.700000000000001
2021,1,13,17,30,77,2.7,0,7.9
2021,1,13,18,30,0,3,0,6.7
2021,1,13,19,30,0,3.4000000000000004,0,6.4
2021,1,13,20,30,0,4,0,6.1000000000000005
2021,1,13,21,30,0,4.5,0,5.6000000000000005
2021,1,13,22,30,0,4.9,0,4.9
2021,1,13,23,30,0,5.1000000000000005,0,4.2
2021,1,14,0,30,0,5.2,0,3.7
2021,1,14,1,30,0,5.1000000000000005,0,3.3000000000000003
2021,1,14,2,30,0,5,8,3.2
2021,1,14,3,30,0,4.9,6,3.4000000000000004
2021,1,14,4,30,0,4.800000000000001,7,4
2021,1,14,5,30,0,4.800000000000001,8,4.4
2021,1,14,6,30,0,4.9,7,4.7
2021,1,14,7,30,0,5.2,0,5.800000000000001
2021,1,14,8,30,104,5.800000000000001,0,7.9
2021,1,14,9,30,296,7.6000000000000005,0,10.200000000000001
2021,1,14,10,30,467,9,0,11.700000000000001
2021,1,14,11,30,578,8.5,0,12.3
2021,1,14,12,30,652,7.7,0,12.700000000000001
2021,1,14,13,30,656,6.9,0,12.8
2021,1,14,14,30,525,6.2,8,12.700000000000001
2021,1,14,15,30,383,5.300000000000001,8,11.9
2021,1,14,16,30,207,3.6,8,9.4
2021,1,14,17,30,50,2.1,8,5.800000000000001
2021,1,14,18,30,0,1.7000000000000002,0,3.7
2021,1,14,19,30,0,1.6,0,2.8000000000000003
2021,1,14,20,30,0,1.5,0,2
2021,1,14,21,30,0,1.4000000000000001,0,1.5
2021,1,14,22,30,0,1.3,0,1.2000000000000002
2021,1,14,23,30,0,1.3,0,1
2021,1,15,0,30,0,1.2000000000000002,0,0.6000000000000001
2021,1,15,1,30,0,1.3,0,-0.30000000000000004
2021,1,15,2,30,0,1.5,0,-1.4000000000000001
2021,1,15,3,30,0,1.8,0,-2.2
2021,1,15,4,30,0,2.1,0,-2.5
2021,1,15,5,30,0,2.2,0,-2.8000000000000003
2021,1,15,6,30,0,2,0,-3.2
2021,1,15,7,30,0,1.9000000000000001,0,-1.9000000000000001
2021,1,15,8,30,105,2.3000000000000003,0,1.2000000000000002
2021,1,15,9,30,305,3.2,0,4.7
2021,1,15,10,30,480,4.1000000000000005,0,7.6000000000000005
2021,1,15,11,30,608,4.5,0,9.3
2021,1,15,12,30,669,4.5,0,10.5
2021,1,15,13,30,664,4.7,0,11.3
2021,1,15,14,30,592,4.9,0,11.5
2021,1,15,15,30,459,4.6000000000000005,0,11.100000000000001
2021,1,15,16,30,279,3.1,0,8.6
2021,1,15,17,30,83,1.9000000000000001,0,5.1000000000000005
2021,1,15,18,30,0,1.8,0,3.3000000000000003
2021,1,15,19,30,0,1.8,0,2.6
2021,1,15,20,30,0,1.7000000000000002,0,2
2021,1,15,21,30,0,1.7000000000000002,0,1.5
2021,1,15,22,30,0,1.7000000000000002,0,0.9
2021,1,15,23,30,0,1.7000000000000002,0,0.4
2021,1,16,0,30,0,1.7000000000000002,0,-0.2
2021,1,16,1,30,0,1.7000000000000002,0,-0.8
2021,1,16,2,30,0,1.6,0,-1.2000000000000002
2021,1,16,3,30,0,1.6,0,-1.6
2021,1,16,4,30,0,1.5,0,-1.8
2021,1,16,5,30,0,1.4000000000000001,0,-1.8
2021,1,16,6,30,0,1.3,0,-1.5
2021,1,16,7,30,0,1.2000000000000002,0,-0.30000000000000004
2021,1,16,8,30,99,1.4000000000000001,0,2.3000000000000003
2021,1,16,9,30,295,1.5,0,5.4
2021,1,16,10,30,479,2.4000000000000004,0,9.3
2021,1,16,11,30,600,3.7,0,12.8
2021,1,16,12,30,648,4,0,14.8
2021,1,16,13,30,642,3.8000000000000003,0,15.600000000000001
2021,1,16,14,30,318,2.9000000000000004,7,15.4
2021,1,16,15,30,175,1.7000000000000002,7,14
2021,1,16,16,30,106,1.1,7,12.5
2021,1,16,17,30,33,1,7,11.700000000000001
2021,1,16,18,30,0,0.9,7,11.200000000000001
2021,1,16,19,30,0,0.8,0,10.100000000000001
2021,1,16,20,30,0,0.9,0,8.4
2021,1,16,21,30,0,0.9,0,6.5
2021,1,16,22,30,0,1.2000000000000002,0,4.6000000000000005
2021,1,16,23,30,0,1.3,0,3.2
2021,1,17,0,30,0,1.4000000000000001,0,2.4000000000000004
2021,1,17,1,30,0,1.3,0,2
2021,1,17,2,30,0,1.3,0,1.6
2021,1,17,3,30,0,1.4000000000000001,0,0.7000000000000001
2021,1,17,4,30,0,1.8,0,-0.2
2021,1,17,5,30,0,2.2,0,-0.7000000000000001
2021,1,17,6,30,0,2.4000000000000004,0,-0.9
2021,1,17,7,30,0,2.9000000000000004,0,0.2
2021,1,17,8,30,79,3.4000000000000004,0,2.9000000000000004
2021,1,17,9,30,268,3.7,0,6.4
2021,1,17,10,30,472,3.8000000000000003,0,9.8
2021,1,17,11,30,596,3,0,12
2021,1,17,12,30,659,2.2,0,13.3
2021,1,17,13,30,655,1.8,0,14
2021,1,17,14,30,582,1.5,0,14.100000000000001
2021,1,17,15,30,450,1.2000000000000002,0,13.700000000000001
2021,1,17,16,30,270,1,0,11.8
2021,1,17,17,30,82,1,0,9
2021,1,17,18,30,0,1.3,0,6.9
2021,1,17,19,30,0,1.4000000000000001,4,5.4
2021,1,17,20,30,0,1.5,0,4.3
2021,1,17,21,30,0,1.6,0,3.5
2021,1,17,22,30,0,1.8,0,3
2021,1,17,23,30,0,2,0,2.5
2021,1,18,0,30,0,2.2,0,2.1
2021,1,18,1,30,0,2.4000000000000004,0,1.8
2021,1,18,2,30,0,2.5,0,1.4000000000000001
2021,1,18,3,30,0,2.6,0,1.1
2021,1,18,4,30,0,2.7,0,0.9
2021,1,18,5,30,0,2.8000000000000003,0,0.8
2021,1,18,6,30,0,3,0,0.7000000000000001
2021,1,18,7,30,0,3.7,0,1.9000000000000001
2021,1,18,8,30,106,4.3,0,4.6000000000000005
2021,1,18,9,30,300,4.2,0,8.3
2021,1,18,10,30,476,4.4,0,12.600000000000001
2021,1,18,11,30,602,4.5,0,16.400000000000002
2021,1,18,12,30,666,4.2,0,18.8
2021,1,18,13,30,662,3.9000000000000004,0,19.900000000000002
2021,1,18,14,30,590,3.6,0,19.900000000000002
2021,1,18,15,30,459,3.3000000000000003,0,18.8
2021,1,18,16,30,281,3.3000000000000003,0,15.600000000000001
2021,1,18,17,30,86,4.2,0,11.9
2021,1,18,18,30,0,5.2,0,9.8
2021,1,18,19,30,0,5.300000000000001,0,8.3
2021,1,18,20,30,0,5,0,7.2
2021,1,18,21,30,0,4.800000000000001,0,6.2
2021,1,18,22,30,0,4.6000000000000005,0,5.4
2021,1,18,23,30,0,4.4,5,4.6000000000000005
2021,1,19,0,30,0,4.3,5,3.9000000000000004
2021,1,19,1,30,0,4.3,4,3.3000000000000003
2021,1,19,2,30,0,4.4,5,2.8000000000000003
2021,1,19,3,30,0,4.5,0,2.6
2021,1,19,4,30,0,4.5,0,2.4000000000000004
2021,1,19,5,30,0,4.6000000000000005,4,2.2
2021,1,19,6,30,0,4.7,5,2.1
2021,1,19,7,30,0,5.2,5,2.8000000000000003
2021,1,19,8,30,41,6.1000000000000005,8,4.6000000000000005
2021,1,19,9,30,155,7,8,6.5
2021,1,19,10,30,248,7.2,8,7.800000000000001
2021,1,19,11,30,275,6.9,4,8.5
2021,1,19,12,30,84,6.5,4,8.8
2021,1,19,13,30,80,6.300000000000001,8,8.8
2021,1,19,14,30,95,6.2,8,8.700000000000001
2021,1,19,15,30,78,6,8,8.3
2021,1,19,16,30,90,5.4,7,7.4
2021,1,19,17,30,26,5,8,6.5
2021,1,19,18,30,0,4.800000000000001,7,5.9
2021,1,19,19,30,0,4.5,6,5.4
2021,1,19,20,30,0,4.1000000000000005,7,5.2
2021,1,19,21,30,0,3.8000000000000003,7,5
2021,1,19,22,30,0,3.4000000000000004,8,4.6000000000000005
2021,1,19,23,30,0,3.1,7,4.2
2021,1,20,0,30,0,2.9000000000000004,7,3.7
2021,1,20,1,30,0,2.7,7,3.4000000000000004
2021,1,20,2,30,0,2.3000000000000003,7,3.2
2021,1,20,3,30,0,1.9000000000000001,7,3.1
2021,1,20,4,30,0,1.6,7,3
2021,1,20,5,30,0,1.1,6,3
2021,1,20,6,30,0,0.7000000000000001,7,3
2021,1,20,7,30,0,0.8,7,3.2
2021,1,20,8,30,12,1.3,7,3.8000000000000003
2021,1,20,9,30,23,1.9000000000000001,7,4.800000000000001
2021,1,20,10,30,58,2.4000000000000004,7,6.1000000000000005
2021,1,20,11,30,36,2.9000000000000004,7,7.6000000000000005
2021,1,20,12,30,318,3.4000000000000004,8,9.200000000000001
2021,1,20,13,30,160,3.7,7,10.8
2021,1,20,14,30,256,4,8,11.9
2021,1,20,15,30,353,4.1000000000000005,8,12.200000000000001
2021,1,20,16,30,169,3.4000000000000004,8,11.200000000000001
2021,1,20,17,30,42,2.3000000000000003,8,9.1
2021,1,20,18,30,0,2.4000000000000004,8,7.7
2021,1,20,19,30,0,2.9000000000000004,8,7.4
2021,1,20,20,30,0,3.3000000000000003,8,7
2021,1,20,21,30,0,3.6,8,6.7
2021,1,20,22,30,0,4,8,6.6000000000000005
2021,1,20,23,30,0,4.2,7,6.7
2021,1,21,0,30,0,4.1000000000000005,7,6.800000000000001
2021,1,21,1,30,0,4.1000000000000005,7,7.1000000000000005
2021,1,21,2,30,0,4.2,8,7.4
2021,1,21,3,30,0,4,7,7.5
2021,1,21,4,30,0,3.8000000000000003,7,7.5
2021,1,21,5,30,0,3.8000000000000003,5,7.6000000000000005
2021,1,21,6,30,0,4,7,7.7
2021,1,21,7,30,0,4.2,7,8.200000000000001
2021,1,21,8,30,24,4.5,7,9.3
2021,1,21,9,30,40,4.5,7,11.100000000000001
2021,1,21,10,30,36,4.6000000000000005,7,13.600000000000001
2021,1,21,11,30,100,5,7,16.3
2021,1,21,12,30,169,5.1000000000000005,7,18.2
2021,1,21,13,30,210,5,7,19.5
2021,1,21,14,30,209,4.800000000000001,7,20.3
2021,1,21,15,30,446,4.4,0,20.200000000000003
2021,1,21,16,30,276,3,0,18.1
2021,1,21,17,30,91,1.9000000000000001,0,14.8
2021,1,21,18,30,0,2,4,12.9
2021,1,21,19,30,0,2.3000000000000003,4,12.3
2021,1,21,20,30,0,2.6,4,11.9
2021,1,21,21,30,0,3.2,5,11.9
2021,1,21,22,30,0,3.9000000000000004,5,12
2021,1,21,23,30,0,3.9000000000000004,5,11.9
2021,1,22,0,30,0,3.3000000000000003,5,11
2021,1,22,1,30,0,2.9000000000000004,3,9.8
2021,1,22,2,30,0,3.2,0,8.8
2021,1,22,3,30,0,3.4000000000000004,0,8
2021,1,22,4,30,0,3.4000000000000004,0,7.300000000000001
2021,1,22,5,30,0,3.1,0,6.300000000000001
2021,1,22,6,30,0,2.7,0,5.1000000000000005
2021,1,22,7,30,0,2.8000000000000003,0,5.2
2021,1,22,8,30,102,3.2,0,6.800000000000001
2021,1,22,9,30,304,3.2,0,8.8
2021,1,22,10,30,476,3.1,0,11
2021,1,22,11,30,601,3,0,13.100000000000001
2021,1,22,12,30,654,2.8000000000000003,0,14.9
2021,1,22,13,30,666,2.7,0,16.1
2021,1,22,14,30,597,2.4000000000000004,0,16.6
2021,1,22,15,30,467,2,0,16.400000000000002
2021,1,22,16,30,292,1.6,0,14.5
2021,1,22,17,30,97,1.7000000000000002,0,11.200000000000001
2021,1,22,18,30,0,2.6,0,8.9
2021,1,22,19,30,0,3.1,0,7.6000000000000005
2021,1,22,20,30,0,3,0,6.300000000000001
2021,1,22,21,30,0,2.8000000000000003,0,5.1000000000000005
2021,1,22,22,30,0,2.6,0,4.2
2021,1,22,23,30,0,2.8000000000000003,0,3.8000000000000003
2021,1,23,0,30,0,2.9000000000000004,0,3.8000000000000003
2021,1,23,1,30,0,2.6,0,3.6
2021,1,23,2,30,0,2.3000000000000003,0,3.7
2021,1,23,3,30,0,2.3000000000000003,0,3.9000000000000004
2021,1,23,4,30,0,2.3000000000000003,0,4
2021,1,23,5,30,0,2.3000000000000003,0,4
2021,1,23,6,30,0,2.4000000000000004,0,4.2
2021,1,23,7,30,0,2.7,0,4.6000000000000005
2021,1,23,8,30,106,3.1,0,5.6000000000000005
2021,1,23,9,30,295,3.4000000000000004,0,7.5
2021,1,23,10,30,424,4,0,10.5
2021,1,23,11,30,352,4.9,0,13.700000000000001
2021,1,23,12,30,314,5.6000000000000005,0,16.400000000000002
2021,1,23,13,30,358,5.800000000000001,0,18.3
2021,1,23,14,30,142,5.4,8,19.3
2021,1,23,15,30,158,4.6000000000000005,3,19.3
2021,1,23,16,30,146,2.9000000000000004,8,17.1
2021,1,23,17,30,100,1.9000000000000001,0,13.700000000000001
2021,1,23,18,30,0,2.2,8,11.9
2021,1,23,19,30,0,2.8000000000000003,8,11.3
2021,1,23,20,30,0,3.2,8,10.9
2021,1,23,21,30,0,3.3000000000000003,8,10.5
2021,1,23,22,30,0,3.3000000000000003,8,10.4
2021,1,23,23,30,0,3.3000000000000003,8,10.3
2021,1,24,0,30,0,3.1,8,10.100000000000001
2021,1,24,1,30,0,2.7,7,9.8
2021,1,24,2,30,0,2.3000000000000003,8,9.700000000000001
2021,1,24,3,30,0,2.1,8,9.600000000000001
2021,1,24,4,30,0,2,0,9.600000000000001
2021,1,24,5,30,0,1.8,0,9.5
2021,1,24,6,30,0,1.6,0,9.5
2021,1,24,7,30,0,2,0,10.600000000000001
2021,1,24,8,30,55,2.9000000000000004,3,12.9
2021,1,24,9,30,73,3.9000000000000004,8,15.3
2021,1,24,10,30,85,4.7,3,17.8
2021,1,24,11,30,161,5,7,19.5
2021,1,24,12,30,250,5,8,20.5
2021,1,24,13,30,329,4.800000000000001,8,21
2021,1,24,14,30,325,4.6000000000000005,8,21.200000000000003
2021,1,24,15,30,314,4.4,8,20.700000000000003
2021,1,24,16,30,180,3.7,8,19.200000000000003
2021,1,24,17,30,36,2.9000000000000004,7,16.900000000000002
2021,1,24,18,30,0,2.9000000000000004,8,15.5
2021,1,24,19,30,0,3.3000000000000003,7,14.9
2021,1,24,20,30,0,3.8000000000000003,8,14.8
2021,1,24,21,30,0,4.3,7,14.8
2021,1,24,22,30,0,5,8,14.5
2021,1,24,23,30,0,5.5,0,13.600000000000001
2021,1,25,0,30,0,5.6000000000000005,5,11.8
2021,1,25,1,30,0,5.1000000000000005,0,9.8
2021,1,25,2,30,0,4.6000000000000005,0,8.4
2021,1,25,3,30,0,4.6000000000000005,0,7.4
2021,1,25,4,30,0,4.5,0,6.5
2021,1,25,5,30,0,4.6000000000000005,0,5.7
2021,1,25,6,30,0,4.6000000000000005,0,5.2
2021,1,25,7,30,0,4.9,0,5.7
2021,1,25,8,30,114,5.9,0,8
2021,1,25,9,30,323,7,0,10.9
2021,1,25,10,30,502,7.6000000000000005,0,13.200000000000001
2021,1,25,11,30,631,7.9,0,14.600000000000001
2021,1,25,12,30,702,8.200000000000001,0,15.5
2021,1,25,13,30,701,8.3,0,16
2021,1,25,14,30,630,8.1,0,16.1
2021,1,25,15,30,499,7.7,0,15.8
2021,1,25,16,30,316,6.300000000000001,0,14.4
2021,1,25,17,30,112,4.6000000000000005,0,11.700000000000001
2021,1,25,18,30,0,3.6,0,9.5
2021,1,25,19,30,0,3.2,0,8.4
2021,1,25,20,30,0,2.6,0,7.2
2021,1,25,21,30,0,2.1,0,6.2
2021,1,25,22,30,0,1.8,0,5.4
2021,1,25,23,30,0,1.6,0,4.800000000000001
2021,1,26,0,30,0,1.5,0,4.4
2021,1,26,1,30,0,1.2000000000000002,0,4.5
2021,1,26,2,30,0,0.8,0,4.800000000000001
2021,1,26,3,30,0,0.6000000000000001,0,4.2
2021,1,26,4,30,0,0.9,0,2.8000000000000003
2021,1,26,5,30,0,1.1,0,1.6
2021,1,26,6,30,0,1.3,0,0.7000000000000001
2021,1,26,7,30,0,1.8,0,1.4000000000000001
2021,1,26,8,30,101,2.4000000000000004,0,3.8000000000000003
2021,1,26,9,30,312,2.2,0,6.7
2021,1,26,10,30,501,2.1,0,10
2021,1,26,11,30,628,2.9000000000000004,0,13
2021,1,26,12,30,694,4.2,0,15.200000000000001
2021,1,26,13,30,693,5.300000000000001,0,16.2
2021,1,26,14,30,626,6,0,16.3
2021,1,26,15,30,494,6.2,0,15.5
2021,1,26,16,30,311,5.4,0,13.600000000000001
2021,1,26,17,30,86,4.2,8,10.9
2021,1,26,18,30,0,4,0,9.4
2021,1,26,19,30,0,4.5,5,9.200000000000001
2021,1,26,20,30,0,4.4,8,8.6
2021,1,26,21,30,0,3.8000000000000003,5,7.7
2021,1,26,22,30,0,3.3000000000000003,5,6.4
2021,1,26,23,30,0,3.3000000000000003,0,5
2021,1,27,0,30,0,3.5,0,3.8000000000000003
2021,1,27,1,30,0,3.8000000000000003,0,2.7
2021,1,27,2,30,0,4.1000000000000005,0,1.9000000000000001
2021,1,27,3,30,0,4.2,0,1.2000000000000002
2021,1,27,4,30,0,4.2,0,0.7000000000000001
2021,1,27,5,30,0,4.1000000000000005,0,0.2
2021,1,27,6,30,0,4,0,-0.30000000000000004
2021,1,27,7,30,0,4.4,0,0.2
2021,1,27,8,30,129,4.9,0,2.5
2021,1,27,9,30,339,5.300000000000001,0,5.9
2021,1,27,10,30,522,5.4,0,8.700000000000001
2021,1,27,11,30,654,4.9,0,10.8
2021,1,27,12,30,723,4.2,0,12.4
2021,1,27,13,30,722,3.2,0,13.4
2021,1,27,14,30,651,2.4000000000000004,0,13.8
2021,1,27,15,30,517,2,0,13.4
2021,1,27,16,30,330,1.6,0,11.100000000000001
2021,1,27,17,30,122,1.5,0,7.4
2021,1,27,18,30,0,2.1,0,5
2021,1,27,19,30,0,2.6,0,4.1000000000000005
2021,1,27,20,30,0,2.8000000000000003,4,3
2021,1,27,21,30,0,2.6,7,2
2021,1,27,22,30,0,2.4000000000000004,8,1.3
2021,1,27,23,30,0,2.3000000000000003,8,0.8
2021,1,28,0,30,0,2.2,8,0.4
2021,1,28,1,30,0,2.1,8,0.2
2021,1,28,2,30,0,2.1,8,0.1
2021,1,28,3,30,0,2.2,7,0
2021,1,28,4,30,0,2.2,8,0
2021,1,28,5,30,0,2.2,7,0
2021,1,28,6,30,0,2.3000000000000003,7,0.1
2021,1,28,7,30,0,2.8000000000000003,8,0.6000000000000001
2021,1,28,8,30,87,3.5,4,2.1
2021,1,28,9,30,201,4.1000000000000005,8,4.1000000000000005
2021,1,28,10,30,303,4.3,7,6
2021,1,28,11,30,409,4.5,7,7.7
2021,1,28,12,30,492,4.5,7,8.8
2021,1,28,13,30,693,4.5,0,9.5
2021,1,28,14,30,564,4.5,0,10.200000000000001
2021,1,28,15,30,348,4.4,8,10.9
2021,1,28,16,30,299,3.4000000000000004,0,9.9
2021,1,28,17,30,78,2.4000000000000004,7,7.4
2021,1,28,18,30,0,2.4000000000000004,7,5.9
2021,1,28,19,30,0,2.9000000000000004,7,6
2021,1,28,20,30,0,3.6,7,6
2021,1,28,21,30,0,3.9000000000000004,7,5.6000000000000005
2021,1,28,22,30,0,3.4000000000000004,7,5
2021,1,28,23,30,0,2.9000000000000004,0,4.5
2021,1,29,0,30,0,2.8000000000000003,0,4.2
2021,1,29,1,30,0,2.8000000000000003,0,3.9000000000000004
2021,1,29,2,30,0,2.8000000000000003,7,3.6
2021,1,29,3,30,0,3.2,7,3.5
2021,1,29,4,30,0,3.8000000000000003,7,3.6
2021,1,29,5,30,0,4.1000000000000005,0,3.6
2021,1,29,6,30,0,4,8,3.7
2021,1,29,7,30,0,4.1000000000000005,6,4.2
2021,1,29,8,30,45,4.5,7,5.6000000000000005
2021,1,29,9,30,71,5,7,7.9
2021,1,29,10,30,167,5.300000000000001,8,10.5
2021,1,29,11,30,388,5.300000000000001,8,13
2021,1,29,12,30,422,5.4,7,15.200000000000001
2021,1,29,13,30,259,5.6000000000000005,7,16.7
2021,1,29,14,30,352,5.800000000000001,6,17.5
2021,1,29,15,30,260,5.7,6,17.400000000000002
2021,1,29,16,30,214,4.9,8,15.9
2021,1,29,17,30,87,4,7,13.5
2021,1,29,18,30,0,3.8000000000000003,7,11.8
2021,1,29,19,30,0,3.4000000000000004,6,10.700000000000001
2021,1,29,20,30,0,2.7,6,9.700000000000001
2021,1,29,21,30,0,2.4000000000000004,7,9.1
2021,1,29,22,30,0,2.3000000000000003,6,9
2021,1,29,23,30,0,2.3000000000000003,6,9.1
2021,1,30,0,30,0,2.8000000000000003,7,9.200000000000001
2021,1,30,1,30,0,4.2,6,9.5
2021,1,30,2,30,0,5.5,3,9.8
2021,1,30,3,30,0,6.1000000000000005,0,10
2021,1,30,4,30,0,6.300000000000001,0,9.700000000000001
2021,1,30,5,30,0,6.7,0,9.200000000000001
2021,1,30,6,30,0,6.800000000000001,0,8.8
2021,1,30,7,30,0,6.6000000000000005,0,9.3
2021,1,30,8,30,133,7.1000000000000005,0,11.200000000000001
2021,1,30,9,30,341,8.4,0,13.5
2021,1,30,10,30,523,9.4,0,15.200000000000001
2021,1,30,11,30,660,9.5,0,16.400000000000002
2021,1,30,12,30,724,9.200000000000001,0,17.5
2021,1,30,13,30,724,8.6,0,18.3
2021,1,30,14,30,654,7.7,0,18.8
2021,1,30,15,30,517,6.6000000000000005,0,18.8
2021,1,30,16,30,335,4.6000000000000005,0,16.8
2021,1,30,17,30,129,2.9000000000000004,0,13.200000000000001
2021,1,30,18,30,0,2.6,0,10.8
2021,1,30,19,30,0,2.6,0,9.9
2021,1,30,20,30,0,2.6,0,9
2021,1,30,21,30,0,2.7,0,8.200000000000001
2021,1,30,22,30,0,2.7,0,7.300000000000001
2021,1,30,23,30,0,2.6,0,6.300000000000001
2021,1,31,0,30,0,2.4000000000000004,0,5.5
2021,1,31,1,30,0,2.5,0,5
2021,1,31,2,30,0,2.6,0,4.6000000000000005
2021,1,31,3,30,0,2.5,0,4.1000000000000005
2021,1,31,4,30,0,2.4000000000000004,0,3.3000000000000003
2021,1,31,5,30,0,2.3000000000000003,0,2.6
2021,1,31,6,30,0,2.4000000000000004,0,2.2
2021,1,31,7,30,0,3.3000000000000003,0,3.3000000000000003
2021,1,31,8,30,131,5,0,6.2
2021,1,31,9,30,334,6.300000000000001,0,9.200000000000001
2021,1,31,10,30,514,6.6000000000000005,0,11.8
2021,1,31,11,30,646,6.2,0,13.9
2021,1,31,12,30,717,5.6000000000000005,0,15.5
2021,1,31,13,30,718,5,0,16.400000000000002
2021,1,31,14,30,649,4.5,0,16.7
2021,1,31,15,30,517,4.2,0,16.3
2021,1,31,16,30,336,3.1,0,14.3
2021,1,31,17,30,131,2,0,10.700000000000001
2021,1,31,18,30,0,1.8,0,8.200000000000001
2021,1,31,19,30,0,1.8,0,7.1000000000000005
2021,1,31,20,30,0,1.8,0,6
2021,1,31,21,30,0,1.6,0,5
2021,1,31,22,30,0,1.4000000000000001,0,4.1000000000000005
2021,1,31,23,30,0,1.3,0,3.7
2021,2,1,0,30,0,1.2000000000000002,0,3.8000000000000003
2021,2,1,1,30,0,1,0,3.8000000000000003
2021,2,1,2,30,0,0.9,0,3.8000000000000003
2021,2,1,3,30,0,0.6000000000000001,0,3.8000000000000003
2021,2,1,4,30,0,0.5,0,3.7
2021,2,1,5,30,0,0.5,0,3.4000000000000004
2021,2,1,6,30,0,0.5,0,3.2
2021,2,1,7,30,0,0.7000000000000001,0,3.9000000000000004
2021,2,1,8,30,138,1,0,6
2021,2,1,9,30,344,1.1,0,9.700000000000001
2021,2,1,10,30,522,1.5,0,13.4
2021,2,1,11,30,652,2.2,0,15.5
2021,2,1,12,30,718,2.5,0,16.5
2021,2,1,13,30,717,2.7,0,17.2
2021,2,1,14,30,649,3,0,17.3
2021,2,1,15,30,519,3.1,0,16.900000000000002
2021,2,1,16,30,337,2.3000000000000003,0,14.700000000000001
2021,2,1,17,30,133,1.6,0,11
2021,2,1,18,30,0,1.7000000000000002,0,8.6
2021,2,1,19,30,0,1.9000000000000001,0,7.7
2021,2,1,20,30,0,2.1,8,7
2021,2,1,21,30,0,2.3000000000000003,0,6.5
2021,2,1,22,30,0,2.4000000000000004,0,6.1000000000000005
2021,2,1,23,30,0,2.4000000000000004,5,5.4
2021,2,2,0,30,0,2.3000000000000003,5,5
2021,2,2,1,30,0,2.3000000000000003,7,4.800000000000001
2021,2,2,2,30,0,2.3000000000000003,8,4.2
2021,2,2,3,30,0,2.1,5,3.5
2021,2,2,4,30,0,2,8,3.1
2021,2,2,5,30,0,2,7,2.8000000000000003
2021,2,2,6,30,0,2.2,7,2.9000000000000004
2021,2,2,7,30,0,3.2,7,4.4
2021,2,2,8,30,129,4,0,7.300000000000001
2021,2,2,9,30,329,4.9,0,11
2021,2,2,10,30,395,5.6000000000000005,8,14.8
2021,2,2,11,30,492,5.4,7,18
2021,2,2,12,30,562,5.2,8,20.400000000000002
2021,2,2,13,30,537,5,8,22
2021,2,2,14,30,622,4.6000000000000005,0,22.8
2021,2,2,15,30,427,3.7,8,22.8
2021,2,2,16,30,284,2.4000000000000004,8,20.3
2021,2,2,17,30,130,1.8,0,16.3
2021,2,2,18,30,0,2.1,0,14.200000000000001
2021,2,2,19,30,0,2.6,0,13.600000000000001
2021,2,2,20,30,0,3.1,0,12.9
2021,2,2,21,30,0,3.6,0,12.100000000000001
2021,2,2,22,30,0,3.7,0,11.200000000000001
2021,2,2,23,30,0,3.8000000000000003,3,10.4
2021,2,3,0,30,0,3.6,0,9.600000000000001
2021,2,3,1,30,0,3.4000000000000004,0,8.8
2021,2,3,2,30,0,3.3000000000000003,0,8.3
2021,2,3,3,30,0,3.2,0,7.9
2021,2,3,4,30,0,3,0,7.7
2021,2,3,5,30,0,2.7,0,7.4
2021,2,3,6,30,0,2.5,0,7.4
2021,2,3,7,30,0,3.1,0,9.3
2021,2,3,8,30,127,3.6,0,12.700000000000001
2021,2,3,9,30,331,3.3000000000000003,0,16.400000000000002
2021,2,3,10,30,507,3.5,0,20.700000000000003
2021,2,3,11,30,635,4.1000000000000005,0,24.200000000000003
2021,2,3,12,30,704,4.5,0,26.3
2021,2,3,13,30,703,5.1000000000000005,0,27.200000000000003
2021,2,3,14,30,630,5.5,0,27.400000000000002
2021,2,3,15,30,494,5.5,0,26.900000000000002
2021,2,3,16,30,327,4,0,24.400000000000002
2021,2,3,17,30,95,2.8000000000000003,8,20.6
2021,2,3,18,30,0,3,8,18.5
2021,2,3,19,30,0,3.7,0,18
2021,2,3,20,30,0,4.3,0,17.400000000000002
2021,2,3,21,30,0,4.4,0,16.3
2021,2,3,22,30,0,4.5,0,15.3
2021,2,3,23,30,0,4.6000000000000005,0,14.3
2021,2,4,0,30,0,4.6000000000000005,3,13.4
2021,2,4,1,30,0,4.4,0,12.600000000000001
2021,2,4,2,30,0,4.2,0,12.100000000000001
2021,2,4,3,30,0,3.9000000000000004,0,11.9
2021,2,4,4,30,0,3.7,8,11.8
2021,2,4,5,30,0,3.6,7,11.9
2021,2,4,6,30,0,3.9000000000000004,7,12.4
2021,2,4,7,30,0,4.6000000000000005,8,13.700000000000001
2021,2,4,8,30,95,5.7,3,15.9
2021,2,4,9,30,262,6.800000000000001,8,17.400000000000002
2021,2,4,10,30,385,7.2,8,17.8
2021,2,4,11,30,445,6.7,7,17.8
2021,2,4,12,30,720,6.1000000000000005,0,17.900000000000002
2021,2,4,13,30,722,5.5,0,18
2021,2,4,14,30,626,5,0,17.8
2021,2,4,15,30,525,4.6000000000000005,0,17.1
2021,2,4,16,30,344,4.1000000000000005,0,15.600000000000001
2021,2,4,17,30,139,3.7,0,12.9
2021,2,4,18,30,2,4.2,0,10.700000000000001
2021,2,4,19,30,0,4.6000000000000005,0,9.200000000000001
2021,2,4,20,30,0,4.5,0,7.800000000000001
2021,2,4,21,30,0,4.2,0,6.800000000000001
2021,2,4,22,30,0,3.8000000000000003,0,5.9
2021,2,4,23,30,0,3.5,0,5.2
2021,2,5,0,30,0,3.1,8,4.5
2021,2,5,1,30,0,2.6,0,3.7
2021,2,5,2,30,0,2,0,3
2021,2,5,3,30,0,1.6,0,2.3000000000000003
2021,2,5,4,30,0,1.7000000000000002,0,1.9000000000000001
2021,2,5,5,30,0,1.9000000000000001,0,1.6
2021,2,5,6,30,0,2,0,1.5
2021,2,5,7,30,2,2.9000000000000004,0,2.9000000000000004
2021,2,5,8,30,146,3.9000000000000004,0,6
2021,2,5,9,30,355,4.2,0,9.5
2021,2,5,10,30,542,3.9000000000000004,0,12.5
2021,2,5,11,30,675,3.4000000000000004,0,14.8
2021,2,5,12,30,745,3.2,0,16.5
2021,2,5,13,30,745,3.4000000000000004,0,17.7
2021,2,5,14,30,676,3.7,0,18.3
2021,2,5,15,30,543,3.6,0,18.400000000000002
2021,2,5,16,30,362,2.4000000000000004,0,16.400000000000002
2021,2,5,17,30,152,1.4000000000000001,0,12.9
2021,2,5,18,30,2,1.5,0,10.4
2021,2,5,19,30,0,1.7000000000000002,0,9.1
2021,2,5,20,30,0,2.1,0,8.3
2021,2,5,21,30,0,2.7,0,7.9
2021,2,5,22,30,0,3.1,0,7.4
2021,2,5,23,30,0,3.2,0,6.6000000000000005
2021,2,6,0,30,0,3,0,5.7
2021,2,6,1,30,0,2.8000000000000003,0,5
2021,2,6,2,30,0,2.8000000000000003,0,4.6000000000000005
2021,2,6,3,30,0,2.9000000000000004,0,4.3
2021,2,6,4,30,0,3.2,0,4.2
2021,2,6,5,30,0,3.8000000000000003,0,4.3
2021,2,6,6,30,0,4.5,0,4.4
2021,2,6,7,30,3,5.4,0,5.6000000000000005
2021,2,6,8,30,157,6.1000000000000005,0,8.5
2021,2,6,9,30,373,7.2,0,11.9
2021,2,6,10,30,560,8.1,0,14.700000000000001
2021,2,6,11,30,697,7.9,0,16.400000000000002
2021,2,6,12,30,768,7.2,0,17.400000000000002
2021,2,6,13,30,768,6.5,0,17.900000000000002
2021,2,6,14,30,698,5.7,0,17.900000000000002
2021,2,6,15,30,557,4.800000000000001,0,17.400000000000002
2021,2,6,16,30,370,3,0,15.100000000000001
2021,2,6,17,30,157,1.6,0,11.5
2021,2,6,18,30,3,1.4000000000000001,0,9.3
2021,2,6,19,30,0,1.4000000000000001,0,8.5
2021,2,6,20,30,0,1.5,0,7.2
2021,2,6,21,30,0,1.6,0,5.7
2021,2,6,22,30,0,1.6,0,4.4
2021,2,6,23,30,0,1.7000000000000002,0,3.5
2021,2,7,0,30,0,1.9000000000000001,0,2.8000000000000003
2021,2,7,1,30,0,2.2,0,2.5
2021,2,7,2,30,0,2.5,0,2.2
2021,2,7,3,30,0,3.1,0,2
2021,2,7,4,30,0,3.6,0,1.7000000000000002
2021,2,7,5,30,0,3.8000000000000003,0,1.2000000000000002
2021,2,7,6,30,0,3.9000000000000004,0,0.9
2021,2,7,7,30,3,4.5,0,2
2021,2,7,8,30,158,5.1000000000000005,0,5.2
2021,2,7,9,30,372,5.800000000000001,0,9.8
2021,2,7,10,30,559,6.7,0,14.5
2021,2,7,11,30,695,6.800000000000001,0,18.2
2021,2,7,12,30,766,6.6000000000000005,0,21.1
2021,2,7,13,30,767,6.1000000000000005,0,22.900000000000002
2021,2,7,14,30,696,5.6000000000000005,0,23.700000000000003
2021,2,7,15,30,562,4.5,0,23.400000000000002
2021,2,7,16,30,375,2.8000000000000003,0,20.3
2021,2,7,17,30,161,2.1,0,15.5
2021,2,7,18,30,3,2.8000000000000003,0,13
2021,2,7,19,30,0,3.6,0,12.100000000000001
2021,2,7,20,30,0,4.3,0,11.3
2021,2,7,21,30,0,4.9,0,10.5
2021,2,7,22,30,0,5,0,9.700000000000001
2021,2,7,23,30,0,4.6000000000000005,0,8.6
2021,2,8,0,30,0,4.2,0,7.5
2021,2,8,1,30,0,4,0,6.6000000000000005
2021,2,8,2,30,0,3.6,0,5.6000000000000005
2021,2,8,3,30,0,3.2,0,4.800000000000001
2021,2,8,4,30,0,2.8000000000000003,0,4.2
2021,2,8,5,30,0,2.5,0,3.6
2021,2,8,6,30,0,2.3000000000000003,0,3.5
2021,2,8,7,30,2,2.8000000000000003,8,5.2
2021,2,8,8,30,65,3.2,7,8.3
2021,2,8,9,30,315,3.2,0,11
2021,2,8,10,30,554,3,0,13.5
2021,2,8,11,30,688,2.5,0,16
2021,2,8,12,30,763,2.1,0,18.400000000000002
2021,2,8,13,30,764,2.1,0,20.6
2021,2,8,14,30,691,2,0,22
2021,2,8,15,30,556,1.5,0,22.200000000000003
2021,2,8,16,30,372,1.1,0,20
2021,2,8,17,30,158,1.4000000000000001,0,15.8
2021,2,8,18,30,3,1.7000000000000002,0,12.8
2021,2,8,19,30,0,1.9000000000000001,0,11.200000000000001
2021,2,8,20,30,0,1.9000000000000001,0,9.8
2021,2,8,21,30,0,1.9000000000000001,0,8.6
2021,2,8,22,30,0,1.8,0,7.5
2021,2,8,23,30,0,1.8,0,6.4
2021,2,9,0,30,0,1.7000000000000002,0,5.6000000000000005
2021,2,9,1,30,0,1.8,0,4.800000000000001
2021,2,9,2,30,0,2,0,3.8000000000000003
2021,2,9,3,30,0,2.4000000000000004,0,2.4000000000000004
2021,2,9,4,30,0,2.7,0,0.9
2021,2,9,5,30,0,3,0,-0.2
2021,2,9,6,30,0,3.2,0,-1
2021,2,9,7,30,3,3.3000000000000003,0,-0.8
2021,2,9,8,30,157,3.2,0,0.5
2021,2,9,9,30,335,2.8000000000000003,0,2.5
2021,2,9,10,30,302,2.4000000000000004,3,4.9
2021,2,9,11,30,351,2,3,7.4
2021,2,9,12,30,282,1.7000000000000002,3,9.9
2021,2,9,13,30,439,1.8,3,12.100000000000001
2021,2,9,14,30,285,2,4,14
2021,2,9,15,30,308,1.9000000000000001,4,15.3
2021,2,9,16,30,287,1.5,3,14.4
2021,2,9,17,30,131,1.6,0,11.100000000000001
2021,2,9,18,30,2,2.7,0,8.200000000000001
2021,2,9,19,30,0,3.7,0,6.6000000000000005
2021,2,9,20,30,0,3.9000000000000004,0,4.9
2021,2,9,21,30,0,3.6,0,3.6
2021,2,9,22,30,0,3.3000000000000003,0,2.8000000000000003
2021,2,9,23,30,0,3.1,0,2
2021,2,10,0,30,0,3,0,1.4000000000000001
2021,2,10,1,30,0,2.9000000000000004,0,0.9
2021,2,10,2,30,0,2.8000000000000003,0,0.7000000000000001
2021,2,10,3,30,0,2.8000000000000003,0,0.7000000000000001
2021,2,10,4,30,0,2.9000000000000004,8,0.9
2021,2,10,5,30,0,2.9000000000000004,0,1
2021,2,10,6,30,0,3.1,0,1
2021,2,10,7,30,2,3.4000000000000004,8,1.1
2021,2,10,8,30,100,3.8000000000000003,8,1.5
2021,2,10,9,30,307,3.9000000000000004,0,2.1
2021,2,10,10,30,330,3.9000000000000004,0,2.9000000000000004
2021,2,10,11,30,483,3.7,0,3.7
2021,2,10,12,30,426,3.3000000000000003,8,4.6000000000000005
2021,2,10,13,30,413,3,0,5.5
2021,2,10,14,30,341,3.1,0,5.9
2021,2,10,15,30,252,3.6,8,5.2
2021,2,10,16,30,116,4.3,8,3.5
2021,2,10,17,30,42,4.800000000000001,8,1.4000000000000001
2021,2,10,18,30,3,5.2,8,-0.1
2021,2,10,19,30,0,5.5,8,-0.9
2021,2,10,20,30,0,5.4,8,-1.5
2021,2,10,21,30,0,5.300000000000001,8,-2
2021,2,10,22,30,0,5.1000000000000005,0,-2.4000000000000004
2021,2,10,23,30,0,4.9,0,-2.9000000000000004
2021,2,11,0,30,0,4.7,0,-3.3000000000000003
2021,2,11,1,30,0,4.5,0,-3.6
2021,2,11,2,30,0,4.4,0,-4
2021,2,11,3,30,0,4.4,8,-4.4
2021,2,11,4,30,0,4.5,8,-4.800000000000001
2021,2,11,5,30,0,4.6000000000000005,0,-5.2
2021,2,11,6,30,0,4.6000000000000005,0,-5.4
2021,2,11,7,30,4,4.5,0,-5.300000000000001
2021,2,11,8,30,26,4.3,8,-4.800000000000001
2021,2,11,9,30,197,4.1000000000000005,0,-4
2021,2,11,10,30,258,4,0,-3.1
2021,2,11,11,30,390,3.9000000000000004,0,-1.8
2021,2,11,12,30,591,3.8000000000000003,0,-0.2
2021,2,11,13,30,723,3.5,0,1.7000000000000002
2021,2,11,14,30,563,2.7,0,3.2
2021,2,11,15,30,540,2.2,0,3.7
2021,2,11,16,30,362,2,0,3.1
2021,2,11,17,30,164,1.6,0,1.2000000000000002
2021,2,11,18,30,6,1.5,0,-0.6000000000000001
2021,2,11,19,30,0,1.8,0,-1.5
2021,2,11,20,30,0,2,0,-2.4000000000000004
2021,2,11,21,30,0,2.2,0,-3.2
2021,2,11,22,30,0,2.7,0,-3.7
2021,2,11,23,30,0,3.3000000000000003,0,-4.3
2021,2,12,0,30,0,3.8000000000000003,0,-4.800000000000001
2021,2,12,1,30,0,4.3,0,-5.2
2021,2,12,2,30,0,4.800000000000001,0,-5.6000000000000005
2021,2,12,3,30,0,5.2,0,-5.9
2021,2,12,4,30,0,5.2,0,-6.2
2021,2,12,5,30,0,5.1000000000000005,0,-6.4
2021,2,12,6,30,0,5,0,-6.5
2021,2,12,7,30,5,4.9,0,-6.4
2021,2,12,8,30,162,4.9,0,-5.800000000000001
2021,2,12,9,30,296,4.9,0,-5.300000000000001
2021,2,12,10,30,527,4.800000000000001,0,-4.800000000000001
2021,2,12,11,30,673,4.7,0,-4.3
2021,2,12,12,30,624,4.3,0,-3.6
2021,2,12,13,30,539,3.8000000000000003,0,-3.1
2021,2,12,14,30,117,3.3000000000000003,4,-2.8000000000000003
2021,2,12,15,30,117,2.9000000000000004,4,-2.8000000000000003
2021,2,12,16,30,156,2.6,8,-3.1
2021,2,12,17,30,110,2.6,8,-3.7
2021,2,12,18,30,3,2.9000000000000004,7,-4.3
2021,2,12,19,30,0,3.4000000000000004,7,-4.7
2021,2,12,20,30,0,3.7,8,-4.9
2021,2,12,21,30,0,3.7,8,-4.9
2021,2,12,22,30,0,3.6,8,-4.9
2021,2,12,23,30,0,3.5,7,-5
2021,2,13,0,30,0,3.5,7,-5.1000000000000005
2021,2,13,1,30,0,3.5,7,-5.300000000000001
2021,2,13,2,30,0,3.5,5,-5.5
2021,2,13,3,30,0,3.4000000000000004,5,-5.800000000000001
2021,2,13,4,30,0,3.5,8,-5.9
2021,2,13,5,30,0,3.8000000000000003,8,-6.1000000000000005
2021,2,13,6,30,0,4,0,-6.300000000000001
2021,2,13,7,30,2,4.2,7,-6.300000000000001
2021,2,13,8,30,10,4.3,7,-5.9
2021,2,13,9,30,31,4.2,8,-5.2
2021,2,13,10,30,38,4.1000000000000005,8,-4.4
2021,2,13,11,30,174,3.9000000000000004,5,-3.6
2021,2,13,12,30,259,3.8000000000000003,4,-3.1
2021,2,13,13,30,474,3.6,0,-2.8000000000000003
2021,2,13,14,30,111,3.5,4,-2.9000000000000004
2021,2,13,15,30,77,3.4000000000000004,4,-3.2
2021,2,13,16,30,35,3.4000000000000004,4,-3.8000000000000003
2021,2,13,17,30,84,3.5,4,-4.7
2021,2,13,18,30,4,3.8000000000000003,4,-5.4
2021,2,13,19,30,0,4.4,8,-5.9
2021,2,13,20,30,0,4.7,8,-6.1000000000000005
2021,2,13,21,30,0,4.6000000000000005,6,-6.1000000000000005
2021,2,13,22,30,0,4.6000000000000005,6,-6.1000000000000005
2021,2,13,23,30,0,4.9,7,-6.1000000000000005
2021,2,14,0,30,0,5.2,8,-6.1000000000000005
2021,2,14,1,30,0,5.300000000000001,0,-6.1000000000000005
2021,2,14,2,30,0,5.300000000000001,8,-6.2
2021,2,14,3,30,0,5.2,6,-6.4
2021,2,14,4,30,0,5.2,6,-6.6000000000000005
2021,2,14,5,30,0,5.4,8,-6.9
2021,2,14,6,30,0,5.800000000000001,6,-7.4
2021,2,14,7,30,3,6.2,6,-7.800000000000001
2021,2,14,8,30,15,6.5,6,-8.200000000000001
2021,2,14,9,30,61,6.800000000000001,6,-8.5
2021,2,14,10,30,155,7,7,-8.9
2021,2,14,11,30,83,7.1000000000000005,8,-9.200000000000001
2021,2,14,12,30,253,7.2,8,-9.5
2021,2,14,13,30,146,7.1000000000000005,7,-9.8
2021,2,14,14,30,178,6.9,6,-10.100000000000001
2021,2,14,15,30,203,6.5,7,-10.600000000000001
2021,2,14,16,30,102,6.2,6,-11.200000000000001
2021,2,14,17,30,33,6.2,6,-11.8
2021,2,14,18,30,4,5.9,7,-12.200000000000001
2021,2,14,19,30,0,5.6000000000000005,6,-12.5
2021,2,14,20,30,0,5.4,7,-12.700000000000001
2021,2,14,21,30,0,5.1000000000000005,7,-13.100000000000001
2021,2,14,22,30,0,4.800000000000001,7,-13.600000000000001
2021,2,14,23,30,0,4.5,7,-14
2021,2,15,0,30,0,4.2,4,-14.4
2021,2,15,1,30,0,4,0,-14.8
2021,2,15,2,30,0,3.8000000000000003,0,-15.200000000000001
2021,2,15,3,30,0,3.6,0,-15.8
2021,2,15,4,30,0,3.4000000000000004,0,-16.3
2021,2,15,5,30,0,3.3000000000000003,4,-16.7
2021,2,15,6,30,0,3.2,0,-16.900000000000002
2021,2,15,7,30,8,3.2,0,-16
2021,2,15,8,30,111,3.6,4,-14.100000000000001
2021,2,15,9,30,296,3.9000000000000004,4,-12.3
2021,2,15,10,30,287,3.9000000000000004,4,-10.8
2021,2,15,11,30,615,3.9000000000000004,4,-9.3
2021,2,15,12,30,752,4,4,-7.9
2021,2,15,13,30,734,4,4,-6.800000000000001
2021,2,15,14,30,558,3.9000000000000004,4,-6
2021,2,15,15,30,466,3.6,4,-5.5
2021,2,15,16,30,269,3,4,-5.6000000000000005
2021,2,15,17,30,189,1.8,0,-6.6000000000000005
2021,2,15,18,30,7,0.7000000000000001,4,-7.800000000000001
2021,2,15,19,30,0,0.8,0,-8.9
2021,2,15,20,30,0,1.3,0,-10
2021,2,15,21,30,0,1.6,0,-10.8
2021,2,15,22,30,0,1.9000000000000001,0,-11.4
2021,2,15,23,30,0,2.1,0,-12
2021,2,16,0,30,0,2.3000000000000003,0,-12.4
2021,2,16,1,30,0,2.4000000000000004,0,-12.8
2021,2,16,2,30,0,2.4000000000000004,0,-12.9
2021,2,16,3,30,0,2.6,0,-12.9
2021,2,16,4,30,0,2.7,8,-12.700000000000001
2021,2,16,5,30,0,2.8000000000000003,7,-12.5
2021,2,16,6,30,0,3,7,-12.100000000000001
2021,2,16,7,30,4,3.6,7,-10.8
2021,2,16,8,30,42,4.1000000000000005,7,-8.700000000000001
2021,2,16,9,30,78,4.1000000000000005,7,-6.9
2021,2,16,10,30,456,4.3,7,-5.300000000000001
2021,2,16,11,30,617,4.7,7,-3.6
2021,2,16,12,30,661,4.9,7,-1.8
2021,2,16,13,30,541,4.800000000000001,7,-0.2
2021,2,16,14,30,532,4.6000000000000005,7,0.9
2021,2,16,15,30,314,4.5,6,1.1
2021,2,16,16,30,212,4.1000000000000005,7,0.7000000000000001
2021,2,16,17,30,101,3.1,7,-0.8
2021,2,16,18,30,5,2.9000000000000004,8,-2.1
2021,2,16,19,30,0,3.3000000000000003,0,-2.5
2021,2,16,20,30,0,3.1,7,-2.9000000000000004
2021,2,16,21,30,0,3,8,-3.2
2021,2,16,22,30,0,2.7,8,-3.5
2021,2,16,23,30,0,2.4000000000000004,8,-4
2021,2,17,0,30,0,2.2,0,-4.4
2021,2,17,1,30,0,1.9000000000000001,7,-4.800000000000001
2021,2,17,2,30,0,1.6,4,-5.300000000000001
2021,2,17,3,30,0,1.5,0,-5.800000000000001
2021,2,17,4,30,0,1.5,4,-6.1000000000000005
2021,2,17,5,30,0,2,0,-6.5
2021,2,17,6,30,0,2.8000000000000003,7,-7.1000000000000005
2021,2,17,7,30,8,3.4000000000000004,7,-7.300000000000001
2021,2,17,8,30,97,3.9000000000000004,7,-6.800000000000001
2021,2,17,9,30,244,3.9000000000000004,7,-5.6000000000000005
2021,2,17,10,30,156,3.7,4,-4
2021,2,17,11,30,162,3.4000000000000004,4,-2.1
2021,2,17,12,30,456,3,4,-0.6000000000000001
2021,2,17,13,30,526,2.8000000000000003,4,0.6000000000000001
2021,2,17,14,30,473,2.8000000000000003,4,1.2000000000000002
2021,2,17,15,30,342,2.9000000000000004,4,1.2000000000000002
2021,2,17,16,30,225,2.8000000000000003,4,0.1
2021,2,17,17,30,112,2.3000000000000003,4,-2.4000000000000004
2021,2,17,18,30,6,2.5,4,-4.6000000000000005
2021,2,17,19,30,0,3.2,4,-5.6000000000000005
2021,2,17,20,30,0,3.5,4,-6.4
2021,2,17,21,30,0,3.7,4,-6.9
2021,2,17,22,30,0,4,4,-7.2
2021,2,17,23,30,0,4.3,0,-7.300000000000001
2021,2,18,0,30,0,4.1000000000000005,4,-7.4
2021,2,18,1,30,0,3.4000000000000004,0,-7.6000000000000005
2021,2,18,2,30,0,3.1,0,-7.7
2021,2,18,3,30,0,3.5,7,-7.9
2021,2,18,4,30,0,3.9000000000000004,7,-8.1
2021,2,18,5,30,0,4.1000000000000005,7,-8.3
2021,2,18,6,30,0,4.4,7,-8.4
2021,2,18,7,30,7,4.6000000000000005,7,-8.3
2021,2,18,8,30,87,4.800000000000001,7,-7.800000000000001
2021,2,18,9,30,286,4.7,7,-7
2021,2,18,10,30,355,4.4,6,-6.1000000000000005
2021,2,18,11,30,457,4.2,6,-5.1000000000000005
2021,2,18,12,30,565,4,7,-4.1000000000000005
2021,2,18,13,30,463,3.9000000000000004,6,-3.2
2021,2,18,14,30,397,3.8000000000000003,6,-2.3000000000000003
2021,2,18,15,30,408,3.7,7,-1.6
2021,2,18,16,30,215,3.2,7,-1.7000000000000002
2021,2,18,17,30,79,2.1,4,-3.1
2021,2,18,18,30,5,1.2000000000000002,4,-4.9
2021,2,18,19,30,0,1.1,4,-5.7
2021,2,18,20,30,0,1,4,-6.300000000000001
2021,2,18,21,30,0,0.9,4,-6.7
2021,2,18,22,30,0,0.8,0,-6.9
2021,2,18,23,30,0,0.6000000000000001,0,-7.2
2021,2,19,0,30,0,0.7000000000000001,0,-7.800000000000001
2021,2,19,1,30,0,1,0,-8.700000000000001
2021,2,19,2,30,0,1.2000000000000002,0,-9.4
2021,2,19,3,30,0,1.3,0,-9.700000000000001
2021,2,19,4,30,0,1.3,0,-9.8
2021,2,19,5,30,0,1.4000000000000001,0,-10
2021,2,19,6,30,0,1.6,0,-9.8
2021,2,19,7,30,15,2.5,0,-8
2021,2,19,8,30,206,3.3000000000000003,0,-4.6000000000000005
2021,2,19,9,30,432,3.6,0,-1
2021,2,19,10,30,626,3.8000000000000003,0,1.9000000000000001
2021,2,19,11,30,763,4,0,4.3
2021,2,19,12,30,836,4.4,0,6.2
2021,2,19,13,30,836,4.800000000000001,0,7.800000000000001
2021,2,19,14,30,761,5,0,8.8
2021,2,19,15,30,619,4.6000000000000005,0,8.9
2021,2,19,16,30,426,3.2,0,6.7
2021,2,19,17,30,203,2.2,0,2.8000000000000003
2021,2,19,18,30,14,2.4000000000000004,0,0.5
2021,2,19,19,30,0,2.9000000000000004,0,0.30000000000000004
2021,2,19,20,30,0,3.4000000000000004,0,0
2021,2,19,21,30,0,3.5,0,-0.7000000000000001
2021,2,19,22,30,0,3.4000000000000004,0,-1.4000000000000001
2021,2,19,23,30,0,3.2,0,-2
2021,2,20,0,30,0,3.1,0,-2.5
2021,2,20,1,30,0,3,0,-2.8000000000000003
2021,2,20,2,30,0,3,0,-3
2021,2,20,3,30,0,3,0,-3.1
2021,2,20,4,30,0,3,0,-3.1
2021,2,20,5,30,0,2.9000000000000004,0,-3
2021,2,20,6,30,0,2.9000000000000004,0,-2.6
2021,2,20,7,30,15,3.2,0,-0.9
2021,2,20,8,30,200,3.4000000000000004,0,2
2021,2,20,9,30,417,3.9000000000000004,0,5.6000000000000005
2021,2,20,10,30,603,4.7,0,9.200000000000001
2021,2,20,11,30,738,5.2,0,12
2021,2,20,12,30,807,5.6000000000000005,0,14
2021,2,20,13,30,806,5.800000000000001,0,15.3
2021,2,20,14,30,738,5.800000000000001,0,15.9
2021,2,20,15,30,603,5.1000000000000005,0,15.200000000000001
2021,2,20,16,30,414,3.7,0,12
2021,2,20,17,30,195,3.3000000000000003,0,7.4
2021,2,20,18,30,14,4.4,0,5.1000000000000005
2021,2,20,19,30,0,5.4,0,4.2
2021,2,20,20,30,0,5.800000000000001,0,3.2
2021,2,20,21,30,0,6.1000000000000005,0,2.7
2021,2,20,22,30,0,6.300000000000001,0,2.6
2021,2,20,23,30,0,6.4,0,2.7
2021,2,21,0,30,0,6.5,0,2.9000000000000004
2021,2,21,1,30,0,6.5,0,2.8000000000000003
2021,2,21,2,30,0,6.300000000000001,0,2.7
2021,2,21,3,30,0,5.9,0,2.6
2021,2,21,4,30,0,5.300000000000001,0,2.3000000000000003
2021,2,21,5,30,0,4.7,0,1.8
2021,2,21,6,30,0,4.4,0,1.6
2021,2,21,7,30,18,4.5,0,2.9000000000000004
2021,2,21,8,30,205,4.4,0,5.9
2021,2,21,9,30,427,4.4,0,10.4
2021,2,21,10,30,618,5.4,0,14.8
2021,2,21,11,30,755,6.1000000000000005,0,17.1
2021,2,21,12,30,827,6.1000000000000005,0,18.1
2021,2,21,13,30,826,5.9,0,18.6
2021,2,21,14,30,754,5.7,0,18.5
2021,2,21,15,30,617,5.4,0,17.900000000000002
2021,2,21,16,30,427,4.1000000000000005,0,16
2021,2,21,17,30,207,2.7,0,11.8
2021,2,21,18,30,18,2.5,0,8.3
2021,2,21,19,30,0,2.8000000000000003,0,7
2021,2,21,20,30,0,2.9000000000000004,0,5.7
2021,2,21,21,30,0,2.6,0,4.1000000000000005
2021,2,21,22,30,0,2.1,0,2.6
2021,2,21,23,30,0,1.7000000000000002,0,1.5
2021,2,22,0,30,0,1.4000000000000001,0,1
2021,2,22,1,30,0,1.2000000000000002,0,1
2021,2,22,2,30,0,1.1,0,0.8
2021,2,22,3,30,0,1.2000000000000002,0,0
2021,2,22,4,30,0,1.4000000000000001,0,-1.3
2021,2,22,5,30,0,1.6,0,-2.1
2021,2,22,6,30,0,2,0,-1.8
2021,2,22,7,30,22,3.1,0,1
2021,2,22,8,30,222,3.7,0,5
2021,2,22,9,30,447,4.1000000000000005,0,9.3
2021,2,22,10,30,640,5.5,0,13.8
2021,2,22,11,30,771,6.4,0,16.7
2021,2,22,12,30,843,6.6000000000000005,0,18.3
2021,2,22,13,30,843,6.6000000000000005,0,19.3
2021,2,22,14,30,770,6.4,0,20
2021,2,22,15,30,631,5.6000000000000005,0,20.1
2021,2,22,16,30,439,3.8000000000000003,0,18.1
2021,2,22,17,30,216,2.2,0,13.5
2021,2,22,18,30,20,2.2,0,10.100000000000001
2021,2,22,19,30,0,2.4000000000000004,0,9.1
2021,2,22,20,30,0,2.7,0,8.5
2021,2,22,21,30,0,3,0,7.7
2021,2,22,22,30,0,3.2,0,6.800000000000001
2021,2,22,23,30,0,3.2,0,5.9
2021,2,23,0,30,0,3,0,4.800000000000001
2021,2,23,1,30,0,2.6,0,3.8000000000000003
2021,2,23,2,30,0,2.3000000000000003,0,3
2021,2,23,3,30,0,2,0,2.3000000000000003
2021,2,23,4,30,0,1.8,0,1.8
2021,2,23,5,30,0,1.7000000000000002,0,1.3
2021,2,23,6,30,0,1.8,0,1.5
2021,2,23,7,30,22,2.5,0,4.3
2021,2,23,8,30,212,3.2,0,8.5
2021,2,23,9,30,444,3.3000000000000003,0,12.700000000000001
2021,2,23,10,30,632,4.3,0,17.8
2021,2,23,11,30,766,5.7,0,21.700000000000003
2021,2,23,12,30,842,6.300000000000001,0,23.400000000000002
2021,2,23,13,30,842,6.800000000000001,0,24.200000000000003
2021,2,23,14,30,770,7,0,24.400000000000002
2021,2,23,15,30,632,6.7,0,24.200000000000003
2021,2,23,16,30,440,5.2,0,22.400000000000002
2021,2,23,17,30,217,3.6,0,18.2
2021,2,23,18,30,21,3.9000000000000004,0,15.3
2021,2,23,19,30,0,4.7,0,14.700000000000001
2021,2,23,20,30,0,5.1000000000000005,0,13.8
2021,2,23,21,30,0,4.800000000000001,0,12.600000000000001
2021,2,23,22,30,0,4.2,0,11
2021,2,23,23,30,0,4,0,9.700000000000001
2021,2,24,0,30,0,3.9000000000000004,0,8.6
2021,2,24,1,30,0,3.8000000000000003,0,7.5
2021,2,24,2,30,0,3.4000000000000004,0,6.4
2021,2,24,3,30,0,2.9000000000000004,0,5.300000000000001
2021,2,24,4,30,0,2.8000000000000003,0,4.7
2021,2,24,5,30,0,3,0,4.4
2021,2,24,6,30,0,3.6,0,4.7
2021,2,24,7,30,24,4.800000000000001,0,6.4
2021,2,24,8,30,222,6.1000000000000005,0,9
2021,2,24,9,30,443,6.4,0,11.5
2021,2,24,10,30,635,5.7,0,13.700000000000001
2021,2,24,11,30,772,5,0,15.700000000000001
2021,2,24,12,30,842,4.2,0,17.2
2021,2,24,13,30,841,3.4000000000000004,0,18.2
2021,2,24,14,30,765,2.7,0,18.8
2021,2,24,15,30,627,2.2,0,18.8
2021,2,24,16,30,437,1.7000000000000002,0,17.6
2021,2,24,17,30,216,1.5,0,14
2021,2,24,18,30,21,2.1,0,10.9
2021,2,24,19,30,0,3.2,0,10.100000000000001
2021,2,24,20,30,0,4.1000000000000005,0,9.3
2021,2,24,21,30,0,4.5,0,8.1
2021,2,24,22,30,0,4.5,0,6.9
2021,2,24,23,30,0,4.5,0,6
2021,2,25,0,30,0,4.5,0,5.2
2021,2,25,1,30,0,4.2,0,4.5
2021,2,25,2,30,0,3.8000000000000003,7,4.1000000000000005
2021,2,25,3,30,0,3.7,8,3.7
2021,2,25,4,30,0,3.6,8,3.1
2021,2,25,5,30,0,3.6,0,2.4000000000000004
2021,2,25,6,30,0,3.9000000000000004,0,2.1
2021,2,25,7,30,6,4.6000000000000005,8,3.3000000000000003
2021,2,25,8,30,24,5.2,8,5.300000000000001
2021,2,25,9,30,33,5.4,8,7.300000000000001
2021,2,25,10,30,50,5.1000000000000005,8,8.8
2021,2,25,11,30,104,4.6000000000000005,8,9.9
2021,2,25,12,30,140,4.1000000000000005,8,10.600000000000001
2021,2,25,13,30,219,3.7,7,10.8
2021,2,25,14,30,147,3.3000000000000003,6,10.700000000000001
2021,2,25,15,30,127,3,7,10.4
2021,2,25,16,30,84,2.9000000000000004,8,9.700000000000001
2021,2,25,17,30,48,2.9000000000000004,8,8.4
2021,2,25,18,30,9,2.8000000000000003,8,6.800000000000001
2021,2,25,19,30,0,2.4000000000000004,7,5.300000000000001
2021,2,25,20,30,0,1.9000000000000001,7,4.1000000000000005
2021,2,25,21,30,0,1.5,5,2.9000000000000004
2021,2,25,22,30,0,1.4000000000000001,0,2
2021,2,25,23,30,0,1.4000000000000001,0,1.2000000000000002
2021,2,26,0,30,0,1.3,0,0.6000000000000001
2021,2,26,1,30,0,1.2000000000000002,0,-0.1
2021,2,26,2,30,0,1.2000000000000002,0,-0.5
2021,2,26,3,30,0,1.2000000000000002,0,-0.8
2021,2,26,4,30,0,1.1,0,-1
2021,2,26,5,30,0,1,0,-1.2000000000000002
2021,2,26,6,30,0,1,0,-0.9
2021,2,26,7,30,22,1.1,0,0.8
2021,2,26,8,30,204,0.8,0,3.9000000000000004
2021,2,26,9,30,448,0.8,0,7.300000000000001
2021,2,26,10,30,637,1.6,0,10.9
2021,2,26,11,30,684,2.8000000000000003,0,14.4
2021,2,26,12,30,758,4.2,0,17.400000000000002
2021,2,26,13,30,694,5.2,8,19.700000000000003
2021,2,26,14,30,612,5.5,8,20.900000000000002
2021,2,26,15,30,374,4.9,8,21
2021,2,26,16,30,240,3,8,19.1
2021,2,26,17,30,132,1.5,8,16.1
2021,2,26,18,30,15,1.3,8,14.4
2021,2,26,19,30,0,1.4000000000000001,7,13.700000000000001
2021,2,26,20,30,0,1.5,7,12.3
2021,2,26,21,30,0,1.6,7,10.9
2021,2,26,22,30,0,1.9000000000000001,7,9.8
2021,2,26,23,30,0,2.5,8,9.4
2021,2,27,0,30,0,3.1,8,9.200000000000001
2021,2,27,1,30,0,3.2,8,8.8
2021,2,27,2,30,0,2.8000000000000003,8,8.3
2021,2,27,3,30,0,2.4000000000000004,8,7.9
2021,2,27,4,30,0,2.1,8,7.7
2021,2,27,5,30,0,2.1,7,7.5
2021,2,27,6,30,0,2.2,6,7.7
2021,2,27,7,30,12,3,6,9.200000000000001
2021,2,27,8,30,39,4,6,12.100000000000001
2021,2,27,9,30,107,4.800000000000001,6,15.600000000000001
2021,2,27,10,30,433,5.4,7,19.200000000000003
2021,2,27,11,30,642,5.7,8,22.400000000000002
2021,2,27,12,30,652,5.800000000000001,7,24.6
2021,2,27,13,30,736,5.9,8,25.6
2021,2,27,14,30,568,5.9,6,25.8
2021,2,27,15,30,536,5.2,8,25.200000000000003
2021,2,27,16,30,428,3.4000000000000004,0,22.6
2021,2,27,17,30,203,2,0,18.3
2021,2,27,18,30,23,1.8,8,15.3
2021,2,27,19,30,0,1.8,8,14.5
2021,2,27,20,30,0,1.9000000000000001,8,14.3
2021,2,27,21,30,0,2.1,7,13.9
2021,2,27,22,30,0,2.7,7,13.3
2021,2,27,23,30,0,3.4000000000000004,8,13
2021,2,28,0,30,0,3.9000000000000004,7,13
2021,2,28,1,30,0,3.9000000000000004,8,12.8
2021,2,28,2,30,0,3.7,7,12.200000000000001
2021,2,28,3,30,0,3.2,7,11.4
2021,2,28,4,30,0,2.9000000000000004,7,10.5
2021,2,28,5,30,0,3,8,9.5
2021,2,28,6,30,0,3.5,8,8.6
2021,2,28,7,30,14,4.2,7,8.3
2021,2,28,8,30,106,4.5,7,8.8
2021,2,28,9,30,230,4.6000000000000005,8,9.5
2021,2,28,10,30,318,4.2,8,10.3
2021,2,28,11,30,331,3.9000000000000004,7,11.200000000000001
2021,2,28,12,30,485,3.8000000000000003,7,12.3
2021,2,28,13,30,494,3.7,7,13.700000000000001
2021,2,28,14,30,777,3.7,0,14.8
2021,2,28,15,30,647,3.8000000000000003,0,15.100000000000001
2021,2,28,16,30,457,3.9000000000000004,0,14.200000000000001
2021,2,28,17,30,224,3.6,0,11.5
2021,2,28,18,30,28,4,0,8.9
2021,2,28,19,30,0,5,0,7.800000000000001
2021,2,28,20,30,0,5.2,5,6.7
2021,2,28,21,30,0,4.800000000000001,5,5.7
2021,2,28,22,30,0,4.2,8,5
2021,2,28,23,30,0,3.9000000000000004,8,4.5
2021,3,1,0,30,0,4.1000000000000005,8,4.1000000000000005
2021,3,1,1,30,0,4.5,0,3.9000000000000004
2021,3,1,2,30,0,5.1000000000000005,4,3.7
2021,3,1,3,30,0,5.2,8,3.5
2021,3,1,4,30,0,4.7,8,3.1
2021,3,1,5,30,0,4.3,5,2.7
2021,3,1,6,30,0,4.1000000000000005,5,2.6
2021,3,1,7,30,10,4.4,5,3.5
2021,3,1,8,30,67,5,5,5.4
2021,3,1,9,30,61,5,5,7
2021,3,1,10,30,164,4.6000000000000005,5,8.200000000000001
2021,3,1,11,30,455,4.4,5,9.3
2021,3,1,12,30,559,4.4,5,10.200000000000001
2021,3,1,13,30,437,4.5,5,10.700000000000001
2021,3,1,14,30,622,4.6000000000000005,8,10.8
2021,3,1,15,30,609,4.6000000000000005,0,10.5
2021,3,1,16,30,224,4.4,5,9.600000000000001
2021,3,1,17,30,57,3.1,4,7.9
2021,3,1,18,30,14,1.8,5,6
2021,3,1,19,30,0,1.3,0,4.7
2021,3,1,20,30,0,1,0,4
2021,3,1,21,30,0,0.9,0,3.6
2021,3,1,22,30,0,0.9,0,2.9000000000000004
2021,3,1,23,30,0,1.1,0,1.6
2021,3,2,0,30,0,1.4000000000000001,0,0.30000000000000004
2021,3,2,1,30,0,1.7000000000000002,0,-0.5
2021,3,2,2,30,0,2,0,-0.9
2021,3,2,3,30,0,2.2,0,-1.3
2021,3,2,4,30,0,2.1,0,-1.7000000000000002
2021,3,2,5,30,0,2,0,-2.3000000000000003
2021,3,2,6,30,0,2.1,0,-1.9000000000000001
2021,3,2,7,30,43,2.8000000000000003,0,0.6000000000000001
2021,3,2,8,30,260,2.7,0,4.800000000000001
2021,3,2,9,30,489,2.1,0,9.1
2021,3,2,10,30,683,2.1,0,12.3
2021,3,2,11,30,822,2.4000000000000004,0,14
2021,3,2,12,30,893,2.7,0,15.4
2021,3,2,13,30,891,2.8000000000000003,0,16.400000000000002
2021,3,2,14,30,816,2.9000000000000004,0,16.8
2021,3,2,15,30,673,2.8000000000000003,0,16.8
2021,3,2,16,30,477,2.3000000000000003,0,15.700000000000001
2021,3,2,17,30,247,1.6,0,12.100000000000001
2021,3,2,18,30,34,1.5,0,8.5
2021,3,2,19,30,0,1.6,0,7
2021,3,2,20,30,0,1.8,0,6
2021,3,2,21,30,0,1.9000000000000001,0,5.2
2021,3,2,22,30,0,2.2,0,4.6000000000000005
2021,3,2,23,30,0,2.5,0,4
2021,3,3,0,30,0,2.6,0,3.4000000000000004
2021,3,3,1,30,0,2.7,0,2.7
2021,3,3,2,30,0,2.6,0,2
2021,3,3,3,30,0,2.4000000000000004,0,1.3
2021,3,3,4,30,0,2.2,0,0.7000000000000001
2021,3,3,5,30,0,2,0,0.30000000000000004
2021,3,3,6,30,0,2.1,0,0.8
2021,3,3,7,30,45,2.9000000000000004,0,3.4000000000000004
2021,3,3,8,30,259,3.4000000000000004,0,7.4
2021,3,3,9,30,484,3.9000000000000004,0,11.9
2021,3,3,10,30,676,4.5,0,16.5
2021,3,3,11,30,813,4.6000000000000005,0,19.900000000000002
2021,3,3,12,30,864,4.4,0,22.200000000000003
2021,3,3,13,30,850,4.4,0,23.5
2021,3,3,14,30,801,4.3,0,24.200000000000003
2021,3,3,15,30,660,4,0,24.3
2021,3,3,16,30,466,2.9000000000000004,0,22.5
2021,3,3,17,30,240,1.7000000000000002,0,18.3
2021,3,3,18,30,33,1.7000000000000002,0,14.8
2021,3,3,19,30,0,2,0,13.200000000000001
2021,3,3,20,30,0,2.5,0,12.3
2021,3,3,21,30,0,3.3000000000000003,0,11.700000000000001
2021,3,3,22,30,0,4.1000000000000005,0,11
2021,3,3,23,30,0,4.4,0,10.100000000000001
2021,3,4,0,30,0,4.4,0,9.4
2021,3,4,1,30,0,4,0,8.8
2021,3,4,2,30,0,3.4000000000000004,0,8.3
2021,3,4,3,30,0,2.8000000000000003,0,7.9
2021,3,4,4,30,0,2.6,5,7.5
2021,3,4,5,30,0,2.9000000000000004,0,7.4
2021,3,4,6,30,0,3.5,0,8
2021,3,4,7,30,28,4.3,3,10
2021,3,4,8,30,241,5.4,0,13.5
2021,3,4,9,30,457,6.300000000000001,0,17.5
2021,3,4,10,30,643,6.6000000000000005,0,21.3
2021,3,4,11,30,778,6.5,0,24.5
2021,3,4,12,30,851,6.5,0,27.200000000000003
2021,3,4,13,30,851,6.6000000000000005,0,28.900000000000002
2021,3,4,14,30,782,7.2,0,29.3
2021,3,4,15,30,625,7.800000000000001,0,28.5
2021,3,4,16,30,457,7.6000000000000005,0,26.5
2021,3,4,17,30,238,6,0,22.900000000000002
2021,3,4,18,30,32,4.4,0,19
2021,3,4,19,30,0,3.9000000000000004,0,16.5
2021,3,4,20,30,0,3.9000000000000004,0,14.9
2021,3,4,21,30,0,4.1000000000000005,0,13.600000000000001
2021,3,4,22,30,0,4.3,8,12.700000000000001
2021,3,4,23,30,0,4.1000000000000005,0,11.700000000000001
2021,3,5,0,30,0,3.8000000000000003,0,10.600000000000001
2021,3,5,1,30,0,3.9000000000000004,0,9.8
2021,3,5,2,30,0,4,0,9
2021,3,5,3,30,0,4.1000000000000005,0,8.3
2021,3,5,4,30,0,4.2,0,7.800000000000001
2021,3,5,5,30,0,4.3,0,7.4
2021,3,5,6,30,0,4.6000000000000005,0,7.6000000000000005
2021,3,5,7,30,46,5.800000000000001,0,9.5
2021,3,5,8,30,256,7.7,0,12.200000000000001
2021,3,5,9,30,474,8.700000000000001,0,14.5
2021,3,5,10,30,577,8.9,0,16.2
2021,3,5,11,30,440,8.8,3,17.5
2021,3,5,12,30,857,8.700000000000001,0,18.1
2021,3,5,13,30,844,8.6,0,18.2
2021,3,5,14,30,606,8.5,3,18
2021,3,5,15,30,632,8.200000000000001,0,17.3
2021,3,5,16,30,375,7.800000000000001,0,15.9
2021,3,5,17,30,156,6.9,3,13.9
2021,3,5,18,30,28,5.7,0,12
2021,3,5,19,30,0,4.6000000000000005,0,10.700000000000001
2021,3,5,20,30,0,3.8000000000000003,0,9.600000000000001
2021,3,5,21,30,0,3.2,0,8.700000000000001
2021,3,5,22,30,0,2.9000000000000004,0,7.9
2021,3,5,23,30,0,2.7,0,7.2
2021,3,6,0,30,0,2.2,0,6.300000000000001
2021,3,6,1,30,0,1.6,0,5.300000000000001
2021,3,6,2,30,0,1.3,0,4.3
2021,3,6,3,30,0,1.1,0,3.6
2021,3,6,4,30,0,1.1,0,3.1
2021,3,6,5,30,0,1.1,0,2.7
2021,3,6,6,30,0,1.5,0,3.3000000000000003
2021,3,6,7,30,50,2.2,0,5.5
2021,3,6,8,30,260,2.6,0,8.700000000000001
2021,3,6,9,30,486,2.9000000000000004,0,11.700000000000001
2021,3,6,10,30,676,3.1,0,14.100000000000001
2021,3,6,11,30,812,3.2,0,15.9
2021,3,6,12,30,882,3.3000000000000003,0,17.3
2021,3,6,13,30,878,3.5,0,18.1
2021,3,6,14,30,803,3.6,0,18.400000000000002
2021,3,6,15,30,662,3.6,0,18.2
2021,3,6,16,30,468,3.5,0,17.3
2021,3,6,17,30,243,2.5,0,14.5
2021,3,6,18,30,37,1.9000000000000001,0,11.5
2021,3,6,19,30,0,2.3000000000000003,0,10.3
2021,3,6,20,30,0,2.7,0,9.600000000000001
2021,3,6,21,30,0,3,0,8.9
2021,3,6,22,30,0,3.2,8,8.3
2021,3,6,23,30,0,3.2,0,7.5
2021,3,7,0,30,0,3.2,0,6.800000000000001
2021,3,7,1,30,0,3.2,0,6.1000000000000005
2021,3,7,2,30,0,3.1,0,5.4
2021,3,7,3,30,0,2.9000000000000004,0,4.7
2021,3,7,4,30,0,2.5,0,4.1000000000000005
2021,3,7,5,30,0,2.4000000000000004,0,3.7
2021,3,7,6,30,0,3,0,4.3
2021,3,7,7,30,51,4.1000000000000005,0,6.4
2021,3,7,8,30,256,5.5,0,10
2021,3,7,9,30,474,6.5,0,13.3
2021,3,7,10,30,657,6.1000000000000005,0,15.600000000000001
2021,3,7,11,30,792,5.7,0,17.3
2021,3,7,12,30,864,5.5,0,18.6
2021,3,7,13,30,860,5.300000000000001,0,19.5
2021,3,7,14,30,786,5.2,0,19.900000000000002
2021,3,7,15,30,648,5,0,19.6
2021,3,7,16,30,456,4.7,0,18.7
2021,3,7,17,30,236,3.6,0,16.2
2021,3,7,18,30,37,2.9000000000000004,0,13.600000000000001
2021,3,7,19,30,0,3.4000000000000004,0,12.4
2021,3,7,20,30,0,3.6,0,11.5
2021,3,7,21,30,0,3.3000000000000003,0,10.3
2021,3,7,22,30,0,2.8000000000000003,0,9.200000000000001
2021,3,7,23,30,0,2.7,0,8.4
2021,3,8,0,30,0,2.8000000000000003,0,7.9
2021,3,8,1,30,0,2.9000000000000004,0,7.4
2021,3,8,2,30,0,2.8000000000000003,0,6.9
2021,3,8,3,30,0,2.8000000000000003,0,6.5
2021,3,8,4,30,0,2.7,0,6.1000000000000005
2021,3,8,5,30,0,2.8000000000000003,8,5.800000000000001
2021,3,8,6,30,0,3.4000000000000004,8,6.300000000000001
2021,3,8,7,30,53,4.5,0,8.5
2021,3,8,8,30,261,5.800000000000001,0,11.9
2021,3,8,9,30,400,6.5,0,15.3
2021,3,8,10,30,537,6.6000000000000005,8,18
2021,3,8,11,30,602,6.6000000000000005,8,20.200000000000003
2021,3,8,12,30,681,6.6000000000000005,8,21.8
2021,3,8,13,30,849,6.6000000000000005,0,22.700000000000003
2021,3,8,14,30,590,6.6000000000000005,7,22.8
2021,3,8,15,30,599,6.5,0,22.400000000000002
2021,3,8,16,30,419,6.300000000000001,8,21.400000000000002
2021,3,8,17,30,136,5.7,7,19.400000000000002
2021,3,8,18,30,28,5.2,8,17
2021,3,8,19,30,0,5,0,15.200000000000001
2021,3,8,20,30,0,4.7,0,14
2021,3,8,21,30,0,4.5,0,13.100000000000001
2021,3,8,22,30,0,4.4,3,12.5
2021,3,8,23,30,0,4.7,0,12.200000000000001
2021,3,9,0,30,0,4.800000000000001,0,11.8
2021,3,9,1,30,0,4.9,0,11.3
2021,3,9,2,30,0,5,0,10.8
2021,3,9,3,30,0,5.1000000000000005,0,10.4
2021,3,9,4,30,0,5,7,10.200000000000001
2021,3,9,5,30,0,4.9,6,10.200000000000001
2021,3,9,6,30,0,5,7,10.600000000000001
2021,3,9,7,30,25,5.9,7,11.8
2021,3,9,8,30,135,7.4,8,14.4
2021,3,9,9,30,298,7.800000000000001,7,17.2
2021,3,9,10,30,451,7.6000000000000005,7,19.5
2021,3,9,11,30,457,7.4,6,21.200000000000003
2021,3,9,12,30,561,7.2,6,22.3
2021,3,9,13,30,652,7.1000000000000005,7,23
2021,3,9,14,30,655,7.1000000000000005,7,23.1
2021,3,9,15,30,361,7.1000000000000005,6,22.6
2021,3,9,16,30,285,7,7,21.6
2021,3,9,17,30,147,6.800000000000001,7,20
2021,3,9,18,30,25,6.6000000000000005,7,18.3
2021,3,9,19,30,0,6.6000000000000005,7,17.1
2021,3,9,20,30,0,6.4,7,16.400000000000002
2021,3,9,21,30,0,6.300000000000001,7,15.8
2021,3,9,22,30,0,6,7,15.3
2021,3,9,23,30,0,5.7,8,14.700000000000001
2021,3,10,0,30,0,5.6000000000000005,7,14.3
2021,3,10,1,30,0,5.6000000000000005,0,13.9
2021,3,10,2,30,0,5.6000000000000005,8,13.5
2021,3,10,3,30,0,5.300000000000001,0,12.9
2021,3,10,4,30,0,5.1000000000000005,0,12.200000000000001
2021,3,10,5,30,0,4.9,0,11.700000000000001
2021,3,10,6,30,0,5,0,11.8
2021,3,10,7,30,64,5.4,0,13.4
2021,3,10,8,30,278,5.5,0,16.8
2021,3,10,9,30,500,5.4,0,20.8
2021,3,10,10,30,688,5.4,0,23.900000000000002
2021,3,10,11,30,821,5.6000000000000005,0,26
2021,3,10,12,30,863,5.7,0,27.3
2021,3,10,13,30,830,5.7,0,28
2021,3,10,14,30,651,5.7,7,28.200000000000003
2021,3,10,15,30,290,5.6000000000000005,7,27.700000000000003
2021,3,10,16,30,157,5.4,7,26.200000000000003
2021,3,10,17,30,80,4.9,6,23.3
2021,3,10,18,30,29,4.9,7,20.1
2021,3,10,19,30,0,5.1000000000000005,6,18
2021,3,10,20,30,0,4.800000000000001,7,16.400000000000002
2021,3,10,21,30,0,4.6000000000000005,8,15.3
2021,3,10,22,30,0,4.5,7,14.700000000000001
2021,3,10,23,30,0,4.6000000000000005,6,14.4
2021,3,11,0,30,0,4.6000000000000005,6,14.4
2021,3,11,1,30,0,4.5,6,14.3
2021,3,11,2,30,0,4.3,6,14
2021,3,11,3,30,0,3.8000000000000003,6,13.5
2021,3,11,4,30,0,3.3000000000000003,6,12.9
2021,3,11,5,30,0,2.8000000000000003,7,12.100000000000001
2021,3,11,6,30,0,2.6,6,12
2021,3,11,7,30,24,3,6,13.600000000000001
2021,3,11,8,30,101,3.2,7,16.3
2021,3,11,9,30,207,2.8000000000000003,6,19
2021,3,11,10,30,406,2.6,7,21.200000000000003
2021,3,11,11,30,476,2.7,6,23.3
2021,3,11,12,30,828,3.1,0,25.1
2021,3,11,13,30,752,3.5,8,26.3
2021,3,11,14,30,668,4,8,26.700000000000003
2021,3,11,15,30,595,4.3,0,26.3
2021,3,11,16,30,238,4.3,6,25.1
2021,3,11,17,30,85,3.5,6,22.8
2021,3,11,18,30,17,3,6,20.700000000000003
2021,3,11,19,30,0,3.4000000000000004,6,19.6
2021,3,11,20,30,0,3.6,6,18.6
2021,3,11,21,30,0,3.5,6,17.6
2021,3,11,22,30,0,3.2,6,16.8
2021,3,11,23,30,0,2.8000000000000003,8,16.1
2021,3,12,0,30,0,2.7,7,15.600000000000001
2021,3,12,1,30,0,3,6,15.200000000000001
2021,3,12,2,30,0,3.1,6,15.100000000000001
2021,3,12,3,30,0,3.2,6,15.100000000000001
2021,3,12,4,30,0,3.7,6,15.200000000000001
2021,3,12,5,30,0,4.5,6,15.4
2021,3,12,6,30,0,4.9,6,15.8
2021,3,12,7,30,34,5.5,7,16.900000000000002
2021,3,12,8,30,40,6.300000000000001,8,19.1
2021,3,12,9,30,115,6.5,8,21.6
2021,3,12,10,30,256,6.5,8,24.3
2021,3,12,11,30,519,6.5,8,26.5
2021,3,12,12,30,652,6.5,7,28.1
2021,3,12,13,30,658,6.5,7,29.1
2021,3,12,14,30,653,6.300000000000001,8,29.5
2021,3,12,15,30,522,6.2,7,29.200000000000003
2021,3,12,16,30,323,5.800000000000001,7,27.8
2021,3,12,17,30,212,5.1000000000000005,8,25.400000000000002
2021,3,12,18,30,35,4.7,8,22.900000000000002
2021,3,12,19,30,0,4.5,0,21.1
2021,3,12,20,30,0,4,0,19.6
2021,3,12,21,30,0,3.3000000000000003,8,18.400000000000002
2021,3,12,22,30,0,2.9000000000000004,8,17.5
2021,3,12,23,30,0,2.8000000000000003,5,16.8
2021,3,13,0,30,0,3.1,0,16.2
2021,3,13,1,30,0,3.5,0,15.8
2021,3,13,2,30,0,3.6,0,15.5
2021,3,13,3,30,0,3.7,3,15.5
2021,3,13,4,30,0,3.9000000000000004,3,15.5
2021,3,13,5,30,0,4.2,3,15.5
2021,3,13,6,30,0,4.7,3,15.9
2021,3,13,7,30,28,5.800000000000001,3,17.1
2021,3,13,8,30,116,7.300000000000001,8,19.400000000000002
2021,3,13,9,30,280,8.4,8,22.3
2021,3,13,10,30,665,9,0,24.900000000000002
2021,3,13,11,30,798,9.3,0,26.8
2021,3,13,12,30,861,9.4,0,28.1
2021,3,13,13,30,855,9.3,0,29.1
2021,3,13,14,30,780,8.9,0,29.5
2021,3,13,15,30,644,8.1,0,28.8
2021,3,13,16,30,90,6.800000000000001,9,26.8
2021,3,13,17,30,86,5.300000000000001,9,23.5
2021,3,13,18,30,29,4.6000000000000005,9,20.1
2021,3,13,19,30,0,5,7,17.400000000000002
2021,3,13,20,30,0,5.2,7,15.3
2021,3,13,21,30,0,5.4,3,13.9
2021,3,13,22,30,0,5.800000000000001,4,12.700000000000001
2021,3,13,23,30,0,5.800000000000001,4,11.5
2021,3,14,0,30,0,5.6000000000000005,4,10.200000000000001
2021,3,14,1,30,0,5.5,4,9.1
2021,3,14,2,30,0,5.4,0,8.1
2021,3,14,3,30,0,5.1000000000000005,0,7.2
2021,3,14,4,30,0,4.7,0,6.4
2021,3,14,5,30,0,4.6000000000000005,0,5.7
2021,3,14,6,30,0,4.800000000000001,0,5.7
2021,3,14,7,30,87,5.6000000000000005,0,7.6000000000000005
2021,3,14,8,30,314,7.1000000000000005,0,10.9
2021,3,14,9,30,540,8.3,0,13.8
2021,3,14,10,30,724,8.8,0,15.5
2021,3,14,11,30,857,9.1,0,16.8
2021,3,14,12,30,923,9.4,0,17.7
2021,3,14,13,30,918,9.3,0,18.2
2021,3,14,14,30,844,8.9,0,18.5
2021,3,14,15,30,688,8.5,0,18.6
2021,3,14,16,30,498,7.800000000000001,0,18.2
2021,3,14,17,30,265,6.4,0,16.7
2021,3,14,18,30,50,5.4,0,14.8
2021,3,14,19,30,0,5.5,0,13.700000000000001
2021,3,14,20,30,0,5.800000000000001,0,13.100000000000001
2021,3,14,21,30,0,5.6000000000000005,0,12.3
2021,3,14,22,30,0,5.1000000000000005,0,11.200000000000001
2021,3,14,23,30,0,4.6000000000000005,0,10.200000000000001
2021,3,15,0,30,0,4.7,0,9.5
2021,3,15,1,30,0,4.800000000000001,0,9.1
2021,3,15,2,30,0,4.4,0,8.5
2021,3,15,3,30,0,3.6,0,7.7
2021,3,15,4,30,0,3.1,0,7
2021,3,15,5,30,0,3,0,6.5
2021,3,15,6,30,0,3.6,0,7.1000000000000005
2021,3,15,7,30,87,4.2,0,9.5
2021,3,15,8,30,312,4.4,0,13.5
2021,3,15,9,30,536,4.5,0,17.5
2021,3,15,10,30,725,4.5,0,20
2021,3,15,11,30,857,4.4,0,21.5
2021,3,15,12,30,923,4.3,0,22.700000000000003
2021,3,15,13,30,914,4.2,0,23.400000000000002
2021,3,15,14,30,836,4.1000000000000005,0,23.8
2021,3,15,15,30,693,4,0,23.8
2021,3,15,16,30,498,3.3000000000000003,0,23
2021,3,15,17,30,227,2.1,7,19.900000000000002
2021,3,15,18,30,42,1.4000000000000001,8,16.400000000000002
2021,3,15,19,30,0,1.6,7,14.9
2021,3,15,20,30,0,1.8,3,14.100000000000001
2021,3,15,21,30,0,2.2,7,13.8
2021,3,15,22,30,0,2.7,8,13.5
2021,3,15,23,30,0,3.1,8,13.100000000000001
2021,3,16,0,30,0,3.2,8,12.600000000000001
2021,3,16,1,30,0,3.2,8,12
2021,3,16,2,30,0,3.1,7,11.3
2021,3,16,3,30,0,3,8,10.700000000000001
2021,3,16,4,30,0,3.1,8,10.8
2021,3,16,5,30,0,3,6,10.9
2021,3,16,6,30,0,3,8,11.3
2021,3,16,7,30,29,3.5,6,12.9
2021,3,16,8,30,166,4.1000000000000005,6,15.700000000000001
2021,3,16,9,30,389,4.9,7,18.6
2021,3,16,10,30,355,5.5,6,21
2021,3,16,11,30,607,5.800000000000001,8,23.3
2021,3,16,12,30,930,6,0,25.8
2021,3,16,13,30,928,6.1000000000000005,0,27.8
2021,3,16,14,30,855,6.2,0,28.8
2021,3,16,15,30,709,6.4,0,29
2021,3,16,16,30,509,6,0,28
2021,3,16,17,30,276,5.2,0,24.8
2021,3,16,18,30,56,5.2,0,21.1
2021,3,16,19,30,0,5.300000000000001,0,18.900000000000002
2021,3,16,20,30,0,4.5,0,17
2021,3,16,21,30,0,4.7,7,15.4
2021,3,16,22,30,0,6,0,14.100000000000001
2021,3,16,23,30,0,6.6000000000000005,7,12.200000000000001
2021,3,17,0,30,0,6.2,0,10.3
2021,3,17,1,30,0,5.9,0,9.1
2021,3,17,2,30,0,5.5,0,8.1
2021,3,17,3,30,0,5.1000000000000005,0,7.300000000000001
2021,3,17,4,30,0,5.1000000000000005,0,6.9
2021,3,17,5,30,0,5.4,0,6.9
2021,3,17,6,30,0,6.4,0,7.300000000000001
2021,3,17,7,30,82,8.3,0,8.1
2021,3,17,8,30,303,9.600000000000001,0,9
2021,3,17,9,30,429,9.700000000000001,3,10.4
2021,3,17,10,30,700,9.9,0,12.200000000000001
2021,3,17,11,30,845,10,0,13.8
2021,3,17,12,30,923,9.700000000000001,0,15
2021,3,17,13,30,918,9,0,15.8
2021,3,17,14,30,841,8.200000000000001,0,16.400000000000002
2021,3,17,15,30,701,7.4,0,16.5
2021,3,17,16,30,506,6.6000000000000005,0,16
2021,3,17,17,30,278,5.2,0,14.4
2021,3,17,18,30,61,3.7,0,11.8
2021,3,17,19,30,0,3.2,0,9.9
2021,3,17,20,30,0,3,0,8.8
2021,3,17,21,30,0,2.8000000000000003,0,7.7
2021,3,17,22,30,0,2.7,0,6.800000000000001
2021,3,17,23,30,0,2.6,0,6
2021,3,18,0,30,0,2.4000000000000004,0,5.2
2021,3,18,1,30,0,2.1,0,4.4
2021,3,18,2,30,0,1.9000000000000001,0,3.7
2021,3,18,3,30,0,1.8,0,3.1
2021,3,18,4,30,0,1.9000000000000001,0,2.6
2021,3,18,5,30,0,1.9000000000000001,0,2.1
2021,3,18,6,30,0,2.6,0,2.7
2021,3,18,7,30,101,3.9000000000000004,0,5.2
2021,3,18,8,30,328,4.7,0,8.1
2021,3,18,9,30,552,4.7,0,10.700000000000001
2021,3,18,10,30,740,4.4,0,13.100000000000001
2021,3,18,11,30,872,4.1000000000000005,0,15.200000000000001
2021,3,18,12,30,934,3.8000000000000003,0,17
2021,3,18,13,30,927,3.6,0,18.2
2021,3,18,14,30,850,3.5,0,18.8
2021,3,18,15,30,708,3.4000000000000004,0,18.900000000000002
2021,3,18,16,30,511,3.2,0,18.2
2021,3,18,17,30,283,2.4000000000000004,0,15.600000000000001
2021,3,18,18,30,63,1.9000000000000001,0,12.100000000000001
2021,3,18,19,30,0,2.5,0,10.3
2021,3,18,20,30,0,3,0,9.200000000000001
2021,3,18,21,30,0,3.1,0,7.9
2021,3,18,22,30,0,2.9000000000000004,0,6.6000000000000005
2021,3,18,23,30,0,2.4000000000000004,0,5.4
2021,3,19,0,30,0,2.1,0,4.4
2021,3,19,1,30,0,1.9000000000000001,0,3.6
2021,3,19,2,30,0,1.7000000000000002,0,2.9000000000000004
2021,3,19,3,30,0,1.6,0,2.3000000000000003
2021,3,19,4,30,0,1.4000000000000001,0,1.7000000000000002
2021,3,19,5,30,0,1.3,0,1.3
2021,3,19,6,30,0,1.9000000000000001,0,2.2
2021,3,19,7,30,101,2.9000000000000004,0,4.9
2021,3,19,8,30,327,3.6,0,8
2021,3,19,9,30,550,3.7,0,10.700000000000001
2021,3,19,10,30,737,3.5,0,13.100000000000001
2021,3,19,11,30,868,3.2,0,15.3
2021,3,19,12,30,933,2.9000000000000004,0,17.1
2021,3,19,13,30,926,2.7,0,18.400000000000002
2021,3,19,14,30,847,2.7,0,19.200000000000003
2021,3,19,15,30,702,2.8000000000000003,0,19.200000000000003
2021,3,19,16,30,508,2.9000000000000004,0,18.5
2021,3,19,17,30,280,2.4000000000000004,0,16
2021,3,19,18,30,62,1.9000000000000001,0,12.600000000000001
2021,3,19,19,30,0,2.5,0,10.9
2021,3,19,20,30,0,2.9000000000000004,0,10
2021,3,19,21,30,0,3.1,0,9
2021,3,19,22,30,0,3,0,7.9
2021,3,19,23,30,0,2.8000000000000003,0,6.9
2021,3,20,0,30,0,2.6,0,6.1000000000000005
2021,3,20,1,30,0,2.3000000000000003,0,5.300000000000001
2021,3,20,2,30,0,2.1,0,4.6000000000000005
2021,3,20,3,30,0,1.9000000000000001,0,4
2021,3,20,4,30,0,1.7000000000000002,0,3.5
2021,3,20,5,30,0,1.7000000000000002,0,3.1
2021,3,20,6,30,0,2.4000000000000004,0,4
2021,3,20,7,30,104,3.1,0,6.7
2021,3,20,8,30,331,4.1000000000000005,0,11
2021,3,20,9,30,555,5.2,0,15.3
2021,3,20,10,30,742,5.300000000000001,0,18
2021,3,20,11,30,874,5.300000000000001,0,20.1
2021,3,20,12,30,940,5.300000000000001,0,21.6
2021,3,20,13,30,932,5.300000000000001,0,22.6
2021,3,20,14,30,852,5.4,0,23.200000000000003
2021,3,20,15,30,707,5.4,0,23.1
2021,3,20,16,30,510,5.300000000000001,0,22.200000000000003
2021,3,20,17,30,281,4.3,0,19.700000000000003
2021,3,20,18,30,64,3.5,0,16.5
2021,3,20,19,30,0,3.9000000000000004,0,14.8
2021,3,20,20,30,0,4.4,0,13.9
2021,3,20,21,30,0,4.6000000000000005,0,12.9
2021,3,20,22,30,0,4.7,0,11.9
2021,3,20,23,30,0,4.800000000000001,0,11.100000000000001
2021,3,21,0,30,0,4.9,0,10.4
2021,3,21,1,30,0,4.9,0,9.8
2021,3,21,2,30,0,4.800000000000001,0,9.200000000000001
2021,3,21,3,30,0,4.7,0,8.700000000000001
2021,3,21,4,30,0,4.7,0,8.200000000000001
2021,3,21,5,30,0,4.800000000000001,0,7.7
2021,3,21,6,30,0,5.1000000000000005,0,7.9
2021,3,21,7,30,87,6.2,8,9.9
2021,3,21,8,30,254,7.4,8,13.5
2021,3,21,9,30,445,7.7,8,17.400000000000002
2021,3,21,10,30,567,7.5,7,20.5
2021,3,21,11,30,831,7.1000000000000005,0,22.5
2021,3,21,12,30,793,6.7,8,23.900000000000002
2021,3,21,13,30,913,6.5,0,25.200000000000003
2021,3,21,14,30,700,6,7,25.400000000000002
2021,3,21,15,30,622,5.7,8,24.8
2021,3,21,16,30,250,5.6000000000000005,6,23.900000000000002
2021,3,21,17,30,72,5.5,6,21.700000000000003
2021,3,21,18,30,29,5.300000000000001,6,19
2021,3,21,19,30,0,5.2,6,17
2021,3,21,20,30,0,4.9,8,15.600000000000001
2021,3,21,21,30,0,4.9,6,14.8
2021,3,21,22,30,0,4.9,7,14.200000000000001
2021,3,21,23,30,0,5,6,13.700000000000001
2021,3,22,0,30,0,5.2,9,13.4
2021,3,22,1,30,0,5.4,6,13.200000000000001
2021,3,22,2,30,0,6.1000000000000005,6,13.200000000000001
2021,3,22,3,30,0,6.300000000000001,6,13.200000000000001
2021,3,22,4,30,0,5.5,6,13
2021,3,22,5,30,0,5.1000000000000005,6,12.8
2021,3,22,6,30,0,5.2,6,12.8
2021,3,22,7,30,11,5.800000000000001,6,13.3
2021,3,22,8,30,15,6.4,6,14.600000000000001
2021,3,22,9,30,199,6.800000000000001,6,17.1
2021,3,22,10,30,486,6.7,0,20
2021,3,22,11,30,393,6.9,8,21.8
2021,3,22,12,30,355,7.4,8,22.6
2021,3,22,13,30,157,8.1,6,23.3
2021,3,22,14,30,646,8.9,0,23.400000000000002
2021,3,22,15,30,690,9.4,0,22.6
2021,3,22,16,30,506,9,0,21.200000000000003
2021,3,22,17,30,245,7.800000000000001,7,19
2021,3,22,18,30,55,6.2,7,16.5
2021,3,22,19,30,0,4.800000000000001,0,14.200000000000001
2021,3,22,20,30,0,4,3,12.4
2021,3,22,21,30,0,3.7,3,11.100000000000001
2021,3,22,22,30,0,3.4000000000000004,0,10
2021,3,22,23,30,0,2.9000000000000004,0,8.8
2021,3,23,0,30,0,2.4000000000000004,0,7.5
2021,3,23,1,30,0,1.9000000000000001,0,6.4
2021,3,23,2,30,0,1.5,0,5.5
2021,3,23,3,30,0,1.3,0,4.800000000000001
2021,3,23,4,30,0,1.1,0,4.3
2021,3,23,5,30,0,0.9,0,4.3
2021,3,23,6,30,0,0.8,0,5.4
2021,3,23,7,30,116,0.6000000000000001,0,8.1
2021,3,23,8,30,343,0.5,0,11.700000000000001
2021,3,23,9,30,565,0.9,0,14.600000000000001
2021,3,23,10,30,751,1.7000000000000002,0,17.2
2021,3,23,11,30,881,2.4000000000000004,0,19.6
2021,3,23,12,30,947,2.9000000000000004,0,21.3
2021,3,23,13,30,940,3.3000000000000003,0,22.5
2021,3,23,14,30,860,3.7,0,23
2021,3,23,15,30,717,3.7,0,23.1
2021,3,23,16,30,518,3.1,0,22.5
2021,3,23,17,30,288,1.8,0,20.3
2021,3,23,18,30,68,1,0,17.6
2021,3,23,19,30,0,1.4000000000000001,0,14.9
2021,3,23,20,30,0,2.1,0,12.9
2021,3,23,21,30,0,3.2,0,12.5
2021,3,23,22,30,0,4.1000000000000005,0,11.8
2021,3,23,23,30,0,4.5,0,10.8
2021,3,24,0,30,0,4.6000000000000005,0,9.700000000000001
2021,3,24,1,30,0,4.5,0,8.4
2021,3,24,2,30,0,4.4,0,7.2
2021,3,24,3,30,0,4.4,0,6.300000000000001
2021,3,24,4,30,0,4.4,0,5.6000000000000005
2021,3,24,5,30,0,4.7,0,5.1000000000000005
2021,3,24,6,30,0,5.4,0,5.5
2021,3,24,7,30,98,6.2,0,7.4
2021,3,24,8,30,337,5.800000000000001,0,10.200000000000001
2021,3,24,9,30,558,4.2,0,13.100000000000001
2021,3,24,10,30,744,2.8000000000000003,0,15.9
2021,3,24,11,30,874,2.3000000000000003,0,18.5
2021,3,24,12,30,936,2.2,0,20.5
2021,3,24,13,30,924,2.4000000000000004,0,21.6
2021,3,24,14,30,807,2.5,0,22.1
2021,3,24,15,30,589,2.6,8,22
2021,3,24,16,30,236,2.7,8,21.1
2021,3,24,17,30,203,2.8000000000000003,8,19.200000000000003
2021,3,24,18,30,34,3.6,8,16.8
2021,3,24,19,30,0,4.800000000000001,6,14.700000000000001
2021,3,24,20,30,0,5.4,7,12.8
2021,3,24,21,30,0,5.2,7,11.200000000000001
2021,3,24,22,30,0,4.3,7,10.200000000000001
2021,3,24,23,30,0,3.2,6,9.5
2021,3,25,0,30,0,2.7,6,8.9
2021,3,25,1,30,0,2.9000000000000004,6,8.3
2021,3,25,2,30,0,3.1,6,7.800000000000001
2021,3,25,3,30,0,3,8,7.300000000000001
2021,3,25,4,30,0,2.5,7,6.7
2021,3,25,5,30,0,1.8,0,5.800000000000001
2021,3,25,6,30,0,2.3000000000000003,0,5.6000000000000005
2021,3,25,7,30,124,3.6,0,6.9
2021,3,25,8,30,355,4.2,0,9
2021,3,25,9,30,581,4.7,0,11.5
2021,3,25,10,30,771,5,0,14.200000000000001
2021,3,25,11,30,902,5,0,16.6
2021,3,25,12,30,965,5,0,18.6
2021,3,25,13,30,960,5,0,20
2021,3,25,14,30,879,4.9,0,20.900000000000002
2021,3,25,15,30,732,4.7,0,21.1
2021,3,25,16,30,529,4.4,0,20.6
2021,3,25,17,30,297,3,0,18.2
2021,3,25,18,30,74,1.7000000000000002,0,14.700000000000001
2021,3,25,19,30,0,1.6,0,12.9
2021,3,25,20,30,0,1.6,0,12
2021,3,25,21,30,0,2.1,0,11.4
2021,3,25,22,30,0,2.9000000000000004,0,11.4
2021,3,25,23,30,0,3.5,0,11.3
2021,3,26,0,30,0,3.6,0,10.5
2021,3,26,1,30,0,3.4000000000000004,0,9.600000000000001
2021,3,26,2,30,0,3.4000000000000004,0,8.9
2021,3,26,3,30,0,3.5,0,8.4
2021,3,26,4,30,0,3.4000000000000004,0,7.9
2021,3,26,5,30,0,3.7,0,7.300000000000001
2021,3,26,6,30,0,4.5,0,7.6000000000000005
2021,3,26,7,30,132,5.4,0,10
2021,3,26,8,30,365,6.1000000000000005,0,14.100000000000001
2021,3,26,9,30,590,6.300000000000001,0,18.7
2021,3,26,10,30,777,6,0,22.5
2021,3,26,11,30,908,5.9,0,24.8
2021,3,26,12,30,972,5.800000000000001,0,26.3
2021,3,26,13,30,962,5.800000000000001,0,27.1
2021,3,26,14,30,878,5.6000000000000005,0,27.5
2021,3,26,15,30,729,5.4,0,27.5
2021,3,26,16,30,529,4.5,0,26.8
2021,3,26,17,30,298,2.7,0,23.400000000000002
2021,3,26,18,30,76,1.8,0,19.400000000000002
2021,3,26,19,30,0,2.2,0,17.8
2021,3,26,20,30,0,2.8000000000000003,0,17
2021,3,26,21,30,0,3.3000000000000003,0,15.700000000000001
2021,3,26,22,30,0,3,0,14.100000000000001
2021,3,26,23,30,0,2.1,0,12.5
2021,3,27,0,30,0,1.4000000000000001,0,11
2021,3,27,1,30,0,1.2000000000000002,0,10
2021,3,27,2,30,0,1.3,0,9.4
2021,3,27,3,30,0,1.7000000000000002,0,8.9
2021,3,27,4,30,0,2.1,0,8.1
2021,3,27,5,30,0,2.2,0,7.300000000000001
2021,3,27,6,30,0,2.8000000000000003,0,7.7
2021,3,27,7,30,134,3.5,0,10.200000000000001
2021,3,27,8,30,366,4.2,0,14.200000000000001
2021,3,27,9,30,588,5.300000000000001,0,18.3
2021,3,27,10,30,774,6,0,21.5
2021,3,27,11,30,903,6.2,0,23.700000000000003
2021,3,27,12,30,962,6,0,25.1
2021,3,27,13,30,951,5.7,0,25.900000000000002
2021,3,27,14,30,866,5.4,0,26
2021,3,27,15,30,718,5.300000000000001,0,25.6
2021,3,27,16,30,475,5.300000000000001,0,24.400000000000002
2021,3,27,17,30,158,4.9,8,22.200000000000003
2021,3,27,18,30,58,4.3,8,19.3
2021,3,27,19,30,0,4.2,8,17.400000000000002
2021,3,27,20,30,0,4.4,5,16.400000000000002
2021,3,27,21,30,0,4.4,0,15.200000000000001
2021,3,27,22,30,0,4.2,0,13.9
2021,3,27,23,30,0,4.2,0,12.9
2021,3,28,0,30,0,4.3,0,12.200000000000001
2021,3,28,1,30,0,4.3,0,11.600000000000001
2021,3,28,2,30,0,4.1000000000000005,0,11
2021,3,28,3,30,0,3.6,5,10.4
2021,3,28,4,30,0,3,5,9.700000000000001
2021,3,28,5,30,0,2.2,0,8.8
2021,3,28,6,30,0,2.2,3,8.9
2021,3,28,7,30,137,3.1,0,11.100000000000001
2021,3,28,8,30,370,4.3,0,14.5
2021,3,28,9,30,596,4.9,0,17.400000000000002
2021,3,28,10,30,782,4.5,0,19.6
2021,3,28,11,30,917,4,0,21.3
2021,3,28,12,30,980,3.4000000000000004,0,22.6
2021,3,28,13,30,970,2.7,0,23.400000000000002
2021,3,28,14,30,887,2.2,0,23.6
2021,3,28,15,30,738,1.9000000000000001,0,23.400000000000002
2021,3,28,16,30,538,1.9000000000000001,0,22.6
2021,3,28,17,30,307,1.5,0,20.200000000000003
2021,3,28,18,30,81,1.2000000000000002,0,16.6
2021,3,28,19,30,0,1.6,0,14.3
2021,3,28,20,30,0,2.1,0,13.3
2021,3,28,21,30,0,2.9000000000000004,0,12.700000000000001
2021,3,28,22,30,0,3.5,0,12.100000000000001
2021,3,28,23,30,0,3.8000000000000003,0,11.3
2021,3,29,0,30,0,3.8000000000000003,0,10.5
2021,3,29,1,30,0,3.5,0,9.700000000000001
2021,3,29,2,30,0,3.4000000000000004,0,9
2021,3,29,3,30,0,3.2,0,8.5
2021,3,29,4,30,0,3.3000000000000003,0,8.1
2021,3,29,5,30,0,3.5,0,7.9
2021,3,29,6,30,2,4.2,0,8.9
2021,3,29,7,30,148,4.800000000000001,0,11.8
2021,3,29,8,30,384,6,0,16.3
2021,3,29,9,30,609,7.4,0,20.700000000000003
2021,3,29,10,30,794,7.4,0,23.3
2021,3,29,11,30,923,7.4,0,25.1
2021,3,29,12,30,985,7.300000000000001,0,26.400000000000002
2021,3,29,13,30,970,7.300000000000001,0,27.3
2021,3,29,14,30,877,7.1000000000000005,0,27.8
2021,3,29,15,30,739,7,0,27.6
2021,3,29,16,30,504,6.6000000000000005,8,26.8
2021,3,29,17,30,290,5.7,7,24.8
2021,3,29,18,30,65,5.2,8,22
2021,3,29,19,30,0,5.5,7,19.900000000000002
2021,3,29,20,30,0,5.800000000000001,8,18.5
2021,3,29,21,30,0,5.9,0,17.2
2021,3,29,22,30,0,5.9,3,15.9
2021,3,29,23,30,0,5.800000000000001,0,14.8
2021,3,30,0,30,0,5.9,0,14
2021,3,30,1,30,0,6,0,13.3
2021,3,30,2,30,0,6,0,12.700000000000001
2021,3,30,3,30,0,5.9,0,12.3
2021,3,30,4,30,0,5.800000000000001,7,11.9
2021,3,30,5,30,0,5.7,6,11.600000000000001
2021,3,30,6,30,1,5.9,6,12.100000000000001
2021,3,30,7,30,30,6,6,14.3
2021,3,30,8,30,85,5.300000000000001,6,17.900000000000002
2021,3,30,9,30,288,4.3,6,21.8
2021,3,30,10,30,581,3.9000000000000004,7,24.900000000000002
2021,3,30,11,30,660,3.6,6,26.900000000000002
2021,3,30,12,30,728,3.2,6,28
2021,3,30,13,30,871,2.7,8,28.6
2021,3,30,14,30,771,2.5,8,28.8
2021,3,30,15,30,739,2.5,0,28.400000000000002
2021,3,30,16,30,543,2.8000000000000003,0,27
2021,3,30,17,30,310,3.6,0,24
2021,3,30,18,30,84,4.4,0,20.1
2021,3,30,19,30,0,5,0,16.8
2021,3,30,20,30,0,5.2,0,14.5
2021,3,30,21,30,0,5.300000000000001,0,12.8
2021,3,30,22,30,0,5.300000000000001,0,11.5
2021,3,30,23,30,0,5.300000000000001,0,10.4
2021,3,31,0,30,0,5.1000000000000005,0,9.5
2021,3,31,1,30,0,4.9,0,8.6
2021,3,31,2,30,0,4.800000000000001,0,7.9
2021,3,31,3,30,0,4.800000000000001,0,7.1000000000000005
2021,3,31,4,30,0,4.9,0,6.300000000000001
2021,3,31,5,30,0,4.9,0,5.6000000000000005
2021,3,31,6,30,2,5.300000000000001,0,5.7
2021,3,31,7,30,114,6.4,0,7.4
2021,3,31,8,30,349,7,0,10
2021,3,31,9,30,473,7,8,12.8
2021,3,31,10,30,740,6.9,0,15.3
2021,3,31,11,30,904,6.5,0,17.2
2021,3,31,12,30,988,6.1000000000000005,0,18.6
2021,3,31,13,30,977,5.6000000000000005,0,19.5
2021,3,31,14,30,884,5.2,0,19.8
2021,3,31,15,30,750,5,0,19.5
2021,3,31,16,30,549,4.7,0,18.5
2021,3,31,17,30,316,4,0,16.6
2021,3,31,18,30,88,3.1,0,13.600000000000001
2021,3,31,19,30,0,3.1,0,11.5
2021,3,31,20,30,0,3.3000000000000003,0,10.4
2021,3,31,21,30,0,2.9000000000000004,0,9.200000000000001
2021,3,31,22,30,0,2.5,0,8
2021,3,31,23,30,0,2.3000000000000003,0,7.1000000000000005
2021,4,1,0,30,0,2.1,0,6.300000000000001
2021,4,1,1,30,0,1.9000000000000001,0,5.5
2021,4,1,2,30,0,1.6,0,4.7
2021,4,1,3,30,0,1.4000000000000001,0,4.1000000000000005
2021,4,1,4,30,0,1.2000000000000002,0,3.5
2021,4,1,5,30,0,1.2000000000000002,0,3.3000000000000003
2021,4,1,6,30,3,1.5,0,4.9
2021,4,1,7,30,164,2.3000000000000003,0,8.5
2021,4,1,8,30,403,3.5,0,12.4
2021,4,1,9,30,630,4.5,0,15.3
2021,4,1,10,30,817,4.800000000000001,0,17.2
2021,4,1,11,30,947,5,0,18.8
2021,4,1,12,30,1001,5,0,20.200000000000003
2021,4,1,13,30,988,4.9,0,21.1
2021,4,1,14,30,901,4.800000000000001,0,21.6
2021,4,1,15,30,750,4.7,0,21.6
2021,4,1,16,30,546,4.7,0,20.8
2021,4,1,17,30,298,3.9000000000000004,0,18.8
2021,4,1,18,30,54,3,7,15.700000000000001
2021,4,1,19,30,0,3.3000000000000003,8,13.700000000000001
2021,4,1,20,30,0,4,7,12.9
2021,4,1,21,30,0,4.3,8,12.100000000000001
2021,4,1,22,30,0,4.2,0,11.200000000000001
2021,4,1,23,30,0,3.8000000000000003,0,10.200000000000001
2021,4,2,0,30,0,3.3000000000000003,0,9.3
2021,4,2,1,30,0,3.2,8,8.6
2021,4,2,2,30,0,3.3000000000000003,8,8
2021,4,2,3,30,0,3.2,0,7.5
2021,4,2,4,30,0,3,8,7.1000000000000005
2021,4,2,5,30,0,3.2,8,6.800000000000001
2021,4,2,6,30,3,3.8000000000000003,7,7.6000000000000005
2021,4,2,7,30,107,5.300000000000001,8,10.200000000000001
2021,4,2,8,30,254,6.800000000000001,8,13.3
2021,4,2,9,30,500,7.4,8,16
2021,4,2,10,30,552,7.300000000000001,7,18.2
2021,4,2,11,30,645,7.1000000000000005,7,19.8
2021,4,2,12,30,775,6.9,7,20.900000000000002
2021,4,2,13,30,824,6.7,7,21.5
2021,4,2,14,30,571,6.6000000000000005,7,21.8
2021,4,2,15,30,648,6.4,0,21.8
2021,4,2,16,30,478,6.2,0,21.400000000000002
2021,4,2,17,30,282,5.6000000000000005,0,20.1
2021,4,2,18,30,79,4.4,0,17.900000000000002
2021,4,2,19,30,0,3.6,0,16.1
2021,4,2,20,30,0,3.7,0,15.100000000000001
2021,4,2,21,30,0,3.7,0,14.200000000000001
2021,4,2,22,30,0,3.5,0,13.200000000000001
2021,4,2,23,30,0,3.2,0,12.3
2021,4,3,0,30,0,2.9000000000000004,0,11.5
2021,4,3,1,30,0,2.6,8,10.8
2021,4,3,2,30,0,2.3000000000000003,8,10.3
2021,4,3,3,30,0,2.1,7,10.200000000000001
2021,4,3,4,30,0,2.2,7,10.100000000000001
2021,4,3,5,30,0,2.3000000000000003,0,10
2021,4,3,6,30,4,3,0,10.8
2021,4,3,7,30,150,4.2,0,13.3
2021,4,3,8,30,369,4.9,0,16.1
2021,4,3,9,30,554,4.9,0,18.5
2021,4,3,10,30,754,4.6000000000000005,0,20.400000000000002
2021,4,3,11,30,880,4.6000000000000005,0,22
2021,4,3,12,30,940,5,0,23.5
2021,4,3,13,30,814,5.1000000000000005,8,24.700000000000003
2021,4,3,14,30,840,4.800000000000001,0,25.200000000000003
2021,4,3,15,30,688,4.4,0,24.700000000000003
2021,4,3,16,30,398,4.1000000000000005,8,23.700000000000003
2021,4,3,17,30,158,3.6,8,22.1
2021,4,3,18,30,38,3.4000000000000004,7,20.1
2021,4,3,19,30,0,3.9000000000000004,7,18.400000000000002
2021,4,3,20,30,0,4.3,7,17.1
2021,4,3,21,30,0,4.2,7,15.9
2021,4,3,22,30,0,3.8000000000000003,8,14.9
2021,4,3,23,30,0,3.3000000000000003,8,13.9
2021,4,4,0,30,0,2.6,8,13.3
2021,4,4,1,30,0,2,8,12.9
2021,4,4,2,30,0,1.3,8,12.600000000000001
2021,4,4,3,30,0,0.7000000000000001,3,12.4
2021,4,4,4,30,0,0.6000000000000001,0,12.3
2021,4,4,5,30,0,0.7000000000000001,3,12.3
2021,4,4,6,30,2,1.5,3,13.100000000000001
2021,4,4,7,30,32,2.6,3,14.700000000000001
2021,4,4,8,30,214,3.2,3,16.6
2021,4,4,9,30,427,3.5,3,18.400000000000002
2021,4,4,10,30,355,3.8000000000000003,3,20.200000000000003
2021,4,4,11,30,650,4.1000000000000005,3,21.8
2021,4,4,12,30,623,4.3,3,23.1
2021,4,4,13,30,927,4.4,0,23.900000000000002
2021,4,4,14,30,572,4.4,3,24.1
2021,4,4,15,30,350,4.4,3,23.8
2021,4,4,16,30,259,4.3,3,22.900000000000002
2021,4,4,17,30,107,4.2,3,21.5
2021,4,4,18,30,72,3.6,0,19.400000000000002
2021,4,4,19,30,0,3.4000000000000004,0,17.6
2021,4,4,20,30,0,3.5,3,16.5
2021,4,4,21,30,0,3.5,3,15.5
2021,4,4,22,30,0,3.3000000000000003,0,14.700000000000001
2021,4,4,23,30,0,3.1,0,14
2021,4,5,0,30,0,2.9000000000000004,0,13.4
2021,4,5,1,30,0,2.7,0,12.9
2021,4,5,2,30,0,2.6,0,12.600000000000001
2021,4,5,3,30,0,2.5,0,12.3
2021,4,5,4,30,0,2.5,0,11.700000000000001
2021,4,5,5,30,0,2.8000000000000003,0,11.200000000000001
2021,4,5,6,30,5,4,0,12
2021,4,5,7,30,117,5.5,0,14.4
2021,4,5,8,30,208,6.300000000000001,3,17.6
2021,4,5,9,30,312,6.2,3,20.700000000000003
2021,4,5,10,30,678,6.1000000000000005,0,23.700000000000003
2021,4,5,11,30,904,6,0,26.1
2021,4,5,12,30,960,5.9,0,28
2021,4,5,13,30,945,5.7,0,29.3
2021,4,5,14,30,863,5.6000000000000005,0,29.900000000000002
2021,4,5,15,30,719,5.6000000000000005,0,29.700000000000003
2021,4,5,16,30,526,5.800000000000001,0,28.8
2021,4,5,17,30,304,5.7,0,26.900000000000002
2021,4,5,18,30,89,5.5,0,24.200000000000003
2021,4,5,19,30,0,5.5,0,21.8
2021,4,5,20,30,0,5.5,0,20.200000000000003
2021,4,5,21,30,0,5.7,8,19.1
2021,4,5,22,30,0,5.800000000000001,8,18.2
2021,4,5,23,30,0,6,0,17.6
2021,4,6,0,30,0,6.1000000000000005,0,17.2
2021,4,6,1,30,0,6.1000000000000005,0,16.900000000000002
2021,4,6,2,30,0,6,0,16.400000000000002
2021,4,6,3,30,0,6,0,15.9
2021,4,6,4,30,0,6.1000000000000005,0,15.3
2021,4,6,5,30,0,6.1000000000000005,8,14.8
2021,4,6,6,30,6,6.5,7,15.200000000000001
2021,4,6,7,30,154,7.2,0,17.3
2021,4,6,8,30,349,7.4,0,20.200000000000003
2021,4,6,9,30,475,7,8,23.6
2021,4,6,10,30,765,6.6000000000000005,0,27.6
2021,4,6,11,30,734,6.5,8,31.1
2021,4,6,12,30,984,6.7,0,33.2
2021,4,6,13,30,928,7.1000000000000005,0,34.1
2021,4,6,14,30,730,7.300000000000001,7,33.800000000000004
2021,4,6,15,30,618,7.1000000000000005,7,32.6
2021,4,6,16,30,454,6.4,7,30.900000000000002
2021,4,6,17,30,252,5.6000000000000005,7,28.8
2021,4,6,18,30,81,4.9,7,26.5
2021,4,6,19,30,0,4.2,0,24.3
2021,4,6,20,30,0,3.7,8,22.400000000000002
2021,4,6,21,30,0,3.5,6,21.1
2021,4,6,22,30,0,3.6,6,20.400000000000002
2021,4,6,23,30,0,3.9000000000000004,7,20
2021,4,7,0,30,0,3.8000000000000003,0,19
2021,4,7,1,30,0,2.9000000000000004,0,17.400000000000002
2021,4,7,2,30,0,2.4000000000000004,0,15.5
2021,4,7,3,30,0,3,0,14.200000000000001
2021,4,7,4,30,0,3.6,0,13
2021,4,7,5,30,0,3.8000000000000003,0,11.700000000000001
2021,4,7,6,30,11,4.3,0,11.600000000000001
2021,4,7,7,30,190,5.2,0,13.200000000000001
2021,4,7,8,30,430,5.300000000000001,0,15.9
2021,4,7,9,30,655,5.2,0,18.900000000000002
2021,4,7,10,30,838,5,0,21.5
2021,4,7,11,30,964,4.800000000000001,0,23.400000000000002
2021,4,7,12,30,1022,4.5,0,25
2021,4,7,13,30,1008,4.2,0,26.1
2021,4,7,14,30,923,4,0,26.8
2021,4,7,15,30,773,3.8000000000000003,0,27.1
2021,4,7,16,30,572,3.5,0,26.8
2021,4,7,17,30,341,2.1,0,24.900000000000002
2021,4,7,18,30,108,0.9,0,22.700000000000003
2021,4,7,19,30,0,0.9,0,21.400000000000002
2021,4,7,20,30,0,1.3,0,19.3
2021,4,7,21,30,0,1.5,0,16.8
2021,4,7,22,30,0,1.6,0,14.8
2021,4,7,23,30,0,1.8,0,13.600000000000001
2021,4,8,0,30,0,1.9000000000000001,0,12.9
2021,4,8,1,30,0,1.8,0,12.200000000000001
2021,4,8,2,30,0,1.6,0,11.3
2021,4,8,3,30,0,1.3,0,10.5
2021,4,8,4,30,0,1.1,0,10.100000000000001
2021,4,8,5,30,0,1.1,0,9.8
2021,4,8,6,30,12,1.3,0,11.100000000000001
2021,4,8,7,30,188,1.6,0,14.200000000000001
2021,4,8,8,30,431,1.6,0,18.2
2021,4,8,9,30,610,1.6,0,22.8
2021,4,8,10,30,831,2.4000000000000004,0,26.8
2021,4,8,11,30,955,3.4000000000000004,0,29.3
2021,4,8,12,30,1013,3.8000000000000003,0,30.8
2021,4,8,13,30,999,3.6,0,31.6
2021,4,8,14,30,913,3.1,0,31.900000000000002
2021,4,8,15,30,763,2.7,0,31.8
2021,4,8,16,30,488,2.3000000000000003,0,31
2021,4,8,17,30,310,1.5,0,28.400000000000002
2021,4,8,18,30,102,1.1,0,24.400000000000002
2021,4,8,19,30,0,1.5,8,21.3
2021,4,8,20,30,0,2,0,20
2021,4,8,21,30,0,2.7,0,19.6
2021,4,8,22,30,0,3.6,0,19.8
2021,4,8,23,30,0,4.3,0,19.700000000000003
2021,4,9,0,30,0,4.3,0,18.900000000000002
2021,4,9,1,30,0,3.9000000000000004,0,17.5
2021,4,9,2,30,0,3.4000000000000004,0,16.3
2021,4,9,3,30,0,3.3000000000000003,0,15.8
2021,4,9,4,30,0,3.4000000000000004,0,15.5
2021,4,9,5,30,0,3.5,0,15.200000000000001
2021,4,9,6,30,13,4.1000000000000005,0,16.3
2021,4,9,7,30,196,4.6000000000000005,0,19.400000000000002
2021,4,9,8,30,431,5.1000000000000005,0,24.200000000000003
2021,4,9,9,30,650,6.300000000000001,0,28.900000000000002
2021,4,9,10,30,832,7.1000000000000005,0,31.5
2021,4,9,11,30,955,7.1000000000000005,0,32.6
2021,4,9,12,30,1016,7,0,33.2
2021,4,9,13,30,1001,7,0,33.5
2021,4,9,14,30,919,6.800000000000001,0,33.4
2021,4,9,15,30,770,6.6000000000000005,0,32.800000000000004
2021,4,9,16,30,570,6.300000000000001,0,31.6
2021,4,9,17,30,337,5.4,0,29
2021,4,9,18,30,106,4.9,0,24.900000000000002
2021,4,9,19,30,0,5.5,0,21.5
2021,4,9,20,30,0,6.2,0,19.3
2021,4,9,21,30,0,5.7,0,17.2
2021,4,9,22,30,0,5.1000000000000005,0,15.5
2021,4,9,23,30,0,4.800000000000001,0,14
2021,4,10,0,30,0,4.7,0,12.700000000000001
2021,4,10,1,30,0,4.7,0,11.600000000000001
2021,4,10,2,30,0,4.7,0,10.600000000000001
2021,4,10,3,30,0,4.4,0,9.8
2021,4,10,4,30,0,3.8000000000000003,0,9
2021,4,10,5,30,0,3.1,0,8.3
2021,4,10,6,30,16,3.4000000000000004,0,8.9
2021,4,10,7,30,201,4.1000000000000005,0,11.200000000000001
2021,4,10,8,30,440,4.1000000000000005,0,14.100000000000001
2021,4,10,9,30,660,3.6,0,17
2021,4,10,10,30,839,2.8000000000000003,0,19.400000000000002
2021,4,10,11,30,962,1.8,0,21.400000000000002
2021,4,10,12,30,1019,1,0,23
2021,4,10,13,30,1004,1,0,24.3
2021,4,10,14,30,919,1.7000000000000002,0,25.1
2021,4,10,15,30,770,2.2,0,25.400000000000002
2021,4,10,16,30,571,2.3000000000000003,0,25
2021,4,10,17,30,340,1.6,0,23.3
2021,4,10,18,30,110,1.1,0,20.400000000000002
2021,4,10,19,30,0,1.3,0,17.6
2021,4,10,20,30,0,1.6,0,16
2021,4,10,21,30,0,2.1,0,15.100000000000001
2021,4,10,22,30,0,2.7,0,14.600000000000001
2021,4,10,23,30,0,3.3000000000000003,0,14.100000000000001
2021,4,11,0,30,0,3.7,0,13.4
2021,4,11,1,30,0,4.1000000000000005,0,12.8
2021,4,11,2,30,0,4.4,0,12.200000000000001
2021,4,11,3,30,0,4.7,0,11.8
2021,4,11,4,30,0,4.9,0,11.5
2021,4,11,5,30,0,4.9,0,11.3
2021,4,11,6,30,17,5,0,12.200000000000001
2021,4,11,7,30,207,5.6000000000000005,0,15.4
2021,4,11,8,30,446,6.1000000000000005,0,19.700000000000003
2021,4,11,9,30,670,5.9,0,24.200000000000003
2021,4,11,10,30,857,5.5,0,28.200000000000003
2021,4,11,11,30,985,5.300000000000001,0,31
2021,4,11,12,30,1047,5.2,0,32.6
2021,4,11,13,30,1032,5.2,0,33.300000000000004
2021,4,11,14,30,944,5.1000000000000005,0,33.300000000000004
2021,4,11,15,30,792,4.9,0,32.9
2021,4,11,16,30,590,4.4,0,32
2021,4,11,17,30,356,2.8000000000000003,0,28.900000000000002
2021,4,11,18,30,102,1.5,8,24.8
2021,4,11,19,30,0,1.4000000000000001,8,23.6
2021,4,11,20,30,0,1.2000000000000002,3,23.700000000000003
2021,4,11,21,30,0,1.2000000000000002,8,22.5
2021,4,11,22,30,0,1.5,8,20.400000000000002
2021,4,11,23,30,0,1.7000000000000002,3,18.400000000000002
2021,4,12,0,30,0,2.1,8,17.5
2021,4,12,1,30,0,2.3000000000000003,7,16.7
2021,4,12,2,30,0,2.3000000000000003,0,15.8
2021,4,12,3,30,0,2.1,0,15.100000000000001
2021,4,12,4,30,0,2.1,8,14.3
2021,4,12,5,30,0,2.6,8,13.700000000000001
2021,4,12,6,30,13,3.8000000000000003,7,13.9
2021,4,12,7,30,91,4.800000000000001,6,15.200000000000001
2021,4,12,8,30,263,4.800000000000001,7,17.3
2021,4,12,9,30,446,4.5,7,19.1
2021,4,12,10,30,738,4.3,0,20.1
2021,4,12,11,30,818,4.2,0,20.900000000000002
2021,4,12,12,30,864,4.2,8,21.6
2021,4,12,13,30,944,4.2,0,22.3
2021,4,12,14,30,788,4.2,8,22.900000000000002
2021,4,12,15,30,675,4.2,8,23.200000000000003
2021,4,12,16,30,538,4.5,0,22.700000000000003
2021,4,12,17,30,323,4.7,0,21
2021,4,12,18,30,104,4.7,0,18.6
2021,4,12,19,30,0,4.800000000000001,0,16.5
2021,4,12,20,30,0,5.1000000000000005,0,15
2021,4,12,21,30,0,5,7,13.700000000000001
2021,4,12,22,30,0,4.7,8,12.700000000000001
2021,4,12,23,30,0,4.4,8,11.8
2021,4,13,0,30,0,4.3,0,11.100000000000001
2021,4,13,1,30,0,4.4,0,10.5
2021,4,13,2,30,0,4.6000000000000005,0,10.100000000000001
2021,4,13,3,30,0,4.800000000000001,0,9.700000000000001
2021,4,13,4,30,0,4.800000000000001,0,9.4
2021,4,13,5,30,0,4.9,0,9.200000000000001
2021,4,13,6,30,15,5.300000000000001,0,9.600000000000001
2021,4,13,7,30,74,5.6000000000000005,3,10.9
2021,4,13,8,30,104,5.6000000000000005,3,12.700000000000001
2021,4,13,9,30,133,5.2,3,14.700000000000001
2021,4,13,10,30,180,4.6000000000000005,3,16.6
2021,4,13,11,30,206,4,3,18.400000000000002
2021,4,13,12,30,208,3.5,3,19.8
2021,4,13,13,30,249,2.9000000000000004,3,20.700000000000003
2021,4,13,14,30,207,2.5,3,21.1
2021,4,13,15,30,131,2.3000000000000003,3,21
2021,4,13,16,30,93,2.3000000000000003,3,20.6
2021,4,13,17,30,63,2.3000000000000003,3,19.6
2021,4,13,18,30,51,2,3,17.5
2021,4,13,19,30,0,2.1,3,15.5
2021,4,13,20,30,0,2.9000000000000004,0,14.5
2021,4,13,21,30,0,3.3000000000000003,0,13.700000000000001
2021,4,13,22,30,0,3.4000000000000004,0,12.8
2021,4,13,23,30,0,3.3000000000000003,7,12.100000000000001
2021,4,14,0,30,0,3,0,11.5
2021,4,14,1,30,0,2.8000000000000003,3,11.100000000000001
2021,4,14,2,30,0,2.6,8,10.8
2021,4,14,3,30,0,2.6,8,10.5
2021,4,14,4,30,0,2.8000000000000003,3,10.3
2021,4,14,5,30,0,3,3,10.200000000000001
2021,4,14,6,30,8,3.4000000000000004,3,10.5
2021,4,14,7,30,29,4.1000000000000005,3,11.600000000000001
2021,4,14,8,30,60,4.5,7,13.100000000000001
2021,4,14,9,30,68,4.3,3,14.600000000000001
2021,4,14,10,30,137,3.9000000000000004,3,16.2
2021,4,14,11,30,187,3.2,8,17.8
2021,4,14,12,30,193,2.5,3,19.400000000000002
2021,4,14,13,30,289,2,8,20.900000000000002
2021,4,14,14,30,249,1.9000000000000001,7,22.3
2021,4,14,15,30,172,2.1,8,22.900000000000002
2021,4,14,16,30,345,2.7,0,22.6
2021,4,14,17,30,108,3.8000000000000003,3,21.3
2021,4,14,18,30,45,4.800000000000001,8,19
2021,4,14,19,30,0,5.5,8,16.3
2021,4,14,20,30,0,5.7,8,14.100000000000001
2021,4,14,21,30,0,5.4,7,12.5
2021,4,14,22,30,0,5.1000000000000005,8,11.700000000000001
2021,4,14,23,30,0,4.7,0,11.4
2021,4,15,0,30,0,4.3,8,11.3
2021,4,15,1,30,0,3.9000000000000004,7,11.3
2021,4,15,2,30,0,3.7,7,11.200000000000001
2021,4,15,3,30,0,3.6,6,11.200000000000001
2021,4,15,4,30,0,3.7,6,11
2021,4,15,5,30,0,3.7,7,10.9
2021,4,15,6,30,5,3.8000000000000003,7,11.100000000000001
2021,4,15,7,30,16,3.9000000000000004,7,11.700000000000001
2021,4,15,8,30,16,3.7,7,12.8
2021,4,15,9,30,35,3.4000000000000004,7,13.9
2021,4,15,10,30,92,3,7,15.100000000000001
2021,4,15,11,30,185,2.5,7,16.3
2021,4,15,12,30,184,1.9000000000000001,6,17
2021,4,15,13,30,260,1.8,6,17.5
2021,4,15,14,30,180,1.9000000000000001,6,17.900000000000002
2021,4,15,15,30,117,2,6,17.900000000000002
2021,4,15,16,30,97,2.4000000000000004,6,17.5
2021,4,15,17,30,69,3,6,16.5
2021,4,15,18,30,40,3.6,6,15.100000000000001
2021,4,15,19,30,0,4,6,13.9
2021,4,15,20,30,0,4,6,13.3
2021,4,15,21,30,0,3.6,7,13.100000000000001
2021,4,15,22,30,0,2.9000000000000004,7,13.200000000000001
2021,4,15,23,30,0,2.2,8,13.200000000000001
2021,4,16,0,30,0,1.7000000000000002,8,13.4
2021,4,16,1,30,0,1.8,8,13.600000000000001
2021,4,16,2,30,0,2.3000000000000003,8,13.9
2021,4,16,3,30,0,2.5,8,14.3
2021,4,16,4,30,0,2.1,7,14.3
2021,4,16,5,30,0,1.6,7,14.100000000000001
2021,4,16,6,30,9,2.1,7,14.5
2021,4,16,7,30,36,3,7,15.100000000000001
2021,4,16,8,30,33,3.6,7,15.700000000000001
2021,4,16,9,30,38,3.9000000000000004,7,16.400000000000002
2021,4,16,10,30,74,4,7,17.3
2021,4,16,11,30,237,3.9000000000000004,7,18.6
2021,4,16,12,30,278,4,7,19.6
2021,4,16,13,30,219,4.2,7,20.3
2021,4,16,14,30,221,4.4,7,20.700000000000003
2021,4,16,15,30,253,4.5,7,20.5
2021,4,16,16,30,216,4.5,7,19.5
2021,4,16,17,30,186,4.4,8,18
2021,4,16,18,30,90,4.2,8,15.8
2021,4,16,19,30,0,4.4,8,13.8
2021,4,16,20,30,0,4.9,5,12.100000000000001
2021,4,16,21,30,0,5.5,7,10.600000000000001
2021,4,16,22,30,0,6.1000000000000005,7,9.200000000000001
2021,4,16,23,30,0,6.2,8,8
2021,4,17,0,30,0,5.800000000000001,8,7.2
2021,4,17,1,30,0,5.1000000000000005,7,6.5
2021,4,17,2,30,0,4.3,8,6.1000000000000005
2021,4,17,3,30,0,3.6,8,5.7
2021,4,17,4,30,0,3.3000000000000003,8,5.5
2021,4,17,5,30,0,3.4000000000000004,4,5.4
2021,4,17,6,30,7,4.3,4,6
2021,4,17,7,30,61,5.4,8,7.2
2021,4,17,8,30,98,5.6000000000000005,8,8.5
2021,4,17,9,30,133,5.5,8,9.5
2021,4,17,10,30,134,5.300000000000001,8,10.100000000000001
2021,4,17,11,30,128,5,8,10.4
2021,4,17,12,30,142,4.5,7,10.700000000000001
2021,4,17,13,30,318,3.8000000000000003,8,11.100000000000001
2021,4,17,14,30,227,3.2,5,11.5
2021,4,17,15,30,269,2.8000000000000003,7,11.700000000000001
2021,4,17,16,30,128,2.4000000000000004,8,11.5
2021,4,17,17,30,81,2.1,8,10.9
2021,4,17,18,30,43,1.6,5,9.8
2021,4,17,19,30,0,1.2000000000000002,5,8.700000000000001
2021,4,17,20,30,0,1,4,7.7
2021,4,17,21,30,0,0.8,0,6.800000000000001
2021,4,17,22,30,0,0.7000000000000001,0,6.2
2021,4,17,23,30,0,0.7000000000000001,0,5.800000000000001
2021,4,18,0,30,0,0.8,4,5.1000000000000005
2021,4,18,1,30,0,1,4,4.3
2021,4,18,2,30,0,1.1,5,3.8000000000000003
2021,4,18,3,30,0,1.1,4,3.6
2021,4,18,4,30,0,1.1,4,3.5
2021,4,18,5,30,0,1.1,4,3.8000000000000003
2021,4,18,6,30,14,1.8,5,5.5
2021,4,18,7,30,119,2.5,4,8.6
2021,4,18,8,30,448,2.8000000000000003,0,11.3
2021,4,18,9,30,589,3.3000000000000003,0,13.5
2021,4,18,10,30,568,3.4000000000000004,8,15.3
2021,4,18,11,30,872,3.2,0,16.8
2021,4,18,12,30,631,2.9000000000000004,8,18.1
2021,4,18,13,30,894,2.6,0,19
2021,4,18,14,30,712,2.3000000000000003,3,19.5
2021,4,18,15,30,622,2,8,19.5
2021,4,18,16,30,467,1.8,8,19.1
2021,4,18,17,30,276,1.3,7,17.900000000000002
2021,4,18,18,30,106,0.8,3,15.9
2021,4,18,19,30,0,0.9,0,13.9
2021,4,18,20,30,0,1.1,0,12.4
2021,4,18,21,30,0,1.2000000000000002,0,11.100000000000001
2021,4,18,22,30,0,1.2000000000000002,0,10.100000000000001
2021,4,18,23,30,0,1.2000000000000002,0,9.1
2021,4,19,0,30,0,1.2000000000000002,0,8.4
2021,4,19,1,30,0,1.2000000000000002,0,7.7
2021,4,19,2,30,0,1.2000000000000002,0,7
2021,4,19,3,30,0,1.2000000000000002,0,6.300000000000001
2021,4,19,4,30,0,1.3,0,5.6000000000000005
2021,4,19,5,30,0,1.3,0,5.5
2021,4,19,6,30,18,2.2,4,7.6000000000000005
2021,4,19,7,30,150,3.1,5,11.600000000000001
2021,4,19,8,30,294,3.5,5,15.5
2021,4,19,9,30,632,3.7,0,18.5
2021,4,19,10,30,758,3.7,0,20.400000000000002
2021,4,19,11,30,902,3.9000000000000004,0,21.8
2021,4,19,12,30,1014,4,0,22.900000000000002
2021,4,19,13,30,945,4,0,23.6
2021,4,19,14,30,907,4.1000000000000005,0,23.8
2021,4,19,15,30,759,4.1000000000000005,0,23.5
2021,4,19,16,30,517,3.9000000000000004,0,22.700000000000003
2021,4,19,17,30,274,3.3000000000000003,3,21.200000000000003
2021,4,19,18,30,121,2.4000000000000004,0,18.5
2021,4,19,19,30,0,2.4000000000000004,0,16.2
2021,4,19,20,30,0,3.2,0,15.3
2021,4,19,21,30,0,3.7,0,14.4
2021,4,19,22,30,0,3.7,0,13.4
2021,4,19,23,30,0,3.7,0,12.4
2021,4,20,0,30,0,3.6,0,11.600000000000001
2021,4,20,1,30,0,3.4000000000000004,0,10.9
2021,4,20,2,30,0,3.1,0,10.100000000000001
2021,4,20,3,30,0,2.6,0,9.200000000000001
2021,4,20,4,30,0,2,0,8.3
2021,4,20,5,30,0,1.6,0,7.7
2021,4,20,6,30,36,2.4000000000000004,0,8.3
2021,4,20,7,30,231,4.5,0,9.600000000000001
2021,4,20,8,30,457,6.5,0,9.9
2021,4,20,9,30,669,6.9,0,9.4
2021,4,20,10,30,808,6.6000000000000005,0,9.3
2021,4,20,11,30,827,5.9,3,10.3
2021,4,20,12,30,839,5.300000000000001,3,12
2021,4,20,13,30,792,4.9,3,13.600000000000001
2021,4,20,14,30,867,4.7,0,14.600000000000001
2021,4,20,15,30,778,4.5,0,15
2021,4,20,16,30,583,4.3,0,14.700000000000001
2021,4,20,17,30,356,4,0,13.600000000000001
2021,4,20,18,30,129,3.2,0,11.4
2021,4,20,19,30,0,3.2,0,9.3
2021,4,20,20,30,0,3.9000000000000004,0,8.1
2021,4,20,21,30,0,4,0,6.9
2021,4,20,22,30,0,3.8000000000000003,0,5.7
2021,4,20,23,30,0,3.4000000000000004,0,4.800000000000001
2021,4,21,0,30,0,3.1,0,4
2021,4,21,1,30,0,2.8000000000000003,0,3.3000000000000003
2021,4,21,2,30,0,2.5,0,2.7
2021,4,21,3,30,0,2,0,2.1
2021,4,21,4,30,0,1.7000000000000002,0,1.7000000000000002
2021,4,21,5,30,0,1.7000000000000002,0,1.6
2021,4,21,6,30,38,2.7,0,2.8000000000000003
2021,4,21,7,30,205,4.2,0,5.300000000000001
2021,4,21,8,30,443,5,0,8
2021,4,21,9,30,464,5.2,8,10.4
2021,4,21,10,30,429,4.800000000000001,8,12.5
2021,4,21,11,30,445,4.5,4,14.3
2021,4,21,12,30,537,4.2,4,15.9
2021,4,21,13,30,478,4.2,3,17.2
2021,4,21,14,30,616,4.2,3,17.900000000000002
2021,4,21,15,30,462,4.3,3,17.8
2021,4,21,16,30,278,4.4,3,17
2021,4,21,17,30,131,4.2,3,15.5
2021,4,21,18,30,49,3.2,3,13.100000000000001
2021,4,21,19,30,0,2.4000000000000004,3,11
2021,4,21,20,30,0,2.6,0,9.8
2021,4,21,21,30,0,3,0,9.1
2021,4,21,22,30,0,3.3000000000000003,0,8.4
2021,4,21,23,30,0,3.4000000000000004,0,7.7
2021,4,22,0,30,0,3.2,0,7
2021,4,22,1,30,0,3.2,0,6.4
2021,4,22,2,30,0,3.3000000000000003,0,6.1000000000000005
2021,4,22,3,30,0,3.2,0,5.7
2021,4,22,4,30,0,3.2,0,5.5
2021,4,22,5,30,0,3.4000000000000004,0,5.5
2021,4,22,6,30,29,4,0,6.5
2021,4,22,7,30,134,4.9,0,8.3
2021,4,22,8,30,102,5.300000000000001,7,9.8
2021,4,22,9,30,140,5.4,7,11
2021,4,22,10,30,235,5.4,8,12.4
2021,4,22,11,30,453,5.300000000000001,7,14.200000000000001
2021,4,22,12,30,377,5,7,16.3
2021,4,22,13,30,382,4.7,8,18.3
2021,4,22,14,30,470,4.4,7,19.8
2021,4,22,15,30,465,4.3,7,20.6
2021,4,22,16,30,330,4.2,7,20.5
2021,4,22,17,30,197,3.8000000000000003,7,19.3
2021,4,22,18,30,45,3.8000000000000003,6,17.2
2021,4,22,19,30,0,4.3,7,15.5
2021,4,22,20,30,0,4.6000000000000005,6,14.4
2021,4,22,21,30,0,4.5,6,13.4
2021,4,22,22,30,0,4.3,7,12.600000000000001
2021,4,22,23,30,0,4.2,8,12.200000000000001
2021,4,23,0,30,0,4.1000000000000005,7,12.100000000000001
2021,4,23,1,30,0,4,8,12.200000000000001
2021,4,23,2,30,0,3.9000000000000004,3,12.4
2021,4,23,3,30,0,4.1000000000000005,8,12.8
2021,4,23,4,30,0,4.3,7,13.200000000000001
2021,4,23,5,30,0,4.6000000000000005,7,13.700000000000001
2021,4,23,6,30,26,5.300000000000001,7,14.9
2021,4,23,7,30,122,6.2,7,17.400000000000002
2021,4,23,8,30,326,6.4,7,20.400000000000002
2021,4,23,9,30,440,6,7,23
2021,4,23,10,30,691,5.800000000000001,8,25.5
2021,4,23,11,30,977,5.800000000000001,0,27.700000000000003
2021,4,23,12,30,999,5.9,0,29.200000000000003
2021,4,23,13,30,1019,6.300000000000001,0,29.900000000000002
2021,4,23,14,30,910,7.1000000000000005,0,29.700000000000003
2021,4,23,15,30,788,7.800000000000001,0,29
2021,4,23,16,30,592,8,0,27.700000000000003
2021,4,23,17,30,362,7.1000000000000005,0,26
2021,4,23,18,30,133,5.1000000000000005,0,23.1
2021,4,23,19,30,0,4.1000000000000005,0,20.5
2021,4,23,20,30,0,4.3,0,19.3
2021,4,23,21,30,0,4.5,0,18.2
2021,4,23,22,30,0,4.2,0,16.900000000000002
2021,4,23,23,30,0,4,0,15.600000000000001
2021,4,24,0,30,0,4.4,0,14.600000000000001
2021,4,24,1,30,0,4.7,0,13.5
2021,4,24,2,30,0,4.6000000000000005,0,12.3
2021,4,24,3,30,0,4.3,0,11.4
2021,4,24,4,30,0,3.9000000000000004,0,10.8
2021,4,24,5,30,0,3.6,0,10.600000000000001
2021,4,24,6,30,47,3.8000000000000003,0,11.600000000000001
2021,4,24,7,30,249,4.2,0,14.200000000000001
2021,4,24,8,30,481,4.2,0,17.3
2021,4,24,9,30,697,4,0,20.200000000000003
2021,4,24,10,30,871,3.8000000000000003,0,22.700000000000003
2021,4,24,11,30,993,3.6,0,24.8
2021,4,24,12,30,1046,3.4000000000000004,0,26.3
2021,4,24,13,30,1027,3.1,0,27.200000000000003
2021,4,24,14,30,940,2.6,0,27.6
2021,4,24,15,30,792,2.1,0,27.400000000000002
2021,4,24,16,30,595,1.5,0,26.700000000000003
2021,4,24,17,30,367,1,0,25
2021,4,24,18,30,138,1.1,0,21.400000000000002
2021,4,24,19,30,0,1.7000000000000002,0,18.3
2021,4,24,20,30,0,2.5,0,17.1
2021,4,24,21,30,0,3.4000000000000004,0,16.400000000000002
2021,4,24,22,30,0,4,0,15.3
2021,4,24,23,30,0,4.2,0,14
2021,4,25,0,30,0,4.3,0,12.9
2021,4,25,1,30,0,4.2,0,12.100000000000001
2021,4,25,2,30,0,4.1000000000000005,0,11.3
2021,4,25,3,30,0,4,0,10.700000000000001
2021,4,25,4,30,0,4.1000000000000005,0,10.200000000000001
2021,4,25,5,30,0,4.4,0,10.100000000000001
2021,4,25,6,30,50,5.1000000000000005,0,11.4
2021,4,25,7,30,254,6,0,14.9
2021,4,25,8,30,483,7.2,0,19.1
2021,4,25,9,30,695,7.9,0,22.900000000000002
2021,4,25,10,30,866,7.7,0,26.1
2021,4,25,11,30,982,7.300000000000001,0,28.8
2021,4,25,12,30,1033,6.800000000000001,0,31
2021,4,25,13,30,1018,6.300000000000001,0,32.4
2021,4,25,14,30,932,6,0,33.1
2021,4,25,15,30,783,5.9,0,33.2
2021,4,25,16,30,586,6,0,32.4
2021,4,25,17,30,348,5.6000000000000005,8,30.6
2021,4,25,18,30,130,5.2,8,27.6
2021,4,25,19,30,1,5.2,7,24.900000000000002
2021,4,25,20,30,0,5.6000000000000005,7,23.5
2021,4,25,21,30,0,5.800000000000001,0,22.6
2021,4,25,22,30,0,5.7,8,22
2021,4,25,23,30,0,5.800000000000001,8,21.400000000000002
2021,4,26,0,30,0,5.9,7,20.900000000000002
2021,4,26,1,30,0,6.2,6,20.400000000000002
2021,4,26,2,30,0,6.300000000000001,6,19.900000000000002
2021,4,26,3,30,0,6,6,19.200000000000003
2021,4,26,4,30,0,5.6000000000000005,6,18.400000000000002
2021,4,26,5,30,0,5.2,6,17.8
2021,4,26,6,30,37,5.5,7,18.3
2021,4,26,7,30,149,6.5,7,20.5
2021,4,26,8,30,288,7.2,7,23.900000000000002
2021,4,26,9,30,524,7.1000000000000005,7,27.8
2021,4,26,10,30,653,6.5,7,30.8
2021,4,26,11,30,736,5.9,7,32.300000000000004
2021,4,26,12,30,815,5.6000000000000005,7,32.9
2021,4,26,13,30,799,5.5,7,33.5
2021,4,26,14,30,749,5.800000000000001,7,33.7
2021,4,26,15,30,611,5.800000000000001,7,33.2
2021,4,26,16,30,545,4.4,0,31.700000000000003
2021,4,26,17,30,369,2.7,0,29.1
2021,4,26,18,30,105,2.2,8,26.3
2021,4,26,19,30,1,2.5,8,24.6
2021,4,26,20,30,0,2.9000000000000004,7,23.700000000000003
2021,4,26,21,30,0,3.2,7,22.900000000000002
2021,4,26,22,30,0,3.8000000000000003,0,22.3
2021,4,26,23,30,0,4.2,0,21.700000000000003
2021,4,27,0,30,0,4.5,7,21.200000000000003
2021,4,27,1,30,0,4.7,7,20.700000000000003
2021,4,27,2,30,0,4.9,7,20.400000000000002
2021,4,27,3,30,0,5.1000000000000005,6,20.400000000000002
2021,4,27,4,30,0,5.300000000000001,6,20.5
2021,4,27,5,30,0,5.7,6,21
2021,4,27,6,30,14,5.9,6,21.700000000000003
2021,4,27,7,30,39,6.1000000000000005,6,22.700000000000003
2021,4,27,8,30,256,6.300000000000001,7,24
2021,4,27,9,30,375,6.5,7,25
2021,4,27,10,30,451,6.4,6,26
2021,4,27,11,30,862,6.6000000000000005,0,28.1
2021,4,27,12,30,976,7.1000000000000005,0,30.6
2021,4,27,13,30,964,7.1000000000000005,0,32.300000000000004
2021,4,27,14,30,882,6.800000000000001,0,33.2
2021,4,27,15,30,383,6.1000000000000005,8,33.1
2021,4,27,16,30,211,5.300000000000001,8,32.1
2021,4,27,17,30,115,3.7,7,30.5
2021,4,27,18,30,43,2.6,7,28
2021,4,27,19,30,1,3.3000000000000003,7,25.8
2021,4,27,20,30,0,4.7,7,24.5
2021,4,27,21,30,0,5.4,8,23.200000000000003
2021,4,27,22,30,0,5.2,6,22
2021,4,27,23,30,0,4.800000000000001,9,21.1
2021,4,28,0,30,0,4.2,9,20.5
2021,4,28,1,30,0,3.8000000000000003,8,20
2021,4,28,2,30,0,3.5,5,19.400000000000002
2021,4,28,3,30,0,3.1,3,18.900000000000002
2021,4,28,4,30,0,2.6,3,18.3
2021,4,28,5,30,0,2.3000000000000003,0,17.900000000000002
2021,4,28,6,30,43,2.4000000000000004,0,18.5
2021,4,28,7,30,174,2.5,0,20.1
2021,4,28,8,30,239,2.3000000000000003,3,22.400000000000002
2021,4,28,9,30,169,2,3,24.700000000000003
2021,4,28,10,30,334,1.8,3,26.6
2021,4,28,11,30,292,1.6,3,28.200000000000003
2021,4,28,12,30,928,1.6,0,29.3
2021,4,28,13,30,964,1.6,0,29.700000000000003
2021,4,28,14,30,874,1.8,0,29.5
2021,4,28,15,30,439,1.9000000000000001,8,28.8
2021,4,28,16,30,550,2.1,0,27.8
2021,4,28,17,30,260,2.4000000000000004,8,26.200000000000003
2021,4,28,18,30,67,2.7,8,23.900000000000002
2021,4,28,19,30,1,3.5,5,21.700000000000003
2021,4,28,20,30,0,4.2,5,20.3
2021,4,28,21,30,0,4.6000000000000005,8,19.1
2021,4,28,22,30,0,4.800000000000001,5,18.1
2021,4,28,23,30,0,5,5,17.2
2021,4,29,0,30,0,5,5,16.2
2021,4,29,1,30,0,5.300000000000001,5,15.200000000000001
2021,4,29,2,30,0,5.800000000000001,5,14.4
2021,4,29,3,30,0,5.5,5,13.8
2021,4,29,4,30,0,5,5,13.3
2021,4,29,5,30,0,4.800000000000001,5,12.8
2021,4,29,6,30,21,5,3,12.8
2021,4,29,7,30,18,5.5,3,13.600000000000001
2021,4,29,8,30,50,6,3,15.3
2021,4,29,9,30,55,6.300000000000001,3,17.3
2021,4,29,10,30,98,6.2,5,19.200000000000003
2021,4,29,11,30,148,5.800000000000001,5,20.6
2021,4,29,12,30,61,5.5,8,21.3
2021,4,29,13,30,100,5.1000000000000005,8,21.6
2021,4,29,14,30,101,4.800000000000001,4,21.5
2021,4,29,15,30,122,4.5,4,21.1
2021,4,29,16,30,164,4.1000000000000005,4,20.3
2021,4,29,17,30,67,3.2,5,19.1
2021,4,29,18,30,36,1.9000000000000001,5,17.400000000000002
2021,4,29,19,30,1,1,5,16.1
2021,4,29,20,30,0,1.1,5,15.4
2021,4,29,21,30,0,1.5,5,15
2021,4,29,22,30,0,2.1,8,14.8
2021,4,29,23,30,0,2.7,4,14.600000000000001
2021,4,30,0,30,0,3.1,4,14.5
2021,4,30,1,30,0,3.4000000000000004,4,14.200000000000001
2021,4,30,2,30,0,3.7,4,13.9
2021,4,30,3,30,0,4,4,13.5
2021,4,30,4,30,0,4.3,4,13.100000000000001
2021,4,30,5,30,0,4.5,3,12.9
2021,4,30,6,30,57,4.7,0,13.4
2021,4,30,7,30,255,5.1000000000000005,0,15.100000000000001
2021,4,30,8,30,468,5.5,0,17.400000000000002
2021,4,30,9,30,539,5.7,8,19.400000000000002
2021,4,30,10,30,692,5.5,8,21
2021,4,30,11,30,790,5.300000000000001,8,22.3
2021,4,30,12,30,934,5.1000000000000005,0,23
2021,4,30,13,30,902,5,0,23.3
2021,4,30,14,30,400,4.800000000000001,7,23
2021,4,30,15,30,296,4.5,8,22.3
2021,4,30,16,30,273,4,8,21.1
2021,4,30,17,30,73,3.1,5,19.6
2021,4,30,18,30,53,2,7,18
2021,4,30,19,30,1,1.4000000000000001,8,16.7
2021,4,30,20,30,0,1.3,5,16
2021,4,30,21,30,0,1.4000000000000001,5,15.3
2021,4,30,22,30,0,1.4000000000000001,5,14.8
2021,4,30,23,30,0,1.5,7,14.4
2021,5,1,0,30,0,1.6,7,14.100000000000001
2021,5,1,1,30,0,1.6,7,13.8
2021,5,1,2,30,0,1.4000000000000001,6,13.5
2021,5,1,3,30,0,1.2000000000000002,6,13.3
2021,5,1,4,30,0,1.1,6,13.100000000000001
2021,5,1,5,30,0,1.7000000000000002,8,13.100000000000001
2021,5,1,6,30,36,2.1,7,14
2021,5,1,7,30,239,1.5,0,15.700000000000001
2021,5,1,8,30,305,1.1,8,17.3
2021,5,1,9,30,335,1.5,8,18.5
2021,5,1,10,30,457,1.7000000000000002,7,19.200000000000003
2021,5,1,11,30,681,1.8,8,19.900000000000002
2021,5,1,12,30,520,2.2,8,20.700000000000003
2021,5,1,13,30,662,2.7,7,21.400000000000002
2021,5,1,14,30,444,3.1,7,21.900000000000002
2021,5,1,15,30,520,3.2,7,22.1
2021,5,1,16,30,383,2.5,7,22.200000000000003
2021,5,1,17,30,301,1.7000000000000002,8,21.700000000000003
2021,5,1,18,30,132,1.4000000000000001,0,19.700000000000003
2021,5,1,19,30,2,1.5,0,17.6
2021,5,1,20,30,0,1.7000000000000002,0,16.7
2021,5,1,21,30,0,1.9000000000000001,0,16
2021,5,1,22,30,0,2.1,0,15.4
2021,5,1,23,30,0,2.3000000000000003,0,14.9
2021,5,2,0,30,0,2.6,0,14.200000000000001
2021,5,2,1,30,0,2.7,0,13.600000000000001
2021,5,2,2,30,0,2.8000000000000003,0,13
2021,5,2,3,30,0,2.8000000000000003,0,12.4
2021,5,2,4,30,0,2.7,8,11.8
2021,5,2,5,30,0,2.8000000000000003,0,11.600000000000001
2021,5,2,6,30,65,3.2,0,12.8
2021,5,2,7,30,222,3.3000000000000003,0,15.600000000000001
2021,5,2,8,30,309,3.6,7,19.900000000000002
2021,5,2,9,30,550,4.3,7,24.5
2021,5,2,10,30,756,4.7,8,28.5
2021,5,2,11,30,976,5.1000000000000005,0,31.200000000000003
2021,5,2,12,30,1024,5.5,0,32.9
2021,5,2,13,30,1008,5.9,0,33.800000000000004
2021,5,2,14,30,930,6.4,0,33.9
2021,5,2,15,30,791,6.300000000000001,0,33
2021,5,2,16,30,524,5.7,0,31.200000000000003
2021,5,2,17,30,381,4.7,0,28.8
2021,5,2,18,30,155,3.7,0,25.3
2021,5,2,19,30,5,2.9000000000000004,0,22.400000000000002
2021,5,2,20,30,0,2.8000000000000003,0,21.1
2021,5,2,21,30,0,3.1,0,20.400000000000002
2021,5,2,22,30,0,3.7,0,19.6
2021,5,2,23,30,0,4.2,0,18.6
2021,5,3,0,30,0,4.4,0,17.7
2021,5,3,1,30,0,4.4,0,16.900000000000002
2021,5,3,2,30,0,4.1000000000000005,0,16.3
2021,5,3,3,30,0,3.8000000000000003,0,15.600000000000001
2021,5,3,4,30,0,3.5,0,14.8
2021,5,3,5,30,0,3.4000000000000004,0,14.4
2021,5,3,6,30,68,3.7,0,15.9
2021,5,3,7,30,273,4.2,0,19.1
2021,5,3,8,30,498,4.1000000000000005,0,22.200000000000003
2021,5,3,9,30,703,4,0,24.6
2021,5,3,10,30,866,3.7,0,26.400000000000002
2021,5,3,11,30,976,3.2,0,28
2021,5,3,12,30,1022,2.9000000000000004,0,29
2021,5,3,13,30,1001,2.7,0,29.6
2021,5,3,14,30,694,2.7,3,29.8
2021,5,3,15,30,684,2.6,0,29.8
2021,5,3,16,30,511,2.6,0,29.200000000000003
2021,5,3,17,30,361,2.2,0,27.5
2021,5,3,18,30,143,2.2,0,24.1
2021,5,3,19,30,4,3.5,0,20.900000000000002
2021,5,3,20,30,0,5.1000000000000005,0,19
2021,5,3,21,30,0,5.9,0,17.2
2021,5,3,22,30,0,5.7,0,15.700000000000001
2021,5,3,23,30,0,5.1000000000000005,0,14.8
2021,5,4,0,30,0,4.800000000000001,8,14.3
2021,5,4,1,30,0,4.9,8,14
2021,5,4,2,30,0,5.2,8,13.600000000000001
2021,5,4,3,30,0,5.1000000000000005,8,13.200000000000001
2021,5,4,4,30,0,4.9,8,12.5
2021,5,4,5,30,0,4.800000000000001,8,12
2021,5,4,6,30,36,5.300000000000001,7,12.3
2021,5,4,7,30,154,5.9,3,13.700000000000001
2021,5,4,8,30,144,6,3,15.600000000000001
2021,5,4,9,30,199,5.800000000000001,3,17.7
2021,5,4,10,30,585,5.5,3,19.700000000000003
2021,5,4,11,30,733,5.2,3,21.5
2021,5,4,12,30,1004,4.7,0,22.8
2021,5,4,13,30,1014,4.3,0,23.8
2021,5,4,14,30,930,3.7,0,24.3
2021,5,4,15,30,789,3.2,0,24.3
2021,5,4,16,30,598,2.7,0,23.700000000000003
2021,5,4,17,30,378,2,0,22.5
2021,5,4,18,30,155,1.2000000000000002,0,20.1
2021,5,4,19,30,5,0.9,0,17.6
2021,5,4,20,30,0,1.1,0,16.1
2021,5,4,21,30,0,1.3,0,15
2021,5,4,22,30,0,1.6,0,14.100000000000001
2021,5,4,23,30,0,1.8,0,13.5
2021,5,5,0,30,0,2,0,12.8
2021,5,5,1,30,0,1.9000000000000001,0,12
2021,5,5,2,30,0,1.7000000000000002,0,11.200000000000001
2021,5,5,3,30,0,1.5,0,10.600000000000001
2021,5,5,4,30,0,1.4000000000000001,0,10.100000000000001
2021,5,5,5,30,0,1.7000000000000002,0,10.3
2021,5,5,6,30,74,2.5,0,12.200000000000001
2021,5,5,7,30,282,3.5,0,15.600000000000001
2021,5,5,8,30,505,4.2,0,19.3
2021,5,5,9,30,709,4.4,0,22.200000000000003
2021,5,5,10,30,874,4.3,0,24.5
2021,5,5,11,30,985,4.3,0,26.5
2021,5,5,12,30,1033,4.2,0,28.200000000000003
2021,5,5,13,30,1013,4,0,29.400000000000002
2021,5,5,14,30,920,3.9000000000000004,0,30.1
2021,5,5,15,30,785,3.8000000000000003,0,30.1
2021,5,5,16,30,596,3.7,0,29.6
2021,5,5,17,30,319,3.1,7,27.900000000000002
2021,5,5,18,30,140,2.4000000000000004,8,24.5
2021,5,5,19,30,5,2.7,8,21.6
2021,5,5,20,30,0,3.5,0,20.5
2021,5,5,21,30,0,4.1000000000000005,0,19.5
2021,5,5,22,30,0,4.4,0,18.5
2021,5,5,23,30,0,4.5,0,17.6
2021,5,6,0,30,0,4.3,0,16.8
2021,5,6,1,30,0,3.9000000000000004,8,16
2021,5,6,2,30,0,3.2,0,15.200000000000001
2021,5,6,3,30,0,2.7,0,14.3
2021,5,6,4,30,0,2.5,0,13.4
2021,5,6,5,30,0,2.9000000000000004,0,12.9
2021,5,6,6,30,72,3.6,0,14
2021,5,6,7,30,273,4.3,0,16.8
2021,5,6,8,30,494,4.800000000000001,0,20.200000000000003
2021,5,6,9,30,698,4.9,0,23.1
2021,5,6,10,30,861,4.800000000000001,0,25.3
2021,5,6,11,30,973,4.7,0,27.200000000000003
2021,5,6,12,30,1022,4.5,0,28.6
2021,5,6,13,30,1002,4.2,0,29.6
2021,5,6,14,30,917,4.1000000000000005,0,30.1
2021,5,6,15,30,774,4,0,30.1
2021,5,6,16,30,587,4.1000000000000005,0,29.5
2021,5,6,17,30,370,4,0,28
2021,5,6,18,30,153,3.7,0,25.200000000000003
2021,5,6,19,30,6,3.9000000000000004,0,22.6
2021,5,6,20,30,0,4.5,0,21
2021,5,6,21,30,0,4.7,0,19.700000000000003
2021,5,6,22,30,0,4.6000000000000005,0,18.7
2021,5,6,23,30,0,4.2,8,17.8
2021,5,7,0,30,0,3.8000000000000003,0,17
2021,5,7,1,30,0,3.5,8,16.400000000000002
2021,5,7,2,30,0,3.3000000000000003,7,16
2021,5,7,3,30,0,2.9000000000000004,8,15.700000000000001
2021,5,7,4,30,0,2.6,8,15.5
2021,5,7,5,30,0,2.8000000000000003,7,15.600000000000001
2021,5,7,6,30,52,3.6,8,16.6
2021,5,7,7,30,251,5.1000000000000005,0,19.1
2021,5,7,8,30,502,6.6000000000000005,0,22.6
2021,5,7,9,30,706,7.2,0,25.700000000000003
2021,5,7,10,30,870,7.300000000000001,0,28.200000000000003
2021,5,7,11,30,983,7.2,0,30.1
2021,5,7,12,30,1031,7.1000000000000005,0,31.5
2021,5,7,13,30,1013,7.1000000000000005,0,32.300000000000004
2021,5,7,14,30,930,7.2,0,32.6
2021,5,7,15,30,788,7.2,0,32.2
2021,5,7,16,30,599,7.1000000000000005,0,31.200000000000003
2021,5,7,17,30,380,6.7,0,29.400000000000002
2021,5,7,18,30,159,5.800000000000001,0,26.700000000000003
2021,5,7,19,30,6,5.2,0,24
2021,5,7,20,30,0,5.2,8,22.3
2021,5,7,21,30,0,5.4,8,21
2021,5,7,22,30,0,5.6000000000000005,6,20.1
2021,5,7,23,30,0,5.6000000000000005,7,19.6
2021,5,8,0,30,0,5.6000000000000005,8,19.400000000000002
2021,5,8,1,30,0,5.5,0,19
2021,5,8,2,30,0,5.5,0,18.3
2021,5,8,3,30,0,5.300000000000001,0,17.6
2021,5,8,4,30,0,5.1000000000000005,0,17
2021,5,8,5,30,0,5,0,16.7
2021,5,8,6,30,75,5.5,0,17.900000000000002
2021,5,8,7,30,273,6.300000000000001,0,21
2021,5,8,8,30,485,6.6000000000000005,0,24.900000000000002
2021,5,8,9,30,666,6.6000000000000005,0,28.8
2021,5,8,10,30,825,6.5,0,32
2021,5,8,11,30,835,6.300000000000001,8,34.4
2021,5,8,12,30,1011,6.300000000000001,0,36
2021,5,8,13,30,1008,6.5,0,36.800000000000004
2021,5,8,14,30,927,6.7,0,37.1
2021,5,8,15,30,788,6.9,0,36.7
2021,5,8,16,30,601,6.7,0,35.800000000000004
2021,5,8,17,30,371,5.7,0,33.800000000000004
2021,5,8,18,30,162,4.1000000000000005,0,30
2021,5,8,19,30,6,3.4000000000000004,0,26.3
2021,5,8,20,30,0,3.2,0,24.200000000000003
2021,5,8,21,30,0,3.2,0,22.5
2021,5,8,22,30,0,3.2,0,21.1
2021,5,8,23,30,0,3.4000000000000004,0,20
2021,5,9,0,30,0,3.5,0,19.1
2021,5,9,1,30,0,3.2,0,18.2
2021,5,9,2,30,0,2.6,0,17
2021,5,9,3,30,0,1.9000000000000001,0,15.9
2021,5,9,4,30,0,1.9000000000000001,0,15.100000000000001
2021,5,9,5,30,0,2.5,0,15.100000000000001
2021,5,9,6,30,80,3.8000000000000003,0,16.8
2021,5,9,7,30,289,5.2,0,19.6
2021,5,9,8,30,512,5.800000000000001,0,22.200000000000003
2021,5,9,9,30,716,5.6000000000000005,0,24.3
2021,5,9,10,30,879,5.2,0,26.3
2021,5,9,11,30,990,4.800000000000001,0,27.900000000000002
2021,5,9,12,30,1034,4.3,0,29.3
2021,5,9,13,30,1015,3.8000000000000003,0,30.1
2021,5,9,14,30,930,3.5,0,30.5
2021,5,9,15,30,784,3.3000000000000003,0,30.400000000000002
2021,5,9,16,30,593,3.3000000000000003,0,29.6
2021,5,9,17,30,375,3.5,0,28.200000000000003
2021,5,9,18,30,156,3.7,0,25.6
2021,5,9,19,30,8,4.3,0,23
2021,5,9,20,30,0,4.800000000000001,0,21.1
2021,5,9,21,30,0,4.7,0,19.6
2021,5,9,22,30,0,4.3,0,18.1
2021,5,9,23,30,0,3.9000000000000004,0,16.900000000000002
2021,5,10,0,30,0,3.6,0,15.8
2021,5,10,1,30,0,3.5,0,14.9
2021,5,10,2,30,0,3.6,0,14.100000000000001
2021,5,10,3,30,0,3.9000000000000004,0,13.600000000000001
2021,5,10,4,30,0,4.1000000000000005,0,13.200000000000001
2021,5,10,5,30,0,4.4,0,12.9
2021,5,10,6,30,69,4.800000000000001,0,13.200000000000001
2021,5,10,7,30,190,5,0,14.3
2021,5,10,8,30,363,4.7,0,15.700000000000001
2021,5,10,9,30,427,4,0,17.2
2021,5,10,10,30,303,3.1,8,18.6
2021,5,10,11,30,465,2.3000000000000003,7,20.200000000000003
2021,5,10,12,30,611,1.8,3,21.700000000000003
2021,5,10,13,30,782,1.7000000000000002,0,23.200000000000003
2021,5,10,14,30,820,1.9000000000000001,0,24.3
2021,5,10,15,30,766,2.4000000000000004,0,24.8
2021,5,10,16,30,586,3,0,24.400000000000002
2021,5,10,17,30,373,3.7,0,23.1
2021,5,10,18,30,157,3.9000000000000004,0,20.900000000000002
2021,5,10,19,30,6,3.9000000000000004,0,18.5
2021,5,10,20,30,0,3.8000000000000003,0,16.900000000000002
2021,5,10,21,30,0,3.6,0,15.600000000000001
2021,5,10,22,30,0,3.4000000000000004,0,14.5
2021,5,10,23,30,0,3.2,0,13.8
2021,5,11,0,30,0,2.9000000000000004,0,13.4
2021,5,11,1,30,0,2.9000000000000004,7,13.200000000000001
2021,5,11,2,30,0,2.9000000000000004,0,13
2021,5,11,3,30,0,2.9000000000000004,5,12.9
2021,5,11,4,30,0,2.8000000000000003,5,12.8
2021,5,11,5,30,0,2.8000000000000003,0,12.8
2021,5,11,6,30,39,2.9000000000000004,3,13.200000000000001
2021,5,11,7,30,70,3.1,7,14.100000000000001
2021,5,11,8,30,222,3.1,8,15.5
2021,5,11,9,30,476,3,0,16.900000000000002
2021,5,11,10,30,711,3.2,0,18.1
2021,5,11,11,30,416,3.7,3,19.1
2021,5,11,12,30,377,4,3,20.3
2021,5,11,13,30,281,3.8000000000000003,3,21.5
2021,5,11,14,30,190,3.7,3,22.1
2021,5,11,15,30,244,4,3,21.900000000000002
2021,5,11,16,30,379,4.4,3,20.8
2021,5,11,17,30,229,4.9,0,19
2021,5,11,18,30,93,5.300000000000001,0,16.6
2021,5,11,19,30,9,5.5,0,14.5
2021,5,11,20,30,0,5.6000000000000005,0,13
2021,5,11,21,30,0,5.5,0,12.100000000000001
2021,5,11,22,30,0,5.2,0,11.4
2021,5,11,23,30,0,4.9,3,10.9
2021,5,12,0,30,0,4.800000000000001,0,10.5
2021,5,12,1,30,0,4.9,0,10.200000000000001
2021,5,12,2,30,0,5,0,10
2021,5,12,3,30,0,5,0,9.8
2021,5,12,4,30,0,5,3,9.5
2021,5,12,5,30,0,5,3,9.3
2021,5,12,6,30,35,5.1000000000000005,3,9.700000000000001
2021,5,12,7,30,238,5.2,0,11
2021,5,12,8,30,307,5,3,13.100000000000001
2021,5,12,9,30,607,4.6000000000000005,0,15.4
2021,5,12,10,30,403,4.2,4,17.6
2021,5,12,11,30,630,3.8000000000000003,3,19.700000000000003
2021,5,12,12,30,988,3.4000000000000004,0,21.3
2021,5,12,13,30,982,3.1,0,22.200000000000003
2021,5,12,14,30,912,3.1,0,22.6
2021,5,12,15,30,773,3.2,0,22.5
2021,5,12,16,30,589,3.2,0,22
2021,5,12,17,30,378,3.2,0,21.1
2021,5,12,18,30,163,2.7,0,19.1
2021,5,12,19,30,10,2.4000000000000004,0,16.900000000000002
2021,5,12,20,30,0,2.9000000000000004,0,15.5
2021,5,12,21,30,0,3.2,3,14.3
2021,5,12,22,30,0,3.1,0,13.200000000000001
2021,5,12,23,30,0,2.9000000000000004,0,12.100000000000001
2021,5,13,0,30,0,2.6,0,11.200000000000001
2021,5,13,1,30,0,2.3000000000000003,0,10.4
2021,5,13,2,30,0,2.1,0,10
2021,5,13,3,30,0,1.8,0,10
2021,5,13,4,30,0,1.4000000000000001,0,10
2021,5,13,5,30,0,1.3,0,10.200000000000001
2021,5,13,6,30,84,1.9000000000000001,0,11.5
2021,5,13,7,30,287,2.5,0,13.9
2021,5,13,8,30,506,2.6,0,16.6
2021,5,13,9,30,587,2.5,0,19
2021,5,13,10,30,824,2.3000000000000003,0,21.200000000000003
2021,5,13,11,30,979,2.1,0,23.200000000000003
2021,5,13,12,30,1027,2.1,0,24.8
2021,5,13,13,30,1008,2.3000000000000003,0,26
2021,5,13,14,30,926,2.4000000000000004,0,26.700000000000003
2021,5,13,15,30,786,2.7,0,26.8
2021,5,13,16,30,599,2.9000000000000004,0,26.400000000000002
2021,5,13,17,30,384,3.2,0,25.400000000000002
2021,5,13,18,30,160,3,8,23
2021,5,13,19,30,10,3.4000000000000004,0,20.6
2021,5,13,20,30,0,4.3,0,19.200000000000003
2021,5,13,21,30,0,4.4,0,17.900000000000002
2021,5,13,22,30,0,4.1000000000000005,0,16.900000000000002
2021,5,13,23,30,0,3.8000000000000003,6,16.1
2021,5,14,0,30,0,3.6,7,15.600000000000001
2021,5,14,1,30,0,3.5,7,15.200000000000001
2021,5,14,2,30,0,3.5,7,15
2021,5,14,3,30,0,3.6,0,14.9
2021,5,14,4,30,0,3.6,8,14.8
2021,5,14,5,30,0,3.7,8,14.8
2021,5,14,6,30,65,4.4,0,15.700000000000001
2021,5,14,7,30,133,5.2,3,17.7
2021,5,14,8,30,200,5.6000000000000005,3,20.400000000000002
2021,5,14,9,30,297,5.6000000000000005,3,23.1
2021,5,14,10,30,513,5.6000000000000005,3,25.6
2021,5,14,11,30,971,5.7,0,27.6
2021,5,14,12,30,1020,5.7,0,29
2021,5,14,13,30,1002,5.7,0,29.8
2021,5,14,14,30,919,5.9,0,30.200000000000003
2021,5,14,15,30,781,6.1000000000000005,0,30.3
2021,5,14,16,30,596,6.300000000000001,0,29.700000000000003
2021,5,14,17,30,367,6.2,8,28.3
2021,5,14,18,30,160,5.7,7,26.1
2021,5,14,19,30,8,5.2,7,23.700000000000003
2021,5,14,20,30,0,5,7,22
2021,5,14,21,30,0,5.1000000000000005,7,20.700000000000003
2021,5,14,22,30,0,5.1000000000000005,8,19.8
2021,5,14,23,30,0,5,7,19.1
2021,5,15,0,30,0,4.6000000000000005,7,18.5
2021,5,15,1,30,0,4.3,7,18
2021,5,15,2,30,0,4.2,7,17.7
2021,5,15,3,30,0,4.2,7,17.6
2021,5,15,4,30,0,4.2,8,17.5
2021,5,15,5,30,0,4.3,8,17.7
2021,5,15,6,30,34,5.1000000000000005,8,18.900000000000002
2021,5,15,7,30,162,6,8,21.1
2021,5,15,8,30,190,6.5,3,23.5
2021,5,15,9,30,393,6.2,8,25.5
2021,5,15,10,30,174,5.7,4,27.3
2021,5,15,11,30,541,5.2,5,28.8
2021,5,15,12,30,874,4.9,8,29.8
2021,5,15,13,30,985,4.800000000000001,0,30.3
2021,5,15,14,30,901,5,0,30.400000000000002
2021,5,15,15,30,761,5.2,0,30
2021,5,15,16,30,542,5.6000000000000005,8,28.900000000000002
2021,5,15,17,30,336,6,7,27.5
2021,5,15,18,30,123,6.2,6,25.6
2021,5,15,19,30,6,6.300000000000001,9,23.700000000000003
2021,5,15,20,30,0,6.4,9,22
2021,5,15,21,30,0,6.1000000000000005,9,20.6
2021,5,15,22,30,0,5.2,9,19.5
2021,5,15,23,30,0,4.4,6,18.8
2021,5,16,0,30,0,4,6,18.400000000000002
2021,5,16,1,30,0,3.7,7,18.1
2021,5,16,2,30,0,3.4000000000000004,8,17.8
2021,5,16,3,30,0,3.1,8,17.6
2021,5,16,4,30,0,2.9000000000000004,0,17.400000000000002
2021,5,16,5,30,0,2.9000000000000004,0,17.5
2021,5,16,6,30,89,3.5,0,18.3
2021,5,16,7,30,290,4.6000000000000005,0,20.200000000000003
2021,5,16,8,30,333,5.4,3,22.900000000000002
2021,5,16,9,30,547,5.5,3,25.700000000000003
2021,5,16,10,30,862,5.300000000000001,0,28.1
2021,5,16,11,30,952,5.1000000000000005,0,30
2021,5,16,12,30,1012,5,0,31.400000000000002
2021,5,16,13,30,991,4.800000000000001,0,32.2
2021,5,16,14,30,909,4.7,0,32.7
2021,5,16,15,30,770,4.5,0,32.6
2021,5,16,16,30,582,4.3,0,32.1
2021,5,16,17,30,218,3.9000000000000004,7,30.8
2021,5,16,18,30,98,3.6,8,28.6
2021,5,16,19,30,10,4,8,26.400000000000002
2021,5,16,20,30,0,4.4,0,25
2021,5,16,21,30,0,4.3,0,23.6
2021,5,16,22,30,0,4.5,0,22.5
2021,5,16,23,30,0,4.7,0,21.6
2021,5,17,0,30,0,4.6000000000000005,0,20.8
2021,5,17,1,30,0,4.5,0,20.200000000000003
2021,5,17,2,30,0,4.3,3,19.700000000000003
2021,5,17,3,30,0,4,3,19.5
2021,5,17,4,30,0,3.7,3,19.400000000000002
2021,5,17,5,30,0,3.8000000000000003,3,19.400000000000002
2021,5,17,6,30,22,4.4,3,20.200000000000003
2021,5,17,7,30,229,5.2,0,22
2021,5,17,8,30,504,5.5,0,24.3
2021,5,17,9,30,700,5.5,0,26.400000000000002
2021,5,17,10,30,855,5.6000000000000005,0,28.1
2021,5,17,11,30,552,5.6000000000000005,3,29.200000000000003
2021,5,17,12,30,1007,5.6000000000000005,0,29.900000000000002
2021,5,17,13,30,988,5.5,0,30.200000000000003
2021,5,17,14,30,880,5.300000000000001,0,30.400000000000002
2021,5,17,15,30,140,4.9,9,30.200000000000003
2021,5,17,16,30,96,4.5,9,29.8
2021,5,17,17,30,103,3.9000000000000004,9,28.700000000000003
2021,5,17,18,30,73,3.8000000000000003,9,26.3
2021,5,17,19,30,8,4.4,9,24
2021,5,17,20,30,0,4.9,7,22.8
2021,5,17,21,30,0,4.800000000000001,0,21.8
2021,5,17,22,30,0,4.4,0,21.1
2021,5,17,23,30,0,4.2,0,20.8
2021,5,18,0,30,0,4.2,3,20.700000000000003
2021,5,18,1,30,0,4.6000000000000005,6,20.700000000000003
2021,5,18,2,30,0,4.800000000000001,9,20.5
2021,5,18,3,30,0,4.4,9,20
2021,5,18,4,30,0,3.8000000000000003,9,19.6
2021,5,18,5,30,0,3.3000000000000003,9,19.400000000000002
2021,5,18,6,30,66,3.7,7,19.400000000000002
2021,5,18,7,30,239,4.6000000000000005,8,19.5
2021,5,18,8,30,448,4.7,0,19.6
2021,5,18,9,30,689,4.1000000000000005,0,20.200000000000003
2021,5,18,10,30,841,3.1,0,21.5
2021,5,18,11,30,963,2.4000000000000004,0,23
2021,5,18,12,30,1017,1.9000000000000001,0,24.400000000000002
2021,5,18,13,30,1001,1.5,0,25.8
2021,5,18,14,30,922,1.2000000000000002,0,26.900000000000002
2021,5,18,15,30,784,1.2000000000000002,0,27.5
2021,5,18,16,30,600,1.5,0,27.5
2021,5,18,17,30,388,1.6,0,26.6
2021,5,18,18,30,173,1.5,0,24.200000000000003
2021,5,18,19,30,14,1.5,0,21.6
2021,5,18,20,30,0,2.1,0,20
2021,5,18,21,30,0,3.3000000000000003,0,18.7
2021,5,18,22,30,0,4,0,17.6
2021,5,18,23,30,0,3.8000000000000003,8,16.7
2021,5,19,0,30,0,3,0,16
2021,5,19,1,30,0,2.3000000000000003,0,15.5
2021,5,19,2,30,0,2.3000000000000003,0,15.200000000000001
2021,5,19,3,30,0,2.4000000000000004,3,15.100000000000001
2021,5,19,4,30,0,2.4000000000000004,4,14.9
2021,5,19,5,30,0,2.7,8,15.200000000000001
2021,5,19,6,30,88,3,0,16.1
2021,5,19,7,30,267,3.4000000000000004,0,17.5
2021,5,19,8,30,143,3.8000000000000003,3,19.1
2021,5,19,9,30,472,4,8,20.6
2021,5,19,10,30,721,4,8,21.700000000000003
2021,5,19,11,30,777,4.3,8,22.1
2021,5,19,12,30,847,4.6000000000000005,8,22
2021,5,19,13,30,811,4.7,8,21.900000000000002
2021,5,19,14,30,649,4.5,7,21.8
2021,5,19,15,30,578,4.1000000000000005,7,21.6
2021,5,19,16,30,438,3.6,7,21.400000000000002
2021,5,19,17,30,290,3.1,6,21.1
2021,5,19,18,30,67,2.3000000000000003,6,20.400000000000002
2021,5,19,19,30,11,1.8,8,19.200000000000003
2021,5,19,20,30,0,1.7000000000000002,8,18.400000000000002
2021,5,19,21,30,0,2.2,8,18
2021,5,19,22,30,0,3.1,0,18
2021,5,19,23,30,0,3.7,0,17.8
2021,5,20,0,30,0,4.1000000000000005,0,17.3
2021,5,20,1,30,0,4.1000000000000005,0,16.6
2021,5,20,2,30,0,3.7,0,15.8
2021,5,20,3,30,0,3,0,15.100000000000001
2021,5,20,4,30,0,2.7,0,14.5
2021,5,20,5,30,0,3,0,14.5
2021,5,20,6,30,92,3.6,0,15.5
2021,5,20,7,30,291,4.1000000000000005,0,18
2021,5,20,8,30,506,4.5,0,21
2021,5,20,9,30,703,4.6000000000000005,0,23.8
2021,5,20,10,30,862,4.7,0,26.3
2021,5,20,11,30,971,4.800000000000001,0,28.5
2021,5,20,12,30,1021,4.800000000000001,0,30.200000000000003
2021,5,20,13,30,1005,4.7,0,31.3
2021,5,20,14,30,924,4.7,0,31.8
2021,5,20,15,30,786,4.7,0,31.700000000000003
2021,5,20,16,30,603,4.6000000000000005,0,31.1
2021,5,20,17,30,392,4.2,0,29.6
2021,5,20,18,30,177,3.7,0,27
2021,5,20,19,30,16,4,0,24.5
2021,5,20,20,30,0,4.800000000000001,0,23.1
2021,5,20,21,30,0,5.1000000000000005,0,21.900000000000002
2021,5,20,22,30,0,5,0,20.700000000000003
2021,5,20,23,30,0,4.5,0,19.6
2021,5,21,0,30,0,4.2,0,18.7
2021,5,21,1,30,0,4.1000000000000005,0,17.900000000000002
2021,5,21,2,30,0,3.8000000000000003,0,17.1
2021,5,21,3,30,0,3.5,0,16.5
2021,5,21,4,30,0,3.4000000000000004,0,16
2021,5,21,5,30,0,3.6,0,16
2021,5,21,6,30,97,4.5,0,17.6
2021,5,21,7,30,287,5.7,0,20.6
2021,5,21,8,30,267,6.2,3,23.8
2021,5,21,9,30,674,6.300000000000001,0,26.8
2021,5,21,10,30,873,6.300000000000001,0,29.3
2021,5,21,11,30,980,6.300000000000001,0,31.200000000000003
2021,5,21,12,30,1026,6.300000000000001,0,32.6
2021,5,21,13,30,1006,6.2,0,33.4
2021,5,21,14,30,923,6.2,0,33.6
2021,5,21,15,30,784,6.4,0,33.300000000000004
2021,5,21,16,30,602,6.6000000000000005,0,32.300000000000004
2021,5,21,17,30,392,6.7,0,30.6
2021,5,21,18,30,174,6.4,0,28.200000000000003
2021,5,21,19,30,16,6.1000000000000005,0,25.8
2021,5,21,20,30,0,5.7,0,24
2021,5,21,21,30,0,5.1000000000000005,8,22.700000000000003
2021,5,21,22,30,0,4.7,8,21.700000000000003
2021,5,21,23,30,0,4.4,0,20.900000000000002
2021,5,22,0,30,0,3.9000000000000004,8,20.200000000000003
2021,5,22,1,30,0,3.6,8,19.8
2021,5,22,2,30,0,3.5,0,19.6
2021,5,22,3,30,0,3.7,0,19.400000000000002
2021,5,22,4,30,0,3.7,0,19.200000000000003
2021,5,22,5,30,0,3.9000000000000004,0,19.200000000000003
2021,5,22,6,30,80,4.6000000000000005,0,20.3
2021,5,22,7,30,283,5.4,0,22.1
2021,5,22,8,30,439,5.7,0,24.1
2021,5,22,9,30,706,5.7,0,25.900000000000002
2021,5,22,10,30,783,5.4,0,27.5
2021,5,22,11,30,827,5.2,7,28.8
2021,5,22,12,30,926,5.1000000000000005,0,29.700000000000003
2021,5,22,13,30,992,5.1000000000000005,0,30.1
2021,5,22,14,30,911,5.2,0,30.1
2021,5,22,15,30,776,5.4,0,29.8
2021,5,22,16,30,595,5.800000000000001,0,29.1
2021,5,22,17,30,388,6.1000000000000005,0,27.700000000000003
2021,5,22,18,30,171,6,0,25.8
2021,5,22,19,30,14,5.6000000000000005,8,24
2021,5,22,20,30,0,5.2,0,22.6
2021,5,22,21,30,0,4.800000000000001,8,21.700000000000003
2021,5,22,22,30,0,4.5,5,21.1
2021,5,22,23,30,0,4.5,8,20.900000000000002
2021,5,23,0,30,0,4.9,8,20.6
2021,5,23,1,30,0,5,8,20.200000000000003
2021,5,23,2,30,0,4.9,5,19.900000000000002
2021,5,23,3,30,0,4.7,8,19.6
2021,5,23,4,30,0,4.6000000000000005,3,19.3
2021,5,23,5,30,0,4.6000000000000005,3,19.3
2021,5,23,6,30,42,5.1000000000000005,3,19.900000000000002
2021,5,23,7,30,164,5.800000000000001,3,21.3
2021,5,23,8,30,392,6.1000000000000005,8,23
2021,5,23,9,30,433,6.1000000000000005,8,24.700000000000003
2021,5,23,10,30,378,6,8,26.1
2021,5,23,11,30,474,5.9,7,27.3
2021,5,23,12,30,579,5.7,8,28.200000000000003
2021,5,23,13,30,775,5.6000000000000005,8,29
2021,5,23,14,30,697,5.6000000000000005,7,29.3
2021,5,23,15,30,608,5.6000000000000005,3,29.1
2021,5,23,16,30,458,5.6000000000000005,3,28.400000000000002
2021,5,23,17,30,375,5.4,0,27.3
2021,5,23,18,30,139,5.2,3,25.900000000000002
2021,5,23,19,30,16,5.4,0,24.400000000000002
2021,5,23,20,30,0,5.7,0,23
2021,5,23,21,30,0,5.9,8,21.6
2021,5,23,22,30,0,5.7,0,20.400000000000002
2021,5,23,23,30,0,5.300000000000001,7,19.700000000000003
2021,5,24,0,30,0,4.9,8,19.3
2021,5,24,1,30,0,4.6000000000000005,3,19.200000000000003
2021,5,24,2,30,0,4.1000000000000005,8,19
2021,5,24,3,30,0,3.6,3,19
2021,5,24,4,30,0,3.3000000000000003,3,19
2021,5,24,5,30,0,3.4000000000000004,0,19.1
2021,5,24,6,30,68,4,0,19.8
2021,5,24,7,30,279,4.6000000000000005,0,21.1
2021,5,24,8,30,456,4.800000000000001,0,22.700000000000003
2021,5,24,9,30,594,4.6000000000000005,0,24.5
2021,5,24,10,30,779,4.5,0,26.3
2021,5,24,11,30,779,4.3,8,27.6
2021,5,24,12,30,957,4.3,0,28.400000000000002
2021,5,24,13,30,966,4.4,0,28.8
2021,5,24,14,30,839,4.5,0,28.6
2021,5,24,15,30,664,4.7,8,28.1
2021,5,24,16,30,577,4.9,0,27.5
2021,5,24,17,30,362,5.1000000000000005,8,26.700000000000003
2021,5,24,18,30,162,5,8,25.400000000000002
2021,5,24,19,30,16,4.4,7,24.1
2021,5,24,20,30,0,3.8000000000000003,8,22.900000000000002
2021,5,24,21,30,0,3,7,21.900000000000002
2021,5,24,22,30,0,2.6,0,21.1
2021,5,24,23,30,0,2.5,8,20.5
2021,5,25,0,30,0,2.5,0,20.1
2021,5,25,1,30,0,2.6,5,19.700000000000003
2021,5,25,2,30,0,2.7,8,19.6
2021,5,25,3,30,0,2.6,7,19.5
2021,5,25,4,30,0,2.6,3,19.6
2021,5,25,5,30,0,2.9000000000000004,3,19.900000000000002
2021,5,25,6,30,33,3.8000000000000003,3,20.900000000000002
2021,5,25,7,30,288,4.800000000000001,0,22.6
2021,5,25,8,30,509,5.300000000000001,0,24.8
2021,5,25,9,30,707,5.4,0,26.900000000000002
2021,5,25,10,30,864,5.2,0,28.8
2021,5,25,11,30,969,5,0,30.400000000000002
2021,5,25,12,30,1014,4.800000000000001,0,31.6
2021,5,25,13,30,994,4.6000000000000005,0,32.4
2021,5,25,14,30,914,4.5,0,32.9
2021,5,25,15,30,752,4.5,0,33.2
2021,5,25,16,30,546,4.5,0,32.9
2021,5,25,17,30,112,4.4,9,31.8
2021,5,25,18,30,18,4.1000000000000005,9,29.400000000000002
2021,5,25,19,30,12,4.5,9,26.900000000000002
2021,5,25,20,30,0,5,0,25.3
2021,5,25,21,30,0,4.9,0,24.1
2021,5,25,22,30,0,4.800000000000001,0,23.1
2021,5,25,23,30,0,4.6000000000000005,0,22.400000000000002
2021,5,26,0,30,0,4.4,0,21.6
2021,5,26,1,30,0,4.2,0,21
2021,5,26,2,30,0,3.9000000000000004,0,20.6
2021,5,26,3,30,0,3.6,0,20.5
2021,5,26,4,30,0,3.4000000000000004,0,20.5
2021,5,26,5,30,0,3.6,0,20.900000000000002
2021,5,26,6,30,96,4.5,0,22.1
2021,5,26,7,30,299,5.5,0,24.400000000000002
2021,5,26,8,30,505,5.9,0,27.1
2021,5,26,9,30,698,5.800000000000001,0,29.5
2021,5,26,10,30,865,5.9,0,31.400000000000002
2021,5,26,11,30,973,6,0,33
2021,5,26,12,30,864,6.1000000000000005,7,34.1
2021,5,26,13,30,842,6.2,7,34.7
2021,5,26,14,30,907,6.2,0,34.9
2021,5,26,15,30,762,6.300000000000001,0,34.6
2021,5,26,16,30,595,6.2,0,33.800000000000004
2021,5,26,17,30,391,6,0,32.4
2021,5,26,18,30,104,5.4,9,30.3
2021,5,26,19,30,12,5,9,28.1
2021,5,26,20,30,0,4.9,9,26.5
2021,5,26,21,30,0,4.9,6,25.400000000000002
2021,5,26,22,30,0,4.7,8,24.6
2021,5,26,23,30,0,4.5,6,23.8
2021,5,27,0,30,0,4.5,6,23.1
2021,5,27,1,30,0,4.4,6,22.400000000000002
2021,5,27,2,30,0,4.4,7,22
2021,5,27,3,30,0,4.5,8,21.8
2021,5,27,4,30,0,4.5,0,21.8
2021,5,27,5,30,0,4.7,8,22
2021,5,27,6,30,92,5.5,0,23.1
2021,5,27,7,30,235,6,0,25.1
2021,5,27,8,30,484,5.7,0,27.6
2021,5,27,9,30,689,4.9,0,29.900000000000002
2021,5,27,10,30,831,4,0,31.8
2021,5,27,11,30,757,3.3000000000000003,7,33.4
2021,5,27,12,30,878,2.7,8,34.6
2021,5,27,13,30,743,2.2,7,35.1
2021,5,27,14,30,700,1.8,7,34.9
2021,5,27,15,30,602,1.4000000000000001,7,34.4
2021,5,27,16,30,62,1.3,9,33.7
2021,5,27,17,30,137,1.3,6,32.4
2021,5,27,18,30,19,1.4000000000000001,9,29.8
2021,5,27,19,30,13,1.5,9,26.900000000000002
2021,5,27,20,30,0,1.4000000000000001,7,25.1
2021,5,27,21,30,0,1.5,7,23.900000000000002
2021,5,27,22,30,0,1.9000000000000001,7,23.200000000000003
2021,5,27,23,30,0,1.7000000000000002,0,22.5
2021,5,28,0,30,0,1.1,0,21.8
2021,5,28,1,30,0,0.8,0,21.3
2021,5,28,2,30,0,0.9,0,20.900000000000002
2021,5,28,3,30,0,1,0,20.5
2021,5,28,4,30,0,1.3,0,20
2021,5,28,5,30,0,2.1,0,20.3
2021,5,28,6,30,95,3,0,21.700000000000003
2021,5,28,7,30,179,3.6,3,23.700000000000003
2021,5,28,8,30,390,3.9000000000000004,3,25.8
2021,5,28,9,30,425,4.2,3,27.3
2021,5,28,10,30,356,4.5,3,28.400000000000002
2021,5,28,11,30,578,4.9,3,29.200000000000003
2021,5,28,12,30,872,5.1000000000000005,0,29.700000000000003
2021,5,28,13,30,526,5.1000000000000005,3,29.8
2021,5,28,14,30,846,5.1000000000000005,0,29.6
2021,5,28,15,30,752,5.1000000000000005,0,29.1
2021,5,28,16,30,588,5.1000000000000005,0,28
2021,5,28,17,30,386,4.9,0,26.5
2021,5,28,18,30,177,4.4,0,24.700000000000003
2021,5,28,19,30,15,3.9000000000000004,6,23
2021,5,28,20,30,0,3.8000000000000003,7,21.700000000000003
2021,5,28,21,30,0,3.5,6,20.5
2021,5,28,22,30,0,3.1,6,19.5
2021,5,28,23,30,0,2.8000000000000003,9,18.7
2021,5,29,0,30,0,2.4000000000000004,9,18.2
2021,5,29,1,30,0,2.1,9,18.1
2021,5,29,2,30,0,1.8,9,18
2021,5,29,3,30,0,1.7000000000000002,6,18
2021,5,29,4,30,0,1.8,8,17.8
2021,5,29,5,30,0,2.1,0,17.900000000000002
2021,5,29,6,30,98,2.7,0,18.5
2021,5,29,7,30,287,2.9000000000000004,0,20
2021,5,29,8,30,489,3,0,22
2021,5,29,9,30,703,2.8000000000000003,0,24.1
2021,5,29,10,30,863,2.7,0,26
2021,5,29,11,30,970,2.9000000000000004,0,27.5
2021,5,29,12,30,1019,3.3000000000000003,0,28.700000000000003
2021,5,29,13,30,1003,3.9000000000000004,0,29.5
2021,5,29,14,30,924,4.3,0,29.900000000000002
2021,5,29,15,30,789,4.7,0,29.700000000000003
2021,5,29,16,30,589,4.9,7,29
2021,5,29,17,30,331,5,6,27.700000000000003
2021,5,29,18,30,134,4.800000000000001,9,25.900000000000002
2021,5,29,19,30,19,4.5,6,24.200000000000003
2021,5,29,20,30,0,4.6000000000000005,8,22.900000000000002
2021,5,29,21,30,0,4.9,0,22.1
2021,5,29,22,30,0,5,0,21.400000000000002
2021,5,29,23,30,0,4.9,0,20.8
2021,5,30,0,30,0,4.7,8,20.400000000000002
2021,5,30,1,30,0,4.3,7,20.1
2021,5,30,2,30,0,4,0,20
2021,5,30,3,30,0,3.4000000000000004,0,19.900000000000002
2021,5,30,4,30,0,2.9000000000000004,0,19.8
2021,5,30,5,30,0,2.8000000000000003,6,19.8
2021,5,30,6,30,25,3.2,6,20.3
2021,5,30,7,30,146,3.8000000000000003,7,21
2021,5,30,8,30,187,4.6000000000000005,7,22
2021,5,30,9,30,461,5.300000000000001,7,23.6
2021,5,30,10,30,438,5.7,6,25.3
2021,5,30,11,30,377,5.7,6,26.400000000000002
2021,5,30,12,30,493,5.2,6,26.8
2021,5,30,13,30,529,5,6,26.8
2021,5,30,14,30,704,5.6000000000000005,7,27.200000000000003
2021,5,30,15,30,619,6.1000000000000005,8,27.5
2021,5,30,16,30,440,5.800000000000001,8,26.900000000000002
2021,5,30,17,30,375,5,8,25.8
2021,5,30,18,30,72,4.3,7,24.3
2021,5,30,19,30,18,3.9000000000000004,8,22.900000000000002
2021,5,30,20,30,0,3.9000000000000004,6,22
2021,5,30,21,30,0,4.1000000000000005,8,21.400000000000002
2021,5,30,22,30,0,4.2,8,20.900000000000002
2021,5,30,23,30,0,4.1000000000000005,8,20.5
2021,5,31,0,30,0,4.2,7,20.3
2021,5,31,1,30,0,4.4,8,20.200000000000003
2021,5,31,2,30,0,4.7,3,20
2021,5,31,3,30,0,4.800000000000001,7,19.700000000000003
2021,5,31,4,30,0,4.4,8,19.400000000000002
2021,5,31,5,30,0,3.9000000000000004,3,19.200000000000003
2021,5,31,6,30,18,3.6,7,19.5
2021,5,31,7,30,31,3.9000000000000004,9,20.400000000000002
2021,5,31,8,30,31,4.1000000000000005,9,21.700000000000003
2021,5,31,9,30,31,3.7,9,22.700000000000003
2021,5,31,10,30,35,2.9000000000000004,9,23.5
2021,5,31,11,30,60,2.3000000000000003,9,24.200000000000003
2021,5,31,12,30,124,2.5,6,24.700000000000003
2021,5,31,13,30,227,3,6,24.900000000000002
2021,5,31,14,30,59,3.4000000000000004,9,24.700000000000003
2021,5,31,15,30,77,3.6,6,24.200000000000003
2021,5,31,16,30,60,3.8000000000000003,9,23.400000000000002
2021,5,31,17,30,38,3.7,9,22.200000000000003
2021,5,31,18,30,39,3.2,9,20.8
2021,5,31,19,30,10,2.9000000000000004,6,19.6
2021,5,31,20,30,0,2.9000000000000004,0,18.8
2021,5,31,21,30,0,2.7,0,18.400000000000002
2021,5,31,22,30,0,2.4000000000000004,0,17.900000000000002
2021,5,31,23,30,0,2.4000000000000004,0,17.5
2021,6,1,0,30,0,2.5,0,16.900000000000002
2021,6,1,1,30,0,2.4000000000000004,0,16.3
2021,6,1,2,30,0,2.1,0,15.700000000000001
2021,6,1,3,30,0,1.9000000000000001,0,15.3
2021,6,1,4,30,0,1.8,0,15
2021,6,1,5,30,0,1.9000000000000001,0,14.9
2021,6,1,6,30,103,2.3000000000000003,0,15.8
2021,6,1,7,30,302,2.6,0,17.6
2021,6,1,8,30,522,2.6,0,19.900000000000002
2021,6,1,9,30,716,2.5,0,21.900000000000002
2021,6,1,10,30,872,2.3000000000000003,0,23.5
2021,6,1,11,30,945,2,0,24.8
2021,6,1,12,30,1009,1.8,0,25.700000000000003
2021,6,1,13,30,960,1.6,0,26.200000000000003
2021,6,1,14,30,925,1.4000000000000001,0,26.400000000000002
2021,6,1,15,30,765,1.2000000000000002,0,26.3
2021,6,1,16,30,442,1.2000000000000002,3,25.900000000000002
2021,6,1,17,30,333,1.3,3,25.200000000000003
2021,6,1,18,30,197,1.3,8,23.400000000000002
2021,6,1,19,30,28,1.5,0,21.3
2021,6,1,20,30,0,2.1,8,20.1
2021,6,1,21,30,0,2.5,6,19.400000000000002
2021,6,1,22,30,0,2.5,7,18.5
2021,6,1,23,30,0,2.4000000000000004,7,17.8
2021,6,2,0,30,0,2.2,8,17.3
2021,6,2,1,30,0,2,0,16.8
2021,6,2,2,30,0,1.8,3,16.6
2021,6,2,3,30,0,1.4000000000000001,8,16.2
2021,6,2,4,30,0,0.9,0,15.700000000000001
2021,6,2,5,30,0,0.8,8,15.9
2021,6,2,6,30,106,0.8,0,17.5
2021,6,2,7,30,305,1.3,0,20.3
2021,6,2,8,30,477,2.1,0,23.3
2021,6,2,9,30,584,2.4000000000000004,7,25.3
2021,6,2,10,30,490,2.4000000000000004,5,26.6
2021,6,2,11,30,365,2.3000000000000003,5,27.5
2021,6,2,12,30,726,2.2,8,28
2021,6,2,13,30,802,2.1,8,28.1
2021,6,2,14,30,497,1.9000000000000001,7,27.8
2021,6,2,15,30,580,1.3,7,27.3
2021,6,2,16,30,320,1,6,26.8
2021,6,2,17,30,228,1.1,9,26.1
2021,6,2,18,30,64,1.2000000000000002,9,24.200000000000003
2021,6,2,19,30,21,1.6,8,22.1
2021,6,2,20,30,0,2.1,9,20.900000000000002
2021,6,2,21,30,0,2.2,9,20.200000000000003
2021,6,2,22,30,0,1.9000000000000001,9,19.400000000000002
2021,6,2,23,30,0,1.7000000000000002,9,18.900000000000002
2021,6,3,0,30,0,1.8,9,18.6
2021,6,3,1,30,0,1.9000000000000001,6,18.400000000000002
2021,6,3,2,30,0,1.7000000000000002,9,18.2
2021,6,3,3,30,0,1.1,9,17.900000000000002
2021,6,3,4,30,0,0.7000000000000001,6,17.8
2021,6,3,5,30,0,0.5,6,17.8
2021,6,3,6,30,20,0.4,6,18.2
2021,6,3,7,30,98,0.6000000000000001,6,18.900000000000002
2021,6,3,8,30,244,0.9,5,19.8
2021,6,3,9,30,401,1.1,5,20.900000000000002
2021,6,3,10,30,472,1.4000000000000001,5,22
2021,6,3,11,30,476,1.8,8,22.8
2021,6,3,12,30,690,2.1,8,23.400000000000002
2021,6,3,13,30,863,2.2,8,23.700000000000003
2021,6,3,14,30,740,2.4000000000000004,8,23.6
2021,6,3,15,30,654,2.8000000000000003,7,23.400000000000002
2021,6,3,16,30,431,3,7,22.900000000000002
2021,6,3,17,30,280,2.8000000000000003,7,22.200000000000003
2021,6,3,18,30,106,2.4000000000000004,8,21.1
2021,6,3,19,30,21,2.1,8,20
2021,6,3,20,30,0,2.1,8,19.3
2021,6,3,21,30,0,2,8,18.900000000000002
2021,6,3,22,30,0,1.8,0,18.5
2021,6,3,23,30,0,1.6,8,18.1
2021,6,4,0,30,0,1.5,8,17.900000000000002
2021,6,4,1,30,0,1.3,8,17.5
2021,6,4,2,30,0,1,0,17
2021,6,4,3,30,0,0.9,0,16.5
2021,6,4,4,30,0,0.8,0,16.1
2021,6,4,5,30,0,0.9,0,16.6
2021,6,4,6,30,109,1.1,0,18.3
2021,6,4,7,30,311,1,0,20.700000000000003
2021,6,4,8,30,524,1.2000000000000002,0,22.900000000000002
2021,6,4,9,30,718,2.1,0,24.5
2021,6,4,10,30,872,2.5,0,25.8
2021,6,4,11,30,978,2.9000000000000004,0,26.700000000000003
2021,6,4,12,30,1022,3.3000000000000003,0,27.200000000000003
2021,6,4,13,30,1004,3.5,0,27.200000000000003
2021,6,4,14,30,924,3.7,0,26.900000000000002
2021,6,4,15,30,790,3.7,0,26.400000000000002
2021,6,4,16,30,609,3.6,0,25.6
2021,6,4,17,30,404,3.4000000000000004,0,24.6
2021,6,4,18,30,188,2.7,8,23
2021,6,4,19,30,25,2.2,7,21.400000000000002
2021,6,4,20,30,0,2.2,8,20.5
2021,6,4,21,30,0,2.3000000000000003,8,19.900000000000002
2021,6,4,22,30,0,2.2,7,19.400000000000002
2021,6,4,23,30,0,2.1,8,18.8
2021,6,5,0,30,0,2.1,7,18.3
2021,6,5,1,30,0,2.1,0,17.900000000000002
2021,6,5,2,30,0,2.1,0,17.6
2021,6,5,3,30,0,2,0,17.2
2021,6,5,4,30,0,1.8,0,16.900000000000002
2021,6,5,5,30,0,2.1,8,17.2
2021,6,5,6,30,87,2.8000000000000003,7,18.7
2021,6,5,7,30,228,3.2,7,21.3
2021,6,5,8,30,452,3.1,8,23.700000000000003
2021,6,5,9,30,625,2.8000000000000003,8,25.700000000000003
2021,6,5,10,30,873,2.7,0,27.400000000000002
2021,6,5,11,30,865,2.8000000000000003,8,28.700000000000003
2021,6,5,12,30,1007,2.9000000000000004,0,29.6
2021,6,5,13,30,914,3,8,30.1
2021,6,5,14,30,768,3,7,30.400000000000002
2021,6,5,15,30,589,2.9000000000000004,7,30.400000000000002
2021,6,5,16,30,496,2.8000000000000003,7,30
2021,6,5,17,30,396,2.8000000000000003,0,28.700000000000003
2021,6,5,18,30,203,3.1,0,26.5
2021,6,5,19,30,30,4,0,24.3
2021,6,5,20,30,0,4.800000000000001,0,22.900000000000002
2021,6,5,21,30,0,4.800000000000001,0,21.700000000000003
2021,6,5,22,30,0,4.3,3,20.700000000000003
2021,6,5,23,30,0,3.8000000000000003,8,20
2021,6,6,0,30,0,3.6,0,19.5
2021,6,6,1,30,0,3.5,6,19.200000000000003
2021,6,6,2,30,0,3.4000000000000004,0,19
2021,6,6,3,30,0,3.3000000000000003,0,18.7
2021,6,6,4,30,0,3.3000000000000003,0,18.400000000000002
2021,6,6,5,30,0,3.8000000000000003,0,18.900000000000002
2021,6,6,6,30,105,5.2,0,20.5
2021,6,6,7,30,302,6.5,0,22.900000000000002
2021,6,6,8,30,512,6.4,0,25.400000000000002
2021,6,6,9,30,704,5.9,0,27.5
2021,6,6,10,30,860,5.2,0,29.400000000000002
2021,6,6,11,30,968,4.5,0,31.1
2021,6,6,12,30,1017,3.7,0,32.5
2021,6,6,13,30,1002,3,0,33.6
2021,6,6,14,30,926,2.6,0,34.4
2021,6,6,15,30,796,2.5,0,34.7
2021,6,6,16,30,620,2.6,0,34.300000000000004
2021,6,6,17,30,415,2.8000000000000003,0,32.9
2021,6,6,18,30,204,2.9000000000000004,0,30.200000000000003
2021,6,6,19,30,32,3.4000000000000004,0,27.700000000000003
2021,6,6,20,30,0,4,7,26.3
2021,6,6,21,30,0,4.2,7,25.1
2021,6,6,22,30,0,4.1000000000000005,8,24.1
2021,6,6,23,30,0,3.7,8,23.200000000000003
2021,6,7,0,30,0,3.3000000000000003,6,22.5
2021,6,7,1,30,0,2.7,6,22.1
2021,6,7,2,30,0,2.5,8,21.900000000000002
2021,6,7,3,30,0,3.1,7,21.8
2021,6,7,4,30,0,3.4000000000000004,0,21.8
2021,6,7,5,30,0,3.5,7,21.900000000000002
2021,6,7,6,30,102,3.6,0,22.700000000000003
2021,6,7,7,30,286,3.4000000000000004,0,24.400000000000002
2021,6,7,8,30,516,3,0,26.5
2021,6,7,9,30,708,2.7,0,28.700000000000003
2021,6,7,10,30,862,2.6,0,30.900000000000002
2021,6,7,11,30,933,2.6,0,32.800000000000004
2021,6,7,12,30,1007,2.5,0,34.2
2021,6,7,13,30,994,2.4000000000000004,0,35.2
2021,6,7,14,30,917,2.5,0,35.800000000000004
2021,6,7,15,30,785,2.9000000000000004,0,35.9
2021,6,7,16,30,606,3.5,0,35.2
2021,6,7,17,30,407,4,0,33.7
2021,6,7,18,30,197,4.2,0,31
2021,6,7,19,30,25,4.3,7,28.1
2021,6,7,20,30,0,4.3,0,26.200000000000003
2021,6,7,21,30,0,4.2,0,24.900000000000002
2021,6,7,22,30,0,4.2,0,24
2021,6,7,23,30,0,4.2,0,23.1
2021,6,8,0,30,0,4.2,0,22.3
2021,6,8,1,30,0,4,7,21.6
2021,6,8,2,30,0,3.7,6,21.200000000000003
2021,6,8,3,30,0,3,7,21.1
2021,6,8,4,30,0,2.3000000000000003,6,20.900000000000002
2021,6,8,5,30,0,2.3000000000000003,7,21.400000000000002
2021,6,8,6,30,94,2.9000000000000004,7,23.1
2021,6,8,7,30,255,3.2,8,25.700000000000003
2021,6,8,8,30,509,3.4000000000000004,0,28.6
2021,6,8,9,30,703,3.8000000000000003,0,31.400000000000002
2021,6,8,10,30,867,4,0,34
2021,6,8,11,30,967,3.9000000000000004,0,36
2021,6,8,12,30,1008,3.7,0,37.2
2021,6,8,13,30,965,3.5,0,38
2021,6,8,14,30,915,3.2,0,38.300000000000004
2021,6,8,15,30,784,3.1,0,38.300000000000004
2021,6,8,16,30,608,3.3000000000000003,0,37.6
2021,6,8,17,30,405,3.3000000000000003,0,35.9
2021,6,8,18,30,199,3.3000000000000003,0,33.2
2021,6,8,19,30,32,4,0,30.8
2021,6,8,20,30,0,4.800000000000001,0,29.400000000000002
2021,6,8,21,30,0,5,0,28.200000000000003
2021,6,8,22,30,0,4.800000000000001,0,27.1
2021,6,8,23,30,0,4.6000000000000005,0,26.200000000000003
2021,6,9,0,30,0,4.2,0,25.3
2021,6,9,1,30,0,3.6,7,24.5
2021,6,9,2,30,0,3,0,23.6
2021,6,9,3,30,0,2.5,8,22.900000000000002
2021,6,9,4,30,0,2.1,8,22.3
2021,6,9,5,30,0,2.6,0,22.6
2021,6,9,6,30,101,3.7,0,24.3
2021,6,9,7,30,295,4.2,0,26.8
2021,6,9,8,30,503,4.1000000000000005,0,29.5
2021,6,9,9,30,695,3.8000000000000003,0,32.2
2021,6,9,10,30,850,3.4000000000000004,0,34.9
2021,6,9,11,30,959,3.3000000000000003,0,37.2
2021,6,9,12,30,1012,3.3000000000000003,0,38.800000000000004
2021,6,9,13,30,994,3.5,0,39.800000000000004
2021,6,9,14,30,916,3.6,0,40.2
2021,6,9,15,30,777,3.8000000000000003,0,40
2021,6,9,16,30,606,3.8000000000000003,0,39.2
2021,6,9,17,30,406,3.5,0,37.6
2021,6,9,18,30,199,3.4000000000000004,0,34.7
2021,6,9,19,30,32,4.1000000000000005,0,32
2021,6,9,20,30,0,4.800000000000001,0,30.200000000000003
2021,6,9,21,30,0,4.6000000000000005,0,28.8
2021,6,9,22,30,0,4.3,0,27.5
2021,6,9,23,30,0,4.1000000000000005,0,26.400000000000002
2021,6,10,0,30,0,3.8000000000000003,0,25.400000000000002
2021,6,10,1,30,0,3.5,0,24.5
2021,6,10,2,30,0,3.2,0,23.8
2021,6,10,3,30,0,3,0,23.200000000000003
2021,6,10,4,30,0,2.8000000000000003,0,22.700000000000003
2021,6,10,5,30,0,3.2,0,22.8
2021,6,10,6,30,102,4.1000000000000005,0,24.3
2021,6,10,7,30,295,4.6000000000000005,0,27
2021,6,10,8,30,502,4.5,0,29.900000000000002
2021,6,10,9,30,693,4.4,0,32.6
2021,6,10,10,30,848,4.3,0,35.1
2021,6,10,11,30,953,4.3,0,37.2
2021,6,10,12,30,981,4.4,0,38.7
2021,6,10,13,30,955,4.5,0,39.6
2021,6,10,14,30,808,4.7,8,40
2021,6,10,15,30,776,4.800000000000001,0,39.7
2021,6,10,16,30,606,5,0,38.7
2021,6,10,17,30,405,5,0,36.9
2021,6,10,18,30,200,4.9,0,34.2
2021,6,10,19,30,32,4.7,0,31.5
2021,6,10,20,30,0,4.5,0,29.6
2021,6,10,21,30,0,4.5,0,28.3
2021,6,10,22,30,0,4.4,0,27.1
2021,6,10,23,30,0,4.2,0,26
2021,6,11,0,30,0,4,0,25.1
2021,6,11,1,30,0,3.8000000000000003,0,24.400000000000002
2021,6,11,2,30,0,3.7,0,23.8
2021,6,11,3,30,0,3.6,0,23.3
2021,6,11,4,30,0,3.6,0,22.700000000000003
2021,6,11,5,30,0,3.8000000000000003,8,22.8
2021,6,11,6,30,88,4.5,8,24.200000000000003
2021,6,11,7,30,239,5.300000000000001,7,27
2021,6,11,8,30,513,5.5,0,30.3
2021,6,11,9,30,689,5.6000000000000005,0,33.5
2021,6,11,10,30,860,5.4,0,36.4
2021,6,11,11,30,968,5.1000000000000005,0,38.7
2021,6,11,12,30,1017,4.800000000000001,0,40.300000000000004
2021,6,11,13,30,1001,4.5,0,41.300000000000004
2021,6,11,14,30,921,4.4,0,41.7
2021,6,11,15,30,787,4.4,0,41.5
2021,6,11,16,30,610,4.5,0,40.6
2021,6,11,17,30,401,4.7,0,38.7
2021,6,11,18,30,201,4.9,0,35.7
2021,6,11,19,30,33,4.9,0,32.6
2021,6,11,20,30,0,4.7,0,30.200000000000003
2021,6,11,21,30,0,4.2,0,28.6
2021,6,11,22,30,0,3.7,0,27.3
2021,6,11,23,30,0,3.3000000000000003,0,26.200000000000003
2021,6,12,0,30,0,2.8000000000000003,0,25.200000000000003
2021,6,12,1,30,0,2.4000000000000004,8,24.3
2021,6,12,2,30,0,2,0,23.400000000000002
2021,6,12,3,30,0,1.7000000000000002,0,22.6
2021,6,12,4,30,0,1.9000000000000001,8,22
2021,6,12,5,30,0,2.7,0,22.200000000000003
2021,6,12,6,30,104,3.8000000000000003,0,23.8
2021,6,12,7,30,299,4.2,0,26.5
2021,6,12,8,30,508,4,0,29.700000000000003
2021,6,12,9,30,701,3.7,0,32.7
2021,6,12,10,30,858,3.7,0,35.2
2021,6,12,11,30,967,4,0,37.1
2021,6,12,12,30,1016,4.4,0,38.5
2021,6,12,13,30,1002,4.6000000000000005,0,39.2
2021,6,12,14,30,924,4.7,0,39.400000000000006
2021,6,12,15,30,792,4.6000000000000005,0,39.1
2021,6,12,16,30,616,4.4,0,38.2
2021,6,12,17,30,413,4,0,36.7
2021,6,12,18,30,205,3.2,0,33.9
2021,6,12,19,30,36,3,0,31.1
2021,6,12,20,30,0,3.7,0,29.700000000000003
2021,6,12,21,30,0,4.1000000000000005,0,28.6
2021,6,12,22,30,0,4.2,0,27.6
2021,6,12,23,30,0,3.6,8,26.5
2021,6,13,0,30,0,2.8000000000000003,8,25.6
2021,6,13,1,30,0,2.4000000000000004,7,25.1
2021,6,13,2,30,0,2.2,7,24.700000000000003
2021,6,13,3,30,0,2,7,24.3
2021,6,13,4,30,0,2,7,23.900000000000002
2021,6,13,5,30,0,2.4000000000000004,0,23.8
2021,6,13,6,30,95,2.3000000000000003,0,24.700000000000003
2021,6,13,7,30,17,1.9000000000000001,7,26.1
2021,6,13,8,30,89,2.2,7,27.5
2021,6,13,9,30,681,2.5,0,29
2021,6,13,10,30,839,2.3000000000000003,0,30.700000000000003
2021,6,13,11,30,948,2.2,0,32.1
2021,6,13,12,30,1002,2.5,0,33
2021,6,13,13,30,986,2.9000000000000004,0,33.6
2021,6,13,14,30,907,3.1,0,33.9
2021,6,13,15,30,772,2.8000000000000003,0,33.800000000000004
2021,6,13,16,30,601,2.3000000000000003,0,33.4
2021,6,13,17,30,407,2,0,32.5
2021,6,13,18,30,206,1.9000000000000001,0,30.900000000000002
2021,6,13,19,30,38,2.3000000000000003,0,29.200000000000003
2021,6,13,20,30,0,3.4000000000000004,0,28.5
2021,6,13,21,30,0,3.9000000000000004,0,28
2021,6,13,22,30,0,3.5,0,27.200000000000003
2021,6,13,23,30,0,3.3000000000000003,0,26.6
2021,6,14,0,30,0,3,0,26.1
2021,6,14,1,30,0,2.1,0,25.5
2021,6,14,2,30,0,1.6,0,25.1
2021,6,14,3,30,0,1.4000000000000001,0,24.6
2021,6,14,4,30,0,1.2000000000000002,0,24.1
2021,6,14,5,30,0,1.2000000000000002,6,24
2021,6,14,6,30,19,1.5,6,24.8
2021,6,14,7,30,298,1.9000000000000001,0,26.400000000000002
2021,6,14,8,30,502,2.1,0,28.5
2021,6,14,9,30,504,1.9000000000000001,8,30.200000000000003
2021,6,14,10,30,698,2.3000000000000003,8,31.1
2021,6,14,11,30,915,3.1,0,31.3
2021,6,14,12,30,930,3.7,0,31
2021,6,14,13,30,496,3.7,8,30.400000000000002
2021,6,14,14,30,805,3.7,8,29.8
2021,6,14,15,30,734,3.7,7,29
2021,6,14,16,30,576,3.7,0,28.200000000000003
2021,6,14,17,30,407,3.3000000000000003,0,27.400000000000002
2021,6,14,18,30,201,2.5,0,26.200000000000003
2021,6,14,19,30,36,1.8,0,25
2021,6,14,20,30,0,1.5,7,24.200000000000003
2021,6,14,21,30,0,1.3,8,23.6
2021,6,14,22,30,0,1.2000000000000002,7,23.1
2021,6,14,23,30,0,1.2000000000000002,8,22.700000000000003
2021,6,15,0,30,0,1.1,0,22.3
2021,6,15,1,30,0,1.1,0,22
2021,6,15,2,30,0,1,0,21.8
2021,6,15,3,30,0,1,0,21.5
2021,6,15,4,30,0,0.9,0,21.200000000000003
2021,6,15,5,30,0,1,0,21.700000000000003
2021,6,15,6,30,107,1.5,0,23.6
2021,6,15,7,30,304,2.1,0,26.200000000000003
2021,6,15,8,30,513,2.1,0,28.5
2021,6,15,9,30,704,1.9000000000000001,0,30.1
2021,6,15,10,30,861,2.1,0,31.5
2021,6,15,11,30,967,2.5,0,32.7
2021,6,15,12,30,1016,2.8000000000000003,0,33.5
2021,6,15,13,30,984,3,0,34.1
2021,6,15,14,30,920,3.2,0,34.4
2021,6,15,15,30,801,3.3000000000000003,0,34.4
2021,6,15,16,30,628,3.3000000000000003,0,33.9
2021,6,15,17,30,426,3.2,0,33
2021,6,15,18,30,217,2.4000000000000004,0,30.8
2021,6,15,19,30,41,1.9000000000000001,0,28.200000000000003
2021,6,15,20,30,0,2.2,0,26.8
2021,6,15,21,30,0,2.7,0,26.1
2021,6,15,22,30,0,3.2,0,25.3
2021,6,15,23,30,0,3.3000000000000003,0,24.400000000000002
2021,6,16,0,30,0,3.3000000000000003,0,23.5
2021,6,16,1,30,0,3,0,22.6
2021,6,16,2,30,0,2.6,0,21.700000000000003
2021,6,16,3,30,0,2.1,0,20.900000000000002
2021,6,16,4,30,0,1.6,0,20
2021,6,16,5,30,0,1.9000000000000001,0,20.400000000000002
2021,6,16,6,30,111,2.2,0,22.5
2021,6,16,7,30,314,2.3000000000000003,0,26.1
2021,6,16,8,30,529,2.2,0,29.6
2021,6,16,9,30,725,1.9000000000000001,0,31.900000000000002
2021,6,16,10,30,885,2.1,0,33.9
2021,6,16,11,30,995,2.6,0,35.5
2021,6,16,12,30,1044,3.1,0,36.5
2021,6,16,13,30,1030,3.5,0,37
2021,6,16,14,30,951,3.9000000000000004,0,37
2021,6,16,15,30,816,4.2,0,36.6
2021,6,16,16,30,638,4.4,0,35.7
2021,6,16,17,30,433,4.2,0,34.2
2021,6,16,18,30,221,3.2,0,31.6
2021,6,16,19,30,42,2.5,0,28.700000000000003
2021,6,16,20,30,0,2.8000000000000003,0,27.200000000000003
2021,6,16,21,30,0,3.3000000000000003,0,26.400000000000002
2021,6,16,22,30,0,3.6,0,25.5
2021,6,16,23,30,0,3.6,0,24.6
2021,6,17,0,30,0,3.4000000000000004,0,23.900000000000002
2021,6,17,1,30,0,3.3000000000000003,0,23.200000000000003
2021,6,17,2,30,0,3.2,0,22.700000000000003
2021,6,17,3,30,0,3,0,22.200000000000003
2021,6,17,4,30,0,2.8000000000000003,0,21.700000000000003
2021,6,17,5,30,0,3.1,0,22.1
2021,6,17,6,30,101,3.6,0,24.1
2021,6,17,7,30,316,3.6,0,27
2021,6,17,8,30,531,3,0,29.8
2021,6,17,9,30,727,2.5,0,32
2021,6,17,10,30,887,2.5,0,33.7
2021,6,17,11,30,993,2.9000000000000004,0,34.9
2021,6,17,12,30,1040,3.2,0,35.800000000000004
2021,6,17,13,30,1027,3.5,0,36.300000000000004
2021,6,17,14,30,948,3.7,0,36.4
2021,6,17,15,30,816,3.8000000000000003,0,36.1
2021,6,17,16,30,638,3.7,0,35.300000000000004
2021,6,17,17,30,432,3.5,0,34.1
2021,6,17,18,30,220,2.6,0,31.5
2021,6,17,19,30,42,2,0,28.700000000000003
2021,6,17,20,30,0,2.2,0,27.200000000000003
2021,6,17,21,30,0,2.5,0,26.5
2021,6,17,22,30,0,2.7,0,25.900000000000002
2021,6,17,23,30,0,3,0,25.3
2021,6,18,0,30,0,3.2,0,24.8
2021,6,18,1,30,0,3.4000000000000004,0,24.400000000000002
2021,6,18,2,30,0,3.5,0,23.900000000000002
2021,6,18,3,30,0,3.4000000000000004,0,23.400000000000002
2021,6,18,4,30,0,3.2,0,22.900000000000002
2021,6,18,5,30,0,3.3000000000000003,0,23.1
2021,6,18,6,30,106,3.7,0,24.700000000000003
2021,6,18,7,30,304,3.9000000000000004,0,27.400000000000002
2021,6,18,8,30,515,3.9000000000000004,0,30.1
2021,6,18,9,30,710,3.5,0,32.300000000000004
2021,6,18,10,30,868,3.3000000000000003,0,34
2021,6,18,11,30,979,3.4000000000000004,0,35.4
2021,6,18,12,30,1030,3.7,0,36.300000000000004
2021,6,18,13,30,1016,3.9000000000000004,0,36.9
2021,6,18,14,30,939,4.1000000000000005,0,37
2021,6,18,15,30,807,4.2,0,36.6
2021,6,18,16,30,631,4.3,0,35.800000000000004
2021,6,18,17,30,428,4.1000000000000005,0,34.5
2021,6,18,18,30,218,3.4000000000000004,0,32.2
2021,6,18,19,30,42,2.9000000000000004,0,29.6
2021,6,18,20,30,0,3.4000000000000004,0,28.200000000000003
2021,6,18,21,30,0,3.8000000000000003,0,27.3
2021,6,18,22,30,0,3.9000000000000004,0,26.400000000000002
2021,6,18,23,30,0,3.8000000000000003,0,25.5
2021,6,19,0,30,0,3.7,0,24.8
2021,6,19,1,30,0,3.8000000000000003,0,24.3
2021,6,19,2,30,0,3.8000000000000003,0,23.700000000000003
2021,6,19,3,30,0,3.6,0,23.1
2021,6,19,4,30,0,3.4000000000000004,0,22.5
2021,6,19,5,30,0,3.6,0,22.5
2021,6,19,6,30,106,4.3,0,24
2021,6,19,7,30,305,4.800000000000001,0,26.700000000000003
2021,6,19,8,30,517,4.4,0,29.700000000000003
2021,6,19,9,30,711,3.7,0,32.300000000000004
2021,6,19,10,30,869,3.3000000000000003,0,34.2
2021,6,19,11,30,977,3.4000000000000004,0,35.6
2021,6,19,12,30,1028,3.5,0,36.5
2021,6,19,13,30,1015,3.6,0,37
2021,6,19,14,30,941,3.6,0,37.1
2021,6,19,15,30,812,3.7,0,36.800000000000004
2021,6,19,16,30,637,3.8000000000000003,0,36.1
2021,6,19,17,30,433,3.9000000000000004,0,34.800000000000004
2021,6,19,18,30,222,3.3000000000000003,0,32.5
2021,6,19,19,30,44,2.8000000000000003,0,29.900000000000002
2021,6,19,20,30,0,3.3000000000000003,0,28.6
2021,6,19,21,30,0,3.9000000000000004,0,27.8
2021,6,19,22,30,0,4.1000000000000005,0,27
2021,6,19,23,30,0,4.2,0,26.200000000000003
2021,6,20,0,30,0,4.1000000000000005,0,25.400000000000002
2021,6,20,1,30,0,4.2,0,24.6
2021,6,20,2,30,0,4.2,0,23.8
2021,6,20,3,30,0,4.1000000000000005,0,23.1
2021,6,20,4,30,0,3.9000000000000004,0,22.400000000000002
2021,6,20,5,30,0,4,0,22.400000000000002
2021,6,20,6,30,105,4.800000000000001,0,23.900000000000002
2021,6,20,7,30,301,5.5,0,26.8
2021,6,20,8,30,510,5.6000000000000005,0,30
2021,6,20,9,30,701,5.4,0,33
2021,6,20,10,30,857,5,0,35.5
2021,6,20,11,30,967,4.4,0,37.5
2021,6,20,12,30,1018,3.8000000000000003,0,39
2021,6,20,13,30,1007,3.4000000000000004,0,40
2021,6,20,14,30,931,3.2,0,40.5
2021,6,20,15,30,800,3.4000000000000004,0,40.5
2021,6,20,16,30,625,3.8000000000000003,0,39.900000000000006
2021,6,20,17,30,422,3.9000000000000004,0,38.6
2021,6,20,18,30,213,3.7,0,36
2021,6,20,19,30,40,4.2,0,33.2
2021,6,20,20,30,0,4.800000000000001,0,31.5
2021,6,20,21,30,0,4.6000000000000005,0,30.1
2021,6,20,22,30,0,4.4,7,29
2021,6,20,23,30,0,4.2,7,28
2021,6,21,0,30,0,4,6,27.1
2021,6,21,1,30,0,3.8000000000000003,7,26.200000000000003
2021,6,21,2,30,0,3.4000000000000004,8,25.3
2021,6,21,3,30,0,3,5,24.700000000000003
2021,6,21,4,30,0,2.5,0,24.1
2021,6,21,5,30,0,2.6,0,24.3
2021,6,21,6,30,96,2.9000000000000004,0,25.8
2021,6,21,7,30,281,2.6,0,27.8
2021,6,21,8,30,246,2.6,3,29.6
2021,6,21,9,30,581,3.5,0,31.200000000000003
2021,6,21,10,30,821,4.5,0,32.5
2021,6,21,11,30,887,5,0,33.5
2021,6,21,12,30,741,5.300000000000001,8,33.9
2021,6,21,13,30,411,5.5,3,33.9
2021,6,21,14,30,659,5.6000000000000005,7,33.300000000000004
2021,6,21,15,30,737,5.9,0,32.300000000000004
2021,6,21,16,30,602,6.300000000000001,0,30.8
2021,6,21,17,30,394,6.4,0,28.900000000000002
2021,6,21,18,30,155,6.1000000000000005,0,26.900000000000002
2021,6,21,19,30,36,5.6000000000000005,0,25
2021,6,21,20,30,0,5.4,3,23.5
2021,6,21,21,30,0,5.300000000000001,3,22.3
2021,6,21,22,30,0,5.1000000000000005,3,21.200000000000003
2021,6,21,23,30,0,4.7,0,20.3
2021,6,22,0,30,0,4.2,0,19.6
2021,6,22,1,30,0,3.7,0,19.200000000000003
2021,6,22,2,30,0,3.2,0,18.900000000000002
2021,6,22,3,30,0,2.7,0,18.7
2021,6,22,4,30,0,2.4000000000000004,0,18.6
2021,6,22,5,30,0,2.3000000000000003,3,18.900000000000002
2021,6,22,6,30,94,2.3000000000000003,0,19.900000000000002
2021,6,22,7,30,284,2.2,0,21.8
2021,6,22,8,30,482,2.1,0,24.1
2021,6,22,9,30,660,1.9000000000000001,0,26.700000000000003
2021,6,22,10,30,841,2,0,29.5
2021,6,22,11,30,949,2.4000000000000004,0,32.1
2021,6,22,12,30,1000,2.7,0,34
2021,6,22,13,30,988,3.1,0,35.300000000000004
2021,6,22,14,30,917,3.4000000000000004,0,36
2021,6,22,15,30,791,3.6,0,36.2
2021,6,22,16,30,621,3.7,0,35.800000000000004
2021,6,22,17,30,422,3.7,0,34.800000000000004
2021,6,22,18,30,216,3.1,0,32.800000000000004
2021,6,22,19,30,43,2.8000000000000003,0,30.5
2021,6,22,20,30,0,3.5,0,29.200000000000003
2021,6,22,21,30,0,4,0,28.400000000000002
2021,6,22,22,30,0,4,0,27.5
2021,6,22,23,30,0,4,0,26.700000000000003
2021,6,23,0,30,0,4.1000000000000005,0,26.1
2021,6,23,1,30,0,4.2,0,25.5
2021,6,23,2,30,0,4.3,0,24.8
2021,6,23,3,30,0,4.3,0,24.1
2021,6,23,4,30,0,4.4,0,23.5
2021,6,23,5,30,0,4.9,0,23.5
2021,6,23,6,30,98,6.1000000000000005,0,24.900000000000002
2021,6,23,7,30,290,6.7,0,27.200000000000003
2021,6,23,8,30,498,6.7,0,29.8
2021,6,23,9,30,690,6.6000000000000005,0,32.2
2021,6,23,10,30,847,6.300000000000001,0,34.4
2021,6,23,11,30,956,6.1000000000000005,0,36.1
2021,6,23,12,30,1008,5.800000000000001,0,37.4
2021,6,23,13,30,997,5.6000000000000005,0,38.2
2021,6,23,14,30,924,5.4,0,38.5
2021,6,23,15,30,797,5.2,0,38.400000000000006
2021,6,23,16,30,626,5.1000000000000005,0,37.7
2021,6,23,17,30,426,4.9,0,36.4
2021,6,23,18,30,218,4.3,0,34.2
2021,6,23,19,30,43,3.9000000000000004,0,31.700000000000003
2021,6,23,20,30,0,4.1000000000000005,0,30
2021,6,23,21,30,0,4.3,0,28.8
2021,6,23,22,30,0,4.3,0,27.8
2021,6,23,23,30,0,4.4,0,27
2021,6,24,0,30,0,4.4,0,26.3
2021,6,24,1,30,0,4.3,0,25.5
2021,6,24,2,30,0,4.3,0,24.900000000000002
2021,6,24,3,30,0,4.4,0,24.200000000000003
2021,6,24,4,30,0,4.2,0,23.6
2021,6,24,5,30,0,4.5,0,23.6
2021,6,24,6,30,99,5.6000000000000005,0,24.900000000000002
2021,6,24,7,30,294,6.300000000000001,0,27.200000000000003
2021,6,24,8,30,503,6.4,0,29.8
2021,6,24,9,30,694,6.1000000000000005,0,32
2021,6,24,10,30,851,5.800000000000001,0,34
2021,6,24,11,30,958,5.6000000000000005,0,35.5
2021,6,24,12,30,1009,5.5,0,36.7
2021,6,24,13,30,995,5.5,0,37.4
2021,6,24,14,30,924,5.5,0,37.7
2021,6,24,15,30,799,5.5,0,37.5
2021,6,24,16,30,627,5.5,0,36.800000000000004
2021,6,24,17,30,428,5.5,0,35.5
2021,6,24,18,30,220,5.1000000000000005,0,33.6
2021,6,24,19,30,44,4.6000000000000005,0,31.5
2021,6,24,20,30,0,4.4,0,30
2021,6,24,21,30,0,4.2,0,28.900000000000002
2021,6,24,22,30,0,3.9000000000000004,0,28
2021,6,24,23,30,0,3.7,0,27.200000000000003
2021,6,25,0,30,0,3.7,0,26.5
2021,6,25,1,30,0,3.9000000000000004,0,25.900000000000002
2021,6,25,2,30,0,4.1000000000000005,0,25.3
2021,6,25,3,30,0,4.2,0,24.8
2021,6,25,4,30,0,4.2,0,24.200000000000003
2021,6,25,5,30,0,4.800000000000001,0,24.1
2021,6,25,6,30,96,5.800000000000001,0,25.1
2021,6,25,7,30,287,6.2,0,27.1
2021,6,25,8,30,494,6.1000000000000005,0,29.5
2021,6,25,9,30,684,5.800000000000001,0,31.900000000000002
2021,6,25,10,30,839,5.6000000000000005,0,34.1
2021,6,25,11,30,949,5.300000000000001,0,36
2021,6,25,12,30,1002,5.1000000000000005,0,37.4
2021,6,25,13,30,990,5,0,38.300000000000004
2021,6,25,14,30,915,5,0,38.7
2021,6,25,15,30,786,5.2,0,38.5
2021,6,25,16,30,616,5.5,0,37.800000000000004
2021,6,25,17,30,416,5.800000000000001,0,36.4
2021,6,25,18,30,144,5.800000000000001,7,34.5
2021,6,25,19,30,23,5.5,6,32.4
2021,6,25,20,30,0,5.2,9,30.8
2021,6,25,21,30,0,5.2,6,29.700000000000003
2021,6,25,22,30,0,5.5,7,28.900000000000002
2021,6,25,23,30,0,6,7,28.200000000000003
2021,6,26,0,30,0,6.4,7,27.400000000000002
2021,6,26,1,30,0,6.4,8,26.6
2021,6,26,2,30,0,6.4,8,26
2021,6,26,3,30,0,6.1000000000000005,0,25.5
2021,6,26,4,30,0,5.9,0,24.900000000000002
2021,6,26,5,30,0,6.1000000000000005,0,24.6
2021,6,26,6,30,95,6.7,0,25.3
2021,6,26,7,30,288,6.800000000000001,0,27.200000000000003
2021,6,26,8,30,293,6.2,3,29.6
2021,6,26,9,30,613,5.1000000000000005,0,32.2
2021,6,26,10,30,844,4.1000000000000005,0,34.5
2021,6,26,11,30,949,3.5,0,36.300000000000004
2021,6,26,12,30,996,3.5,0,37.7
2021,6,26,13,30,981,3.9000000000000004,0,38.6
2021,6,26,14,30,876,4.6000000000000005,0,38.400000000000006
2021,6,26,15,30,667,5.1000000000000005,0,36.9
2021,6,26,16,30,507,5,8,34.1
2021,6,26,17,30,232,4.1000000000000005,6,31
2021,6,26,18,30,37,3.1,9,28.700000000000003
2021,6,26,19,30,13,2.4000000000000004,9,27
2021,6,26,20,30,0,1.9000000000000001,9,25.900000000000002
2021,6,26,21,30,0,1.3,9,25.3
2021,6,26,22,30,0,1.1,9,24.900000000000002
2021,6,26,23,30,0,1,9,24.6
2021,6,27,0,30,0,0.9,6,24.3
2021,6,27,1,30,0,1,6,23.8
2021,6,27,2,30,0,0.9,6,23.400000000000002
2021,6,27,3,30,0,0.8,7,23.200000000000003
2021,6,27,4,30,0,0.8,6,23
2021,6,27,5,30,0,1.2000000000000002,6,22.900000000000002
2021,6,27,6,30,10,1.7000000000000002,6,23.1
2021,6,27,7,30,20,2.1,7,23.6
2021,6,27,8,30,28,2.3000000000000003,7,24.200000000000003
2021,6,27,9,30,49,2.5,7,24.700000000000003
2021,6,27,10,30,136,2.6,7,25.200000000000003
2021,6,27,11,30,184,2.6,7,25.400000000000002
2021,6,27,12,30,461,2.6,7,25.400000000000002
2021,6,27,13,30,548,2.5,7,25.200000000000003
2021,6,27,14,30,421,1.9000000000000001,7,25
2021,6,27,15,30,366,1.7000000000000002,7,24.8
2021,6,27,16,30,428,2.2,7,24.6
2021,6,27,17,30,394,2.6,8,24.200000000000003
2021,6,27,18,30,210,2.3000000000000003,0,23.3
2021,6,27,19,30,31,2,8,22.3
2021,6,27,20,30,0,2.4000000000000004,8,21.700000000000003
2021,6,27,21,30,0,2.6,7,21.400000000000002
2021,6,27,22,30,0,2.4000000000000004,7,21.200000000000003
2021,6,27,23,30,0,2.2,6,21.1
2021,6,28,0,30,0,2.1,6,21
2021,6,28,1,30,0,1.9000000000000001,7,20.900000000000002
2021,6,28,2,30,0,1.7000000000000002,7,20.8
2021,6,28,3,30,0,1.5,7,20.6
2021,6,28,4,30,0,1.2000000000000002,6,20.6
2021,6,28,5,30,0,1.4000000000000001,6,20.700000000000003
2021,6,28,6,30,38,1.7000000000000002,7,21.1
2021,6,28,7,30,89,1.9000000000000001,8,21.8
2021,6,28,8,30,212,1.9000000000000001,8,22.700000000000003
2021,6,28,9,30,563,2.1,7,23.6
2021,6,28,10,30,599,2.6,7,24.200000000000003
2021,6,28,11,30,675,3.2,8,24.400000000000002
2021,6,28,12,30,757,3.7,8,24.400000000000002
2021,6,28,13,30,777,4,8,24.1
2021,6,28,14,30,585,4,7,23.900000000000002
2021,6,28,15,30,64,3.8000000000000003,6,23.900000000000002
2021,6,28,16,30,398,3.6,8,23.6
2021,6,28,17,30,316,3.5,7,23
2021,6,28,18,30,95,3.7,6,22.200000000000003
2021,6,28,19,30,29,3.8000000000000003,7,21.3
2021,6,28,20,30,0,3.8000000000000003,6,20.6
2021,6,28,21,30,0,3.4000000000000004,6,20.1
2021,6,28,22,30,0,2.8000000000000003,6,19.700000000000003
2021,6,28,23,30,0,2.1,6,19.5
2021,6,29,0,30,0,1.5,7,19.400000000000002
2021,6,29,1,30,0,1.1,7,19.3
2021,6,29,2,30,0,0.9,5,19.3
2021,6,29,3,30,0,0.9,4,19.400000000000002
2021,6,29,4,30,0,1,3,19.400000000000002
2021,6,29,5,30,0,1.4000000000000001,0,19.700000000000003
2021,6,29,6,30,96,2.2,0,20.6
2021,6,29,7,30,285,2.7,0,22
2021,6,29,8,30,497,2.9000000000000004,0,23.700000000000003
2021,6,29,9,30,588,2.9000000000000004,0,25.200000000000003
2021,6,29,10,30,844,3.1,0,26.400000000000002
2021,6,29,11,30,633,3.2,3,27.200000000000003
2021,6,29,12,30,803,3.1,0,27.700000000000003
2021,6,29,13,30,954,3,0,28.1
2021,6,29,14,30,596,2.9000000000000004,3,28.3
2021,6,29,15,30,435,3,3,28.400000000000002
2021,6,29,16,30,612,3,0,28.1
2021,6,29,17,30,351,2.8000000000000003,3,27.3
2021,6,29,18,30,187,2.3000000000000003,3,25.700000000000003
2021,6,29,19,30,12,2,5,24
2021,6,29,20,30,0,2.5,3,23.1
2021,6,29,21,30,0,2.9000000000000004,3,22.700000000000003
2021,6,29,22,30,0,3.1,0,22.1
2021,6,29,23,30,0,3,0,21.6
2021,6,30,0,30,0,2.7,0,21
2021,6,30,1,30,0,2.4000000000000004,0,20.400000000000002
2021,6,30,2,30,0,2,8,19.900000000000002
2021,6,30,3,30,0,1.6,0,19.6
2021,6,30,4,30,0,1.4000000000000001,3,19.6
2021,6,30,5,30,0,1.7000000000000002,0,20
2021,6,30,6,30,95,2.4000000000000004,0,21.1
2021,6,30,7,30,287,3.1,0,22.5
2021,6,30,8,30,423,3.5,0,23.900000000000002
2021,6,30,9,30,421,3.8000000000000003,3,25.3
2021,6,30,10,30,750,4,0,26.6
2021,6,30,11,30,789,4.1000000000000005,0,27.700000000000003
2021,6,30,12,30,850,4,0,28.5
2021,6,30,13,30,914,3.8000000000000003,0,29.1
2021,6,30,14,30,763,3.5,3,29.5
2021,6,30,15,30,762,3.3000000000000003,0,29.700000000000003
2021,6,30,16,30,609,2.9000000000000004,0,29.5
2021,6,30,17,30,412,2.4000000000000004,0,28.8
2021,6,30,18,30,222,1.5,0,27.200000000000003
2021,6,30,19,30,46,1.1,0,25.400000000000002
2021,6,30,20,30,0,1.2000000000000002,3,24.5
2021,6,30,21,30,0,1.4000000000000001,0,23.900000000000002
2021,6,30,22,30,0,1.8,0,23.5
2021,6,30,23,30,0,2.2,3,23
2021,7,1,0,30,0,2.5,3,22.5
2021,7,1,1,30,0,2.5,0,21.900000000000002
2021,7,1,2,30,0,2.3000000000000003,0,21.3
2021,7,1,3,30,0,2,0,20.900000000000002
2021,7,1,4,30,0,1.7000000000000002,0,20.400000000000002
2021,7,1,5,30,0,1.9000000000000001,0,20.900000000000002
2021,7,1,6,30,94,2.8000000000000003,0,22.5
2021,7,1,7,30,286,3.3000000000000003,0,24.6
2021,7,1,8,30,494,3.4000000000000004,0,26.5
2021,7,1,9,30,686,3.3000000000000003,0,28.3
2021,7,1,10,30,842,3.2,0,29.700000000000003
2021,7,1,11,30,950,2.9000000000000004,0,30.8
2021,7,1,12,30,1000,2.7,0,31.6
2021,7,1,13,30,977,2.5,0,32.1
2021,7,1,14,30,919,2.4000000000000004,0,32.300000000000004
2021,7,1,15,30,794,2.5,0,32.1
2021,7,1,16,30,624,2.6,0,31.5
2021,7,1,17,30,426,2.5,0,30.5
2021,7,1,18,30,220,1.9000000000000001,0,28.6
2021,7,1,19,30,45,1.5,0,26.5
2021,7,1,20,30,0,1.6,0,25.3
2021,7,1,21,30,0,1.6,0,24.700000000000003
2021,7,1,22,30,0,1.6,0,24.1
2021,7,1,23,30,0,1.5,0,23.5
2021,7,2,0,30,0,1.5,0,23
2021,7,2,1,30,0,1.5,0,22.400000000000002
2021,7,2,2,30,0,1.5,0,21.900000000000002
2021,7,2,3,30,0,1.5,0,21.400000000000002
2021,7,2,4,30,0,1.4000000000000001,0,21
2021,7,2,5,30,0,1.4000000000000001,0,21.5
2021,7,2,6,30,91,1.6,0,23.3
2021,7,2,7,30,268,1.6,8,25.8
2021,7,2,8,30,393,1.3,7,28
2021,7,2,9,30,422,1.1,6,29.400000000000002
2021,7,2,10,30,531,1.3,6,30.5
2021,7,2,11,30,591,1.6,6,31.3
2021,7,2,12,30,716,1.9000000000000001,6,31.700000000000003
2021,7,2,13,30,667,2,6,31.8
2021,7,2,14,30,723,2.2,7,31.400000000000002
2021,7,2,15,30,615,2.5,7,30.700000000000003
2021,7,2,16,30,588,2.9000000000000004,7,29.700000000000003
2021,7,2,17,30,413,3.1,0,28.3
2021,7,2,18,30,210,3.1,8,26.5
2021,7,2,19,30,30,3.1,7,25
2021,7,2,20,30,0,3.1,6,24
2021,7,2,21,30,0,2.9000000000000004,6,23.5
2021,7,2,22,30,0,2.5,6,23.200000000000003
2021,7,2,23,30,0,2.1,6,23
2021,7,3,0,30,0,1.8,9,22.900000000000002
2021,7,3,1,30,0,1.5,9,22.8
2021,7,3,2,30,0,1.3,9,22.700000000000003
2021,7,3,3,30,0,1.1,9,22.6
2021,7,3,4,30,0,0.9,9,22.400000000000002
2021,7,3,5,30,0,0.9,9,22.400000000000002
2021,7,3,6,30,19,1,6,22.6
2021,7,3,7,30,21,1,6,23.200000000000003
2021,7,3,8,30,48,1.2000000000000002,6,24
2021,7,3,9,30,220,1.3,6,24.900000000000002
2021,7,3,10,30,394,1.3,6,25.8
2021,7,3,11,30,575,1.2000000000000002,7,26.400000000000002
2021,7,3,12,30,595,1.1,7,26.700000000000003
2021,7,3,13,30,720,1,7,27
2021,7,3,14,30,708,1,7,27.3
2021,7,3,15,30,559,0.9,6,27.6
2021,7,3,16,30,405,1.1,6,27.5
2021,7,3,17,30,212,1.2000000000000002,6,27.1
2021,7,3,18,30,63,1.1,6,26
2021,7,3,19,30,32,1,8,24.5
2021,7,3,20,30,0,1.2000000000000002,7,23.6
2021,7,3,21,30,0,1.4000000000000001,0,23.1
2021,7,3,22,30,0,1.6,0,22.700000000000003
2021,7,3,23,30,0,1.6,8,22.200000000000003
2021,7,4,0,30,0,1.6,8,21.900000000000002
2021,7,4,1,30,0,1.6,8,21.5
2021,7,4,2,30,0,1.5,8,21.3
2021,7,4,3,30,0,1.2000000000000002,3,21.1
2021,7,4,4,30,0,1,8,20.900000000000002
2021,7,4,5,30,0,1.2000000000000002,3,21.3
2021,7,4,6,30,63,1.7000000000000002,3,22.8
2021,7,4,7,30,281,2,0,25
2021,7,4,8,30,485,1.8,0,27.200000000000003
2021,7,4,9,30,680,1.2000000000000002,0,29
2021,7,4,10,30,837,0.6000000000000001,0,30.3
2021,7,4,11,30,947,0.7000000000000001,0,31.200000000000003
2021,7,4,12,30,902,1.1,0,31.700000000000003
2021,7,4,13,30,989,1.4000000000000001,0,31.8
2021,7,4,14,30,772,1.8,0,31.400000000000002
2021,7,4,15,30,686,2.1,0,30.8
2021,7,4,16,30,606,2.3000000000000003,0,30
2021,7,4,17,30,423,2.4000000000000004,0,28.8
2021,7,4,18,30,217,2.3000000000000003,0,27.200000000000003
2021,7,4,19,30,44,2.4000000000000004,0,25.700000000000003
2021,7,4,20,30,0,2.5,0,24.8
2021,7,4,21,30,0,2.5,0,24.1
2021,7,4,22,30,0,2.3000000000000003,0,23.5
2021,7,4,23,30,0,2.1,8,22.900000000000002
2021,7,5,0,30,0,1.7000000000000002,7,22.400000000000002
2021,7,5,1,30,0,1.3,6,21.900000000000002
2021,7,5,2,30,0,1,6,21.700000000000003
2021,7,5,3,30,0,0.8,7,21.6
2021,7,5,4,30,0,0.7000000000000001,6,21.5
2021,7,5,5,30,0,1,6,21.900000000000002
2021,7,5,6,30,13,1.5,6,23.1
2021,7,5,7,30,6,1.9000000000000001,6,24.700000000000003
2021,7,5,8,30,168,1.9000000000000001,7,26.5
2021,7,5,9,30,85,1.2000000000000002,8,28.200000000000003
2021,7,5,10,30,369,1.3,8,29.400000000000002
2021,7,5,11,30,748,2.1,7,29.900000000000002
2021,7,5,12,30,846,2.5,8,30.200000000000003
2021,7,5,13,30,903,2.6,7,30.400000000000002
2021,7,5,14,30,872,2.7,0,30.5
2021,7,5,15,30,750,2.8000000000000003,0,30.200000000000003
2021,7,5,16,30,618,2.9000000000000004,0,29.700000000000003
2021,7,5,17,30,423,2.7,0,28.700000000000003
2021,7,5,18,30,218,2.3000000000000003,0,27
2021,7,5,19,30,44,2.1,0,25.3
2021,7,5,20,30,0,2.6,0,24.200000000000003
2021,7,5,21,30,0,2.7,0,23.5
2021,7,5,22,30,0,2.4000000000000004,0,22.8
2021,7,5,23,30,0,2,0,22.3
2021,7,6,0,30,0,1.6,0,21.900000000000002
2021,7,6,1,30,0,1.3,0,21.6
2021,7,6,2,30,0,1.2000000000000002,0,21.3
2021,7,6,3,30,0,1.2000000000000002,0,21
2021,7,6,4,30,0,1.3,0,20.8
2021,7,6,5,30,0,2,0,20.900000000000002
2021,7,6,6,30,91,2.7,0,21.6
2021,7,6,7,30,285,3.1,0,22.900000000000002
2021,7,6,8,30,368,3.5,0,24.8
2021,7,6,9,30,296,3.8000000000000003,3,26.5
2021,7,6,10,30,524,4,3,27.700000000000003
2021,7,6,11,30,761,4.1000000000000005,0,28.700000000000003
2021,7,6,12,30,829,4.1000000000000005,0,29.3
2021,7,6,13,30,873,4.1000000000000005,0,29.6
2021,7,6,14,30,618,3.9000000000000004,3,29.700000000000003
2021,7,6,15,30,749,3.8000000000000003,0,29.5
2021,7,6,16,30,624,3.7,0,29.1
2021,7,6,17,30,430,3.4000000000000004,0,28.200000000000003
2021,7,6,18,30,192,2.6,0,26.700000000000003
2021,7,6,19,30,45,1.8,0,25
2021,7,6,20,30,0,1.6,0,24
2021,7,6,21,30,0,1.5,3,23.400000000000002
2021,7,6,22,30,0,1.4000000000000001,3,22.900000000000002
2021,7,6,23,30,0,1.3,0,22.3
2021,7,7,0,30,0,1.2000000000000002,0,21.8
2021,7,7,1,30,0,1.1,0,21.3
2021,7,7,2,30,0,0.9,0,20.900000000000002
2021,7,7,3,30,0,0.8,0,20.6
2021,7,7,4,30,0,0.7000000000000001,0,20.400000000000002
2021,7,7,5,30,0,0.9,0,21
2021,7,7,6,30,87,1.4000000000000001,0,22.400000000000002
2021,7,7,7,30,281,2,0,24.200000000000003
2021,7,7,8,30,490,2.3000000000000003,0,25.8
2021,7,7,9,30,655,2.6,0,27.3
2021,7,7,10,30,727,2.7,0,28.5
2021,7,7,11,30,888,2.8000000000000003,0,29.5
2021,7,7,12,30,1004,2.9000000000000004,0,30.200000000000003
2021,7,7,13,30,994,3,0,30.6
2021,7,7,14,30,922,3.1,0,30.700000000000003
2021,7,7,15,30,795,3.2,0,30.400000000000002
2021,7,7,16,30,625,3.1,0,29.900000000000002
2021,7,7,17,30,426,2.8000000000000003,0,28.900000000000002
2021,7,7,18,30,217,1.9000000000000001,0,27.1
2021,7,7,19,30,37,1.1,3,25
2021,7,7,20,30,0,1,0,23.8
2021,7,7,21,30,0,1.1,0,23.200000000000003
2021,7,7,22,30,0,1.1,0,22.6
2021,7,7,23,30,0,1,0,22.200000000000003
2021,7,8,0,30,0,1,0,21.700000000000003
2021,7,8,1,30,0,0.9,0,21.3
2021,7,8,2,30,0,0.9,0,20.900000000000002
2021,7,8,3,30,0,0.8,0,20.700000000000003
2021,7,8,4,30,0,0.7000000000000001,0,20.5
2021,7,8,5,30,0,0.8,0,21.1
2021,7,8,6,30,86,1.1,0,22.6
2021,7,8,7,30,278,1,0,25.200000000000003
2021,7,8,8,30,487,1.1,0,27.900000000000002
2021,7,8,9,30,680,1.7000000000000002,0,29.5
2021,7,8,10,30,838,2.3000000000000003,0,30.6
2021,7,8,11,30,794,2.7,0,31.400000000000002
2021,7,8,12,30,928,2.9000000000000004,0,31.900000000000002
2021,7,8,13,30,972,3.1,0,32.1
2021,7,8,14,30,917,3.2,0,32
2021,7,8,15,30,793,3.2,0,31.700000000000003
2021,7,8,16,30,624,3.2,0,31.1
2021,7,8,17,30,426,3,0,30.1
2021,7,8,18,30,219,2.3000000000000003,0,28.200000000000003
2021,7,8,19,30,44,1.8,0,26.3
2021,7,8,20,30,0,2,0,25.200000000000003
2021,7,8,21,30,0,2.3000000000000003,0,24.5
2021,7,8,22,30,0,2.5,0,23.8
2021,7,8,23,30,0,2.5,0,23
2021,7,9,0,30,0,2.3000000000000003,0,22.3
2021,7,9,1,30,0,2,0,21.6
2021,7,9,2,30,0,1.6,0,20.8
2021,7,9,3,30,0,1.2000000000000002,0,20.200000000000003
2021,7,9,4,30,0,1,0,19.700000000000003
2021,7,9,5,30,0,1.2000000000000002,0,20.200000000000003
2021,7,9,6,30,91,1.6,0,22.1
2021,7,9,7,30,288,1.6,0,24.6
2021,7,9,8,30,499,1.8,0,26.900000000000002
2021,7,9,9,30,694,2.4000000000000004,0,28.700000000000003
2021,7,9,10,30,853,2.8000000000000003,0,30
2021,7,9,11,30,962,3.2,0,31.200000000000003
2021,7,9,12,30,1014,3.4000000000000004,0,32
2021,7,9,13,30,1003,3.5,0,32.4
2021,7,9,14,30,930,3.7,0,32.6
2021,7,9,15,30,801,3.7,0,32.4
2021,7,9,16,30,632,3.6,0,31.8
2021,7,9,17,30,432,3.4000000000000004,0,30.6
2021,7,9,18,30,224,2.8000000000000003,0,28.700000000000003
2021,7,9,19,30,45,2.4000000000000004,0,26.700000000000003
2021,7,9,20,30,0,2.7,0,25.400000000000002
2021,7,9,21,30,0,2.8000000000000003,0,24.5
2021,7,9,22,30,0,2.8000000000000003,0,23.8
2021,7,9,23,30,0,2.8000000000000003,3,23.1
2021,7,10,0,30,0,2.6,0,22.5
2021,7,10,1,30,0,2.2,0,22
2021,7,10,2,30,0,1.9000000000000001,0,21.6
2021,7,10,3,30,0,1.7000000000000002,0,21.5
2021,7,10,4,30,0,1.8,0,21.400000000000002
2021,7,10,5,30,0,2.5,0,21.8
2021,7,10,6,30,88,3.4000000000000004,0,23
2021,7,10,7,30,282,3.6,0,24.8
2021,7,10,8,30,492,3.6,0,26.8
2021,7,10,9,30,450,3.9000000000000004,3,28.700000000000003
2021,7,10,10,30,329,4.3,3,30.200000000000003
2021,7,10,11,30,872,4.6000000000000005,0,31.6
2021,7,10,12,30,739,4.4,3,32.6
2021,7,10,13,30,895,4,0,33.2
2021,7,10,14,30,809,3.6,0,33.4
2021,7,10,15,30,796,3.4000000000000004,0,33.300000000000004
2021,7,10,16,30,624,3.4000000000000004,0,32.800000000000004
2021,7,10,17,30,424,3.3000000000000003,0,31.700000000000003
2021,7,10,18,30,216,2.9000000000000004,0,29.700000000000003
2021,7,10,19,30,42,2.7,0,27.700000000000003
2021,7,10,20,30,0,3.1,0,26.5
2021,7,10,21,30,0,3.4000000000000004,0,25.700000000000003
2021,7,10,22,30,0,3.4000000000000004,0,24.900000000000002
2021,7,10,23,30,0,3.2,0,24.1
2021,7,11,0,30,0,2.9000000000000004,0,23.400000000000002
2021,7,11,1,30,0,2.4000000000000004,0,22.8
2021,7,11,2,30,0,1.8,0,22.200000000000003
2021,7,11,3,30,0,1.3,0,21.8
2021,7,11,4,30,0,1.1,0,21.5
2021,7,11,5,30,0,1.3,0,21.900000000000002
2021,7,11,6,30,69,1.8,0,22.900000000000002
2021,7,11,7,30,121,1.8,3,24.200000000000003
2021,7,11,8,30,245,1.5,3,25.6
2021,7,11,9,30,662,1.6,0,27.1
2021,7,11,10,30,823,2,0,28.700000000000003
2021,7,11,11,30,932,2.3000000000000003,0,29.8
2021,7,11,12,30,980,2.6,0,30.400000000000002
2021,7,11,13,30,969,2.9000000000000004,0,30.200000000000003
2021,7,11,14,30,730,3.4000000000000004,7,29.6
2021,7,11,15,30,183,3.2,6,28.900000000000002
2021,7,11,16,30,73,2.6,9,27.900000000000002
2021,7,11,17,30,40,2.5,9,26.700000000000003
2021,7,11,18,30,81,2.9000000000000004,7,25.700000000000003
2021,7,11,19,30,29,3.3000000000000003,7,24.700000000000003
2021,7,11,20,30,0,3.1,8,24
2021,7,11,21,30,0,2.7,3,23.400000000000002
2021,7,11,22,30,0,2.4000000000000004,3,23
2021,7,11,23,30,0,2.1,0,22.5
2021,7,12,0,30,0,1.7000000000000002,0,22.1
2021,7,12,1,30,0,1.5,0,21.700000000000003
2021,7,12,2,30,0,1.4000000000000001,0,21.400000000000002
2021,7,12,3,30,0,1.3,0,21.200000000000003
2021,7,12,4,30,0,1.1,0,21.1
2021,7,12,5,30,0,0.9,0,21.200000000000003
2021,7,12,6,30,70,1,0,22.1
2021,7,12,7,30,249,1,0,23.700000000000003
2021,7,12,8,30,435,1.1,0,25.400000000000002
2021,7,12,9,30,650,1.2000000000000002,0,27
2021,7,12,10,30,809,1.6,0,28.6
2021,7,12,11,30,603,2.5,3,29.8
2021,7,12,12,30,531,3.5,8,30.400000000000002
2021,7,12,13,30,866,4.1000000000000005,7,30.5
2021,7,12,14,30,568,4.3,8,30.400000000000002
2021,7,12,15,30,681,4.2,8,30.1
2021,7,12,16,30,99,4,6,29.5
2021,7,12,17,30,291,3.6,7,28.400000000000002
2021,7,12,18,30,209,2.7,0,26.5
2021,7,12,19,30,38,1.8,0,24.400000000000002
2021,7,12,20,30,0,1.6,0,23.3
2021,7,12,21,30,0,1.5,0,22.700000000000003
2021,7,12,22,30,0,1.5,0,22.200000000000003
2021,7,12,23,30,0,1.6,0,21.900000000000002
2021,7,13,0,30,0,1.9000000000000001,0,21.6
2021,7,13,1,30,0,2.3000000000000003,0,21.200000000000003
2021,7,13,2,30,0,2.6,0,20.900000000000002
2021,7,13,3,30,0,2.6,0,20.400000000000002
2021,7,13,4,30,0,2.4000000000000004,0,20
2021,7,13,5,30,0,2.7,0,20.200000000000003
2021,7,13,6,30,70,3.7,0,21.700000000000003
2021,7,13,7,30,256,4.5,0,23.900000000000002
2021,7,13,8,30,466,4.6000000000000005,0,26.200000000000003
2021,7,13,9,30,666,4.5,0,28.200000000000003
2021,7,13,10,30,833,4.5,0,29.8
2021,7,13,11,30,952,4.7,0,31.200000000000003
2021,7,13,12,30,1011,4.800000000000001,0,32.2
2021,7,13,13,30,1002,4.7,0,32.9
2021,7,13,14,30,929,4.7,0,33.2
2021,7,13,15,30,796,4.6000000000000005,0,33
2021,7,13,16,30,620,4.6000000000000005,0,32.300000000000004
2021,7,13,17,30,415,4.3,0,30.900000000000002
2021,7,13,18,30,206,3.7,0,28.8
2021,7,13,19,30,36,3.8000000000000003,0,27
2021,7,13,20,30,0,4.2,0,25.8
2021,7,13,21,30,0,4.2,0,24.8
2021,7,13,22,30,0,4.2,0,23.900000000000002
2021,7,13,23,30,0,4.2,0,23
2021,7,14,0,30,0,4.1000000000000005,0,22.1
2021,7,14,1,30,0,3.9000000000000004,0,21.3
2021,7,14,2,30,0,3.6,0,20.8
2021,7,14,3,30,0,3.3000000000000003,0,20.6
2021,7,14,4,30,0,3.2,0,20.5
2021,7,14,5,30,0,3.4000000000000004,0,20.8
2021,7,14,6,30,76,4.3,0,21.900000000000002
2021,7,14,7,30,265,5.300000000000001,0,24
2021,7,14,8,30,476,5.9,0,26.3
2021,7,14,9,30,674,6.1000000000000005,0,28.400000000000002
2021,7,14,10,30,837,6,0,30.1
2021,7,14,11,30,951,6,0,31.5
2021,7,14,12,30,1005,5.9,0,32.6
2021,7,14,13,30,996,6,0,33.2
2021,7,14,14,30,926,6.1000000000000005,0,33.4
2021,7,14,15,30,800,6,0,33.2
2021,7,14,16,30,628,5.9,0,32.5
2021,7,14,17,30,426,5.5,0,31.200000000000003
2021,7,14,18,30,215,4.7,0,29.200000000000003
2021,7,14,19,30,39,4.4,0,27.1
2021,7,14,20,30,0,4.6000000000000005,0,25.700000000000003
2021,7,14,21,30,0,4.6000000000000005,0,24.700000000000003
2021,7,14,22,30,0,4.4,0,23.8
2021,7,14,23,30,0,4.2,0,23
2021,7,15,0,30,0,4.2,0,22.400000000000002
2021,7,15,1,30,0,4.2,8,21.700000000000003
2021,7,15,2,30,0,4.1000000000000005,7,21.1
2021,7,15,3,30,0,4,8,20.700000000000003
2021,7,15,4,30,0,4,7,20.5
2021,7,15,5,30,0,4.3,7,20.8
2021,7,15,6,30,69,5.2,7,22.1
2021,7,15,7,30,246,5.7,7,24.3
2021,7,15,8,30,392,5.6000000000000005,7,26.8
2021,7,15,9,30,667,5.300000000000001,0,29.200000000000003
2021,7,15,10,30,828,4.9,0,31.400000000000002
2021,7,15,11,30,934,4.5,0,33.1
2021,7,15,12,30,993,4.1000000000000005,0,34.300000000000004
2021,7,15,13,30,983,3.9000000000000004,0,35
2021,7,15,14,30,912,3.9000000000000004,0,35.4
2021,7,15,15,30,787,4,0,35.2
2021,7,15,16,30,583,4.2,0,34.5
2021,7,15,17,30,397,4.1000000000000005,0,33.2
2021,7,15,18,30,209,3.7,0,30.900000000000002
2021,7,15,19,30,37,3.9000000000000004,0,28.8
2021,7,15,20,30,0,4.3,0,27.400000000000002
2021,7,15,21,30,0,4.3,0,26.400000000000002
2021,7,15,22,30,0,4.2,7,25.5
2021,7,15,23,30,0,4.2,7,24.700000000000003
2021,7,16,0,30,0,4.1000000000000005,7,23.900000000000002
2021,7,16,1,30,0,4.1000000000000005,7,23.3
2021,7,16,2,30,0,3.9000000000000004,7,22.8
2021,7,16,3,30,0,3.7,7,22.400000000000002
2021,7,16,4,30,0,3.5,8,22
2021,7,16,5,30,0,3.6,7,22
2021,7,16,6,30,47,4.2,7,22.700000000000003
2021,7,16,7,30,130,4.7,3,24.200000000000003
2021,7,16,8,30,197,4.5,4,26.200000000000003
2021,7,16,9,30,124,4.3,4,28.5
2021,7,16,10,30,473,4.1000000000000005,5,30.8
2021,7,16,11,30,614,4,3,32.5
2021,7,16,12,30,725,3.9000000000000004,8,33.6
2021,7,16,13,30,974,3.8000000000000003,0,34.2
2021,7,16,14,30,906,3.7,0,34.4
2021,7,16,15,30,784,3.6,0,34.4
2021,7,16,16,30,614,3.5,0,34
2021,7,16,17,30,414,3.1,0,32.9
2021,7,16,18,30,207,2.5,0,30.8
2021,7,16,19,30,37,2.7,0,28.900000000000002
2021,7,16,20,30,0,3.3000000000000003,0,28
2021,7,16,21,30,0,3.7,0,27.200000000000003
2021,7,16,22,30,0,3.8000000000000003,0,26.200000000000003
2021,7,16,23,30,0,3.6,0,25.3
2021,7,17,0,30,0,3.5,0,24.400000000000002
2021,7,17,1,30,0,3.3000000000000003,0,23.700000000000003
2021,7,17,2,30,0,3,0,23
2021,7,17,3,30,0,2.8000000000000003,0,22.400000000000002
2021,7,17,4,30,0,2.5,0,22
2021,7,17,5,30,0,2.8000000000000003,3,22.200000000000003
2021,7,17,6,30,53,3.8000000000000003,3,23.5
2021,7,17,7,30,250,4.4,0,25.700000000000003
2021,7,17,8,30,458,4.1000000000000005,0,28.1
2021,7,17,9,30,652,3.8000000000000003,0,30.3
2021,7,17,10,30,813,3.6,0,32.1
2021,7,17,11,30,924,3.6,0,33.4
2021,7,17,12,30,977,3.5,0,34.300000000000004
2021,7,17,13,30,968,3.4000000000000004,0,34.7
2021,7,17,14,30,898,3.3000000000000003,0,34.800000000000004
2021,7,17,15,30,774,3.2,0,34.4
2021,7,17,16,30,602,3.2,0,33.7
2021,7,17,17,30,401,2.9000000000000004,0,32.4
2021,7,17,18,30,196,2.4000000000000004,0,30.5
2021,7,17,19,30,30,2.6,0,29
2021,7,17,20,30,0,3.3000000000000003,0,28.1
2021,7,17,21,30,0,3.6,0,27.400000000000002
2021,7,17,22,30,0,3.6,0,26.6
2021,7,17,23,30,0,3.3000000000000003,7,25.900000000000002
2021,7,18,0,30,0,2.9000000000000004,8,25.1
2021,7,18,1,30,0,2.3000000000000003,7,24.400000000000002
2021,7,18,2,30,0,1.8,8,23.700000000000003
2021,7,18,3,30,0,1.6,7,23.200000000000003
2021,7,18,4,30,0,1.4000000000000001,0,22.6
2021,7,18,5,30,0,1.9000000000000001,0,22.8
2021,7,18,6,30,58,2.8000000000000003,7,23.900000000000002
2021,7,18,7,30,227,3.1,8,25.900000000000002
2021,7,18,8,30,443,2.6,0,28.1
2021,7,18,9,30,641,2,0,30
2021,7,18,10,30,801,1.8,0,31.3
2021,7,18,11,30,875,2,0,32.2
2021,7,18,12,30,809,2.2,3,32.7
2021,7,18,13,30,878,2.4000000000000004,0,32.9
2021,7,18,14,30,894,2.4000000000000004,0,32.800000000000004
2021,7,18,15,30,762,2.4000000000000004,0,32.5
2021,7,18,16,30,586,2.3000000000000003,0,32
2021,7,18,17,30,391,2,8,31.200000000000003
2021,7,18,18,30,143,1.4000000000000001,7,29.6
2021,7,18,19,30,28,1.1,8,27.700000000000003
2021,7,18,20,30,0,1.2000000000000002,0,26.6
2021,7,18,21,30,0,1.2000000000000002,0,25.8
2021,7,18,22,30,0,1.2000000000000002,8,25.200000000000003
2021,7,18,23,30,0,1.1,7,24.6
2021,7,19,0,30,0,1.1,8,23.900000000000002
2021,7,19,1,30,0,1.1,8,23.3
2021,7,19,2,30,0,1.1,0,22.8
2021,7,19,3,30,0,1.1,0,22.400000000000002
2021,7,19,4,30,0,1.1,0,22.1
2021,7,19,5,30,0,1.3,8,22.5
2021,7,19,6,30,49,1.8,8,24.200000000000003
2021,7,19,7,30,249,2,0,26.400000000000002
2021,7,19,8,30,354,1.8,8,28.700000000000003
2021,7,19,9,30,582,1.9000000000000001,8,30.6
2021,7,19,10,30,582,2.3000000000000003,7,32
2021,7,19,11,30,547,2.8000000000000003,7,32.7
2021,7,19,12,30,545,3.2,7,33.1
2021,7,19,13,30,400,3.6,7,33.2
2021,7,19,14,30,786,3.8000000000000003,8,33.2
2021,7,19,15,30,777,4,0,32.9
2021,7,19,16,30,609,4,0,32.2
2021,7,19,17,30,410,3.9000000000000004,0,30.900000000000002
2021,7,19,18,30,204,3,0,28.8
2021,7,19,19,30,32,2.2,0,26.700000000000003
2021,7,19,20,30,0,2.1,0,25.400000000000002
2021,7,19,21,30,0,2.1,0,24.5
2021,7,19,22,30,0,1.8,0,23.6
2021,7,19,23,30,0,1.5,0,22.8
2021,7,20,0,30,0,1.1,0,22.1
2021,7,20,1,30,0,0.9,0,21.5
2021,7,20,2,30,0,0.8,0,21
2021,7,20,3,30,0,0.7000000000000001,0,20.6
2021,7,20,4,30,0,0.8,0,20.200000000000003
2021,7,20,5,30,0,1.3,0,20.5
2021,7,20,6,30,68,2.3000000000000003,0,22.3
2021,7,20,7,30,259,3.2,0,24.8
2021,7,20,8,30,412,3.9000000000000004,3,27
2021,7,20,9,30,674,4.4,0,28.6
2021,7,20,10,30,726,4.5,3,29.8
2021,7,20,11,30,381,4.4,3,30.8
2021,7,20,12,30,987,4.4,0,31.5
2021,7,20,13,30,924,4.3,0,32
2021,7,20,14,30,927,4.3,0,32.1
2021,7,20,15,30,795,4.3,0,31.8
2021,7,20,16,30,621,4.2,0,31
2021,7,20,17,30,418,3.9000000000000004,0,29.6
2021,7,20,18,30,207,2.9000000000000004,0,27.200000000000003
2021,7,20,19,30,32,2.2,0,24.700000000000003
2021,7,20,20,30,0,2.3000000000000003,0,23.3
2021,7,20,21,30,0,2.3000000000000003,0,22.400000000000002
2021,7,20,22,30,0,2.1,0,21.6
2021,7,20,23,30,0,1.9000000000000001,0,20.900000000000002
2021,7,21,0,30,0,1.6,0,20.3
2021,7,21,1,30,0,1.3,0,19.700000000000003
2021,7,21,2,30,0,1.1,0,19.200000000000003
2021,7,21,3,30,0,1,0,18.7
2021,7,21,4,30,0,1,0,18.400000000000002
2021,7,21,5,30,0,1.3,0,18.900000000000002
2021,7,21,6,30,64,2,0,20.900000000000002
2021,7,21,7,30,248,2.4000000000000004,0,23.700000000000003
2021,7,21,8,30,446,2.3000000000000003,0,26.1
2021,7,21,9,30,448,2.2,3,27.6
2021,7,21,10,30,640,2.2,3,28.900000000000002
2021,7,21,11,30,915,2.3000000000000003,0,29.900000000000002
2021,7,21,12,30,980,2.5,0,30.700000000000003
2021,7,21,13,30,973,2.6,0,31.200000000000003
2021,7,21,14,30,884,2.8000000000000003,0,31.5
2021,7,21,15,30,758,2.9000000000000004,0,31.3
2021,7,21,16,30,604,3,0,30.8
2021,7,21,17,30,365,3.1,0,29.8
2021,7,21,18,30,192,2.5,0,27.900000000000002
2021,7,21,19,30,29,2.1,0,26
2021,7,21,20,30,0,2.6,0,25
2021,7,21,21,30,0,3.1,0,24.400000000000002
2021,7,21,22,30,0,3.4000000000000004,0,23.700000000000003
2021,7,21,23,30,0,3.5,0,23
2021,7,22,0,30,0,3.2,0,22.400000000000002
2021,7,22,1,30,0,2.8000000000000003,0,21.900000000000002
2021,7,22,2,30,0,2.5,0,21.3
2021,7,22,3,30,0,2.2,0,20.8
2021,7,22,4,30,0,2.1,0,20.400000000000002
2021,7,22,5,30,0,2.4000000000000004,0,20.6
2021,7,22,6,30,57,2.9000000000000004,0,22.200000000000003
2021,7,22,7,30,238,3.3000000000000003,7,24.8
2021,7,22,8,30,455,3.2,0,27.3
2021,7,22,9,30,652,3,0,29.1
2021,7,22,10,30,813,3,0,30.400000000000002
2021,7,22,11,30,897,3.2,0,31.3
2021,7,22,12,30,772,3.5,3,32
2021,7,22,13,30,756,3.8000000000000003,3,32.4
2021,7,22,14,30,872,3.9000000000000004,0,32.5
2021,7,22,15,30,636,3.9000000000000004,3,32.4
2021,7,22,16,30,595,3.9000000000000004,0,31.900000000000002
2021,7,22,17,30,396,3.5,0,30.900000000000002
2021,7,22,18,30,182,2.7,0,29
2021,7,22,19,30,27,2.6,0,27.1
2021,7,22,20,30,0,3.4000000000000004,7,26.200000000000003
2021,7,22,21,30,0,3.9000000000000004,8,25.400000000000002
2021,7,22,22,30,0,4,7,24.5
2021,7,22,23,30,0,3.8000000000000003,8,23.8
2021,7,23,0,30,0,3.6,8,23.1
2021,7,23,1,30,0,3.6,0,22.5
2021,7,23,2,30,0,3.4000000000000004,0,21.900000000000002
2021,7,23,3,30,0,3.2,0,21.400000000000002
2021,7,23,4,30,0,3.1,0,21
2021,7,23,5,30,0,3.3000000000000003,0,21.200000000000003
2021,7,23,6,30,42,4.1000000000000005,3,22.3
2021,7,23,7,30,175,5.1000000000000005,0,24.400000000000002
2021,7,23,8,30,435,5.4,0,26.900000000000002
2021,7,23,9,30,629,5.300000000000001,0,28.900000000000002
2021,7,23,10,30,784,5.1000000000000005,0,30.400000000000002
2021,7,23,11,30,902,4.7,0,31.6
2021,7,23,12,30,970,4.2,0,32.800000000000004
2021,7,23,13,30,967,3.9000000000000004,0,34.2
2021,7,23,14,30,902,3.8000000000000003,0,35.300000000000004
2021,7,23,15,30,770,4,0,35.6
2021,7,23,16,30,600,4.3,0,34.9
2021,7,23,17,30,356,4.7,7,33.300000000000004
2021,7,23,18,30,163,5.1000000000000005,0,31.200000000000003
2021,7,23,19,30,27,5.300000000000001,0,29.5
2021,7,23,20,30,0,4.9,0,28.1
2021,7,23,21,30,0,4.3,8,27
2021,7,23,22,30,0,3.9000000000000004,8,26.1
2021,7,23,23,30,0,3.7,0,25.5
2021,7,24,0,30,0,3.7,8,25
2021,7,24,1,30,0,3.8000000000000003,7,24.6
2021,7,24,2,30,0,3.9000000000000004,7,24.200000000000003
2021,7,24,3,30,0,3.9000000000000004,7,23.700000000000003
2021,7,24,4,30,0,3.7,0,23.200000000000003
2021,7,24,5,30,0,3.7,3,23
2021,7,24,6,30,46,4.3,7,24
2021,7,24,7,30,229,4.9,7,26.6
2021,7,24,8,30,450,4.9,0,29.6
2021,7,24,9,30,646,4.6000000000000005,0,32.300000000000004
2021,7,24,10,30,807,4.2,0,34.4
2021,7,24,11,30,921,3.9000000000000004,0,36
2021,7,24,12,30,977,3.6,0,37.2
2021,7,24,13,30,967,3.2,0,37.9
2021,7,24,14,30,895,3,0,38.2
2021,7,24,15,30,745,2.9000000000000004,0,37.9
2021,7,24,16,30,298,2.9000000000000004,7,37.1
2021,7,24,17,30,178,2.5,6,35.6
2021,7,24,18,30,121,1.9000000000000001,7,33.2
2021,7,24,19,30,21,2,8,31.200000000000003
2021,7,24,20,30,0,2.6,4,30.200000000000003
2021,7,24,21,30,0,3.4000000000000004,8,29.5
2021,7,24,22,30,0,4,8,28.6
2021,7,24,23,30,0,4.1000000000000005,8,27.700000000000003
2021,7,25,0,30,0,3.7,5,26.8
2021,7,25,1,30,0,3.3000000000000003,5,25.900000000000002
2021,7,25,2,30,0,2.8000000000000003,4,25
2021,7,25,3,30,0,2.4000000000000004,5,24.200000000000003
2021,7,25,4,30,0,1.9000000000000001,3,23.5
2021,7,25,5,30,0,2,5,23.5
2021,7,25,6,30,42,2.6,8,24.8
2021,7,25,7,30,219,3,0,27.1
2021,7,25,8,30,454,3.2,0,29.8
2021,7,25,9,30,650,3.3000000000000003,0,32.4
2021,7,25,10,30,812,3,0,34.7
2021,7,25,11,30,932,2.4000000000000004,0,36.2
2021,7,25,12,30,995,2,0,37.300000000000004
2021,7,25,13,30,989,2,0,37.9
2021,7,25,14,30,917,2.4000000000000004,0,38.2
2021,7,25,15,30,786,2.8000000000000003,0,38
2021,7,25,16,30,610,3,0,37.300000000000004
2021,7,25,17,30,405,2.7,0,35.9
2021,7,25,18,30,184,1.9000000000000001,8,33.300000000000004
2021,7,25,19,30,25,1.7000000000000002,0,30.8
2021,7,25,20,30,0,2.1,7,29.6
2021,7,25,21,30,0,2.6,0,28.8
2021,7,25,22,30,0,3.1,7,27.900000000000002
2021,7,25,23,30,0,3.4000000000000004,8,27
2021,7,26,0,30,0,3.6,7,26.200000000000003
2021,7,26,1,30,0,3.5,7,25.5
2021,7,26,2,30,0,3.2,7,24.8
2021,7,26,3,30,0,2.9000000000000004,0,24.1
2021,7,26,4,30,0,2.6,0,23.400000000000002
2021,7,26,5,30,0,2.7,0,23.3
2021,7,26,6,30,58,3.4000000000000004,0,24.6
2021,7,26,7,30,243,4,0,27.1
2021,7,26,8,30,453,4.1000000000000005,0,30.200000000000003
2021,7,26,9,30,650,3.9000000000000004,0,33
2021,7,26,10,30,814,3.6,0,35.2
2021,7,26,11,30,928,3.4000000000000004,0,36.7
2021,7,26,12,30,984,3.2,0,37.6
2021,7,26,13,30,976,3.2,0,38.300000000000004
2021,7,26,14,30,907,3.4000000000000004,0,38.5
2021,7,26,15,30,782,3.4000000000000004,0,38.2
2021,7,26,16,30,609,3.4000000000000004,0,37.300000000000004
2021,7,26,17,30,406,2.9000000000000004,0,35.800000000000004
2021,7,26,18,30,195,2.1,0,32.9
2021,7,26,19,30,26,1.7000000000000002,0,30.200000000000003
2021,7,26,20,30,0,1.8,0,28.8
2021,7,26,21,30,0,1.8,0,27.8
2021,7,26,22,30,0,1.7000000000000002,0,26.8
2021,7,26,23,30,0,1.6,3,26
2021,7,27,0,30,0,1.7000000000000002,0,25.3
2021,7,27,1,30,0,1.9000000000000001,0,24.700000000000003
2021,7,27,2,30,0,2,8,24.200000000000003
2021,7,27,3,30,0,2,7,23.6
2021,7,27,4,30,0,2,0,23
2021,7,27,5,30,0,2.4000000000000004,7,23.1
2021,7,27,6,30,58,3.1,0,24.5
2021,7,27,7,30,227,3.4000000000000004,7,27.5
2021,7,27,8,30,409,3.3000000000000003,8,30.8
2021,7,27,9,30,652,2.7,0,33.300000000000004
2021,7,27,10,30,820,2,0,35.300000000000004
2021,7,27,11,30,934,1.6,0,36.800000000000004
2021,7,27,12,30,991,1.8,0,37.6
2021,7,27,13,30,982,2.4000000000000004,0,37.9
2021,7,27,14,30,909,3.1,0,37.5
2021,7,27,15,30,762,3.8000000000000003,0,36.800000000000004
2021,7,27,16,30,606,4.4,0,35.800000000000004
2021,7,27,17,30,403,4.6000000000000005,0,34.300000000000004
2021,7,27,18,30,193,3.9000000000000004,0,32.2
2021,7,27,19,30,25,3.2,0,30.200000000000003
2021,7,27,20,30,0,2.8000000000000003,7,29
2021,7,27,21,30,0,2.6,0,28.200000000000003
2021,7,27,22,30,0,2.5,8,27.5
2021,7,27,23,30,0,2.6,3,27
2021,7,28,0,30,0,2.7,5,26.5
2021,7,28,1,30,0,2.6,4,26
2021,7,28,2,30,0,2.5,7,25.6
2021,7,28,3,30,0,2.3000000000000003,7,25.200000000000003
2021,7,28,4,30,0,2.2,7,24.8
2021,7,28,5,30,0,2.2,7,24.3
2021,7,28,6,30,32,2.3000000000000003,7,24.200000000000003
2021,7,28,7,30,26,2.8000000000000003,6,24.700000000000003
2021,7,28,8,30,26,3,6,25.900000000000002
2021,7,28,9,30,70,2.6,7,27.400000000000002
2021,7,28,10,30,109,2,6,29.1
2021,7,28,11,30,494,1.7000000000000002,7,30.900000000000002
2021,7,28,12,30,936,1.6,0,32.300000000000004
2021,7,28,13,30,870,1.6,8,32.9
2021,7,28,14,30,890,1.6,0,32.9
2021,7,28,15,30,322,1.8,9,32.4
2021,7,28,16,30,239,2,6,31.8
2021,7,28,17,30,184,1.9000000000000001,7,30.900000000000002
2021,7,28,18,30,137,1.4000000000000001,8,29
2021,7,28,19,30,21,1.1,0,27.1
2021,7,28,20,30,0,1.2000000000000002,0,26
2021,7,28,21,30,0,1.3,0,25.200000000000003
2021,7,28,22,30,0,1.3,0,24.5
2021,7,28,23,30,0,1.3,0,23.8
2021,7,29,0,30,0,1.2000000000000002,0,23.200000000000003
2021,7,29,1,30,0,1.2000000000000002,0,22.8
2021,7,29,2,30,0,1.2000000000000002,0,22.5
2021,7,29,3,30,0,1.2000000000000002,0,22.200000000000003
2021,7,29,4,30,0,1.2000000000000002,0,21.900000000000002
2021,7,29,5,30,0,1.6,0,22
2021,7,29,6,30,54,2.3000000000000003,0,23.3
2021,7,29,7,30,237,2.8000000000000003,0,25.8
2021,7,29,8,30,447,2.4000000000000004,0,28.400000000000002
2021,7,29,9,30,645,1.9000000000000001,0,30.200000000000003
2021,7,29,10,30,809,2,0,31.5
2021,7,29,11,30,926,2.4000000000000004,0,32.300000000000004
2021,7,29,12,30,809,2.7,3,33
2021,7,29,13,30,876,2.8000000000000003,0,33.4
2021,7,29,14,30,835,2.8000000000000003,0,33.5
2021,7,29,15,30,749,2.9000000000000004,0,33.4
2021,7,29,16,30,428,3,7,33
2021,7,29,17,30,396,2.8000000000000003,0,32
2021,7,29,18,30,187,1.9000000000000001,0,30.3
2021,7,29,19,30,22,1.4000000000000001,0,28.6
2021,7,29,20,30,0,1.5,7,27.900000000000002
2021,7,29,21,30,0,1.5,7,27.3
2021,7,29,22,30,0,1.5,7,26.700000000000003
2021,7,29,23,30,0,1.5,8,26.1
2021,7,30,0,30,0,1.6,7,25.5
2021,7,30,1,30,0,1.7000000000000002,0,25
2021,7,30,2,30,0,1.8,7,24.6
2021,7,30,3,30,0,1.7000000000000002,7,24.200000000000003
2021,7,30,4,30,0,1.4000000000000001,0,23.8
2021,7,30,5,30,0,1.2000000000000002,0,23.6
2021,7,30,6,30,42,1.3,0,23.8
2021,7,30,7,30,211,1.5,0,24.700000000000003
2021,7,30,8,30,410,1.4000000000000001,0,25.900000000000002
2021,7,30,9,30,601,1.2000000000000002,0,27.200000000000003
2021,7,30,10,30,765,1.1,0,28.200000000000003
2021,7,30,11,30,739,1.3,3,29.3
2021,7,30,12,30,757,1.5,3,30.400000000000002
2021,7,30,13,30,804,1.2000000000000002,7,31.200000000000003
2021,7,30,14,30,715,1.2000000000000002,7,31.700000000000003
2021,7,30,15,30,767,1.8,0,31.900000000000002
2021,7,30,16,30,596,2.4000000000000004,0,31.8
2021,7,30,17,30,394,2.3000000000000003,0,31.200000000000003
2021,7,30,18,30,186,1.7000000000000002,0,29.5
2021,7,30,19,30,22,1.4000000000000001,0,27.8
2021,7,30,20,30,0,1.5,0,27
2021,7,30,21,30,0,1.6,0,26.400000000000002
2021,7,30,22,30,0,1.7000000000000002,0,25.8
2021,7,30,23,30,0,1.7000000000000002,0,25
2021,7,31,0,30,0,1.6,0,24.200000000000003
2021,7,31,1,30,0,1.7000000000000002,0,23.5
2021,7,31,2,30,0,1.8,0,22.900000000000002
2021,7,31,3,30,0,1.9000000000000001,0,22.400000000000002
2021,7,31,4,30,0,1.9000000000000001,0,21.900000000000002
2021,7,31,5,30,0,2.2,0,22.200000000000003
2021,7,31,6,30,52,2.9000000000000004,0,23.8
2021,7,31,7,30,235,3.5,0,26.6
2021,7,31,8,30,445,3.5,0,29.900000000000002
2021,7,31,9,30,642,2.9000000000000004,0,32.6
2021,7,31,10,30,804,2.5,0,34.300000000000004
2021,7,31,11,30,920,2.6,0,35.300000000000004
2021,7,31,12,30,931,2.6,0,35.9
2021,7,31,13,30,835,2.5,3,36.1
2021,7,31,14,30,780,2.3000000000000003,3,35.9
2021,7,31,15,30,688,2,0,35.6
2021,7,31,16,30,587,1.9000000000000001,0,35
2021,7,31,17,30,387,1.7000000000000002,0,34.1
2021,7,31,18,30,182,1.3,0,32
2021,7,31,19,30,20,1.2000000000000002,0,29.8
2021,7,31,20,30,0,1.5,0,28.900000000000002
2021,7,31,21,30,0,1.7000000000000002,0,28.3
2021,7,31,22,30,0,1.8,8,27.8
2021,7,31,23,30,0,2,8,27.3
2021,8,1,0,30,0,2.2,8,26.700000000000003
2021,8,1,1,30,0,2.4000000000000004,7,26.1
2021,8,1,2,30,0,2.6,8,25.6
2021,8,1,3,30,0,2.6,0,25
2021,8,1,4,30,0,2.3000000000000003,8,24.400000000000002
2021,8,1,5,30,0,2,8,24.1
2021,8,1,6,30,31,1.8,7,24.900000000000002
2021,8,1,7,30,135,1.8,7,26.6
2021,8,1,8,30,335,1.6,7,28.5
2021,8,1,9,30,401,1.3,7,29.700000000000003
2021,8,1,10,30,331,0.9,8,30.200000000000003
2021,8,1,11,30,82,1.2000000000000002,6,30.400000000000002
2021,8,1,12,30,66,1.7000000000000002,6,30.3
2021,8,1,13,30,198,2.2,6,29.8
2021,8,1,14,30,423,2.5,6,29.1
2021,8,1,15,30,557,2.5,7,28.5
2021,8,1,16,30,539,2.4000000000000004,8,27.700000000000003
2021,8,1,17,30,375,2.1,0,26.8
2021,8,1,18,30,160,1.7000000000000002,8,25.6
2021,8,1,19,30,13,1.4000000000000001,7,24.6
2021,8,1,20,30,0,1.5,8,23.900000000000002
2021,8,1,21,30,0,1.8,8,23.3
2021,8,1,22,30,0,2.1,7,22.8
2021,8,1,23,30,0,2.7,6,22.3
2021,8,2,0,30,0,3.1,7,21.8
2021,8,2,1,30,0,3.3000000000000003,7,21.200000000000003
2021,8,2,2,30,0,3.3000000000000003,8,20.700000000000003
2021,8,2,3,30,0,3.2,8,20.3
2021,8,2,4,30,0,2.9000000000000004,0,20.1
2021,8,2,5,30,0,2.8000000000000003,8,20.1
2021,8,2,6,30,21,3,7,20.400000000000002
2021,8,2,7,30,110,3.3000000000000003,8,21.400000000000002
2021,8,2,8,30,227,4,8,23.200000000000003
2021,8,2,9,30,338,4.7,7,25.200000000000003
2021,8,2,10,30,666,5.1000000000000005,0,27.1
2021,8,2,11,30,678,5,8,28.5
2021,8,2,12,30,886,4.7,0,29.5
2021,8,2,13,30,953,4.4,0,30.200000000000003
2021,8,2,14,30,838,4.2,0,30.400000000000002
2021,8,2,15,30,704,4.1000000000000005,8,30.200000000000003
2021,8,2,16,30,560,3.9000000000000004,8,29.6
2021,8,2,17,30,382,3.2,0,28.1
2021,8,2,18,30,174,1.9000000000000001,0,25.400000000000002
2021,8,2,19,30,14,1.4000000000000001,0,22.900000000000002
2021,8,2,20,30,0,1.3,0,21.700000000000003
2021,8,2,21,30,0,1.3,0,20.700000000000003
2021,8,2,22,30,0,1.3,0,19.900000000000002
2021,8,2,23,30,0,1.3,0,19
2021,8,3,0,30,0,1.2000000000000002,0,18.2
2021,8,3,1,30,0,1.1,0,17.5
2021,8,3,2,30,0,1.1,0,16.900000000000002
2021,8,3,3,30,0,1,0,16.6
2021,8,3,4,30,0,1,0,16.400000000000002
2021,8,3,5,30,0,1,0,16.7
2021,8,3,6,30,46,1.4000000000000001,0,18.5
2021,8,3,7,30,233,2,0,21.6
2021,8,3,8,30,451,2.6,0,24.6
2021,8,3,9,30,657,3.1,0,26.700000000000003
2021,8,3,10,30,827,3.3000000000000003,0,28.200000000000003
2021,8,3,11,30,946,3.4000000000000004,0,29.400000000000002
2021,8,3,12,30,1006,3.3000000000000003,0,30.400000000000002
2021,8,3,13,30,998,3.3000000000000003,0,31.1
2021,8,3,14,30,920,3.2,0,31.3
2021,8,3,15,30,786,3.1,0,31.1
2021,8,3,16,30,606,3,0,30.400000000000002
2021,8,3,17,30,395,2.4000000000000004,0,28.8
2021,8,3,18,30,179,1.6,0,25.900000000000002
2021,8,3,19,30,16,1.4000000000000001,0,23.3
2021,8,3,20,30,0,1.5,0,22.200000000000003
2021,8,3,21,30,0,1.6,0,21.400000000000002
2021,8,3,22,30,0,1.7000000000000002,0,20.8
2021,8,3,23,30,0,1.7000000000000002,0,20.1
2021,8,4,0,30,0,1.6,0,19.5
2021,8,4,1,30,0,1.5,0,18.900000000000002
2021,8,4,2,30,0,1.4000000000000001,0,18.400000000000002
2021,8,4,3,30,0,1.2000000000000002,0,17.900000000000002
2021,8,4,4,30,0,1.1,0,17.5
2021,8,4,5,30,0,1.2000000000000002,0,17.8
2021,8,4,6,30,46,1.8,0,19.6
2021,8,4,7,30,224,2.4000000000000004,0,23
2021,8,4,8,30,390,2.2,8,26.3
2021,8,4,9,30,651,1.9000000000000001,0,28.400000000000002
2021,8,4,10,30,819,1.8,0,29.8
2021,8,4,11,30,729,1.7000000000000002,3,31
2021,8,4,12,30,965,1.7000000000000002,0,31.900000000000002
2021,8,4,13,30,905,1.7000000000000002,0,32.5
2021,8,4,14,30,618,1.9000000000000001,3,32.800000000000004
2021,8,4,15,30,497,2,3,32.7
2021,8,4,16,30,578,2.1,0,32.1
2021,8,4,17,30,363,1.9000000000000001,0,30.8
2021,8,4,18,30,156,1.4000000000000001,0,28.700000000000003
2021,8,4,19,30,11,1.5,3,26.900000000000002
2021,8,4,20,30,0,2,3,26.1
2021,8,4,21,30,0,2.4000000000000004,3,25.6
2021,8,4,22,30,0,2.6,3,25
2021,8,4,23,30,0,2.7,0,24.3
2021,8,5,0,30,0,2.6,0,23.6
2021,8,5,1,30,0,2.6,3,23
2021,8,5,2,30,0,2.6,0,22.5
2021,8,5,3,30,0,2.6,3,22.1
2021,8,5,4,30,0,2.7,3,21.8
2021,8,5,5,30,0,2.9000000000000004,3,21.900000000000002
2021,8,5,6,30,23,3.4000000000000004,3,23.1
2021,8,5,7,30,124,3.8000000000000003,3,25.3
2021,8,5,8,30,263,3.8000000000000003,3,27.5
2021,8,5,9,30,625,3.4000000000000004,0,29.3
2021,8,5,10,30,671,2.9000000000000004,3,30.8
2021,8,5,11,30,273,2.5,4,31.900000000000002
2021,8,5,12,30,266,2.1,4,32.6
2021,8,5,13,30,513,1.8,5,33
2021,8,5,14,30,817,1.5,0,33.1
2021,8,5,15,30,741,1.4000000000000001,0,32.800000000000004
2021,8,5,16,30,573,1.7000000000000002,0,32.2
2021,8,5,17,30,373,1.9000000000000001,0,31.200000000000003
2021,8,5,18,30,167,1.6,0,29
2021,8,5,19,30,14,1.7000000000000002,0,26.8
2021,8,5,20,30,0,2.1,0,25.900000000000002
2021,8,5,21,30,0,2.5,0,25.3
2021,8,5,22,30,0,2.8000000000000003,0,24.6
2021,8,5,23,30,0,3.1,0,24
2021,8,6,0,30,0,3.3000000000000003,0,23.400000000000002
2021,8,6,1,30,0,3.5,0,22.900000000000002
2021,8,6,2,30,0,3.4000000000000004,0,22.400000000000002
2021,8,6,3,30,0,3.1,0,21.900000000000002
2021,8,6,4,30,0,2.8000000000000003,0,21.400000000000002
2021,8,6,5,30,0,2.9000000000000004,0,21.3
2021,8,6,6,30,45,3.5,0,22.5
2021,8,6,7,30,228,4.1000000000000005,0,25.3
2021,8,6,8,30,443,4.1000000000000005,0,28.400000000000002
2021,8,6,9,30,645,3.4000000000000004,0,31.1
2021,8,6,10,30,813,2.8000000000000003,0,33.2
2021,8,6,11,30,928,2.7,0,34.5
2021,8,6,12,30,983,2.8000000000000003,0,35.4
2021,8,6,13,30,895,2.9000000000000004,0,35.9
2021,8,6,14,30,733,3,3,36
2021,8,6,15,30,633,3,0,35.7
2021,8,6,16,30,574,3.1,0,34.9
2021,8,6,17,30,359,2.6,0,33.4
2021,8,6,18,30,166,1.9000000000000001,0,30.6
2021,8,6,19,30,12,1.9000000000000001,0,28.3
2021,8,6,20,30,0,2.6,0,27.400000000000002
2021,8,6,21,30,0,3.4000000000000004,0,26.900000000000002
2021,8,6,22,30,0,4,0,26.3
2021,8,6,23,30,0,4.2,0,25.6
2021,8,7,0,30,0,4.2,0,24.900000000000002
2021,8,7,1,30,0,4.1000000000000005,0,24.3
2021,8,7,2,30,0,3.9000000000000004,0,23.700000000000003
2021,8,7,3,30,0,3.7,0,23.1
2021,8,7,4,30,0,3.5,0,22.400000000000002
2021,8,7,5,30,0,3.6,0,22
2021,8,7,6,30,42,4.2,0,22.900000000000002
2021,8,7,7,30,225,5,0,25.3
2021,8,7,8,30,441,5.2,0,28
2021,8,7,9,30,643,5.1000000000000005,0,30.400000000000002
2021,8,7,10,30,808,5.1000000000000005,0,32.300000000000004
2021,8,7,11,30,922,4.9,0,34
2021,8,7,12,30,972,4.7,0,35.2
2021,8,7,13,30,959,4.3,0,36.1
2021,8,7,14,30,879,4.1000000000000005,0,36.6
2021,8,7,15,30,743,4.1000000000000005,0,36.5
2021,8,7,16,30,568,4.2,0,35.9
2021,8,7,17,30,365,4.1000000000000005,0,34.5
2021,8,7,18,30,160,3.9000000000000004,0,32.300000000000004
2021,8,7,19,30,11,4.4,0,30.3
2021,8,7,20,30,0,4.9,0,28.900000000000002
2021,8,7,21,30,0,5.2,0,27.6
2021,8,7,22,30,0,5.4,0,26.6
2021,8,7,23,30,0,5.4,0,25.700000000000003
2021,8,8,0,30,0,5.300000000000001,0,25.1
2021,8,8,1,30,0,5.300000000000001,0,24.5
2021,8,8,2,30,0,5.6000000000000005,0,24
2021,8,8,3,30,0,5.9,0,23.5
2021,8,8,4,30,0,5.800000000000001,0,23.1
2021,8,8,5,30,0,5.6000000000000005,0,23
2021,8,8,6,30,40,5.9,0,23.900000000000002
2021,8,8,7,30,213,6.300000000000001,0,26
2021,8,8,8,30,426,6.1000000000000005,0,28.8
2021,8,8,9,30,624,5.800000000000001,0,31.5
2021,8,8,10,30,775,5.300000000000001,0,33.800000000000004
2021,8,8,11,30,906,4.9,0,35.800000000000004
2021,8,8,12,30,964,4.6000000000000005,0,37.4
2021,8,8,13,30,954,4.6000000000000005,0,38.400000000000006
2021,8,8,14,30,881,4.7,0,38.900000000000006
2021,8,8,15,30,664,4.9,8,38.800000000000004
2021,8,8,16,30,524,5.2,8,38
2021,8,8,17,30,366,5.300000000000001,0,36.2
2021,8,8,18,30,132,5.300000000000001,7,33.9
2021,8,8,19,30,5,5.300000000000001,9,31.900000000000002
2021,8,8,20,30,0,5.4,0,30.3
2021,8,8,21,30,0,5.5,0,29.200000000000003
2021,8,8,22,30,0,5.6000000000000005,0,28.3
2021,8,8,23,30,0,5.5,0,27.5
2021,8,9,0,30,0,5.4,0,26.8
2021,8,9,1,30,0,5.1000000000000005,0,26.1
2021,8,9,2,30,0,4.800000000000001,0,25.5
2021,8,9,3,30,0,4.3,0,24.8
2021,8,9,4,30,0,3.9000000000000004,0,24.200000000000003
2021,8,9,5,30,0,3.9000000000000004,0,23.8
2021,8,9,6,30,39,4.6000000000000005,0,24.5
2021,8,9,7,30,218,5.4,0,26.700000000000003
2021,8,9,8,30,430,5.5,0,29.5
2021,8,9,9,30,630,5.300000000000001,0,32.2
2021,8,9,10,30,795,5,0,34.4
2021,8,9,11,30,910,4.9,0,36.2
2021,8,9,12,30,965,4.9,0,37.4
2021,8,9,13,30,956,4.9,0,38
2021,8,9,14,30,873,5,0,38.2
2021,8,9,15,30,751,5.1000000000000005,0,37.800000000000004
2021,8,9,16,30,574,5.2,0,36.9
2021,8,9,17,30,368,5,0,35.4
2021,8,9,18,30,160,4.6000000000000005,0,33.2
2021,8,9,19,30,10,4.5,0,31.3
2021,8,9,20,30,0,4.800000000000001,8,30
2021,8,9,21,30,0,4.7,0,28.900000000000002
2021,8,9,22,30,0,4.4,0,27.8
2021,8,9,23,30,0,4.2,0,26.8
2021,8,10,0,30,0,4.1000000000000005,0,26
2021,8,10,1,30,0,4,0,25.200000000000003
2021,8,10,2,30,0,3.9000000000000004,0,24.400000000000002
2021,8,10,3,30,0,3.8000000000000003,0,23.700000000000003
2021,8,10,4,30,0,3.7,0,23.1
2021,8,10,5,30,0,3.9000000000000004,0,22.700000000000003
2021,8,10,6,30,38,4.800000000000001,0,23.400000000000002
2021,8,10,7,30,216,5.7,0,25.3
2021,8,10,8,30,428,5.5,0,27.5
2021,8,10,9,30,629,5.2,0,29.700000000000003
2021,8,10,10,30,794,5,0,31.6
2021,8,10,11,30,913,4.9,0,33.300000000000004
2021,8,10,12,30,974,4.9,0,34.6
2021,8,10,13,30,937,5,0,35.5
2021,8,10,14,30,891,5.1000000000000005,0,35.9
2021,8,10,15,30,758,5.2,0,35.800000000000004
2021,8,10,16,30,579,5.300000000000001,0,35.2
2021,8,10,17,30,371,5.1000000000000005,0,33.9
2021,8,10,18,30,159,4.3,0,31.8
2021,8,10,19,30,9,3.9000000000000004,0,29.700000000000003
2021,8,10,20,30,0,4,7,28.5
2021,8,10,21,30,0,4.2,8,27.6
2021,8,10,22,30,0,4.3,0,26.700000000000003
2021,8,10,23,30,0,4,0,25.900000000000002
2021,8,11,0,30,0,3.6,0,25
2021,8,11,1,30,0,3.2,0,24.3
2021,8,11,2,30,0,3,0,23.700000000000003
2021,8,11,3,30,0,3,0,23.200000000000003
2021,8,11,4,30,0,3.1,0,22.900000000000002
2021,8,11,5,30,0,3.5,7,22.700000000000003
2021,8,11,6,30,29,4.3,7,23.6
2021,8,11,7,30,201,5.2,7,25.8
2021,8,11,8,30,360,5.4,8,28.5
2021,8,11,9,30,502,5.2,7,30.900000000000002
2021,8,11,10,30,665,4.9,8,32.5
2021,8,11,11,30,789,4.7,8,33.5
2021,8,11,12,30,823,4.7,8,33.9
2021,8,11,13,30,767,4.7,7,33.7
2021,8,11,14,30,831,4.800000000000001,7,33
2021,8,11,15,30,717,4.9,0,31.900000000000002
2021,8,11,16,30,541,4.9,0,30.8
2021,8,11,17,30,244,4.4,7,29.6
2021,8,11,18,30,95,3.5,7,28.3
2021,8,11,19,30,6,2.6,7,27.200000000000003
2021,8,11,20,30,0,2.2,7,26.700000000000003
2021,8,11,21,30,0,2.2,0,26.400000000000002
2021,8,11,22,30,0,2.3000000000000003,8,26.1
2021,8,11,23,30,0,2.7,8,25.8
2021,8,12,0,30,0,3.2,8,25.5
2021,8,12,1,30,0,3.8000000000000003,0,25.1
2021,8,12,2,30,0,4,0,24.700000000000003
2021,8,12,3,30,0,4,0,24.200000000000003
2021,8,12,4,30,0,3.8000000000000003,7,23.8
2021,8,12,5,30,0,3.7,7,23.6
2021,8,12,6,30,29,4.3,0,24.200000000000003
2021,8,12,7,30,200,5.2,0,25.900000000000002
2021,8,12,8,30,382,5.4,7,27.900000000000002
2021,8,12,9,30,625,5.1000000000000005,0,29.5
2021,8,12,10,30,790,4.7,0,30.8
2021,8,12,11,30,912,4.4,0,31.8
2021,8,12,12,30,975,4.2,0,32.5
2021,8,12,13,30,967,4.1000000000000005,0,32.9
2021,8,12,14,30,852,4,0,33
2021,8,12,15,30,751,3.8000000000000003,0,32.9
2021,8,12,16,30,414,3.4000000000000004,7,32.4
2021,8,12,17,30,223,2.3000000000000003,6,31.200000000000003
2021,8,12,18,30,86,1.5,6,29.1
2021,8,12,19,30,4,1.5,6,27.5
2021,8,12,20,30,0,2,6,27
2021,8,12,21,30,0,2.8000000000000003,6,26.700000000000003
2021,8,12,22,30,0,3.4000000000000004,7,26.3
2021,8,12,23,30,0,3.6,7,25.6
2021,8,13,0,30,0,3.3000000000000003,8,24.8
2021,8,13,1,30,0,2.9000000000000004,0,23.900000000000002
2021,8,13,2,30,0,2.5,0,23.200000000000003
2021,8,13,3,30,0,2.1,0,22.700000000000003
2021,8,13,4,30,0,1.9000000000000001,0,22.400000000000002
2021,8,13,5,30,0,1.9000000000000001,0,22.400000000000002
2021,8,13,6,30,35,2.8000000000000003,0,23.400000000000002
2021,8,13,7,30,218,3.7,0,25.5
2021,8,13,8,30,434,3.7,0,27.900000000000002
2021,8,13,9,30,637,3.4000000000000004,0,30.1
2021,8,13,10,30,803,3.4000000000000004,0,31.8
2021,8,13,11,30,917,3.7,0,33.1
2021,8,13,12,30,971,4,0,34
2021,8,13,13,30,882,4.1000000000000005,0,34.5
2021,8,13,14,30,868,4,0,34.6
2021,8,13,15,30,632,3.8000000000000003,0,34
2021,8,13,16,30,539,3.5,0,33.1
2021,8,13,17,30,354,2.9000000000000004,0,31.6
2021,8,13,18,30,145,2.4000000000000004,8,30
2021,8,13,19,30,4,2.4000000000000004,7,28.900000000000002
2021,8,13,20,30,0,2.5,7,28.200000000000003
2021,8,13,21,30,0,2.3000000000000003,6,27.3
2021,8,13,22,30,0,1.9000000000000001,7,26.3
2021,8,13,23,30,0,1.4000000000000001,3,25.400000000000002
2021,8,14,0,30,0,1.1,8,24.6
2021,8,14,1,30,0,0.9,8,23.900000000000002
2021,8,14,2,30,0,0.8,0,23.400000000000002
2021,8,14,3,30,0,0.7000000000000001,0,23
2021,8,14,4,30,0,0.5,8,22.700000000000003
2021,8,14,5,30,0,0.5,8,22.700000000000003
2021,8,14,6,30,16,0.8,8,23.3
2021,8,14,7,30,195,1,7,24.6
2021,8,14,8,30,311,0.9,8,26.1
2021,8,14,9,30,328,0.7000000000000001,8,27.200000000000003
2021,8,14,10,30,618,0.8,8,27.900000000000002
2021,8,14,11,30,576,1.1,8,28.3
2021,8,14,12,30,445,1.5,8,28.400000000000002
2021,8,14,13,30,343,1.9000000000000001,7,28.3
2021,8,14,14,30,665,2.4000000000000004,8,27.8
2021,8,14,15,30,148,2.9000000000000004,9,27.200000000000003
2021,8,14,16,30,117,3.2,9,26.400000000000002
2021,8,14,17,30,72,3.2,9,25.5
2021,8,14,18,30,54,2.8000000000000003,6,24.5
2021,8,14,19,30,3,2.3000000000000003,7,23.5
2021,8,14,20,30,0,2,7,23
2021,8,14,21,30,0,1.6,8,22.6
2021,8,14,22,30,0,1.3,5,22.3
2021,8,14,23,30,0,1.1,4,22.1
2021,8,15,0,30,0,1,4,21.900000000000002
2021,8,15,1,30,0,1,7,21.8
2021,8,15,2,30,0,0.9,7,21.700000000000003
2021,8,15,3,30,0,0.9,8,21.5
2021,8,15,4,30,0,1,3,21.400000000000002
2021,8,15,5,30,0,1.3,8,21.400000000000002
2021,8,15,6,30,9,1.9000000000000001,5,22
2021,8,15,7,30,96,2.1,3,23.400000000000002
2021,8,15,8,30,409,1.8,0,25.400000000000002
2021,8,15,9,30,623,1.4000000000000001,0,27.3
2021,8,15,10,30,614,1.3,8,28.700000000000003
2021,8,15,11,30,896,1.4000000000000001,0,29.5
2021,8,15,12,30,960,1.5,0,30
2021,8,15,13,30,951,1.6,0,30.1
2021,8,15,14,30,876,1.7000000000000002,0,30
2021,8,15,15,30,745,1.6,0,29.8
2021,8,15,16,30,566,1.5,0,29.400000000000002
2021,8,15,17,30,355,1.3,0,28.6
2021,8,15,18,30,147,0.9,0,27.200000000000003
2021,8,15,19,30,5,0.8,0,25.8
2021,8,15,20,30,0,0.9,0,24.900000000000002
2021,8,15,21,30,0,0.9,0,24.200000000000003
2021,8,15,22,30,0,1.1,0,23.700000000000003
2021,8,15,23,30,0,1.3,0,23.200000000000003
2021,8,16,0,30,0,1.4000000000000001,0,22.8
2021,8,16,1,30,0,1.3,0,22.5
2021,8,16,2,30,0,1.2000000000000002,0,22.1
2021,8,16,3,30,0,1.2000000000000002,0,21.700000000000003
2021,8,16,4,30,0,1.2000000000000002,0,21.200000000000003
2021,8,16,5,30,0,1.5,0,21
2021,8,16,6,30,32,2.3000000000000003,0,22.200000000000003
2021,8,16,7,30,213,2.9000000000000004,0,24.8
2021,8,16,8,30,429,2.6,0,27.5
2021,8,16,9,30,628,2.1,0,29.6
2021,8,16,10,30,799,1.9000000000000001,0,31.200000000000003
2021,8,16,11,30,912,1.8,0,32.2
2021,8,16,12,30,855,1.7000000000000002,8,32.800000000000004
2021,8,16,13,30,861,1.6,8,32.7
2021,8,16,14,30,780,1.5,8,32.4
2021,8,16,15,30,388,1.6,7,31.8
2021,8,16,16,30,393,1.7000000000000002,7,31
2021,8,16,17,30,265,1.5,7,29.6
2021,8,16,18,30,28,1.4000000000000001,6,27.8
2021,8,16,19,30,2,1.8,8,26.5
2021,8,16,20,30,0,2.3000000000000003,8,25.700000000000003
2021,8,16,21,30,0,2.5,8,25
2021,8,16,22,30,0,2.3000000000000003,8,24.3
2021,8,16,23,30,0,1.8,8,23.700000000000003
2021,8,17,0,30,0,1.4000000000000001,8,23.1
2021,8,17,1,30,0,1,8,22.6
2021,8,17,2,30,0,0.8,8,22.200000000000003
2021,8,17,3,30,0,0.6000000000000001,8,21.8
2021,8,17,4,30,0,0.6000000000000001,7,21.400000000000002
2021,8,17,5,30,0,0.7000000000000001,7,21.200000000000003
2021,8,17,6,30,11,1.2000000000000002,8,21.400000000000002
2021,8,17,7,30,41,2,7,22.3
2021,8,17,8,30,61,2.6,8,23.3
2021,8,17,9,30,154,3.1,7,24.200000000000003
2021,8,17,10,30,247,3.4000000000000004,7,24.700000000000003
2021,8,17,11,30,307,3.6,7,24.8
2021,8,17,12,30,476,3.7,7,24.8
2021,8,17,13,30,573,3.7,7,24.8
2021,8,17,14,30,484,3.7,7,24.900000000000002
2021,8,17,15,30,530,3.8000000000000003,7,25.1
2021,8,17,16,30,506,3.8000000000000003,0,25.1
2021,8,17,17,30,299,3.6,0,24.700000000000003
2021,8,17,18,30,129,3.2,0,23.900000000000002
2021,8,17,19,30,3,3,0,23.200000000000003
2021,8,17,20,30,0,3.2,3,22.900000000000002
2021,8,17,21,30,0,3.3000000000000003,0,22.6
2021,8,17,22,30,0,3.5,0,22.3
2021,8,17,23,30,0,3.4000000000000004,0,21.900000000000002
2021,8,18,0,30,0,3.2,0,21.400000000000002
2021,8,18,1,30,0,3,3,21
2021,8,18,2,30,0,2.7,3,20.6
2021,8,18,3,30,0,2.5,0,20.200000000000003
2021,8,18,4,30,0,2.3000000000000003,0,19.900000000000002
2021,8,18,5,30,0,2.4000000000000004,0,19.900000000000002
2021,8,18,6,30,29,2.8000000000000003,0,20.8
2021,8,18,7,30,205,3.3000000000000003,0,23
2021,8,18,8,30,319,3.6,0,25.8
2021,8,18,9,30,432,3.4000000000000004,0,28.200000000000003
2021,8,18,10,30,589,3,3,30
2021,8,18,11,30,805,2.6,0,31.3
2021,8,18,12,30,959,2.4000000000000004,0,32.300000000000004
2021,8,18,13,30,948,2.3000000000000003,0,33
2021,8,18,14,30,872,2.3000000000000003,0,33.2
2021,8,18,15,30,732,2.5,0,33.2
2021,8,18,16,30,537,2.8000000000000003,0,32.6
2021,8,18,17,30,343,2.9000000000000004,0,31.3
2021,8,18,18,30,133,3,0,29.200000000000003
2021,8,18,19,30,2,3.7,0,27.5
2021,8,18,20,30,0,4.2,0,26.5
2021,8,18,21,30,0,4.1000000000000005,0,25.700000000000003
2021,8,18,22,30,0,3.9000000000000004,3,25.200000000000003
2021,8,18,23,30,0,4,0,25
2021,8,19,0,30,0,4.1000000000000005,0,25
2021,8,19,1,30,0,4,0,24.8
2021,8,19,2,30,0,3.7,8,24.6
2021,8,19,3,30,0,3.6,0,24.3
2021,8,19,4,30,0,3.7,0,24.1
2021,8,19,5,30,0,3.9000000000000004,0,23.900000000000002
2021,8,19,6,30,20,4.3,8,24.200000000000003
2021,8,19,7,30,190,4.9,0,25.5
2021,8,19,8,30,405,5.2,0,27.3
2021,8,19,9,30,606,5.1000000000000005,0,29.3
2021,8,19,10,30,772,4.800000000000001,0,30.8
2021,8,19,11,30,889,4.6000000000000005,0,31.6
2021,8,19,12,30,946,4.4,0,31.6
2021,8,19,13,30,934,4.2,0,31.1
2021,8,19,14,30,857,4.1000000000000005,0,30.5
2021,8,19,15,30,724,3.8000000000000003,0,29.900000000000002
2021,8,19,16,30,545,3.3000000000000003,0,29.200000000000003
2021,8,19,17,30,339,2.7,0,28.200000000000003
2021,8,19,18,30,122,2.6,7,27.1
2021,8,19,19,30,1,3.1,9,26.3
2021,8,19,20,30,0,3.5,9,25.8
2021,8,19,21,30,0,3.4000000000000004,9,25.200000000000003
2021,8,19,22,30,0,3.2,9,24.700000000000003
2021,8,19,23,30,0,3,6,24.3
2021,8,20,0,30,0,2.8000000000000003,7,23.900000000000002
2021,8,20,1,30,0,2.7,7,23.6
2021,8,20,2,30,0,2.9000000000000004,8,23.200000000000003
2021,8,20,3,30,0,3.2,7,22.8
2021,8,20,4,30,0,3.4000000000000004,8,22.400000000000002
2021,8,20,5,30,0,3.6,8,22.1
2021,8,20,6,30,18,4.4,8,22.6
2021,8,20,7,30,191,5.4,7,24.200000000000003
2021,8,20,8,30,291,5.800000000000001,8,26.700000000000003
2021,8,20,9,30,608,5.6000000000000005,0,29.1
2021,8,20,10,30,751,5.1000000000000005,0,30.700000000000003
2021,8,20,11,30,869,4.6000000000000005,0,31.700000000000003
2021,8,20,12,30,941,4.2,0,32.300000000000004
2021,8,20,13,30,926,4,0,32.300000000000004
2021,8,20,14,30,847,3.9000000000000004,0,31.900000000000002
2021,8,20,15,30,718,3.9000000000000004,0,31.3
2021,8,20,16,30,540,3.7,0,30.5
2021,8,20,17,30,333,3.1,0,29.3
2021,8,20,18,30,124,2.7,0,28
2021,8,20,19,30,2,2.8000000000000003,8,27
2021,8,20,20,30,0,3,6,26.5
2021,8,20,21,30,0,3.3000000000000003,6,26
2021,8,20,22,30,0,3.4000000000000004,6,25.400000000000002
2021,8,20,23,30,0,3.6,7,24.8
2021,8,21,0,30,0,3.8000000000000003,8,24.200000000000003
2021,8,21,1,30,0,4,8,23.8
2021,8,21,2,30,0,3.9000000000000004,8,23.3
2021,8,21,3,30,0,3.6,5,22.8
2021,8,21,4,30,0,3.3000000000000003,5,22.3
2021,8,21,5,30,0,3.3000000000000003,8,22.1
2021,8,21,6,30,8,4,5,22.700000000000003
2021,8,21,7,30,66,5.2,5,24.6
2021,8,21,8,30,162,5.5,5,26.900000000000002
2021,8,21,9,30,263,5.300000000000001,5,29
2021,8,21,10,30,566,5,5,30.700000000000003
2021,8,21,11,30,363,4.9,5,32.1
2021,8,21,12,30,182,4.800000000000001,4,33
2021,8,21,13,30,620,4.7,7,33.5
2021,8,21,14,30,438,4.6000000000000005,7,33.6
2021,8,21,15,30,484,4.5,8,33.300000000000004
2021,8,21,16,30,542,4.4,0,32.4
2021,8,21,17,30,295,3.9000000000000004,8,30.8
2021,8,21,18,30,117,3.3000000000000003,0,28.900000000000002
2021,8,21,19,30,1,3.2,8,27.400000000000002
2021,8,21,20,30,0,3.4000000000000004,7,26.5
2021,8,21,21,30,0,3.4000000000000004,8,25.900000000000002
2021,8,21,22,30,0,3.5,0,25.400000000000002
2021,8,21,23,30,0,3.5,0,24.900000000000002
2021,8,22,0,30,0,3.5,8,24.400000000000002
2021,8,22,1,30,0,3.4000000000000004,8,24
2021,8,22,2,30,0,3.3000000000000003,0,23.6
2021,8,22,3,30,0,3.2,0,23.1
2021,8,22,4,30,0,3.1,0,22.5
2021,8,22,5,30,0,3.1,0,22.200000000000003
2021,8,22,6,30,24,3.8000000000000003,0,22.900000000000002
2021,8,22,7,30,202,5,0,25
2021,8,22,8,30,421,5.5,0,27.400000000000002
2021,8,22,9,30,621,5.6000000000000005,0,29.6
2021,8,22,10,30,796,5.6000000000000005,0,31.400000000000002
2021,8,22,11,30,912,5.6000000000000005,0,32.800000000000004
2021,8,22,12,30,965,5.7,0,33.9
2021,8,22,13,30,951,5.6000000000000005,0,34.6
2021,8,22,14,30,873,5.6000000000000005,0,34.7
2021,8,22,15,30,737,5.5,0,34.4
2021,8,22,16,30,553,5.300000000000001,0,33.5
2021,8,22,17,30,340,4.7,0,31.700000000000003
2021,8,22,18,30,126,3.6,0,29.1
2021,8,22,19,30,0,3.3000000000000003,0,27.1
2021,8,22,20,30,0,3.5,0,26
2021,8,22,21,30,0,3.5,0,25.1
2021,8,22,22,30,0,3.6,0,24.5
2021,8,22,23,30,0,3.8000000000000003,0,23.900000000000002
2021,8,23,0,30,0,3.9000000000000004,0,23.3
2021,8,23,1,30,0,3.8000000000000003,0,22.700000000000003
2021,8,23,2,30,0,3.5,0,22.1
2021,8,23,3,30,0,3.4000000000000004,0,21.6
2021,8,23,4,30,0,3.2,0,21
2021,8,23,5,30,0,3.1,0,20.6
2021,8,23,6,30,26,3.7,0,21.400000000000002
2021,8,23,7,30,202,4.800000000000001,0,23.900000000000002
2021,8,23,8,30,439,5.300000000000001,0,27
2021,8,23,9,30,648,5.2,0,29.700000000000003
2021,8,23,10,30,816,4.9,0,32
2021,8,23,11,30,895,4.7,0,33.7
2021,8,23,12,30,957,4.6000000000000005,0,34.800000000000004
2021,8,23,13,30,963,4.7,0,35.4
2021,8,23,14,30,859,4.7,0,35.5
2021,8,23,15,30,741,4.800000000000001,0,35.1
2021,8,23,16,30,546,4.800000000000001,0,34.1
2021,8,23,17,30,333,4.2,0,32.300000000000004
2021,8,23,18,30,125,3.2,0,29.8
2021,8,23,19,30,0,3,0,27.8
2021,8,23,20,30,0,3.3000000000000003,0,26.900000000000002
2021,8,23,21,30,0,3.4000000000000004,0,26.200000000000003
2021,8,23,22,30,0,3.4000000000000004,0,25.5
2021,8,23,23,30,0,3.3000000000000003,3,24.8
2021,8,24,0,30,0,3.2,0,24.1
2021,8,24,1,30,0,3.2,0,23.400000000000002
2021,8,24,2,30,0,3.4000000000000004,0,22.8
2021,8,24,3,30,0,3.5,0,22.200000000000003
2021,8,24,4,30,0,3.4000000000000004,0,21.700000000000003
2021,8,24,5,30,0,3.4000000000000004,0,21.400000000000002
2021,8,24,6,30,20,3.9000000000000004,7,22.1
2021,8,24,7,30,208,4.800000000000001,0,24.3
2021,8,24,8,30,430,5.4,0,27.3
2021,8,24,9,30,637,5.2,0,30.1
2021,8,24,10,30,805,4.9,0,32.5
2021,8,24,11,30,920,4.7,0,34.2
2021,8,24,12,30,971,4.6000000000000005,0,35.4
2021,8,24,13,30,955,4.5,0,36.1
2021,8,24,14,30,875,4.4,0,36.300000000000004
2021,8,24,15,30,736,4.4,0,35.9
2021,8,24,16,30,550,4.2,0,34.9
2021,8,24,17,30,335,3.6,0,33.1
2021,8,24,18,30,121,3,0,30.5
2021,8,24,19,30,0,3.1,0,28.700000000000003
2021,8,24,20,30,0,3.4000000000000004,0,27.900000000000002
2021,8,24,21,30,0,3.6,0,27.200000000000003
2021,8,24,22,30,0,3.8000000000000003,0,26.6
2021,8,24,23,30,0,4,0,26
2021,8,25,0,30,0,4,0,25.3
2021,8,25,1,30,0,3.9000000000000004,0,24.700000000000003
2021,8,25,2,30,0,3.8000000000000003,0,24
2021,8,25,3,30,0,3.7,0,23.400000000000002
2021,8,25,4,30,0,3.3000000000000003,0,22.700000000000003
2021,8,25,5,30,0,3,0,22.200000000000003
2021,8,25,6,30,23,3.2,0,22.900000000000002
2021,8,25,7,30,202,3.9000000000000004,0,25.400000000000002
2021,8,25,8,30,422,4,0,28.400000000000002
2021,8,25,9,30,627,3.7,0,31
2021,8,25,10,30,795,3.7,0,33
2021,8,25,11,30,908,3.9000000000000004,0,34.4
2021,8,25,12,30,960,4.2,0,35.300000000000004
2021,8,25,13,30,945,4.3,0,35.800000000000004
2021,8,25,14,30,864,4.4,0,35.800000000000004
2021,8,25,15,30,726,4.5,0,35.300000000000004
2021,8,25,16,30,541,4.4,0,34.300000000000004
2021,8,25,17,30,328,3.8000000000000003,0,32.6
2021,8,25,18,30,117,2.8000000000000003,0,30.200000000000003
2021,8,25,19,30,0,2.2,0,28.3
2021,8,25,20,30,0,2.1,0,27.3
2021,8,25,21,30,0,1.8,0,26.6
2021,8,25,22,30,0,1.7000000000000002,0,25.8
2021,8,25,23,30,0,1.8,0,25.200000000000003
2021,8,26,0,30,0,2,0,24.5
2021,8,26,1,30,0,2.3000000000000003,0,23.8
2021,8,26,2,30,0,2.4000000000000004,0,23.200000000000003
2021,8,26,3,30,0,2.4000000000000004,0,22.700000000000003
2021,8,26,4,30,0,2.1,0,22.200000000000003
2021,8,26,5,30,0,1.9000000000000001,0,22
2021,8,26,6,30,22,2.3000000000000003,0,23.200000000000003
2021,8,26,7,30,197,2.9000000000000004,0,25.900000000000002
2021,8,26,8,30,414,2.7,0,28.8
2021,8,26,9,30,618,2.6,0,31
2021,8,26,10,30,785,2.9000000000000004,0,32.6
2021,8,26,11,30,901,3.2,0,33.800000000000004
2021,8,26,12,30,954,3.4000000000000004,0,34.6
2021,8,26,13,30,941,3.5,0,35.1
2021,8,26,14,30,860,3.6,0,35.2
2021,8,26,15,30,721,3.6,0,34.800000000000004
2021,8,26,16,30,535,3.6,0,34
2021,8,26,17,30,322,3.2,0,32.4
2021,8,26,18,30,111,2.3000000000000003,0,30
2021,8,26,19,30,0,2,0,28.1
2021,8,26,20,30,0,2.3000000000000003,0,27.3
2021,8,26,21,30,0,2.5,0,26.700000000000003
2021,8,26,22,30,0,2.5,0,26
2021,8,26,23,30,0,2.4000000000000004,0,25.3
2021,8,27,0,30,0,2.2,0,24.6
2021,8,27,1,30,0,2,0,23.900000000000002
2021,8,27,2,30,0,1.8,0,23.3
2021,8,27,3,30,0,1.7000000000000002,0,22.700000000000003
2021,8,27,4,30,0,1.6,0,22.200000000000003
2021,8,27,5,30,0,1.7000000000000002,0,21.900000000000002
2021,8,27,6,30,18,2.2,0,22.8
2021,8,27,7,30,191,2.7,0,25.6
2021,8,27,8,30,408,2.5,0,28.700000000000003
2021,8,27,9,30,612,2.3000000000000003,0,30.900000000000002
2021,8,27,10,30,780,2.3000000000000003,0,32.6
2021,8,27,11,30,813,2.6,0,33.800000000000004
2021,8,27,12,30,834,2.9000000000000004,0,34.6
2021,8,27,13,30,855,3.1,0,35.1
2021,8,27,14,30,687,3.3000000000000003,3,35.1
2021,8,27,15,30,622,3.4000000000000004,0,34.7
2021,8,27,16,30,468,3.5,0,33.800000000000004
2021,8,27,17,30,315,3.3000000000000003,0,32.300000000000004
2021,8,27,18,30,106,2.8000000000000003,0,29.900000000000002
2021,8,27,19,30,0,3.1,0,28.200000000000003
2021,8,27,20,30,0,3.7,0,27.3
2021,8,27,21,30,0,4,0,26.5
2021,8,27,22,30,0,3.9000000000000004,0,25.700000000000003
2021,8,27,23,30,0,3.6,0,24.900000000000002
2021,8,28,0,30,0,3.3000000000000003,0,24.200000000000003
2021,8,28,1,30,0,3.2,0,23.6
2021,8,28,2,30,0,2.9000000000000004,0,23
2021,8,28,3,30,0,2.6,0,22.400000000000002
2021,8,28,4,30,0,2.2,0,21.900000000000002
2021,8,28,5,30,0,2.1,0,21.6
2021,8,28,6,30,17,2.6,0,22.400000000000002
2021,8,28,7,30,187,3.2,0,24.700000000000003
2021,8,28,8,30,402,3,0,27.400000000000002
2021,8,28,9,30,604,2.6,0,29.700000000000003
2021,8,28,10,30,770,2.5,0,31.400000000000002
2021,8,28,11,30,565,2.7,3,32.5
2021,8,28,12,30,862,2.9000000000000004,0,33.300000000000004
2021,8,28,13,30,890,3.1,0,33.6
2021,8,28,14,30,711,3.3000000000000003,3,33.6
2021,8,28,15,30,700,3.6,0,33.1
2021,8,28,16,30,520,3.7,0,32.2
2021,8,28,17,30,309,3.5,0,30.900000000000002
2021,8,28,18,30,102,2.9000000000000004,0,29
2021,8,28,19,30,0,2.6,0,27.400000000000002
2021,8,28,20,30,0,2.8000000000000003,0,26.400000000000002
2021,8,28,21,30,0,2.9000000000000004,0,25.6
2021,8,28,22,30,0,3,0,24.8
2021,8,28,23,30,0,3,0,24.200000000000003
2021,8,29,0,30,0,2.8000000000000003,0,23.6
2021,8,29,1,30,0,2.5,0,23
2021,8,29,2,30,0,2.1,0,22.400000000000002
2021,8,29,3,30,0,1.7000000000000002,0,21.8
2021,8,29,4,30,0,1.4000000000000001,0,21.3
2021,8,29,5,30,0,1.2000000000000002,0,21.1
2021,8,29,6,30,16,1.7000000000000002,0,22.200000000000003
2021,8,29,7,30,184,2.1,0,25
2021,8,29,8,30,398,2,0,27.8
2021,8,29,9,30,601,2.3000000000000003,0,29.900000000000002
2021,8,29,10,30,766,2.9000000000000004,0,31.5
2021,8,29,11,30,872,3.3000000000000003,0,32.6
2021,8,29,12,30,794,3.6,0,33.4
2021,8,29,13,30,895,3.8000000000000003,0,33.7
2021,8,29,14,30,821,3.9000000000000004,0,33.5
2021,8,29,15,30,555,4,0,33
2021,8,29,16,30,470,4,0,32
2021,8,29,17,30,297,3.7,0,30.6
2021,8,29,18,30,59,2.9000000000000004,8,28.8
2021,8,29,19,30,0,2.3000000000000003,3,27.3
2021,8,29,20,30,0,2,0,26.400000000000002
2021,8,29,21,30,0,1.8,0,25.6
2021,8,29,22,30,0,1.5,0,24.900000000000002
2021,8,29,23,30,0,1.3,0,24.200000000000003
2021,8,30,0,30,0,1.2000000000000002,0,23.6
2021,8,30,1,30,0,1,0,23
2021,8,30,2,30,0,0.9,0,22.5
2021,8,30,3,30,0,0.7000000000000001,0,22
2021,8,30,4,30,0,0.6000000000000001,0,21.8
2021,8,30,5,30,0,0.6000000000000001,0,21.900000000000002
2021,8,30,6,30,16,0.7000000000000001,0,23.1
2021,8,30,7,30,183,0.7000000000000001,0,25.6
2021,8,30,8,30,398,0.9,0,28.1
2021,8,30,9,30,602,1.3,0,29.900000000000002
2021,8,30,10,30,624,1.6,0,31.3
2021,8,30,11,30,486,1.9000000000000001,3,32.6
2021,8,30,12,30,912,2.2,0,33.6
2021,8,30,13,30,861,2.3000000000000003,0,34.2
2021,8,30,14,30,813,2.4000000000000004,0,34.300000000000004
2021,8,30,15,30,698,2.4000000000000004,0,34
2021,8,30,16,30,395,2.5,3,33.2
2021,8,30,17,30,206,2.2,3,31.900000000000002
2021,8,30,18,30,90,1.6,0,29.700000000000003
2021,8,30,19,30,0,1.4000000000000001,0,28
2021,8,30,20,30,0,1.6,0,27.1
2021,8,30,21,30,0,1.8,0,26.3
2021,8,30,22,30,0,1.8,0,25.6
2021,8,30,23,30,0,1.7000000000000002,0,24.900000000000002
2021,8,31,0,30,0,1.5,0,24.200000000000003
2021,8,31,1,30,0,1.3,0,23.6
2021,8,31,2,30,0,1.2000000000000002,0,23.1
2021,8,31,3,30,0,1.1,0,22.700000000000003
2021,8,31,4,30,0,1.1,0,22.3
2021,8,31,5,30,0,1.1,0,22.200000000000003
2021,8,31,6,30,15,1.8,0,23.400000000000002
2021,8,31,7,30,182,2.7,0,26.3
2021,8,31,8,30,397,2.9000000000000004,0,29.5
2021,8,31,9,30,600,2.3000000000000003,0,31.900000000000002
2021,8,31,10,30,765,1.8,0,33.5
2021,8,31,11,30,880,1.8,0,34.800000000000004
2021,8,31,12,30,933,2.1,0,35.7
2021,8,31,13,30,816,2.4000000000000004,0,36.1
2021,8,31,14,30,762,2.6,0,36.1
2021,8,31,15,30,693,2.8000000000000003,0,35.800000000000004
2021,8,31,16,30,508,3,0,34.9
2021,8,31,17,30,296,2.7,0,33.5
2021,8,31,18,30,90,2.2,0,31.3
2021,8,31,19,30,0,2.2,0,29.6
2021,8,31,20,30,0,2.6,0,28.8
2021,8,31,21,30,0,2.8000000000000003,0,28.1
2021,8,31,22,30,0,2.8000000000000003,0,27.3
2021,8,31,23,30,0,2.8000000000000003,0,26.6
2021,9,1,0,30,0,2.8000000000000003,0,25.900000000000002
2021,9,1,1,30,0,2.7,0,25.3
2021,9,1,2,30,0,2.7,8,24.8
2021,9,1,3,30,0,2.5,0,24.200000000000003
2021,9,1,4,30,0,2.4000000000000004,0,23.700000000000003
2021,9,1,5,30,0,2.4000000000000004,0,23.400000000000002
2021,9,1,6,30,14,3.1,0,24.1
2021,9,1,7,30,176,3.9000000000000004,0,26.5
2021,9,1,8,30,389,4.2,0,29.700000000000003
2021,9,1,9,30,590,4.2,0,32.4
2021,9,1,10,30,755,4.2,0,34.2
2021,9,1,11,30,868,4.6000000000000005,0,35.1
2021,9,1,12,30,919,4.800000000000001,0,35.5
2021,9,1,13,30,814,4.9,0,35.6
2021,9,1,14,30,801,4.800000000000001,0,35.5
2021,9,1,15,30,679,4.6000000000000005,0,35.1
2021,9,1,16,30,486,4.3,0,34.300000000000004
2021,9,1,17,30,284,3.6,0,33
2021,9,1,18,30,83,2.8000000000000003,0,31.200000000000003
2021,9,1,19,30,0,2.8000000000000003,0,30
2021,9,1,20,30,0,3.2,0,29.3
2021,9,1,21,30,0,3.5,0,28.5
2021,9,1,22,30,0,3.6,0,27.6
2021,9,1,23,30,0,3.5,0,26.8
2021,9,2,0,30,0,3.4000000000000004,0,26.1
2021,9,2,1,30,0,3.4000000000000004,0,25.400000000000002
2021,9,2,2,30,0,3.4000000000000004,0,24.700000000000003
2021,9,2,3,30,0,3.1,0,24.1
2021,9,2,4,30,0,2.7,0,23.5
2021,9,2,5,30,0,2.4000000000000004,7,23.1
2021,9,2,6,30,14,3.1,0,23.900000000000002
2021,9,2,7,30,174,4.3,0,26.200000000000003
2021,9,2,8,30,317,4.6000000000000005,8,28.900000000000002
2021,9,2,9,30,469,4.1000000000000005,7,31.3
2021,9,2,10,30,604,3.8000000000000003,7,33.1
2021,9,2,11,30,753,3.8000000000000003,8,34.300000000000004
2021,9,2,12,30,775,4,8,35.1
2021,9,2,13,30,737,4.1000000000000005,8,35.4
2021,9,2,14,30,633,4.2,7,35.4
2021,9,2,15,30,547,4.1000000000000005,7,34.9
2021,9,2,16,30,452,4.1000000000000005,7,34
2021,9,2,17,30,104,3.6,3,32.7
2021,9,2,18,30,71,2.7,0,30.900000000000002
2021,9,2,19,30,0,2.4000000000000004,0,29.5
2021,9,2,20,30,0,2.7,0,28.900000000000002
2021,9,2,21,30,0,3,0,28.200000000000003
2021,9,2,22,30,0,3.1,0,27.400000000000002
2021,9,2,23,30,0,3.2,0,26.6
2021,9,3,0,30,0,3.4000000000000004,0,25.900000000000002
2021,9,3,1,30,0,3.4000000000000004,0,25.3
2021,9,3,2,30,0,3.3000000000000003,0,24.700000000000003
2021,9,3,3,30,0,3,3,24.1
2021,9,3,4,30,0,2.7,0,23.6
2021,9,3,5,30,0,2.6,0,23.200000000000003
2021,9,3,6,30,13,3.3000000000000003,0,23.8
2021,9,3,7,30,174,4.4,0,25.900000000000002
2021,9,3,8,30,389,4.7,0,28.700000000000003
2021,9,3,9,30,592,4.4,0,31.200000000000003
2021,9,3,10,30,758,4.1000000000000005,0,33.1
2021,9,3,11,30,852,4.1000000000000005,0,34.4
2021,9,3,12,30,841,4,0,35.300000000000004
2021,9,3,13,30,831,3.9000000000000004,0,35.800000000000004
2021,9,3,14,30,819,3.8000000000000003,0,35.9
2021,9,3,15,30,657,3.8000000000000003,0,35.5
2021,9,3,16,30,473,3.8000000000000003,0,34.7
2021,9,3,17,30,278,3.3000000000000003,0,33.1
2021,9,3,18,30,77,2.5,0,30.900000000000002
2021,9,3,19,30,0,2.5,0,29.3
2021,9,3,20,30,0,2.9000000000000004,0,28.5
2021,9,3,21,30,0,3.2,0,27.8
2021,9,3,22,30,0,3.5,0,27.1
2021,9,3,23,30,0,3.8000000000000003,0,26.400000000000002
2021,9,4,0,30,0,3.9000000000000004,0,25.700000000000003
2021,9,4,1,30,0,3.6,0,25.1
2021,9,4,2,30,0,3.3000000000000003,0,24.5
2021,9,4,3,30,0,3,0,23.900000000000002
2021,9,4,4,30,0,2.8000000000000003,0,23.3
2021,9,4,5,30,0,2.7,0,22.8
2021,9,4,6,30,11,3.4000000000000004,0,23.3
2021,9,4,7,30,174,4.5,0,25.5
2021,9,4,8,30,390,4.9,0,28.5
2021,9,4,9,30,595,4.5,0,31.3
2021,9,4,10,30,764,3.9000000000000004,0,33.4
2021,9,4,11,30,879,3.4000000000000004,0,34.9
2021,9,4,12,30,903,3.1,0,35.9
2021,9,4,13,30,915,2.9000000000000004,0,36.4
2021,9,4,14,30,774,2.7,0,36.5
2021,9,4,15,30,622,2.5,0,36.2
2021,9,4,16,30,496,2.4000000000000004,0,35.300000000000004
2021,9,4,17,30,279,1.8,0,33.5
2021,9,4,18,30,76,1.2000000000000002,0,30.8
2021,9,4,19,30,0,1.3,0,29
2021,9,4,20,30,0,1.4000000000000001,0,28.200000000000003
2021,9,4,21,30,0,1.6,0,27.400000000000002
2021,9,4,22,30,0,1.7000000000000002,0,26.700000000000003
2021,9,4,23,30,0,1.8,0,26
2021,9,5,0,30,0,1.8,3,25.200000000000003
2021,9,5,1,30,0,1.6,0,24.3
2021,9,5,2,30,0,1.3,0,23.5
2021,9,5,3,30,0,1.1,5,22.900000000000002
2021,9,5,4,30,0,0.9,8,22.400000000000002
2021,9,5,5,30,0,0.9,3,22
2021,9,5,6,30,7,1.1,5,22.8
2021,9,5,7,30,157,1.5,0,25.200000000000003
2021,9,5,8,30,259,1.5,3,28.1
2021,9,5,9,30,394,1.5,8,30.5
2021,9,5,10,30,747,1.7000000000000002,0,32.2
2021,9,5,11,30,852,2.1,0,33.5
2021,9,5,12,30,874,2.5,0,34.4
2021,9,5,13,30,892,2.9000000000000004,0,34.7
2021,9,5,14,30,806,3.2,0,34.4
2021,9,5,15,30,317,3.4000000000000004,6,33.6
2021,9,5,16,30,48,3.5,9,32.300000000000004
2021,9,5,17,30,25,3.3000000000000003,6,30.6
2021,9,5,18,30,30,2.7,6,28.6
2021,9,5,19,30,0,2.3000000000000003,6,27.1
2021,9,5,20,30,0,2.1,7,26.1
2021,9,5,21,30,0,1.8,8,25.5
2021,9,5,22,30,0,1.6,8,24.900000000000002
2021,9,5,23,30,0,1.5,5,24.3
2021,9,6,0,30,0,1.4000000000000001,3,23.8
2021,9,6,1,30,0,1.5,8,23.200000000000003
2021,9,6,2,30,0,1.6,8,22.900000000000002
2021,9,6,3,30,0,1.6,8,22.700000000000003
2021,9,6,4,30,0,1.5,0,22.5
2021,9,6,5,30,0,1.4000000000000001,5,22.400000000000002
2021,9,6,6,30,6,1.6,8,22.700000000000003
2021,9,6,7,30,99,1.9000000000000001,7,24
2021,9,6,8,30,323,1.7000000000000002,8,26.1
2021,9,6,9,30,519,1,8,28.400000000000002
2021,9,6,10,30,652,0.7000000000000001,8,30.3
2021,9,6,11,30,683,0.9,7,31.5
2021,9,6,12,30,757,1,8,32
2021,9,6,13,30,783,0.9,8,32.1
2021,9,6,14,30,672,0.7000000000000001,8,31.900000000000002
2021,9,6,15,30,560,0.9,7,31.700000000000003
2021,9,6,16,30,373,1.3,7,31.200000000000003
2021,9,6,17,30,194,1.3,7,29.900000000000002
2021,9,6,18,30,58,1.5,8,28.200000000000003
2021,9,6,19,30,0,2,8,27.200000000000003
2021,9,6,20,30,0,2.6,8,26.6
2021,9,6,21,30,0,3,0,25.900000000000002
2021,9,6,22,30,0,3.1,8,25.200000000000003
2021,9,6,23,30,0,3,0,24.5
2021,9,7,0,30,0,2.8000000000000003,0,23.900000000000002
2021,9,7,1,30,0,2.6,0,23.400000000000002
2021,9,7,2,30,0,2.2,0,22.900000000000002
2021,9,7,3,30,0,1.7000000000000002,0,22.400000000000002
2021,9,7,4,30,0,1.4000000000000001,0,21.900000000000002
2021,9,7,5,30,0,1.3,0,21.6
2021,9,7,6,30,10,1.9000000000000001,0,22.3
2021,9,7,7,30,167,2.8000000000000003,0,24.5
2021,9,7,8,30,381,3.3000000000000003,0,27.200000000000003
2021,9,7,9,30,584,3.2,0,29.900000000000002
2021,9,7,10,30,750,2.5,0,32.2
2021,9,7,11,30,866,1.8,0,33.9
2021,9,7,12,30,919,1.6,0,35.1
2021,9,7,13,30,897,1.8,0,35.7
2021,9,7,14,30,801,2.2,0,35.7
2021,9,7,15,30,645,2.6,0,35.300000000000004
2021,9,7,16,30,403,2.9000000000000004,7,34.4
2021,9,7,17,30,226,2.6,7,32.5
2021,9,7,18,30,59,2.3000000000000003,8,29.900000000000002
2021,9,7,19,30,0,2.5,8,28.200000000000003
2021,9,7,20,30,0,2.6,0,27.200000000000003
2021,9,7,21,30,0,2.6,8,26.400000000000002
2021,9,7,22,30,0,2.5,0,25.6
2021,9,7,23,30,0,2.4000000000000004,0,24.900000000000002
2021,9,8,0,30,0,2.3000000000000003,0,24.3
2021,9,8,1,30,0,2.1,0,23.700000000000003
2021,9,8,2,30,0,1.8,0,23.200000000000003
2021,9,8,3,30,0,1.4000000000000001,0,22.700000000000003
2021,9,8,4,30,0,1.2000000000000002,8,22.3
2021,9,8,5,30,0,1.1,0,22
2021,9,8,6,30,9,1.8,0,23
2021,9,8,7,30,161,2.6,0,25.400000000000002
2021,9,8,8,30,371,2.9000000000000004,0,28.200000000000003
2021,9,8,9,30,572,3,0,30.700000000000003
2021,9,8,10,30,735,3.1,0,32.800000000000004
2021,9,8,11,30,850,3.3000000000000003,0,34.2
2021,9,8,12,30,904,3.4000000000000004,0,35.1
2021,9,8,13,30,873,3.5,0,35.5
2021,9,8,14,30,800,3.6,0,35.5
2021,9,8,15,30,637,3.7,0,35.1
2021,9,8,16,30,429,3.7,0,34.300000000000004
2021,9,8,17,30,251,3.1,0,32.5
2021,9,8,18,30,60,2.4000000000000004,0,29.900000000000002
2021,9,8,19,30,0,2.6,0,28.1
2021,9,8,20,30,0,3,0,27.1
2021,9,8,21,30,0,3.1,0,26.1
2021,9,8,22,30,0,3.1,0,25.200000000000003
2021,9,8,23,30,0,2.7,0,24.3
2021,9,9,0,30,0,2.3000000000000003,0,23.5
2021,9,9,1,30,0,1.8,0,22.8
2021,9,9,2,30,0,1.3,0,22.200000000000003
2021,9,9,3,30,0,1,0,21.6
2021,9,9,4,30,0,0.7000000000000001,0,21.200000000000003
2021,9,9,5,30,0,0.7000000000000001,0,20.900000000000002
2021,9,9,6,30,7,1.1,0,21.6
2021,9,9,7,30,150,2,0,24.200000000000003
2021,9,9,8,30,331,2.5,8,27.200000000000003
2021,9,9,9,30,568,2.5,0,29.6
2021,9,9,10,30,734,2.2,0,31.5
2021,9,9,11,30,851,2.1,0,33
2021,9,9,12,30,906,2.1,0,34.300000000000004
2021,9,9,13,30,888,2.1,0,35.1
2021,9,9,14,30,805,2.3000000000000003,0,35.4
2021,9,9,15,30,663,2.5,0,35.2
2021,9,9,16,30,472,2.7,0,34.4
2021,9,9,17,30,257,2.4000000000000004,0,32.4
2021,9,9,18,30,58,2.4000000000000004,0,29.6
2021,9,9,19,30,0,3.2,0,27.8
2021,9,9,20,30,0,3.9000000000000004,0,26.700000000000003
2021,9,9,21,30,0,4.1000000000000005,0,25.5
2021,9,9,22,30,0,4.1000000000000005,0,24.5
2021,9,9,23,30,0,4,0,23.5
2021,9,10,0,30,0,3.9000000000000004,0,22.700000000000003
2021,9,10,1,30,0,3.8000000000000003,0,21.900000000000002
2021,9,10,2,30,0,3.6,0,21.3
2021,9,10,3,30,0,3.3000000000000003,0,20.700000000000003
2021,9,10,4,30,0,3,0,20.200000000000003
2021,9,10,5,30,0,2.8000000000000003,0,19.900000000000002
2021,9,10,6,30,8,3,0,20.5
2021,9,10,7,30,160,3.4000000000000004,0,22.900000000000002
2021,9,10,8,30,373,3.4000000000000004,0,26.8
2021,9,10,9,30,575,3.3000000000000003,0,30.700000000000003
2021,9,10,10,30,741,2.7,0,33.300000000000004
2021,9,10,11,30,848,2.2,0,35
2021,9,10,12,30,890,2.1,0,36.2
2021,9,10,13,30,869,2.2,0,36.800000000000004
2021,9,10,14,30,783,2.5,0,36.800000000000004
2021,9,10,15,30,640,2.7,0,36.4
2021,9,10,16,30,449,2.8000000000000003,0,35.300000000000004
2021,9,10,17,30,237,2.5,0,32.800000000000004
2021,9,10,18,30,47,2.5,0,29.8
2021,9,10,19,30,0,3.4000000000000004,0,28.200000000000003
2021,9,10,20,30,0,3.9000000000000004,0,27.1
2021,9,10,21,30,0,4,0,25.900000000000002
2021,9,10,22,30,0,4,0,24.8
2021,9,10,23,30,0,3.9000000000000004,0,23.700000000000003
2021,9,11,0,30,0,3.7,0,22.8
2021,9,11,1,30,0,3.5,0,22
2021,9,11,2,30,0,3.2,0,21.3
2021,9,11,3,30,0,2.9000000000000004,0,20.6
2021,9,11,4,30,0,2.5,0,20
2021,9,11,5,30,0,2.3000000000000003,0,19.6
2021,9,11,6,30,5,2.6,0,20.1
2021,9,11,7,30,139,3,0,22
2021,9,11,8,30,344,3,0,25.400000000000002
2021,9,11,9,30,545,2.8000000000000003,0,29.200000000000003
2021,9,11,10,30,711,2.5,0,31.900000000000002
2021,9,11,11,30,833,2.6,0,33.9
2021,9,11,12,30,894,2.8000000000000003,0,35.2
2021,9,11,13,30,875,3.2,0,35.9
2021,9,11,14,30,782,3.5,0,35.9
2021,9,11,15,30,630,3.7,0,35.300000000000004
2021,9,11,16,30,442,3.6,0,33.9
2021,9,11,17,30,233,2.8000000000000003,0,31.1
2021,9,11,18,30,44,2.2,0,27.700000000000003
2021,9,11,19,30,0,2.5,0,25.900000000000002
2021,9,11,20,30,0,3,0,24.900000000000002
2021,9,11,21,30,0,3.3000000000000003,0,23.900000000000002
2021,9,11,22,30,0,3.3000000000000003,0,22.700000000000003
2021,9,11,23,30,0,3.2,0,21.700000000000003
2021,9,12,0,30,0,3,0,20.700000000000003
2021,9,12,1,30,0,2.8000000000000003,0,19.900000000000002
2021,9,12,2,30,0,2.5,0,19.200000000000003
2021,9,12,3,30,0,2.2,0,18.5
2021,9,12,4,30,0,2,0,17.900000000000002
2021,9,12,5,30,0,1.9000000000000001,0,17.400000000000002
2021,9,12,6,30,5,2.4000000000000004,0,18.2
2021,9,12,7,30,150,3.1,0,20.5
2021,9,12,8,30,363,3.5,0,23.900000000000002
2021,9,12,9,30,567,3.6,0,27.400000000000002
2021,9,12,10,30,734,3.2,0,29.8
2021,9,12,11,30,855,3.1,0,31.400000000000002
2021,9,12,12,30,913,3.1,0,32.6
2021,9,12,13,30,890,3.1,0,33.300000000000004
2021,9,12,14,30,800,3.1,0,33.4
2021,9,12,15,30,651,3.1,0,33
2021,9,12,16,30,457,3,0,32.1
2021,9,12,17,30,241,2.2,0,29.5
2021,9,12,18,30,47,1.6,0,26.200000000000003
2021,9,12,19,30,0,1.8,0,24.400000000000002
2021,9,12,20,30,0,2,0,23.700000000000003
2021,9,12,21,30,0,2.4000000000000004,0,23.200000000000003
2021,9,12,22,30,0,3,0,22.900000000000002
2021,9,12,23,30,0,3.6,0,22.6
2021,9,13,0,30,0,3.8000000000000003,0,22.3
2021,9,13,1,30,0,3.6,0,22
2021,9,13,2,30,0,3.2,0,21.5
2021,9,13,3,30,0,2.4000000000000004,0,20.900000000000002
2021,9,13,4,30,0,1.8,0,20.3
2021,9,13,5,30,0,1.5,0,19.8
2021,9,13,6,30,6,2.2,0,20.5
2021,9,13,7,30,155,3.2,0,22.900000000000002
2021,9,13,8,30,370,3.4000000000000004,0,25.700000000000003
2021,9,13,9,30,575,3.2,0,28.200000000000003
2021,9,13,10,30,743,3.1,0,30.1
2021,9,13,11,30,751,3.3000000000000003,0,31.5
2021,9,13,12,30,801,3.5,0,32.5
2021,9,13,13,30,780,3.6,0,33.1
2021,9,13,14,30,738,3.7,0,33.300000000000004
2021,9,13,15,30,633,3.6,0,32.9
2021,9,13,16,30,461,3.4000000000000004,0,32
2021,9,13,17,30,244,2.6,0,29.900000000000002
2021,9,13,18,30,47,1.9000000000000001,0,27.1
2021,9,13,19,30,0,2.2,0,25.5
2021,9,13,20,30,0,2.9000000000000004,0,24.900000000000002
2021,9,13,21,30,0,3.4000000000000004,0,24.3
2021,9,13,22,30,0,3.6,0,23.5
2021,9,13,23,30,0,3.5,0,22.8
2021,9,14,0,30,0,3.4000000000000004,0,22
2021,9,14,1,30,0,3.2,8,21.400000000000002
2021,9,14,2,30,0,3,0,20.8
2021,9,14,3,30,0,2.8000000000000003,0,20.200000000000003
2021,9,14,4,30,0,2.6,0,19.5
2021,9,14,5,30,0,2.4000000000000004,0,19
2021,9,14,6,30,6,2.6,0,19.200000000000003
2021,9,14,7,30,163,3,0,21.5
2021,9,14,8,30,384,2.9000000000000004,0,25
2021,9,14,9,30,591,2.7,0,28
2021,9,14,10,30,760,2.6,0,30.200000000000003
2021,9,14,11,30,873,2.7,0,31.8
2021,9,14,12,30,921,2.7,0,32.800000000000004
2021,9,14,13,30,900,2.7,0,33.4
2021,9,14,14,30,811,2.6,0,33.6
2021,9,14,15,30,663,2.7,0,33.300000000000004
2021,9,14,16,30,468,2.8000000000000003,0,32.4
2021,9,14,17,30,247,2.4000000000000004,0,30.200000000000003
2021,9,14,18,30,47,2,0,27.400000000000002
2021,9,14,19,30,0,2.7,0,25.700000000000003
2021,9,14,20,30,0,3.4000000000000004,0,25.1
2021,9,14,21,30,0,3.8000000000000003,0,24.200000000000003
2021,9,14,22,30,0,3.9000000000000004,0,23.400000000000002
2021,9,14,23,30,0,3.7,0,22.700000000000003
2021,9,15,0,30,0,3.3000000000000003,0,22
2021,9,15,1,30,0,2.9000000000000004,0,21.3
2021,9,15,2,30,0,2.4000000000000004,0,20.6
2021,9,15,3,30,0,1.9000000000000001,0,20
2021,9,15,4,30,0,1.4000000000000001,0,19.3
2021,9,15,5,30,0,1.1,0,18.900000000000002
2021,9,15,6,30,5,1.6,0,19.6
2021,9,15,7,30,153,2.5,0,21.8
2021,9,15,8,30,319,3.2,0,24.5
2021,9,15,9,30,543,3.7,0,26.900000000000002
2021,9,15,10,30,733,4,0,28.900000000000002
2021,9,15,11,30,847,4,0,30.5
2021,9,15,12,30,899,3.8000000000000003,0,31.8
2021,9,15,13,30,880,3.6,0,32.5
2021,9,15,14,30,791,3.3000000000000003,0,32.7
2021,9,15,15,30,644,3.1,0,32.5
2021,9,15,16,30,452,3,0,31.700000000000003
2021,9,15,17,30,236,2.3000000000000003,0,29.900000000000002
2021,9,15,18,30,41,1.6,0,27.200000000000003
2021,9,15,19,30,0,1.9000000000000001,0,25.6
2021,9,15,20,30,0,2.4000000000000004,0,25
2021,9,15,21,30,0,2.8000000000000003,0,24.3
2021,9,15,22,30,0,3.1,0,23.6
2021,9,15,23,30,0,3.1,0,22.900000000000002
2021,9,16,0,30,0,3,0,22.200000000000003
2021,9,16,1,30,0,2.8000000000000003,0,21.5
2021,9,16,2,30,0,2.5,0,20.8
2021,9,16,3,30,0,2.2,0,20.1
2021,9,16,4,30,0,2,0,19.6
2021,9,16,5,30,0,1.9000000000000001,0,19.1
2021,9,16,6,30,5,2.4000000000000004,0,19.700000000000003
2021,9,16,7,30,156,3.2,0,22.200000000000003
2021,9,16,8,30,371,3.7,0,25.700000000000003
2021,9,16,9,30,575,3.8000000000000003,0,28.400000000000002
2021,9,16,10,30,740,3.6,0,30.400000000000002
2021,9,16,11,30,851,3.5,0,31.900000000000002
2021,9,16,12,30,897,3.4000000000000004,0,33
2021,9,16,13,30,875,3.3000000000000003,0,33.800000000000004
2021,9,16,14,30,787,3.1,0,34.1
2021,9,16,15,30,640,3,0,33.9
2021,9,16,16,30,448,2.9000000000000004,0,33.1
2021,9,16,17,30,232,2.3000000000000003,0,31.1
2021,9,16,18,30,38,1.9000000000000001,0,28.3
2021,9,16,19,30,0,2.6,0,26.8
2021,9,16,20,30,0,3.4000000000000004,0,26.1
2021,9,16,21,30,0,3.8000000000000003,0,25.200000000000003
2021,9,16,22,30,0,3.9000000000000004,0,24.3
2021,9,16,23,30,0,3.9000000000000004,0,23.6
2021,9,17,0,30,0,3.8000000000000003,0,22.900000000000002
2021,9,17,1,30,0,3.7,0,22.3
2021,9,17,2,30,0,3.6,0,21.700000000000003
2021,9,17,3,30,0,3.4000000000000004,0,21.200000000000003
2021,9,17,4,30,0,3.2,0,20.8
2021,9,17,5,30,0,3.1,0,20.5
2021,9,17,6,30,5,3.4000000000000004,0,20.900000000000002
2021,9,17,7,30,152,3.8000000000000003,0,23.200000000000003
2021,9,17,8,30,321,4.1000000000000005,0,26.8
2021,9,17,9,30,568,4.2,0,30.200000000000003
2021,9,17,10,30,733,3.9000000000000004,0,32.7
2021,9,17,11,30,844,3.5,0,34.5
2021,9,17,12,30,890,3,0,35.9
2021,9,17,13,30,867,2.6,0,36.7
2021,9,17,14,30,777,2.4000000000000004,0,37
2021,9,17,15,30,627,2.5,0,36.7
2021,9,17,16,30,416,2.9000000000000004,0,35.800000000000004
2021,9,17,17,30,161,2.9000000000000004,8,33.6
2021,9,17,18,30,28,3.2,8,30.900000000000002
2021,9,17,19,30,0,4.2,0,29.3
2021,9,17,20,30,0,4.7,0,28.1
2021,9,17,21,30,0,4.7,0,26.900000000000002
2021,9,17,22,30,0,4.4,0,25.8
2021,9,17,23,30,0,4,0,24.900000000000002
2021,9,18,0,30,0,3.6,0,24.1
2021,9,18,1,30,0,3.2,0,23.400000000000002
2021,9,18,2,30,0,2.9000000000000004,0,22.8
2021,9,18,3,30,0,2.4000000000000004,0,22.1
2021,9,18,4,30,0,2,0,21.400000000000002
2021,9,18,5,30,0,1.7000000000000002,3,20.8
2021,9,18,6,30,2,2,3,21
2021,9,18,7,30,86,2.6,8,23.1
2021,9,18,8,30,42,2.9000000000000004,8,26.400000000000002
2021,9,18,9,30,399,3.1,3,29.3
2021,9,18,10,30,503,3.2,8,31.5
2021,9,18,11,30,836,3.3000000000000003,0,33
2021,9,18,12,30,881,3.5,0,34
2021,9,18,13,30,861,3.7,0,34.5
2021,9,18,14,30,773,3.9000000000000004,0,34.6
2021,9,18,15,30,629,4,0,34.2
2021,9,18,16,30,438,3.9000000000000004,0,33.300000000000004
2021,9,18,17,30,224,3.2,0,31.3
2021,9,18,18,30,34,2.3000000000000003,0,28.5
2021,9,18,19,30,0,2.3000000000000003,0,26.6
2021,9,18,20,30,0,2.4000000000000004,0,25.6
2021,9,18,21,30,0,2.3000000000000003,0,24.6
2021,9,18,22,30,0,2.2,0,23.700000000000003
2021,9,18,23,30,0,2,0,23
2021,9,19,0,30,0,1.7000000000000002,0,22.3
2021,9,19,1,30,0,1.5,0,21.700000000000003
2021,9,19,2,30,0,1.4000000000000001,0,21.1
2021,9,19,3,30,0,1.4000000000000001,0,20.6
2021,9,19,4,30,0,1.4000000000000001,0,20.200000000000003
2021,9,19,5,30,0,1.3,0,19.8
2021,9,19,6,30,5,1.9000000000000001,0,20.700000000000003
2021,9,19,7,30,157,2.4000000000000004,0,23.400000000000002
2021,9,19,8,30,378,2.5,0,27.200000000000003
2021,9,19,9,30,585,2.5,0,30.6
2021,9,19,10,30,752,2.4000000000000004,0,32.6
2021,9,19,11,30,862,2.4000000000000004,0,34.1
2021,9,19,12,30,907,2.3000000000000003,0,35.2
2021,9,19,13,30,883,2.3000000000000003,0,35.800000000000004
2021,9,19,14,30,790,2.2,0,36
2021,9,19,15,30,639,2.2,0,35.7
2021,9,19,16,30,443,2.3000000000000003,0,34.800000000000004
2021,9,19,17,30,224,1.8,0,32
2021,9,19,18,30,30,1.6,0,28.6
2021,9,19,19,30,0,2.1,0,27
2021,9,19,20,30,0,2.7,0,26.400000000000002
2021,9,19,21,30,0,3.4000000000000004,0,25.900000000000002
2021,9,19,22,30,0,3.9000000000000004,0,25.3
2021,9,19,23,30,0,4.1000000000000005,0,24.6
2021,9,20,0,30,0,4.1000000000000005,0,23.900000000000002
2021,9,20,1,30,0,4.2,0,23.3
2021,9,20,2,30,0,4.3,0,22.900000000000002
2021,9,20,3,30,0,4.1000000000000005,0,22.6
2021,9,20,4,30,0,3.9000000000000004,0,22.200000000000003
2021,9,20,5,30,0,3.8000000000000003,8,21.8
2021,9,20,6,30,2,4.1000000000000005,8,22.200000000000003
2021,9,20,7,30,142,4.4,7,24.3
2021,9,20,8,30,361,4.800000000000001,0,28
2021,9,20,9,30,502,5.2,8,31.900000000000002
2021,9,20,10,30,728,5.2,0,34.9
2021,9,20,11,30,828,4.7,0,37.1
2021,9,20,12,30,885,4.1000000000000005,0,38.400000000000006
2021,9,20,13,30,846,3.4000000000000004,0,39.2
2021,9,20,14,30,708,3,8,39.5
2021,9,20,15,30,623,2.7,0,39.2
2021,9,20,16,30,410,2.1,0,38.1
2021,9,20,17,30,176,1.3,8,35.5
2021,9,20,18,30,18,0.9,8,32.7
2021,9,20,19,30,0,1.2000000000000002,5,31.200000000000003
2021,9,20,20,30,0,1.8,5,29.8
2021,9,20,21,30,0,2.2,8,28.200000000000003
2021,9,20,22,30,0,2.4000000000000004,0,26.8
2021,9,20,23,30,0,3,0,25.6
2021,9,21,0,30,0,3.9000000000000004,0,24.5
2021,9,21,1,30,0,4.4,8,23.400000000000002
2021,9,21,2,30,0,4.7,8,22.400000000000002
2021,9,21,3,30,0,5.300000000000001,8,21.6
2021,9,21,4,30,0,5.9,7,20.700000000000003
2021,9,21,5,30,0,6.5,8,19.8
2021,9,21,6,30,2,7.1000000000000005,8,19.1
2021,9,21,7,30,98,7.800000000000001,8,19.3
2021,9,21,8,30,275,8,7,20.400000000000002
2021,9,21,9,30,425,8.200000000000001,7,22.200000000000003
2021,9,21,10,30,585,8.200000000000001,8,24.1
2021,9,21,11,30,657,8.1,7,25.8
2021,9,21,12,30,700,7.800000000000001,7,27
2021,9,21,13,30,674,7.4,7,27.8
2021,9,21,14,30,605,7,7,28.1
2021,9,21,15,30,545,6.6000000000000005,8,27.900000000000002
2021,9,21,16,30,381,6.300000000000001,8,27
2021,9,21,17,30,206,5.5,0,25.3
2021,9,21,18,30,19,4.1000000000000005,8,23.1
2021,9,21,19,30,0,3,8,21.1
2021,9,21,20,30,0,2.6,0,19.8
2021,9,21,21,30,0,2.5,0,18.7
2021,9,21,22,30,0,2.4000000000000004,0,17.7
2021,9,21,23,30,0,2.3000000000000003,0,16.7
2021,9,22,0,30,0,2.2,0,15.8
2021,9,22,1,30,0,2.1,0,15.100000000000001
2021,9,22,2,30,0,2,0,14.3
2021,9,22,3,30,0,1.7000000000000002,0,13.5
2021,9,22,4,30,0,1.5,0,12.8
2021,9,22,5,30,0,1.3,0,12.200000000000001
2021,9,22,6,30,3,1.7000000000000002,0,13
2021,9,22,7,30,158,2.4000000000000004,0,15.700000000000001
2021,9,22,8,30,383,3.2,0,19.200000000000003
2021,9,22,9,30,594,3.6,0,22
2021,9,22,10,30,762,3.3000000000000003,0,23.900000000000002
2021,9,22,11,30,874,3,0,25.5
2021,9,22,12,30,919,2.8000000000000003,0,26.8
2021,9,22,13,30,894,2.5,0,27.6
2021,9,22,14,30,800,2.3000000000000003,0,27.900000000000002
2021,9,22,15,30,645,2.2,0,27.700000000000003
2021,9,22,16,30,444,2.1,0,26.8
2021,9,22,17,30,220,1.6,0,24.3
2021,9,22,18,30,25,1.2000000000000002,0,20.900000000000002
2021,9,22,19,30,0,1.6,0,19
2021,9,22,20,30,0,1.9000000000000001,0,18.1
2021,9,22,21,30,0,2.2,0,17.3
2021,9,22,22,30,0,2.4000000000000004,0,16.5
2021,9,22,23,30,0,2.5,0,15.8
2021,9,23,0,30,0,2.6,0,15.100000000000001
2021,9,23,1,30,0,2.5,0,14.4
2021,9,23,2,30,0,2.4000000000000004,0,13.700000000000001
2021,9,23,3,30,0,2.4000000000000004,0,13.200000000000001
2021,9,23,4,30,0,2.3000000000000003,0,12.8
2021,9,23,5,30,0,2.2,0,12.4
2021,9,23,6,30,3,2.7,0,13.100000000000001
2021,9,23,7,30,154,3.3000000000000003,0,15.600000000000001
2021,9,23,8,30,379,3.8000000000000003,0,19.8
2021,9,23,9,30,589,4.5,0,24.1
2021,9,23,10,30,733,4.5,0,26.900000000000002
2021,9,23,11,30,871,4.3,0,28.900000000000002
2021,9,23,12,30,915,4.2,0,30.3
2021,9,23,13,30,889,4,0,31.200000000000003
2021,9,23,14,30,736,3.9000000000000004,0,31.5
2021,9,23,15,30,632,3.7,0,31.1
2021,9,23,16,30,418,3.2,0,29.8
2021,9,23,17,30,209,2.2,0,26.8
2021,9,23,18,30,19,1.9000000000000001,0,23.900000000000002
2021,9,23,19,30,0,2.4000000000000004,0,22.8
2021,9,23,20,30,0,2.8000000000000003,0,21.8
2021,9,23,21,30,0,3,0,20.6
2021,9,23,22,30,0,3,0,19.400000000000002
2021,9,23,23,30,0,2.9000000000000004,0,18.3
2021,9,24,0,30,0,2.7,3,17.400000000000002
2021,9,24,1,30,0,2.6,0,16.900000000000002
2021,9,24,2,30,0,2.5,0,16.400000000000002
2021,9,24,3,30,0,2.5,8,16
2021,9,24,4,30,0,2.6,3,15.8
2021,9,24,5,30,0,2.7,8,15.700000000000001
2021,9,24,6,30,1,3.1,8,16.2
2021,9,24,7,30,84,3.6,8,17.7
2021,9,24,8,30,241,4.3,8,20.3
2021,9,24,9,30,300,5,8,23.8
2021,9,24,10,30,544,4.7,7,27.200000000000003
2021,9,24,11,30,814,4.1000000000000005,0,29.6
2021,9,24,12,30,808,3.7,0,31
2021,9,24,13,30,857,3.5,0,31.6
2021,9,24,14,30,738,3.4000000000000004,0,31.5
2021,9,24,15,30,622,3.2,0,31
2021,9,24,16,30,423,2.8000000000000003,0,30
2021,9,24,17,30,203,1.9000000000000001,0,27.200000000000003
2021,9,24,18,30,19,1.5,0,23.700000000000003
2021,9,24,19,30,0,1.8,0,22.200000000000003
2021,9,24,20,30,0,2.1,0,21.400000000000002
2021,9,24,21,30,0,2.3000000000000003,0,20.5
2021,9,24,22,30,0,2.4000000000000004,0,19.700000000000003
2021,9,24,23,30,0,2.3000000000000003,0,18.8
2021,9,25,0,30,0,2.2,0,18.1
2021,9,25,1,30,0,2.1,0,17.400000000000002
2021,9,25,2,30,0,2,0,16.8
2021,9,25,3,30,0,1.8,0,16.1
2021,9,25,4,30,0,1.6,8,15.5
2021,9,25,5,30,0,1.4000000000000001,8,15.100000000000001
2021,9,25,6,30,2,1.7000000000000002,0,15.9
2021,9,25,7,30,143,2.1,0,18.3
2021,9,25,8,30,362,2.1,0,22.200000000000003
2021,9,25,9,30,568,2.2,0,26.3
2021,9,25,10,30,734,2.9000000000000004,0,28.8
2021,9,25,11,30,833,3.4000000000000004,0,30.3
2021,9,25,12,30,890,3.6,0,31.3
2021,9,25,13,30,861,3.6,0,31.900000000000002
2021,9,25,14,30,662,3.5,8,31.900000000000002
2021,9,25,15,30,477,3.4000000000000004,7,31.5
2021,9,25,16,30,265,3.2,7,30.3
2021,9,25,17,30,135,2.2,7,27.5
2021,9,25,18,30,11,1.6,7,24.3
2021,9,25,19,30,0,1.9000000000000001,8,23
2021,9,25,20,30,0,2.4000000000000004,8,22.700000000000003
2021,9,25,21,30,0,2.7,7,22.1
2021,9,25,22,30,0,2.7,7,21.1
2021,9,25,23,30,0,2.5,0,20
2021,9,26,0,30,0,2.6,0,19.3
2021,9,26,1,30,0,2.6,0,18.900000000000002
2021,9,26,2,30,0,2.3000000000000003,3,18.400000000000002
2021,9,26,3,30,0,2.1,0,18.1
2021,9,26,4,30,0,2.1,0,17.8
2021,9,26,5,30,0,2.1,0,17.5
2021,9,26,6,30,2,2.5,0,17.8
2021,9,26,7,30,140,3.4000000000000004,0,19.400000000000002
2021,9,26,8,30,356,4.4,0,22.1
2021,9,26,9,30,560,4.800000000000001,0,24.6
2021,9,26,10,30,628,4.5,0,26.400000000000002
2021,9,26,11,30,809,4.2,0,28
2021,9,26,12,30,872,4,0,29.5
2021,9,26,13,30,843,3.7,0,30.700000000000003
2021,9,26,14,30,746,3.5,0,31.1
2021,9,26,15,30,592,3.4000000000000004,0,30.900000000000002
2021,9,26,16,30,397,3.2,0,30.200000000000003
2021,9,26,17,30,157,2.5,8,27.900000000000002
2021,9,26,18,30,10,2.4000000000000004,8,25.3
2021,9,26,19,30,0,3.3000000000000003,8,24.200000000000003
2021,9,26,20,30,0,3.8000000000000003,0,23.400000000000002
2021,9,26,21,30,0,3.8000000000000003,0,22.3
2021,9,26,22,30,0,3.5,8,21.3
2021,9,26,23,30,0,2.9000000000000004,0,20.400000000000002
2021,9,27,0,30,0,2.4000000000000004,0,19.6
2021,9,27,1,30,0,2.3000000000000003,8,19.1
2021,9,27,2,30,0,2.4000000000000004,7,19.1
2021,9,27,3,30,0,2.3000000000000003,7,19
2021,9,27,4,30,0,2,7,19
2021,9,27,5,30,0,1.8,8,19
2021,9,27,6,30,1,1.9000000000000001,8,19.400000000000002
2021,9,27,7,30,95,2.2,8,21
2021,9,27,8,30,106,1.8,7,23.5
2021,9,27,9,30,118,1.3,8,26.3
2021,9,27,10,30,72,1.8,8,28.400000000000002
2021,9,27,11,30,524,2.5,8,29.5
2021,9,27,12,30,773,3,0,30.200000000000003
2021,9,27,13,30,826,3.1,0,30.8
2021,9,27,14,30,736,3.2,0,31.3
2021,9,27,15,30,587,3.4000000000000004,0,31.3
2021,9,27,16,30,392,3.5,0,30.6
2021,9,27,17,30,171,3,0,28.700000000000003
2021,9,27,18,30,8,2.8000000000000003,7,26.5
2021,9,27,19,30,0,3.4000000000000004,8,25.5
2021,9,27,20,30,0,3.7,8,24.900000000000002
2021,9,27,21,30,0,3.5,8,24.200000000000003
2021,9,27,22,30,0,3.3000000000000003,5,23.6
2021,9,27,23,30,0,3.1,0,23.200000000000003
2021,9,28,0,30,0,2.9000000000000004,5,22.700000000000003
2021,9,28,1,30,0,2.7,8,22.200000000000003
2021,9,28,2,30,0,2.5,8,21.5
2021,9,28,3,30,0,2.3000000000000003,5,20.900000000000002
2021,9,28,4,30,0,2.3000000000000003,3,20.400000000000002
2021,9,28,5,30,0,2.5,0,19.900000000000002
2021,9,28,6,30,0,2.9000000000000004,0,20.1
2021,9,28,7,30,125,3.5,0,21.8
2021,9,28,8,30,334,3.9000000000000004,0,25.1
2021,9,28,9,30,534,3.8000000000000003,0,28.8
2021,9,28,10,30,695,3.5,0,31.400000000000002
2021,9,28,11,30,806,3.4000000000000004,0,33.1
2021,9,28,12,30,573,3.4000000000000004,8,34.1
2021,9,28,13,30,428,3.7,8,34.6
2021,9,28,14,30,541,3.9000000000000004,7,34.5
2021,9,28,15,30,527,3.9000000000000004,8,33.800000000000004
2021,9,28,16,30,343,3.4000000000000004,0,32.6
2021,9,28,17,30,167,2.1,0,30
2021,9,28,18,30,9,1.2000000000000002,0,27.3
2021,9,28,19,30,0,1.1,0,25.900000000000002
2021,9,28,20,30,0,1.3,0,25.1
2021,9,28,21,30,0,1.5,0,24.3
2021,9,28,22,30,0,1.9000000000000001,0,23.400000000000002
2021,9,28,23,30,0,2.3000000000000003,0,22.6
2021,9,29,0,30,0,2.5,0,21.8
2021,9,29,1,30,0,2.7,0,21.200000000000003
2021,9,29,2,30,0,3.1,4,20.700000000000003
2021,9,29,3,30,0,3.4000000000000004,0,20.200000000000003
2021,9,29,4,30,0,3.5,0,19.8
2021,9,29,5,30,0,3.6,0,19.400000000000002
2021,9,29,6,30,0,3.9000000000000004,0,19.6
2021,9,29,7,30,125,4.9,0,21.3
2021,9,29,8,30,336,5.7,0,24.3
2021,9,29,9,30,536,5.5,0,27.400000000000002
2021,9,29,10,30,698,4.9,0,29.8
2021,9,29,11,30,809,4.3,0,31.5
2021,9,29,12,30,855,3.9000000000000004,0,32.800000000000004
2021,9,29,13,30,829,3.5,0,33.6
2021,9,29,14,30,734,3.3000000000000003,0,33.800000000000004
2021,9,29,15,30,539,3,0,33.6
2021,9,29,16,30,386,2.3000000000000003,0,32.7
2021,9,29,17,30,171,1.4000000000000001,0,30.200000000000003
2021,9,29,18,30,9,1,0,27.400000000000002
2021,9,29,19,30,0,1.3,0,25.8
2021,9,29,20,30,0,1.6,0,24.900000000000002
2021,9,29,21,30,0,2.3000000000000003,0,24.5
2021,9,29,22,30,0,3.3000000000000003,3,24.200000000000003
2021,9,29,23,30,0,3.9000000000000004,0,23.8
2021,9,30,0,30,0,4,0,23.200000000000003
2021,9,30,1,30,0,3.8000000000000003,0,22.5
2021,9,30,2,30,0,3.4000000000000004,0,21.8
2021,9,30,3,30,0,3.1,0,21.1
2021,9,30,4,30,0,2.7,0,20.5
2021,9,30,5,30,0,2.3000000000000003,8,19.900000000000002
2021,9,30,6,30,0,2.4000000000000004,8,20.200000000000003
2021,9,30,7,30,61,3,7,22
2021,9,30,8,30,255,3.3000000000000003,8,24.700000000000003
2021,9,30,9,30,530,2.8000000000000003,0,27.200000000000003
2021,9,30,10,30,599,1.9000000000000001,0,28.900000000000002
2021,9,30,11,30,578,1.4000000000000001,8,30.1
2021,9,30,12,30,55,1.6,6,30.8
2021,9,30,13,30,518,2,8,31.1
2021,9,30,14,30,691,2.5,0,30.8
2021,9,30,15,30,467,3.1,8,29.900000000000002
2021,9,30,16,30,298,3.9000000000000004,8,28.400000000000002
2021,9,30,17,30,59,4.6000000000000005,6,26.5
2021,9,30,18,30,4,5.2,6,24.400000000000002
2021,9,30,19,30,0,5.4,6,22.8
2021,9,30,20,30,0,5.2,6,21.6
2021,9,30,21,30,0,4.7,6,20.900000000000002
2021,9,30,22,30,0,3.9000000000000004,7,20.400000000000002
2021,9,30,23,30,0,3.5,7,20.1
2021,10,1,0,30,0,3.4000000000000004,7,19.700000000000003
2021,10,1,1,30,0,3.2,6,19.6
2021,10,1,2,30,0,3.2,0,19.5
2021,10,1,3,30,0,3.5,0,19.400000000000002
2021,10,1,4,30,0,3.6,0,19.3
2021,10,1,5,30,0,3.6,0,19.1
2021,10,1,6,30,0,3.5,3,19.200000000000003
2021,10,1,7,30,54,3.4000000000000004,3,19.8
2021,10,1,8,30,85,3.6,3,21.200000000000003
2021,10,1,9,30,292,3.9000000000000004,3,22.900000000000002
2021,10,1,10,30,335,4,3,24.5
2021,10,1,11,30,384,3.8000000000000003,3,25.8
2021,10,1,12,30,542,3.4000000000000004,3,26.6
2021,10,1,13,30,592,2.9000000000000004,3,27
2021,10,1,14,30,163,2.4000000000000004,3,26.900000000000002
2021,10,1,15,30,192,2,3,26.400000000000002
2021,10,1,16,30,149,1.7000000000000002,5,25.3
2021,10,1,17,30,46,1.2000000000000002,8,23.8
2021,10,1,18,30,2,0.8,4,22.400000000000002
2021,10,1,19,30,0,0.9,0,21.400000000000002
2021,10,1,20,30,0,0.9,3,20.700000000000003
2021,10,1,21,30,0,0.9,3,19.900000000000002
2021,10,1,22,30,0,0.7000000000000001,3,19.3
2021,10,1,23,30,0,0.6000000000000001,5,18.8
2021,10,2,0,30,0,0.5,3,18.3
2021,10,2,1,30,0,0.5,3,17.7
2021,10,2,2,30,0,0.5,5,17.3
2021,10,2,3,30,0,0.5,0,17.1
2021,10,2,4,30,0,0.6000000000000001,0,16.8
2021,10,2,5,30,0,1,0,16.400000000000002
2021,10,2,6,30,0,1.7000000000000002,0,16.5
2021,10,2,7,30,120,2.3000000000000003,0,17.900000000000002
2021,10,2,8,30,329,2.4000000000000004,0,20.8
2021,10,2,9,30,537,2.3000000000000003,0,23.900000000000002
2021,10,2,10,30,627,2.2,0,26
2021,10,2,11,30,807,2.2,0,27.5
2021,10,2,12,30,842,2.2,0,28.400000000000002
2021,10,2,13,30,820,2.3000000000000003,0,29
2021,10,2,14,30,725,2.3000000000000003,0,29.200000000000003
2021,10,2,15,30,449,2.3000000000000003,3,28.900000000000002
2021,10,2,16,30,373,2,0,28
2021,10,2,17,30,159,1.4000000000000001,0,25.900000000000002
2021,10,2,18,30,6,1.1,0,23.8
2021,10,2,19,30,0,1.5,3,22.700000000000003
2021,10,2,20,30,0,1.8,0,21.8
2021,10,2,21,30,0,1.8,0,20.900000000000002
2021,10,2,22,30,0,1.7000000000000002,0,19.900000000000002
2021,10,2,23,30,0,1.4000000000000001,0,19
2021,10,3,0,30,0,1.2000000000000002,0,18.1
2021,10,3,1,30,0,1,0,17.400000000000002
2021,10,3,2,30,0,0.9,0,16.900000000000002
2021,10,3,3,30,0,0.9,0,16.400000000000002
2021,10,3,4,30,0,1,0,15.8
2021,10,3,5,30,0,1.1,0,15.3
2021,10,3,6,30,0,1.8,0,15.600000000000001
2021,10,3,7,30,115,2.5,0,17.6
2021,10,3,8,30,310,2.9000000000000004,0,21.1
2021,10,3,9,30,469,3.2,8,24.400000000000002
2021,10,3,10,30,621,3.1,8,26.200000000000003
2021,10,3,11,30,705,2.9000000000000004,8,27.6
2021,10,3,12,30,841,2.7,0,28.5
2021,10,3,13,30,826,2.7,0,28.900000000000002
2021,10,3,14,30,730,2.8000000000000003,0,28.8
2021,10,3,15,30,520,2.9000000000000004,8,28.400000000000002
2021,10,3,16,30,376,2.6,0,27.3
2021,10,3,17,30,158,1.9000000000000001,0,24.8
2021,10,3,18,30,5,1.7000000000000002,0,22.200000000000003
2021,10,3,19,30,0,1.9000000000000001,0,20.900000000000002
2021,10,3,20,30,0,1.9000000000000001,0,20
2021,10,3,21,30,0,1.7000000000000002,0,19.1
2021,10,3,22,30,0,1.5,0,18.3
2021,10,3,23,30,0,1.3,0,17.5
2021,10,4,0,30,0,1.1,0,17
2021,10,4,1,30,0,1,0,16.7
2021,10,4,2,30,0,1,0,16.5
2021,10,4,3,30,0,1,0,16.2
2021,10,4,4,30,0,1,0,15.8
2021,10,4,5,30,0,1.1,0,15.4
2021,10,4,6,30,0,1.2000000000000002,0,16
2021,10,4,7,30,124,1.8,0,18.400000000000002
2021,10,4,8,30,338,2.1,0,22.200000000000003
2021,10,4,9,30,543,1.4000000000000001,0,25.900000000000002
2021,10,4,10,30,707,1,0,28.5
2021,10,4,11,30,813,0.9,0,29.900000000000002
2021,10,4,12,30,853,0.9,0,30.900000000000002
2021,10,4,13,30,823,0.8,0,31.3
2021,10,4,14,30,725,0.8,0,31.400000000000002
2021,10,4,15,30,568,0.9,0,31
2021,10,4,16,30,370,0.9,0,30
2021,10,4,17,30,154,1,0,27.3
2021,10,4,18,30,3,1.3,0,24.200000000000003
2021,10,4,19,30,0,1.9000000000000001,0,22.5
2021,10,4,20,30,0,2.6,0,21.6
2021,10,4,21,30,0,3,0,20.700000000000003
2021,10,4,22,30,0,3.1,0,20
2021,10,4,23,30,0,3.1,0,19.3
2021,10,5,0,30,0,3.1,0,18.8
2021,10,5,1,30,0,3,0,18.400000000000002
2021,10,5,2,30,0,2.9000000000000004,0,18.1
2021,10,5,3,30,0,2.8000000000000003,0,17.8
2021,10,5,4,30,0,2.6,0,17.6
2021,10,5,5,30,0,2.3000000000000003,0,17.400000000000002
2021,10,5,6,30,0,2.4000000000000004,0,17.5
2021,10,5,7,30,119,2.7,0,18.8
2021,10,5,8,30,331,2.5,0,21.6
2021,10,5,9,30,533,2.3000000000000003,0,25.200000000000003
2021,10,5,10,30,679,2,0,28.200000000000003
2021,10,5,11,30,800,1.6,0,30.1
2021,10,5,12,30,840,1.2000000000000002,0,31.5
2021,10,5,13,30,762,1,0,32.300000000000004
2021,10,5,14,30,688,1,0,32.6
2021,10,5,15,30,520,1.2000000000000002,7,32.2
2021,10,5,16,30,315,1.5,0,31
2021,10,5,17,30,90,1.9000000000000001,3,28.1
2021,10,5,18,30,2,2.9000000000000004,0,25.1
2021,10,5,19,30,0,3.8000000000000003,0,23.3
2021,10,5,20,30,0,4.1000000000000005,0,21.900000000000002
2021,10,5,21,30,0,4,0,20.6
2021,10,5,22,30,0,3.8000000000000003,0,19.6
2021,10,5,23,30,0,3.5,0,18.7
2021,10,6,0,30,0,3.1,0,17.900000000000002
2021,10,6,1,30,0,2.8000000000000003,0,17.2
2021,10,6,2,30,0,2.4000000000000004,0,16.6
2021,10,6,3,30,0,1.9000000000000001,0,16
2021,10,6,4,30,0,1.5,0,15.4
2021,10,6,5,30,0,1.3,0,14.8
2021,10,6,6,30,0,1.6,0,15.100000000000001
2021,10,6,7,30,115,2.1,0,16.900000000000002
2021,10,6,8,30,326,2.7,0,20.400000000000002
2021,10,6,9,30,528,3.1,0,24.3
2021,10,6,10,30,690,3.1,0,27
2021,10,6,11,30,796,3,0,28.900000000000002
2021,10,6,12,30,835,2.7,0,30.1
2021,10,6,13,30,804,2.6,0,30.8
2021,10,6,14,30,706,2.6,0,31
2021,10,6,15,30,552,2.9000000000000004,0,30.6
2021,10,6,16,30,354,3.1,0,29.400000000000002
2021,10,6,17,30,142,2.9000000000000004,0,26.700000000000003
2021,10,6,18,30,2,3.1,0,24
2021,10,6,19,30,0,3.7,0,22.700000000000003
2021,10,6,20,30,0,3.8000000000000003,0,21.700000000000003
2021,10,6,21,30,0,3.6,0,20.700000000000003
2021,10,6,22,30,0,3.4000000000000004,0,20
2021,10,6,23,30,0,3.1,0,19.400000000000002
2021,10,7,0,30,0,2.8000000000000003,0,18.8
2021,10,7,1,30,0,2.7,0,18.400000000000002
2021,10,7,2,30,0,2.7,0,18.1
2021,10,7,3,30,0,2.8000000000000003,0,17.8
2021,10,7,4,30,0,3,0,17.5
2021,10,7,5,30,0,3.2,0,17.2
2021,10,7,6,30,0,3.6,0,17.3
2021,10,7,7,30,115,4.1000000000000005,0,19
2021,10,7,8,30,327,4.3,0,22.5
2021,10,7,9,30,530,4.5,0,26.6
2021,10,7,10,30,692,4.5,0,30.3
2021,10,7,11,30,796,4.3,0,32.9
2021,10,7,12,30,834,4.1000000000000005,0,34.4
2021,10,7,13,30,803,3.9000000000000004,0,35
2021,10,7,14,30,652,3.8000000000000003,0,35.1
2021,10,7,15,30,487,3.7,7,34.6
2021,10,7,16,30,349,3.1,0,32.9
2021,10,7,17,30,136,2.4000000000000004,0,29.6
2021,10,7,18,30,2,2.9000000000000004,0,27
2021,10,7,19,30,0,3.8000000000000003,0,25.8
2021,10,7,20,30,0,4.3,0,24.6
2021,10,7,21,30,0,4.7,0,23.6
2021,10,7,22,30,0,4.800000000000001,0,22.900000000000002
2021,10,7,23,30,0,4.7,8,22.200000000000003
2021,10,8,0,30,0,4.4,7,21.5
2021,10,8,1,30,0,4,0,20.700000000000003
2021,10,8,2,30,0,3.7,0,20
2021,10,8,3,30,0,3.6,0,19.5
2021,10,8,4,30,0,3.7,0,19.1
2021,10,8,5,30,0,3.7,0,18.6
2021,10,8,6,30,0,3.9000000000000004,0,18.5
2021,10,8,7,30,106,4.3,0,20
2021,10,8,8,30,292,5,0,23.3
2021,10,8,9,30,520,5.7,0,27.1
2021,10,8,10,30,680,5.800000000000001,0,30.3
2021,10,8,11,30,777,5.7,0,32.6
2021,10,8,12,30,826,5.5,0,34.1
2021,10,8,13,30,795,5.300000000000001,0,35
2021,10,8,14,30,663,5.1000000000000005,0,35.1
2021,10,8,15,30,531,4.9,0,34.6
2021,10,8,16,30,203,4.2,7,33
2021,10,8,17,30,129,3.6,0,30
2021,10,8,18,30,0,4,7,27.400000000000002
2021,10,8,19,30,0,4.6000000000000005,0,25.8
2021,10,8,20,30,0,4.5,8,24.3
2021,10,8,21,30,0,4.4,0,23.1
2021,10,8,22,30,0,4.3,8,22.1
2021,10,8,23,30,0,4.1000000000000005,0,21.400000000000002
2021,10,9,0,30,0,4,8,20.900000000000002
2021,10,9,1,30,0,3.9000000000000004,0,20.3
2021,10,9,2,30,0,3.9000000000000004,8,19.700000000000003
2021,10,9,3,30,0,3.9000000000000004,0,19.1
2021,10,9,4,30,0,4,8,18.5
2021,10,9,5,30,0,3.9000000000000004,0,18
2021,10,9,6,30,0,3.9000000000000004,0,17.7
2021,10,9,7,30,111,4.1000000000000005,0,18.900000000000002
2021,10,9,8,30,323,4.6000000000000005,0,22.200000000000003
2021,10,9,9,30,526,5,0,26.400000000000002
2021,10,9,10,30,688,5.2,0,30.400000000000002
2021,10,9,11,30,793,5.300000000000001,0,33.7
2021,10,9,12,30,833,5.300000000000001,0,35.7
2021,10,9,13,30,802,5.300000000000001,0,36.5
2021,10,9,14,30,703,5.300000000000001,0,36.5
2021,10,9,15,30,546,5.300000000000001,0,35.800000000000004
2021,10,9,16,30,346,5,0,34.1
2021,10,9,17,30,131,4.5,0,30.8
2021,10,9,18,30,0,4.6000000000000005,0,27.6
2021,10,9,19,30,0,4.9,0,25.700000000000003
2021,10,9,20,30,0,4.800000000000001,0,24.1
2021,10,9,21,30,0,4.7,0,22.8
2021,10,9,22,30,0,4.5,0,21.8
2021,10,9,23,30,0,4.3,0,20.900000000000002
2021,10,10,0,30,0,4.2,0,20.200000000000003
2021,10,10,1,30,0,4.2,0,19.400000000000002
2021,10,10,2,30,0,4.2,0,18.8
2021,10,10,3,30,0,4.2,0,18.400000000000002
2021,10,10,4,30,0,4.3,0,18.1
2021,10,10,5,30,0,4.4,0,17.8
2021,10,10,6,30,0,4.5,0,17.900000000000002
2021,10,10,7,30,108,5,0,19.5
2021,10,10,8,30,318,5.5,0,23
2021,10,10,9,30,519,6,0,27.400000000000002
2021,10,10,10,30,680,6.7,0,31
2021,10,10,11,30,784,7.6000000000000005,0,32.9
2021,10,10,12,30,824,8.6,0,33.2
2021,10,10,13,30,795,9.5,0,32.6
2021,10,10,14,30,678,10.100000000000001,0,31.1
2021,10,10,15,30,518,10,0,29
2021,10,10,16,30,349,9,0,26.900000000000002
2021,10,10,17,30,131,7.1000000000000005,0,24.6
2021,10,10,18,30,0,5.5,0,22.200000000000003
2021,10,10,19,30,0,5.1000000000000005,0,20.400000000000002
2021,10,10,20,30,0,5.6000000000000005,0,18.7
2021,10,10,21,30,0,5.7,0,17
2021,10,10,22,30,0,5.1000000000000005,0,15.700000000000001
2021,10,10,23,30,0,4.1000000000000005,0,14.8
2021,10,11,0,30,0,3.1,0,14.100000000000001
2021,10,11,1,30,0,2.2,0,13.3
2021,10,11,2,30,0,1.5,0,12.5
2021,10,11,3,30,0,1.3,0,12
2021,10,11,4,30,0,1.1,0,11.600000000000001
2021,10,11,5,30,0,1.1,0,11.4
2021,10,11,6,30,0,1.3,0,11.9
2021,10,11,7,30,114,2.1,0,14.200000000000001
2021,10,11,8,30,332,2.3000000000000003,0,18
2021,10,11,9,30,538,1.7000000000000002,0,22.1
2021,10,11,10,30,700,2.1,0,25
2021,10,11,11,30,805,2.8000000000000003,0,26.900000000000002
2021,10,11,12,30,843,3.5,0,28.3
2021,10,11,13,30,810,3.9000000000000004,0,29.200000000000003
2021,10,11,14,30,710,4.2,0,29.5
2021,10,11,15,30,548,4.3,0,29.3
2021,10,11,16,30,345,3.8000000000000003,0,28
2021,10,11,17,30,127,2.8000000000000003,0,24.700000000000003
2021,10,11,18,30,0,2.9000000000000004,0,21.900000000000002
2021,10,11,19,30,0,4,0,21.200000000000003
2021,10,11,20,30,0,4.7,0,20.400000000000002
2021,10,11,21,30,0,4.7,0,19.400000000000002
2021,10,11,22,30,0,4.6000000000000005,0,18.5
2021,10,11,23,30,0,4.6000000000000005,0,18
2021,10,12,0,30,0,4.7,0,17.7
2021,10,12,1,30,0,5.1000000000000005,0,17.8
2021,10,12,2,30,0,5.300000000000001,3,17.900000000000002
2021,10,12,3,30,0,4.9,0,17.900000000000002
2021,10,12,4,30,0,4.5,0,17.8
2021,10,12,5,30,0,4.4,0,18
2021,10,12,6,30,0,4.7,0,18.400000000000002
2021,10,12,7,30,99,5.6000000000000005,0,19.900000000000002
2021,10,12,8,30,304,6.6000000000000005,0,22.8
2021,10,12,9,30,512,7.2,0,26.200000000000003
2021,10,12,10,30,675,7.2,0,29
2021,10,12,11,30,781,7.1000000000000005,0,31
2021,10,12,12,30,818,7.2,0,32.300000000000004
2021,10,12,13,30,747,7.4,0,33.300000000000004
2021,10,12,14,30,552,7.5,8,33.7
2021,10,12,15,30,524,7.4,0,33.6
2021,10,12,16,30,319,6.800000000000001,0,32.6
2021,10,12,17,30,117,6.1000000000000005,0,30.200000000000003
2021,10,12,18,30,0,6.6000000000000005,0,27.8
2021,10,12,19,30,0,7.9,0,26.400000000000002
2021,10,12,20,30,0,8.8,0,25.400000000000002
2021,10,12,21,30,0,9,0,24.900000000000002
2021,10,12,22,30,0,8.5,0,24.6
2021,10,12,23,30,0,7.5,8,24.200000000000003
2021,10,13,0,30,0,5.800000000000001,8,23.5
2021,10,13,1,30,0,4.2,8,22.400000000000002
2021,10,13,2,30,0,2.8000000000000003,7,21.1
2021,10,13,3,30,0,2.1,0,20
2021,10,13,4,30,0,2.4000000000000004,8,19
2021,10,13,5,30,0,2.6,7,17.8
2021,10,13,6,30,0,2.1,7,16.6
2021,10,13,7,30,66,2.1,8,16.7
2021,10,13,8,30,156,2.7,8,18.2
2021,10,13,9,30,191,2.8000000000000003,8,20.1
2021,10,13,10,30,235,2.6,7,22
2021,10,13,11,30,441,2.7,7,23.8
2021,10,13,12,30,292,3,7,25.1
2021,10,13,13,30,285,2.9000000000000004,7,26
2021,10,13,14,30,250,2.6,7,26.5
2021,10,13,15,30,138,2.3000000000000003,7,26.5
2021,10,13,16,30,173,1.9000000000000001,7,25.5
2021,10,13,17,30,35,1.4000000000000001,5,22.5
2021,10,13,18,30,0,1.5,5,19.6
2021,10,13,19,30,0,1.9000000000000001,0,18.3
2021,10,13,20,30,0,2.2,0,17.5
2021,10,13,21,30,0,2.3000000000000003,0,16.8
2021,10,13,22,30,0,2.2,0,16.2
2021,10,13,23,30,0,2,0,15.700000000000001
2021,10,14,0,30,0,1.8,0,15.4
2021,10,14,1,30,0,1.7000000000000002,0,15.200000000000001
2021,10,14,2,30,0,1.7000000000000002,0,15
2021,10,14,3,30,0,1.4000000000000001,0,14.8
2021,10,14,4,30,0,1.1,0,14.600000000000001
2021,10,14,5,30,0,0.9,0,14.4
2021,10,14,6,30,0,1,0,14.600000000000001
2021,10,14,7,30,99,1.2000000000000002,0,16
2021,10,14,8,30,306,1.7000000000000002,0,18.8
2021,10,14,9,30,504,2.7,0,22.6
2021,10,14,10,30,663,3.6,0,26.1
2021,10,14,11,30,766,4.1000000000000005,0,28.6
2021,10,14,12,30,807,4.5,0,30.1
2021,10,14,13,30,779,4.9,0,30.900000000000002
2021,10,14,14,30,685,5.1000000000000005,0,31.1
2021,10,14,15,30,531,5.1000000000000005,0,30.700000000000003
2021,10,14,16,30,331,4.1000000000000005,0,29
2021,10,14,17,30,115,2.5,0,24.900000000000002
2021,10,14,18,30,0,1.9000000000000001,0,21.3
2021,10,14,19,30,0,1.8,0,19.8
2021,10,14,20,30,0,1.9000000000000001,0,18.8
2021,10,14,21,30,0,2.2,0,17.900000000000002
2021,10,14,22,30,0,2.5,0,17.1
2021,10,14,23,30,0,2.6,0,16.2
2021,10,15,0,30,0,2.5,0,15.100000000000001
2021,10,15,1,30,0,2.3000000000000003,0,14.100000000000001
2021,10,15,2,30,0,2.2,0,13.100000000000001
2021,10,15,3,30,0,2.1,0,12.200000000000001
2021,10,15,4,30,0,2.2,0,11.3
2021,10,15,5,30,0,2.8000000000000003,0,10.600000000000001
2021,10,15,6,30,0,3.8000000000000003,0,10.3
2021,10,15,7,30,103,5.2,0,11
2021,10,15,8,30,319,6.300000000000001,0,13.100000000000001
2021,10,15,9,30,523,6.5,0,15.5
2021,10,15,10,30,687,6.300000000000001,0,18
2021,10,15,11,30,792,5.9,0,20.1
2021,10,15,12,30,828,5.5,0,21.6
2021,10,15,13,30,795,5.300000000000001,0,22.400000000000002
2021,10,15,14,30,693,5.2,0,22.6
2021,10,15,15,30,535,5.1000000000000005,0,22.200000000000003
2021,10,15,16,30,331,4.7,0,21
2021,10,15,17,30,113,3.5,0,18.3
2021,10,15,18,30,0,2.6,0,15.600000000000001
2021,10,15,19,30,0,2.6,0,14.3
2021,10,15,20,30,0,2.5,0,13.3
2021,10,15,21,30,0,2.3000000000000003,0,12.3
2021,10,15,22,30,0,2.2,0,11.5
2021,10,15,23,30,0,2,0,10.600000000000001
2021,10,16,0,30,0,1.8,0,9.8
2021,10,16,1,30,0,1.7000000000000002,0,9.1
2021,10,16,2,30,0,1.6,0,8.4
2021,10,16,3,30,0,1.4000000000000001,0,7.800000000000001
2021,10,16,4,30,0,1.2000000000000002,0,7.300000000000001
2021,10,16,5,30,0,1.1,0,7.1000000000000005
2021,10,16,6,30,0,0.9,0,7.5
2021,10,16,7,30,104,0.8,0,9.600000000000001
2021,10,16,8,30,323,1.4000000000000001,0,13.200000000000001
2021,10,16,9,30,530,2.6,0,16.6
2021,10,16,10,30,695,3.2,0,18.8
2021,10,16,11,30,800,3.2,0,20.3
2021,10,16,12,30,837,3.2,0,21.400000000000002
2021,10,16,13,30,803,3.1,0,22.1
2021,10,16,14,30,700,3.1,0,22.3
2021,10,16,15,30,536,3,0,21.900000000000002
2021,10,16,16,30,328,2.5,0,20.6
2021,10,16,17,30,110,1.7000000000000002,0,17.3
2021,10,16,18,30,0,1.5,0,14.200000000000001
2021,10,16,19,30,0,1.6,0,13
2021,10,16,20,30,0,1.6,0,12.100000000000001
2021,10,16,21,30,0,1.6,0,11.200000000000001
2021,10,16,22,30,0,1.5,8,10.4
2021,10,16,23,30,0,1.5,0,9.8
2021,10,17,0,30,0,1.5,8,9.5
2021,10,17,1,30,0,1.5,8,9.4
2021,10,17,2,30,0,1.6,8,9.3
2021,10,17,3,30,0,1.6,8,9.3
2021,10,17,4,30,0,1.5,0,9.3
2021,10,17,5,30,0,1.5,8,9.3
2021,10,17,6,30,0,1.6,8,9.5
2021,10,17,7,30,52,2.1,8,10.700000000000001
2021,10,17,8,30,198,2.7,8,13.200000000000001
2021,10,17,9,30,346,3.1,8,16.400000000000002
2021,10,17,10,30,612,3.3000000000000003,0,19
2021,10,17,11,30,712,3.3000000000000003,0,20.1
2021,10,17,12,30,809,3.5,0,20.8
2021,10,17,13,30,701,3.6,8,21.5
2021,10,17,14,30,666,3.7,0,21.8
2021,10,17,15,30,510,3.8000000000000003,0,21.6
2021,10,17,16,30,261,3.3000000000000003,0,20.5
2021,10,17,17,30,88,2.3000000000000003,0,17.8
2021,10,17,18,30,0,1.9000000000000001,0,15.3
2021,10,17,19,30,0,2,0,14.5
2021,10,17,20,30,0,2.1,0,14
2021,10,17,21,30,0,2.1,0,13.5
2021,10,17,22,30,0,2.2,0,13.100000000000001
2021,10,17,23,30,0,2.1,0,12.700000000000001
2021,10,18,0,30,0,2.1,0,12.200000000000001
2021,10,18,1,30,0,2.2,0,11.8
2021,10,18,2,30,0,2.3000000000000003,0,11.5
2021,10,18,3,30,0,2.5,0,11.200000000000001
2021,10,18,4,30,0,2.5,0,10.9
2021,10,18,5,30,0,2.5,8,10.600000000000001
2021,10,18,6,30,0,3,0,10.8
2021,10,18,7,30,77,3.9000000000000004,0,12.200000000000001
2021,10,18,8,30,222,5.1000000000000005,0,14.9
2021,10,18,9,30,415,5.7,0,17.7
2021,10,18,10,30,402,5.6000000000000005,7,19.900000000000002
2021,10,18,11,30,592,5.5,7,21.8
2021,10,18,12,30,727,5.4,0,24.1
2021,10,18,13,30,678,5.4,0,25.900000000000002
2021,10,18,14,30,575,5.2,8,26.3
2021,10,18,15,30,386,5.1000000000000005,8,25.700000000000003
2021,10,18,16,30,199,4.800000000000001,7,24.5
2021,10,18,17,30,63,4.1000000000000005,7,22.400000000000002
2021,10,18,18,30,0,3.7,7,20.3
2021,10,18,19,30,0,3.8000000000000003,7,19.1
2021,10,18,20,30,0,4,0,18.400000000000002
2021,10,18,21,30,0,4.3,7,18
2021,10,18,22,30,0,4.6000000000000005,8,17.6
2021,10,18,23,30,0,4.800000000000001,0,17.3
2021,10,19,0,30,0,4.6000000000000005,0,16.8
2021,10,19,1,30,0,4.1000000000000005,0,16.3
2021,10,19,2,30,0,4,0,15.9
2021,10,19,3,30,0,3.9000000000000004,0,15.600000000000001
2021,10,19,4,30,0,3.9000000000000004,0,15.3
2021,10,19,5,30,0,4,0,15
2021,10,19,6,30,0,4.2,0,14.9
2021,10,19,7,30,83,4.7,0,16.1
2021,10,19,8,30,284,5.4,0,19
2021,10,19,9,30,481,5.4,0,22.6
2021,10,19,10,30,639,4.9,0,26.1
2021,10,19,11,30,744,4.5,0,29
2021,10,19,12,30,782,4.4,0,30.700000000000003
2021,10,19,13,30,750,4.6000000000000005,0,31.6
2021,10,19,14,30,652,4.7,0,31.700000000000003
2021,10,19,15,30,495,4.6000000000000005,0,31.200000000000003
2021,10,19,16,30,298,3.6,0,29.5
2021,10,19,17,30,79,2.5,0,26
2021,10,19,18,30,0,2.8000000000000003,0,23.1
2021,10,19,19,30,0,3.7,0,22.1
2021,10,19,20,30,0,3.9000000000000004,0,21
2021,10,19,21,30,0,3.6,0,20
2021,10,19,22,30,0,3.2,0,19.1
2021,10,19,23,30,0,2.9000000000000004,0,18.3
2021,10,20,0,30,0,2.7,0,17.5
2021,10,20,1,30,0,2.7,0,16.8
2021,10,20,2,30,0,2.8000000000000003,0,16.2
2021,10,20,3,30,0,2.9000000000000004,0,15.700000000000001
2021,10,20,4,30,0,2.7,0,15.100000000000001
2021,10,20,5,30,0,2.2,0,14.4
2021,10,20,6,30,0,2,0,14.4
2021,10,20,7,30,83,2.3000000000000003,0,15.8
2021,10,20,8,30,287,2.6,0,18.6
2021,10,20,9,30,487,2.2,0,21.6
2021,10,20,10,30,646,1.7000000000000002,0,24.400000000000002
2021,10,20,11,30,748,1.2000000000000002,0,27
2021,10,20,12,30,783,1,0,29.200000000000003
2021,10,20,13,30,747,1.1,0,30.5
2021,10,20,14,30,647,1.1,0,30.900000000000002
2021,10,20,15,30,491,1.1,0,30.5
2021,10,20,16,30,293,1,0,28.8
2021,10,20,17,30,88,1.1,0,25.1
2021,10,20,18,30,0,1.6,0,22
2021,10,20,19,30,0,2.2,0,20.900000000000002
2021,10,20,20,30,0,2.5,0,20
2021,10,20,21,30,0,2.3000000000000003,0,19
2021,10,20,22,30,0,2,0,18.2
2021,10,20,23,30,0,1.7000000000000002,0,17.5
2021,10,21,0,30,0,1.5,0,16.900000000000002
2021,10,21,1,30,0,1.3,3,16.3
2021,10,21,2,30,0,1.2000000000000002,3,15.9
2021,10,21,3,30,0,1.1,3,15.5
2021,10,21,4,30,0,1.1,3,15.100000000000001
2021,10,21,5,30,0,1.2000000000000002,8,14.8
2021,10,21,6,30,0,1.5,7,14.8
2021,10,21,7,30,52,2,7,16
2021,10,21,8,30,121,2.3000000000000003,7,18.400000000000002
2021,10,21,9,30,305,2.3000000000000003,7,21.3
2021,10,21,10,30,463,2.4000000000000004,0,23.8
2021,10,21,11,30,462,2.5,3,25.700000000000003
2021,10,21,12,30,673,2.7,0,27
2021,10,21,13,30,717,2.9000000000000004,0,27.700000000000003
2021,10,21,14,30,620,3,0,28
2021,10,21,15,30,468,3.1,0,27.700000000000003
2021,10,21,16,30,276,2.9000000000000004,0,26.700000000000003
2021,10,21,17,30,80,2.2,0,24.3
2021,10,21,18,30,0,1.9000000000000001,0,22.1
2021,10,21,19,30,0,2.2,0,21.200000000000003
2021,10,21,20,30,0,2.2,0,20.3
2021,10,21,21,30,0,2.2,0,19.5
2021,10,21,22,30,0,2.2,0,18.8
2021,10,21,23,30,0,2.2,0,18.2
2021,10,22,0,30,0,2.2,0,17.7
2021,10,22,1,30,0,2.3000000000000003,0,17.2
2021,10,22,2,30,0,2.2,0,16.8
2021,10,22,3,30,0,2.2,0,16.6
2021,10,22,4,30,0,2.2,0,16.400000000000002
2021,10,22,5,30,0,2.2,0,16.2
2021,10,22,6,30,0,2.3000000000000003,0,16.2
2021,10,22,7,30,76,2.8000000000000003,0,17.400000000000002
2021,10,22,8,30,272,3.5,0,20.200000000000003
2021,10,22,9,30,466,4,0,23.400000000000002
2021,10,22,10,30,622,4.2,0,25.900000000000002
2021,10,22,11,30,721,4.3,0,27.8
2021,10,22,12,30,756,4.3,0,29.200000000000003
2021,10,22,13,30,720,4.4,0,30
2021,10,22,14,30,620,4.4,0,30.3
2021,10,22,15,30,466,4.4,0,29.900000000000002
2021,10,22,16,30,272,4.2,0,28.700000000000003
2021,10,22,17,30,76,3.7,0,26.3
2021,10,22,18,30,0,3.8000000000000003,0,24.3
2021,10,22,19,30,0,4.3,0,23.200000000000003
2021,10,22,20,30,0,4.5,0,22.3
2021,10,22,21,30,0,4.6000000000000005,0,21.5
2021,10,22,22,30,0,4.7,0,20.700000000000003
2021,10,22,23,30,0,4.6000000000000005,0,20.1
2021,10,23,0,30,0,4.6000000000000005,0,19.5
2021,10,23,1,30,0,4.6000000000000005,0,19
2021,10,23,2,30,0,4.5,0,18.5
2021,10,23,3,30,0,4.4,0,18.1
2021,10,23,4,30,0,4.2,3,17.7
2021,10,23,5,30,0,4,4,17.5
2021,10,23,6,30,0,4,3,17.6
2021,10,23,7,30,65,4.5,0,18.7
2021,10,23,8,30,209,5.2,3,21
2021,10,23,9,30,453,5.4,0,23.900000000000002
2021,10,23,10,30,576,5.300000000000001,0,26.700000000000003
2021,10,23,11,30,610,5.1000000000000005,8,29.1
2021,10,23,12,30,691,5,0,30.8
2021,10,23,13,30,687,5,0,31.8
2021,10,23,14,30,539,5.1000000000000005,7,32.1
2021,10,23,15,30,292,5.300000000000001,3,31.6
2021,10,23,16,30,265,5.2,0,30.200000000000003
2021,10,23,17,30,63,4.800000000000001,8,27.8
2021,10,23,18,30,0,4.9,0,25.8
2021,10,23,19,30,0,5,0,24.700000000000003
2021,10,23,20,30,0,4.5,0,23.700000000000003
2021,10,23,21,30,0,4.3,0,22.900000000000002
2021,10,23,22,30,0,4.3,0,22.1
2021,10,23,23,30,0,4.5,0,21.3
2021,10,24,0,30,0,4.6000000000000005,0,20.6
2021,10,24,1,30,0,4.6000000000000005,0,19.8
2021,10,24,2,30,0,4.5,0,19.1
2021,10,24,3,30,0,4.3,0,18.5
2021,10,24,4,30,0,4.1000000000000005,7,18
2021,10,24,5,30,0,3.7,8,17.3
2021,10,24,6,30,0,3.4000000000000004,7,16.7
2021,10,24,7,30,72,3.8000000000000003,0,17.7
2021,10,24,8,30,283,4.1000000000000005,0,20.6
2021,10,24,9,30,484,4.2,0,24.700000000000003
2021,10,24,10,30,642,4.5,0,28
2021,10,24,11,30,744,4.5,0,29.8
2021,10,24,12,30,777,4.3,0,30.8
2021,10,24,13,30,741,3.9000000000000004,0,31.3
2021,10,24,14,30,640,3.7,0,31.3
2021,10,24,15,30,482,3.5,0,30.900000000000002
2021,10,24,16,30,284,2.3000000000000003,0,28.8
2021,10,24,17,30,79,1.3,0,25.1
2021,10,24,18,30,0,1.3,0,22.8
2021,10,24,19,30,0,1.3,0,22.200000000000003
2021,10,24,20,30,0,1.2000000000000002,0,21.700000000000003
2021,10,24,21,30,0,1.1,0,21.3
2021,10,24,22,30,0,0.9,0,20.8
2021,10,24,23,30,0,0.8,0,19.900000000000002
2021,10,25,0,30,0,0.8,0,18.8
2021,10,25,1,30,0,0.8,0,17.7
2021,10,25,2,30,0,0.9,0,16.900000000000002
2021,10,25,3,30,0,0.9,0,16.1
2021,10,25,4,30,0,0.9,0,15.4
2021,10,25,5,30,0,0.9,0,14.9
2021,10,25,6,30,0,0.9,0,14.700000000000001
2021,10,25,7,30,76,1.1,0,16.3
2021,10,25,8,30,278,1.3,0,19.3
2021,10,25,9,30,474,1.5,0,23.1
2021,10,25,10,30,630,2.1,0,27.5
2021,10,25,11,30,730,2.7,0,30.8
2021,10,25,12,30,765,2.9000000000000004,0,32.5
2021,10,25,13,30,730,3.1,0,33.300000000000004
2021,10,25,14,30,629,3.3000000000000003,0,33.5
2021,10,25,15,30,472,3.2,0,33
2021,10,25,16,30,275,2.4000000000000004,0,30.5
2021,10,25,17,30,74,1.6,0,26.3
2021,10,25,18,30,0,1.9000000000000001,0,23.5
2021,10,25,19,30,0,2.5,0,22.700000000000003
2021,10,25,20,30,0,3.1,0,22.1
2021,10,25,21,30,0,3.7,0,21.6
2021,10,25,22,30,0,4.1000000000000005,0,21.200000000000003
2021,10,25,23,30,0,4.3,0,20.900000000000002
2021,10,26,0,30,0,4.5,0,20.700000000000003
2021,10,26,1,30,0,4.7,0,20.400000000000002
2021,10,26,2,30,0,4.800000000000001,0,20
2021,10,26,3,30,0,4.7,0,19.400000000000002
2021,10,26,4,30,0,4.6000000000000005,0,18.8
2021,10,26,5,30,0,4.4,0,18.400000000000002
2021,10,26,6,30,0,4.4,0,18.2
2021,10,26,7,30,70,4.800000000000001,0,19.1
2021,10,26,8,30,267,6.1000000000000005,0,21.6
2021,10,26,9,30,413,7.1000000000000005,0,25
2021,10,26,10,30,614,7.4,0,28.200000000000003
2021,10,26,11,30,711,7.300000000000001,0,30.6
2021,10,26,12,30,747,6.9,0,32.2
2021,10,26,13,30,715,6.6000000000000005,0,33.1
2021,10,26,14,30,620,6.300000000000001,0,33.4
2021,10,26,15,30,466,5.7,0,33
2021,10,26,16,30,269,4.4,0,30.900000000000002
2021,10,26,17,30,64,3.2,0,27.400000000000002
2021,10,26,18,30,0,3.3000000000000003,0,24.8
2021,10,26,19,30,0,3.8000000000000003,0,23.700000000000003
2021,10,26,20,30,0,4.1000000000000005,0,22.6
2021,10,26,21,30,0,3.9000000000000004,0,21.200000000000003
2021,10,26,22,30,0,3.7,0,19.400000000000002
2021,10,26,23,30,0,4,0,17.900000000000002
2021,10,27,0,30,0,4.6000000000000005,0,16.7
2021,10,27,1,30,0,4.6000000000000005,0,15.600000000000001
2021,10,27,2,30,0,4.3,0,14.5
2021,10,27,3,30,0,4.5,0,13.600000000000001
2021,10,27,4,30,0,4.9,0,13
2021,10,27,5,30,0,5.2,0,12.4
2021,10,27,6,30,0,5.4,0,12.100000000000001
2021,10,27,7,30,71,6.1000000000000005,0,12.9
2021,10,27,8,30,274,7.300000000000001,0,14.9
2021,10,27,9,30,474,8.3,0,17.1
2021,10,27,10,30,635,8.8,0,19
2021,10,27,11,30,736,8.9,0,20.400000000000002
2021,10,27,12,30,770,8.6,0,21.5
2021,10,27,13,30,735,8.1,0,22.1
2021,10,27,14,30,634,7.6000000000000005,0,22.3
2021,10,27,15,30,475,7,0,22.1
2021,10,27,16,30,238,5.800000000000001,0,21.1
2021,10,27,17,30,71,4,0,18.5
2021,10,27,18,30,0,2.9000000000000004,0,16
2021,10,27,19,30,0,2.7,0,14.700000000000001
2021,10,27,20,30,0,2.6,0,13.600000000000001
2021,10,27,21,30,0,2.6,0,12.600000000000001
2021,10,27,22,30,0,2.5,0,11.700000000000001
2021,10,27,23,30,0,2.2,0,10.700000000000001
2021,10,28,0,30,0,2,0,9.9
2021,10,28,1,30,0,1.8,0,9.4
2021,10,28,2,30,0,1.9000000000000001,0,9
2021,10,28,3,30,0,2,0,8.700000000000001
2021,10,28,4,30,0,2.3000000000000003,0,8.6
2021,10,28,5,30,0,2.6,0,8.5
2021,10,28,6,30,0,3,0,8.6
2021,10,28,7,30,71,3.8000000000000003,0,10.100000000000001
2021,10,28,8,30,274,4.5,0,13.4
2021,10,28,9,30,473,5.4,0,16.900000000000002
2021,10,28,10,30,629,6,0,19.200000000000003
2021,10,28,11,30,729,6,0,20.700000000000003
2021,10,28,12,30,763,5.800000000000001,0,21.8
2021,10,28,13,30,728,5.7,0,22.5
2021,10,28,14,30,626,5.6000000000000005,0,22.8
2021,10,28,15,30,468,5.4,0,22.6
2021,10,28,16,30,270,4.3,0,21.3
2021,10,28,17,30,68,2.6,0,17.900000000000002
2021,10,28,18,30,0,2,0,15.100000000000001
2021,10,28,19,30,0,2.1,0,14
2021,10,28,20,30,0,2.2,0,13.100000000000001
2021,10,28,21,30,0,2.3000000000000003,0,12.4
2021,10,28,22,30,0,2.5,0,11.8
2021,10,28,23,30,0,2.7,0,11.200000000000001
2021,10,29,0,30,0,2.8000000000000003,0,10.600000000000001
2021,10,29,1,30,0,2.9000000000000004,0,10.100000000000001
2021,10,29,2,30,0,2.9000000000000004,0,9.600000000000001
2021,10,29,3,30,0,2.6,0,9
2021,10,29,4,30,0,2.5,0,8.5
2021,10,29,5,30,0,2.5,0,8.1
2021,10,29,6,30,0,2.6,0,8.1
2021,10,29,7,30,69,3.2,0,9.8
2021,10,29,8,30,271,4,0,13.200000000000001
2021,10,29,9,30,467,4.3,0,16.5
2021,10,29,10,30,624,4.3,0,19.200000000000003
2021,10,29,11,30,724,4.3,0,21.3
2021,10,29,12,30,758,4.3,0,23
2021,10,29,13,30,723,4.4,0,24.3
2021,10,29,14,30,622,4.3,0,24.8
2021,10,29,15,30,466,4,0,24.700000000000003
2021,10,29,16,30,267,2.6,0,22.900000000000002
2021,10,29,17,30,65,1.4000000000000001,0,19.6
2021,10,29,18,30,0,1.2000000000000002,0,17.900000000000002
2021,10,29,19,30,0,1.1,0,17.3
2021,10,29,20,30,0,0.9,0,16.7
2021,10,29,21,30,0,0.7000000000000001,0,16
2021,10,29,22,30,0,0.7000000000000001,0,15.3
2021,10,29,23,30,0,0.8,0,14.600000000000001
2021,10,30,0,30,0,1,0,13.8
2021,10,30,1,30,0,1.1,0,12.8
2021,10,30,2,30,0,1.2000000000000002,0,11.8
2021,10,30,3,30,0,1.3,0,10.700000000000001
2021,10,30,4,30,0,1.4000000000000001,0,9.700000000000001
2021,10,30,5,30,0,1.4000000000000001,0,8.9
2021,10,30,6,30,0,1.4000000000000001,0,8.6
2021,10,30,7,30,66,2,0,10.700000000000001
2021,10,30,8,30,269,2.5,0,14.5
2021,10,30,9,30,468,2.9000000000000004,0,18.2
2021,10,30,10,30,624,3.9000000000000004,0,22.400000000000002
2021,10,30,11,30,725,4.4,0,25.8
2021,10,30,12,30,760,4.3,0,27.900000000000002
2021,10,30,13,30,724,4.1000000000000005,0,29.1
2021,10,30,14,30,622,3.9000000000000004,0,29.5
2021,10,30,15,30,462,3.2,0,29.200000000000003
2021,10,30,16,30,263,2,0,26.400000000000002
2021,10,30,17,30,62,1.4000000000000001,0,22.1
2021,10,30,18,30,0,1.6,0,19.5
2021,10,30,19,30,0,1.7000000000000002,0,18.3
2021,10,30,20,30,0,1.8,0,17.3
2021,10,30,21,30,0,2,0,16.5
2021,10,30,22,30,0,2.1,0,15.8
2021,10,30,23,30,0,2.2,0,15
2021,10,31,0,30,0,2.1,0,14.200000000000001
2021,10,31,1,30,0,1.8,0,13.3
2021,10,31,2,30,0,1.5,0,12.600000000000001
2021,10,31,3,30,0,1.4000000000000001,0,11.9
2021,10,31,4,30,0,1.5,0,11.200000000000001
2021,10,31,5,30,0,1.8,0,10.4
2021,10,31,6,30,0,2.4000000000000004,0,10
2021,10,31,7,30,61,3.7,0,10.8
2021,10,31,8,30,257,5.1000000000000005,0,12.9
2021,10,31,9,30,453,5.7,0,15.3
2021,10,31,10,30,608,5.6000000000000005,0,17.6
2021,10,31,11,30,706,5.2,0,19.8
2021,10,31,12,30,741,4.800000000000001,0,21.400000000000002
2021,10,31,13,30,705,4.3,0,22.5
2021,10,31,14,30,605,4,0,23
2021,10,31,15,30,447,3.9000000000000004,0,22.6
2021,10,31,16,30,251,3.2,0,21.1
2021,10,31,17,30,57,2.5,0,18.1
2021,10,31,18,30,0,2.6,0,15.9
2021,10,31,19,30,0,3,0,15.100000000000001
2021,10,31,20,30,0,2.8000000000000003,8,14
2021,10,31,21,30,0,2.3000000000000003,0,12.8
2021,10,31,22,30,0,2,0,11.8
2021,10,31,23,30,0,1.8,0,11
2021,11,1,0,30,0,1.7000000000000002,0,10.200000000000001
2021,11,1,1,30,0,1.6,0,9.600000000000001
2021,11,1,2,30,0,1.5,0,9.1
2021,11,1,3,30,0,1.6,0,8.700000000000001
2021,11,1,4,30,0,1.8,0,8.5
2021,11,1,5,30,0,2,0,8.4
2021,11,1,6,30,0,2.1,0,8.5
2021,11,1,7,30,50,2.1,0,9.3
2021,11,1,8,30,210,1.8,0,11.700000000000001
2021,11,1,9,30,233,2,3,14.8
2021,11,1,10,30,443,2.7,0,18.1
2021,11,1,11,30,350,3.2,3,21
2021,11,1,12,30,532,3.4000000000000004,0,23.200000000000003
2021,11,1,13,30,553,3.4000000000000004,0,24.6
2021,11,1,14,30,561,3.3000000000000003,0,25.3
2021,11,1,15,30,423,3,0,25.3
2021,11,1,16,30,233,2,0,24
2021,11,1,17,30,43,1.2000000000000002,0,21.5
2021,11,1,18,30,0,1.2000000000000002,7,19.400000000000002
2021,11,1,19,30,0,1.6,0,18.1
2021,11,1,20,30,0,1.9000000000000001,0,17.400000000000002
2021,11,1,21,30,0,2,7,16.8
2021,11,1,22,30,0,1.9000000000000001,0,16.3
2021,11,1,23,30,0,1.7000000000000002,0,15.700000000000001
2021,11,2,0,30,0,1.5,0,15
2021,11,2,1,30,0,1.8,0,14.4
2021,11,2,2,30,0,2.3000000000000003,0,14
2021,11,2,3,30,0,2.7,0,13.600000000000001
2021,11,2,4,30,0,3,0,13.100000000000001
2021,11,2,5,30,0,3.3000000000000003,0,12.4
2021,11,2,6,30,0,3.8000000000000003,0,11.8
2021,11,2,7,30,43,4.3,0,11.600000000000001
2021,11,2,8,30,214,4.5,0,12
2021,11,2,9,30,233,4.4,0,12.600000000000001
2021,11,2,10,30,272,4,0,13.4
2021,11,2,11,30,179,3.5,7,14.3
2021,11,2,12,30,38,3,8,15.200000000000001
2021,11,2,13,30,214,2.6,8,16
2021,11,2,14,30,135,2.4000000000000004,7,16.5
2021,11,2,15,30,86,2.5,7,16.400000000000002
2021,11,2,16,30,33,2.9000000000000004,8,15.5
2021,11,2,17,30,17,3.5,8,14.100000000000001
2021,11,2,18,30,0,3.9000000000000004,8,12.600000000000001
2021,11,2,19,30,0,3.9000000000000004,8,11.4
2021,11,2,20,30,0,3.7,7,10.5
2021,11,2,21,30,0,3.6,7,9.9
2021,11,2,22,30,0,3.5,7,9.4
2021,11,2,23,30,0,3.3000000000000003,7,8.9
2021,11,3,0,30,0,3.1,8,8.6
2021,11,3,1,30,0,3,0,8.3
2021,11,3,2,30,0,3.1,8,8.1
2021,11,3,3,30,0,3.4000000000000004,8,7.9
2021,11,3,4,30,0,3.8000000000000003,8,7.7
2021,11,3,5,30,0,4.1000000000000005,5,7.4
2021,11,3,6,30,0,4.1000000000000005,3,7.2
2021,11,3,7,30,9,4.1000000000000005,3,7.2
2021,11,3,8,30,52,4.2,3,7.5
2021,11,3,9,30,129,4.3,3,8.1
2021,11,3,10,30,143,4.3,3,8.9
2021,11,3,11,30,320,4.3,3,9.600000000000001
2021,11,3,12,30,110,4.2,3,10.3
2021,11,3,13,30,221,4,8,10.700000000000001
2021,11,3,14,30,82,3.9000000000000004,8,10.9
2021,11,3,15,30,106,3.8000000000000003,8,10.8
2021,11,3,16,30,82,3.8000000000000003,3,10.5
2021,11,3,17,30,27,3.6,3,9.9
2021,11,3,18,30,0,3.5,0,9.4
2021,11,3,19,30,0,3.5,0,8.9
2021,11,3,20,30,0,3.2,0,8.4
2021,11,3,21,30,0,2.7,0,8.1
2021,11,3,22,30,0,2.2,0,7.7
2021,11,3,23,30,0,1.9000000000000001,0,7.2
2021,11,4,0,30,0,1.7000000000000002,0,6.800000000000001
2021,11,4,1,30,0,1.5,0,6.4
2021,11,4,2,30,0,1.3,0,6.1000000000000005
2021,11,4,3,30,0,1.2000000000000002,0,5.9
2021,11,4,4,30,0,1,0,5.6000000000000005
2021,11,4,5,30,0,0.8,0,5.300000000000001
2021,11,4,6,30,0,0.7000000000000001,0,5.2
2021,11,4,7,30,29,0.8,4,6.2
2021,11,4,8,30,34,1,4,8
2021,11,4,9,30,70,1,4,9.5
2021,11,4,10,30,103,0.8,4,10.8
2021,11,4,11,30,119,0.8,3,11.9
2021,11,4,12,30,229,0.9,3,12.9
2021,11,4,13,30,212,1.1,3,13.700000000000001
2021,11,4,14,30,192,1.2000000000000002,3,14.100000000000001
2021,11,4,15,30,178,1.4000000000000001,3,14.100000000000001
2021,11,4,16,30,105,1.4000000000000001,3,13.3
2021,11,4,17,30,42,1.2000000000000002,0,11
2021,11,4,18,30,0,1.2000000000000002,0,8.9
2021,11,4,19,30,0,1.5,0,7.9
2021,11,4,20,30,0,1.8,0,7.1000000000000005
2021,11,4,21,30,0,2,0,6.5
2021,11,4,22,30,0,2.3000000000000003,0,6
2021,11,4,23,30,0,2.5,0,5.7
2021,11,5,0,30,0,2.5,0,5.6000000000000005
2021,11,5,1,30,0,2.5,0,5.6000000000000005
2021,11,5,2,30,0,2.6,0,5.800000000000001
2021,11,5,3,30,0,2.6,0,6
2021,11,5,4,30,0,2.7,0,6.1000000000000005
2021,11,5,5,30,0,2.7,0,6.4
2021,11,5,6,30,0,2.7,0,6.800000000000001
2021,11,5,7,30,49,3,0,7.6000000000000005
2021,11,5,8,30,238,3.6,0,8.8
2021,11,5,9,30,432,3.8000000000000003,0,10.700000000000001
2021,11,5,10,30,587,3.9000000000000004,0,13.4
2021,11,5,11,30,686,3.9000000000000004,0,16.3
2021,11,5,12,30,720,3.9000000000000004,0,18.8
2021,11,5,13,30,685,3.8000000000000003,0,20.6
2021,11,5,14,30,585,3.6,0,21.6
2021,11,5,15,30,430,3.3000000000000003,0,21.8
2021,11,5,16,30,236,2.3000000000000003,0,20
2021,11,5,17,30,45,1.7000000000000002,0,16.5
2021,11,5,18,30,0,2.1,0,14.3
2021,11,5,19,30,0,2.8000000000000003,0,13.700000000000001
2021,11,5,20,30,0,3.2,0,12.9
2021,11,5,21,30,0,3.1,0,11.9
2021,11,5,22,30,0,2.9000000000000004,0,10.8
2021,11,5,23,30,0,2.6,0,9.9
2021,11,6,0,30,0,2.4000000000000004,0,9.1
2021,11,6,1,30,0,2.3000000000000003,0,8.5
2021,11,6,2,30,0,2.2,0,7.9
2021,11,6,3,30,0,2.1,0,7.300000000000001
2021,11,6,4,30,0,2,0,6.800000000000001
2021,11,6,5,30,0,1.9000000000000001,0,6.300000000000001
2021,11,6,6,30,0,1.9000000000000001,0,6.1000000000000005
2021,11,6,7,30,43,2.5,0,7.300000000000001
2021,11,6,8,30,189,3.1,0,10.100000000000001
2021,11,6,9,30,429,3.2,0,13.600000000000001
2021,11,6,10,30,585,3.3000000000000003,0,17.1
2021,11,6,11,30,684,3.4000000000000004,0,20.200000000000003
2021,11,6,12,30,717,3.5,0,22.6
2021,11,6,13,30,682,3.5,0,24.3
2021,11,6,14,30,582,3.5,0,25.1
2021,11,6,15,30,426,3.3000000000000003,0,24.900000000000002
2021,11,6,16,30,233,2.5,0,22.6
2021,11,6,17,30,37,1.9000000000000001,7,19
2021,11,6,18,30,0,2.6,0,17.3
2021,11,6,19,30,0,3.3000000000000003,0,16.900000000000002
2021,11,6,20,30,0,3.7,0,16.2
2021,11,6,21,30,0,3.7,0,15.200000000000001
2021,11,6,22,30,0,3.7,0,14.3
2021,11,6,23,30,0,3.5,8,13.3
2021,11,7,0,30,0,3.3000000000000003,0,12.3
2021,11,7,1,30,0,3.2,0,11.200000000000001
2021,11,7,2,30,0,3,0,10.4
2021,11,7,3,30,0,2.9000000000000004,0,9.700000000000001
2021,11,7,4,30,0,2.7,0,9.1
2021,11,7,5,30,0,2.7,0,8.6
2021,11,7,6,30,0,2.8000000000000003,0,8.3
2021,11,7,7,30,44,3.5,0,9.4
2021,11,7,8,30,235,4.3,0,12.3
2021,11,7,9,30,429,4.800000000000001,0,16
2021,11,7,10,30,582,5.1000000000000005,0,19.8
2021,11,7,11,30,682,5,0,22.900000000000002
2021,11,7,12,30,716,4.9,0,25.3
2021,11,7,13,30,682,4.7,0,26.8
2021,11,7,14,30,582,4.5,0,27.400000000000002
2021,11,7,15,30,426,4.1000000000000005,0,27
2021,11,7,16,30,232,3,0,24.3
2021,11,7,17,30,42,2.5,0,20.3
2021,11,7,18,30,0,3.2,0,18.2
2021,11,7,19,30,0,3.8000000000000003,0,17.2
2021,11,7,20,30,0,3.9000000000000004,0,15.9
2021,11,7,21,30,0,4,0,14.700000000000001
2021,11,7,22,30,0,4,0,13.8
2021,11,7,23,30,0,4,0,13.100000000000001
2021,11,8,0,30,0,4,0,12.600000000000001
2021,11,8,1,30,0,3.8000000000000003,0,12.100000000000001
2021,11,8,2,30,0,3.6,0,11.5
2021,11,8,3,30,0,3.3000000000000003,0,10.9
2021,11,8,4,30,0,3.1,0,10.4
2021,11,8,5,30,0,2.9000000000000004,0,10
2021,11,8,6,30,0,2.9000000000000004,0,9.700000000000001
2021,11,8,7,30,40,3.4000000000000004,0,10.8
2021,11,8,8,30,224,4.2,0,13.600000000000001
2021,11,8,9,30,413,4.5,0,17.2
2021,11,8,10,30,564,4.5,0,20.8
2021,11,8,11,30,660,4.5,0,23.8
2021,11,8,12,30,690,4.3,0,26.1
2021,11,8,13,30,654,4.1000000000000005,0,27.6
2021,11,8,14,30,437,3.9000000000000004,7,27.8
2021,11,8,15,30,297,3.4000000000000004,7,26.8
2021,11,8,16,30,174,2.6,8,24.5
2021,11,8,17,30,26,2.5,8,22
2021,11,8,18,30,0,3.3000000000000003,8,20.8
2021,11,8,19,30,0,3.9000000000000004,7,20.1
2021,11,8,20,30,0,4.2,6,19.200000000000003
2021,11,8,21,30,0,4.3,7,18.3
2021,11,8,22,30,0,4.1000000000000005,7,17.6
2021,11,8,23,30,0,3.9000000000000004,8,17
2021,11,9,0,30,0,3.7,7,16.5
2021,11,9,1,30,0,3.4000000000000004,7,16
2021,11,9,2,30,0,2.9000000000000004,7,15.5
2021,11,9,3,30,0,2.5,7,15
2021,11,9,4,30,0,2.1,6,14.5
2021,11,9,5,30,0,1.9000000000000001,7,14.100000000000001
2021,11,9,6,30,0,1.6,8,13.700000000000001
2021,11,9,7,30,25,1.5,8,14.100000000000001
2021,11,9,8,30,143,1.7000000000000002,8,15.700000000000001
2021,11,9,9,30,377,1.5,0,18.1
2021,11,9,10,30,550,1.3,0,20.8
2021,11,9,11,30,652,1.4000000000000001,0,23.200000000000003
2021,11,9,12,30,690,1.6,0,25
2021,11,9,13,30,656,1.7000000000000002,0,26.1
2021,11,9,14,30,559,1.7000000000000002,0,26.700000000000003
2021,11,9,15,30,407,1.7000000000000002,0,26.400000000000002
2021,11,9,16,30,219,1.4000000000000001,0,24.5
2021,11,9,17,30,37,1.3,0,21.3
2021,11,9,18,30,0,2,0,19.3
2021,11,9,19,30,0,2.8000000000000003,0,18.6
2021,11,9,20,30,0,3.5,0,17.900000000000002
2021,11,9,21,30,0,3.9000000000000004,0,17.1
2021,11,9,22,30,0,3.9000000000000004,0,16.3
2021,11,9,23,30,0,4,0,15.600000000000001
2021,11,10,0,30,0,4,7,15.200000000000001
2021,11,10,1,30,0,3.9000000000000004,8,14.700000000000001
2021,11,10,2,30,0,3.9000000000000004,0,14.5
2021,11,10,3,30,0,3.8000000000000003,0,14.5
2021,11,10,4,30,0,3.8000000000000003,7,14.4
2021,11,10,5,30,0,3.7,7,14.200000000000001
2021,11,10,6,30,0,3.6,7,13.8
2021,11,10,7,30,22,4,7,14
2021,11,10,8,30,212,4.800000000000001,0,15.8
2021,11,10,9,30,405,5.1000000000000005,0,18.900000000000002
2021,11,10,10,30,562,4.9,0,22.3
2021,11,10,11,30,664,4.800000000000001,0,25.200000000000003
2021,11,10,12,30,700,5,0,26.900000000000002
2021,11,10,13,30,667,5.5,0,27.5
2021,11,10,14,30,570,5.800000000000001,0,27.3
2021,11,10,15,30,418,5.6000000000000005,0,26.5
2021,11,10,16,30,225,4.1000000000000005,0,24
2021,11,10,17,30,38,2.4000000000000004,0,20
2021,11,10,18,30,0,2,0,17.400000000000002
2021,11,10,19,30,0,2.1,0,16.400000000000002
2021,11,10,20,30,0,2.5,0,15.700000000000001
2021,11,10,21,30,0,2.8000000000000003,0,14.9
2021,11,10,22,30,0,2.8000000000000003,0,13.8
2021,11,10,23,30,0,2.6,0,12.8
2021,11,11,0,30,0,2.4000000000000004,0,11.8
2021,11,11,1,30,0,2.4000000000000004,0,11
2021,11,11,2,30,0,2.3000000000000003,0,10.200000000000001
2021,11,11,3,30,0,2,0,9.4
2021,11,11,4,30,0,1.7000000000000002,0,8.700000000000001
2021,11,11,5,30,0,1.4000000000000001,0,8.1
2021,11,11,6,30,0,1.3,0,7.6000000000000005
2021,11,11,7,30,36,1.8,0,9.1
2021,11,11,8,30,221,3,0,12
2021,11,11,9,30,413,3.7,0,14.700000000000001
2021,11,11,10,30,567,3.6,0,17
2021,11,11,11,30,666,3.1,0,18.8
2021,11,11,12,30,700,2.6,0,20
2021,11,11,13,30,669,2.1,0,20.700000000000003
2021,11,11,14,30,570,1.8,0,20.8
2021,11,11,15,30,414,1.7000000000000002,0,20.400000000000002
2021,11,11,16,30,222,1.3,0,18.6
2021,11,11,17,30,36,1.1,0,15.3
2021,11,11,18,30,0,1.4000000000000001,0,13.100000000000001
2021,11,11,19,30,0,1.7000000000000002,0,12.200000000000001
2021,11,11,20,30,0,2,0,11.5
2021,11,11,21,30,0,2.3000000000000003,0,10.8
2021,11,11,22,30,0,2.5,0,10.200000000000001
2021,11,11,23,30,0,2.7,0,9.700000000000001
2021,11,12,0,30,0,3.1,0,9.3
2021,11,12,1,30,0,3.4000000000000004,0,9
2021,11,12,2,30,0,3.5,0,8.6
2021,11,12,3,30,0,3.6,0,8.1
2021,11,12,4,30,0,3.6,0,7.800000000000001
2021,11,12,5,30,0,3.5,0,7.4
2021,11,12,6,30,0,3,0,7
2021,11,12,7,30,33,3,0,7.9
2021,11,12,8,30,220,4,0,10.4
2021,11,12,9,30,412,5.6000000000000005,0,12.9
2021,11,12,10,30,566,6.9,0,14.5
2021,11,12,11,30,667,7.1000000000000005,0,15.8
2021,11,12,12,30,703,6.6000000000000005,0,16.8
2021,11,12,13,30,669,5.9,0,17.400000000000002
2021,11,12,14,30,571,5.1000000000000005,0,17.5
2021,11,12,15,30,416,4.2,0,17
2021,11,12,16,30,222,2.9000000000000004,0,15.200000000000001
2021,11,12,17,30,34,1.7000000000000002,0,12.100000000000001
2021,11,12,18,30,0,1.4000000000000001,0,10.100000000000001
2021,11,12,19,30,0,1.3,0,9.600000000000001
2021,11,12,20,30,0,1.2000000000000002,0,9.200000000000001
2021,11,12,21,30,0,1.1,0,8.9
2021,11,12,22,30,0,1,0,8.6
2021,11,12,23,30,0,1,7,8
2021,11,13,0,30,0,1,7,7.5
2021,11,13,1,30,0,0.9,8,7.2
2021,11,13,2,30,0,0.8,8,6.9
2021,11,13,3,30,0,0.8,8,6.5
2021,11,13,4,30,0,0.9,0,5.9
2021,11,13,5,30,0,1,0,5
2021,11,13,6,30,0,1.2000000000000002,0,4.2
2021,11,13,7,30,29,1.9000000000000001,0,5.5
2021,11,13,8,30,169,2.9000000000000004,7,8.9
2021,11,13,9,30,374,4.2,0,12.9
2021,11,13,10,30,564,5.5,0,16.7
2021,11,13,11,30,661,5.9,0,19.1
2021,11,13,12,30,696,6,0,21
2021,11,13,13,30,662,6,0,22.3
2021,11,13,14,30,563,5.800000000000001,0,23.1
2021,11,13,15,30,410,5,0,23.1
2021,11,13,16,30,218,3.1,0,20.6
2021,11,13,17,30,32,1.9000000000000001,0,16.6
2021,11,13,18,30,0,1.9000000000000001,0,14.600000000000001
2021,11,13,19,30,0,2.2,0,14
2021,11,13,20,30,0,2.5,0,13.600000000000001
2021,11,13,21,30,0,2.8000000000000003,0,13.200000000000001
2021,11,13,22,30,0,3.1,0,12.700000000000001
2021,11,13,23,30,0,3.1,0,11.9
2021,11,14,0,30,0,2.9000000000000004,0,11
2021,11,14,1,30,0,2.5,0,10
2021,11,14,2,30,0,2.3000000000000003,0,9.200000000000001
2021,11,14,3,30,0,2.1,0,8.5
2021,11,14,4,30,0,2,0,8
2021,11,14,5,30,0,1.9000000000000001,0,7.6000000000000005
2021,11,14,6,30,0,2.1,0,7.5
2021,11,14,7,30,30,3.3000000000000003,0,9
2021,11,14,8,30,213,5.2,0,11.600000000000001
2021,11,14,9,30,404,6.2,0,13.8
2021,11,14,10,30,558,6,0,16
2021,11,14,11,30,658,5.2,0,18.1
2021,11,14,12,30,692,4.3,0,19.900000000000002
2021,11,14,13,30,659,3.3000000000000003,0,21.1
2021,11,14,14,30,560,2.4000000000000004,0,21.700000000000003
2021,11,14,15,30,406,1.7000000000000002,0,21.400000000000002
2021,11,14,16,30,215,1.1,0,19.6
2021,11,14,17,30,31,1,0,16.5
2021,11,14,18,30,0,1.3,0,14
2021,11,14,19,30,0,1.3,0,12.4
2021,11,14,20,30,0,1.4000000000000001,0,11.4
2021,11,14,21,30,0,1.5,0,10.600000000000001
2021,11,14,22,30,0,1.6,0,9.9
2021,11,14,23,30,0,1.6,0,9.4
2021,11,15,0,30,0,1.6,0,8.9
2021,11,15,1,30,0,1.7000000000000002,0,8.4
2021,11,15,2,30,0,1.7000000000000002,0,8.1
2021,11,15,3,30,0,1.8,0,7.800000000000001
2021,11,15,4,30,0,1.9000000000000001,0,7.6000000000000005
2021,11,15,5,30,0,1.9000000000000001,0,7.4
2021,11,15,6,30,0,1.8,0,7.2
2021,11,15,7,30,27,2.4000000000000004,0,9
2021,11,15,8,30,209,3,0,12.4
2021,11,15,9,30,400,3,0,16.1
2021,11,15,10,30,553,3.3000000000000003,0,20.200000000000003
2021,11,15,11,30,651,4,0,24
2021,11,15,12,30,685,4.6000000000000005,0,26.6
2021,11,15,13,30,573,4.800000000000001,0,28.1
2021,11,15,14,30,419,4.5,7,28.400000000000002
2021,11,15,15,30,327,3.4000000000000004,8,27.6
2021,11,15,16,30,165,2,7,24
2021,11,15,17,30,30,1.7000000000000002,0,19.700000000000003
2021,11,15,18,30,0,2,0,17.6
2021,11,15,19,30,0,2.3000000000000003,0,17
2021,11,15,20,30,0,2.6,3,16.400000000000002
2021,11,15,21,30,0,2.9000000000000004,0,15.700000000000001
2021,11,15,22,30,0,3.1,0,14.9
2021,11,15,23,30,0,3.1,0,14
2021,11,16,0,30,0,3.1,0,13.100000000000001
2021,11,16,1,30,0,3.1,0,12.3
2021,11,16,2,30,0,3.1,0,11.5
2021,11,16,3,30,0,3,0,10.8
2021,11,16,4,30,0,2.9000000000000004,0,10.100000000000001
2021,11,16,5,30,0,2.9000000000000004,0,9.600000000000001
2021,11,16,6,30,0,3,0,9.200000000000001
2021,11,16,7,30,27,3.6,0,10.200000000000001
2021,11,16,8,30,208,4.2,0,12.9
2021,11,16,9,30,401,4.4,0,16.8
2021,11,16,10,30,558,4.800000000000001,0,21
2021,11,16,11,30,661,5.300000000000001,0,24.700000000000003
2021,11,16,12,30,699,5.800000000000001,0,27.3
2021,11,16,13,30,667,6,0,28.700000000000003
2021,11,16,14,30,567,5.9,0,29
2021,11,16,15,30,414,5,0,28.200000000000003
2021,11,16,16,30,219,3.4000000000000004,0,24.8
2021,11,16,17,30,30,2.7,0,20.6
2021,11,16,18,30,0,3.2,0,18.8
2021,11,16,19,30,0,3.5,0,18.1
2021,11,16,20,30,0,3.6,0,17
2021,11,16,21,30,0,3.7,0,16
2021,11,16,22,30,0,3.7,0,15.100000000000001
2021,11,16,23,30,0,3.7,0,14.100000000000001
2021,11,17,0,30,0,3.7,0,13.200000000000001
2021,11,17,1,30,0,3.7,0,12.4
2021,11,17,2,30,0,3.5,0,11.600000000000001
2021,11,17,3,30,0,3.2,0,10.9
2021,11,17,4,30,0,3,0,10.3
2021,11,17,5,30,0,2.9000000000000004,0,9.9
2021,11,17,6,30,0,2.7,0,9.5
2021,11,17,7,30,20,3,8,10.5
2021,11,17,8,30,198,3.3000000000000003,0,13.100000000000001
2021,11,17,9,30,374,3.7,0,16
2021,11,17,10,30,544,4.6000000000000005,0,18.400000000000002
2021,11,17,11,30,616,4.9,0,19.8
2021,11,17,12,30,677,4.7,0,20.6
2021,11,17,13,30,643,4.6000000000000005,0,20.900000000000002
2021,11,17,14,30,545,4.6000000000000005,0,20.6
2021,11,17,15,30,392,4.9,0,19.6
2021,11,17,16,30,203,4.800000000000001,0,17.5
2021,11,17,17,30,27,4.7,0,14.700000000000001
2021,11,17,18,30,0,4.9,8,12.3
2021,11,17,19,30,0,5.4,8,10.700000000000001
2021,11,17,20,30,0,5.6000000000000005,8,9.600000000000001
2021,11,17,21,30,0,5.7,8,8.9
2021,11,17,22,30,0,5.6000000000000005,7,8.4
2021,11,17,23,30,0,5.2,7,7.800000000000001
2021,11,18,0,30,0,4.800000000000001,7,7.300000000000001
2021,11,18,1,30,0,4.6000000000000005,7,6.7
2021,11,18,2,30,0,4.5,8,6.1000000000000005
2021,11,18,3,30,0,4.4,7,5.6000000000000005
2021,11,18,4,30,0,4.2,8,5
2021,11,18,5,30,0,4,7,4.4
2021,11,18,6,30,0,3.8000000000000003,0,3.9000000000000004
2021,11,18,7,30,19,4,0,4.2
2021,11,18,8,30,195,4.9,0,6
2021,11,18,9,30,385,5.5,0,8.3
2021,11,18,10,30,539,5.5,0,10.4
2021,11,18,11,30,639,5.1000000000000005,0,12.100000000000001
2021,11,18,12,30,677,4.6000000000000005,0,13.4
2021,11,18,13,30,645,4,0,14.200000000000001
2021,11,18,14,30,548,3.6,0,14.5
2021,11,18,15,30,395,3.2,0,14.100000000000001
2021,11,18,16,30,206,2.3000000000000003,0,12.3
2021,11,18,17,30,27,1.5,0,9.4
2021,11,18,18,30,0,1.4000000000000001,0,7.4
2021,11,18,19,30,0,1.4000000000000001,0,6.7
2021,11,18,20,30,0,1.4000000000000001,0,6
2021,11,18,21,30,0,1.4000000000000001,0,5.300000000000001
2021,11,18,22,30,0,1.4000000000000001,0,4.800000000000001
2021,11,18,23,30,0,1.6,0,4.4
2021,11,19,0,30,0,1.8,0,4.1000000000000005
2021,11,19,1,30,0,1.9000000000000001,0,3.8000000000000003
2021,11,19,2,30,0,1.9000000000000001,0,3.4000000000000004
2021,11,19,3,30,0,1.8,0,3.1
2021,11,19,4,30,0,1.8,0,2.8000000000000003
2021,11,19,5,30,0,1.9000000000000001,0,2.7
2021,11,19,6,30,0,2.1,0,2.7
2021,11,19,7,30,20,3,0,3.9000000000000004
2021,11,19,8,30,191,3.9000000000000004,0,6.800000000000001
2021,11,19,9,30,378,4.800000000000001,0,10.4
2021,11,19,10,30,531,5.4,0,13.700000000000001
2021,11,19,11,30,628,5.300000000000001,0,16.1
2021,11,19,12,30,663,5.2,0,18.1
2021,11,19,13,30,630,5.2,0,19.6
2021,11,19,14,30,533,5.2,0,20.3
2021,11,19,15,30,365,5,0,20.200000000000003
2021,11,19,16,30,179,3.8000000000000003,7,18.3
2021,11,19,17,30,22,2.8000000000000003,0,15.100000000000001
2021,11,19,18,30,0,3.1,0,13.4
2021,11,19,19,30,0,3.6,0,12.700000000000001
2021,11,19,20,30,0,3.9000000000000004,0,11.9
2021,11,19,21,30,0,4.1000000000000005,0,11.200000000000001
2021,11,19,22,30,0,4.2,0,10.700000000000001
2021,11,19,23,30,0,4.2,0,10.200000000000001
2021,11,20,0,30,0,4.2,0,9.700000000000001
2021,11,20,1,30,0,4.1000000000000005,0,9.3
2021,11,20,2,30,0,3.8000000000000003,0,8.8
2021,11,20,3,30,0,3.5,0,8.3
2021,11,20,4,30,0,3.3000000000000003,0,7.800000000000001
2021,11,20,5,30,0,3.2,0,7.4
2021,11,20,6,30,0,3.2,0,7.2
2021,11,20,7,30,18,3.6,0,7.9
2021,11,20,8,30,116,3.9000000000000004,8,10.100000000000001
2021,11,20,9,30,194,4.1000000000000005,8,13.700000000000001
2021,11,20,10,30,526,4.4,0,17.7
2021,11,20,11,30,625,4.800000000000001,0,21.5
2021,11,20,12,30,660,5.1000000000000005,0,24.5
2021,11,20,13,30,629,5.2,0,26.3
2021,11,20,14,30,533,5,0,26.8
2021,11,20,15,30,381,4.1000000000000005,0,26.200000000000003
2021,11,20,16,30,196,2.5,0,23
2021,11,20,17,30,21,1.7000000000000002,0,19
2021,11,20,18,30,0,1.8,0,17.2
2021,11,20,19,30,0,2.4000000000000004,0,16.6
2021,11,20,20,30,0,3.2,7,16
2021,11,20,21,30,0,3.7,8,15.3
2021,11,20,22,30,0,3.7,8,14.4
2021,11,20,23,30,0,3.5,8,13.700000000000001
2021,11,21,0,30,0,3.4000000000000004,8,13.4
2021,11,21,1,30,0,3.3000000000000003,7,13.100000000000001
2021,11,21,2,30,0,3,7,12.8
2021,11,21,3,30,0,2.3000000000000003,7,12.200000000000001
2021,11,21,4,30,0,1.8,7,11.700000000000001
2021,11,21,5,30,0,1.9000000000000001,7,11.3
2021,11,21,6,30,0,2.9000000000000004,6,10.8
2021,11,21,7,30,10,4.4,8,10.700000000000001
2021,11,21,8,30,126,6.1000000000000005,8,11.5
2021,11,21,9,30,147,7,7,12.9
2021,11,21,10,30,235,7.2,7,14.600000000000001
2021,11,21,11,30,344,7.300000000000001,7,16.2
2021,11,21,12,30,318,7.2,6,17.3
2021,11,21,13,30,350,6.9,7,17.5
2021,11,21,14,30,254,6.6000000000000005,6,17.2
2021,11,21,15,30,155,6.1000000000000005,6,16.5
2021,11,21,16,30,90,4.9,7,15.4
2021,11,21,17,30,11,3.3000000000000003,6,13.700000000000001
2021,11,21,18,30,0,2.3000000000000003,6,12.3
2021,11,21,19,30,0,1.9000000000000001,7,11.4
2021,11,21,20,30,0,1.6,7,10.4
2021,11,21,21,30,0,1.4000000000000001,7,9.4
2021,11,21,22,30,0,1.4000000000000001,8,8.6
2021,11,21,23,30,0,1.3,0,7.800000000000001
2021,11,22,0,30,0,1.3,0,7
2021,11,22,1,30,0,1.3,0,6.300000000000001
2021,11,22,2,30,0,1.3,0,5.5
2021,11,22,3,30,0,1.2000000000000002,0,4.800000000000001
2021,11,22,4,30,0,1.1,0,4.5
2021,11,22,5,30,0,0.9,0,4.5
2021,11,22,6,30,0,0.8,0,4.4
2021,11,22,7,30,19,1,0,5
2021,11,22,8,30,191,1.4000000000000001,0,7.2
2021,11,22,9,30,384,1.5,0,10.9
2021,11,22,10,30,540,1.5,0,14.5
2021,11,22,11,30,641,1.9000000000000001,0,16.7
2021,11,22,12,30,674,2.4000000000000004,0,18.2
2021,11,22,13,30,642,2.7,0,19.1
2021,11,22,14,30,546,2.9000000000000004,0,19.400000000000002
2021,11,22,15,30,394,2.5,0,19
2021,11,22,16,30,204,1.6,0,16.8
2021,11,22,17,30,24,1,0,14.200000000000001
2021,11,22,18,30,0,1.1,0,12.9
2021,11,22,19,30,0,1.2000000000000002,0,11.9
2021,11,22,20,30,0,1.3,0,10.700000000000001
2021,11,22,21,30,0,1.5,0,9.600000000000001
2021,11,22,22,30,0,1.6,0,8.8
2021,11,22,23,30,0,1.8,0,8.200000000000001
2021,11,23,0,30,0,2.1,0,7.800000000000001
2021,11,23,1,30,0,2.2,0,7.2
2021,11,23,2,30,0,2.2,0,6.5
2021,11,23,3,30,0,2.1,0,5.800000000000001
2021,11,23,4,30,0,2,0,5.300000000000001
2021,11,23,5,30,0,2,0,4.9
2021,11,23,6,30,0,2.1,0,4.800000000000001
2021,11,23,7,30,13,2.9000000000000004,0,6.1000000000000005
2021,11,23,8,30,174,3.7,0,9
2021,11,23,9,30,333,4.5,0,12.8
2021,11,23,10,30,399,5.6000000000000005,8,16.8
2021,11,23,11,30,541,6.1000000000000005,0,20
2021,11,23,12,30,546,6.1000000000000005,7,22.200000000000003
2021,11,23,13,30,383,6,7,23.5
2021,11,23,14,30,469,5.800000000000001,0,24
2021,11,23,15,30,331,5.300000000000001,0,23.5
2021,11,23,16,30,156,4.1000000000000005,8,21.400000000000002
2021,11,23,17,30,12,3.7,7,18.900000000000002
2021,11,23,18,30,0,4.4,7,17.400000000000002
2021,11,23,19,30,0,4.9,7,16.3
2021,11,23,20,30,0,4.9,7,15.3
2021,11,23,21,30,0,4.9,8,14.700000000000001
2021,11,23,22,30,0,4.800000000000001,8,14.200000000000001
2021,11,23,23,30,0,4.6000000000000005,7,13.700000000000001
2021,11,24,0,30,0,4.5,0,13.3
2021,11,24,1,30,0,4.3,0,12.8
2021,11,24,2,30,0,4.1000000000000005,8,12.5
2021,11,24,3,30,0,3.9000000000000004,7,12.200000000000001
2021,11,24,4,30,0,3.8000000000000003,7,12.200000000000001
2021,11,24,5,30,0,3.8000000000000003,8,12.3
2021,11,24,6,30,0,3.7,8,12.3
2021,11,24,7,30,8,3.8000000000000003,8,12.5
2021,11,24,8,30,77,4.4,7,13.4
2021,11,24,9,30,155,4.9,7,15.3
2021,11,24,10,30,294,5,7,17.7
2021,11,24,11,30,341,4.800000000000001,7,20.1
2021,11,24,12,30,258,4.7,6,21.900000000000002
2021,11,24,13,30,282,4.6000000000000005,7,22.8
2021,11,24,14,30,270,4.4,7,23.1
2021,11,24,15,30,137,3.7,7,22.8
2021,11,24,16,30,114,2.4000000000000004,8,20.8
2021,11,24,17,30,10,1.6,7,17.900000000000002
2021,11,24,18,30,0,1.6,7,16.1
2021,11,24,19,30,0,1.6,8,14.9
2021,11,24,20,30,0,1.7000000000000002,5,14
2021,11,24,21,30,0,2.4000000000000004,5,13.5
2021,11,24,22,30,0,3.9000000000000004,0,13.100000000000001
2021,11,24,23,30,0,5.6000000000000005,0,12
2021,11,25,0,30,0,6.300000000000001,0,10.5
2021,11,25,1,30,0,6.2,0,9.4
2021,11,25,2,30,0,6,0,8.700000000000001
2021,11,25,3,30,0,6,0,8
2021,11,25,4,30,0,6,0,7.300000000000001
2021,11,25,5,30,0,6.1000000000000005,0,6.5
2021,11,25,6,30,0,6.300000000000001,0,5.800000000000001
2021,11,25,7,30,9,6.7,0,5.6000000000000005
2021,11,25,8,30,125,7.4,7,6.300000000000001
2021,11,25,9,30,351,7.6000000000000005,0,7.7
2021,11,25,10,30,504,7.2,0,9.4
2021,11,25,11,30,604,6.7,0,11.100000000000001
2021,11,25,12,30,642,6,0,12.600000000000001
2021,11,25,13,30,615,5.300000000000001,0,13.600000000000001
2021,11,25,14,30,522,4.7,0,14.100000000000001
2021,11,25,15,30,374,4.3,0,13.700000000000001
2021,11,25,16,30,192,3.1,0,12
2021,11,25,17,30,21,1.9000000000000001,0,9.200000000000001
2021,11,25,18,30,0,1.6,0,7.300000000000001
2021,11,25,19,30,0,1.6,8,6.4
2021,11,25,20,30,0,1.5,0,5.6000000000000005
2021,11,25,21,30,0,1.4000000000000001,8,4.800000000000001
2021,11,25,22,30,0,1.2000000000000002,8,4.2
2021,11,25,23,30,0,1,8,3.9000000000000004
2021,11,26,0,30,0,0.9,7,3.9000000000000004
2021,11,26,1,30,0,0.7000000000000001,7,3.9000000000000004
2021,11,26,2,30,0,0.6000000000000001,7,4
2021,11,26,3,30,0,0.5,8,3.8000000000000003
2021,11,26,4,30,0,0.7000000000000001,7,3.4000000000000004
2021,11,26,5,30,0,1,0,2.8000000000000003
2021,11,26,6,30,0,1.2000000000000002,8,2.4000000000000004
2021,11,26,7,30,9,1.8,0,3.6
2021,11,26,8,30,166,2.6,0,6.2
2021,11,26,9,30,353,3,0,9.3
2021,11,26,10,30,426,3.2,0,12.3
2021,11,26,11,30,573,3.4000000000000004,0,14.100000000000001
2021,11,26,12,30,642,3.5,0,15.3
2021,11,26,13,30,606,3.4000000000000004,0,16.1
2021,11,26,14,30,411,3.2,8,16.400000000000002
2021,11,26,15,30,302,3.1,8,16.2
2021,11,26,16,30,113,2.6,7,14.100000000000001
2021,11,26,17,30,13,2.3000000000000003,7,11.3
2021,11,26,18,30,0,2.5,7,10.200000000000001
2021,11,26,19,30,0,2.5,8,10
2021,11,26,20,30,0,2.8000000000000003,7,9.8
2021,11,26,21,30,0,3.2,7,9.600000000000001
2021,11,26,22,30,0,3.4000000000000004,7,9.3
2021,11,26,23,30,0,3.5,8,8.9
2021,11,27,0,30,0,3.5,8,8.6
2021,11,27,1,30,0,3.5,8,8.3
2021,11,27,2,30,0,3.5,4,8.1
2021,11,27,3,30,0,3.4000000000000004,4,8
2021,11,27,4,30,0,3.4000000000000004,4,8
2021,11,27,5,30,0,3.3000000000000003,4,8
2021,11,27,6,30,0,3,5,7.9
2021,11,27,7,30,2,2.9000000000000004,5,8.200000000000001
2021,11,27,8,30,33,3.2,5,9.4
2021,11,27,9,30,80,3.4000000000000004,5,11.700000000000001
2021,11,27,10,30,166,3.4000000000000004,8,14.5
2021,11,27,11,30,200,3.1,8,16.900000000000002
2021,11,27,12,30,394,2.7,8,18.7
2021,11,27,13,30,388,2.3000000000000003,8,19.8
2021,11,27,14,30,364,1.9000000000000001,8,20.1
2021,11,27,15,30,163,1.8,4,19.700000000000003
2021,11,27,16,30,51,1.5,4,18
2021,11,27,17,30,11,1.4000000000000001,3,15.700000000000001
2021,11,27,18,30,0,2,8,14.200000000000001
2021,11,27,19,30,0,2.5,4,13.100000000000001
2021,11,27,20,30,0,2.5,4,12.100000000000001
2021,11,27,21,30,0,2.6,4,11.4
2021,11,27,22,30,0,2.8000000000000003,3,11
2021,11,27,23,30,0,3,4,10.700000000000001
2021,11,28,0,30,0,3.2,0,10.200000000000001
2021,11,28,1,30,0,3.3000000000000003,0,9.700000000000001
2021,11,28,2,30,0,3.4000000000000004,0,9.200000000000001
2021,11,28,3,30,0,3.2,0,8.4
2021,11,28,4,30,0,3,0,7.4
2021,11,28,5,30,0,2.7,0,6.5
2021,11,28,6,30,0,2.4000000000000004,0,5.6000000000000005
2021,11,28,7,30,10,2.8000000000000003,0,6
2021,11,28,8,30,165,3.3000000000000003,0,8.200000000000001
2021,11,28,9,30,350,3.5,0,11.4
2021,11,28,10,30,503,3.4000000000000004,0,14.5
2021,11,28,11,30,604,2.7,0,16.7
2021,11,28,12,30,642,2,0,18
2021,11,28,13,30,615,1.6,0,18.7
2021,11,28,14,30,522,1.2000000000000002,0,19
2021,11,28,15,30,375,0.8,0,18.6
2021,11,28,16,30,192,0.5,0,17.1
2021,11,28,17,30,21,0.6000000000000001,0,15
2021,11,28,18,30,0,1,0,13.3
2021,11,28,19,30,0,1.2000000000000002,0,11.600000000000001
2021,11,28,20,30,0,1.3,0,9.9
2021,11,28,21,30,0,1.4000000000000001,0,8.8
2021,11,28,22,30,0,1.5,0,8.1
2021,11,28,23,30,0,1.6,0,7.6000000000000005
2021,11,29,0,30,0,1.8,0,7.2
2021,11,29,1,30,0,1.9000000000000001,0,6.800000000000001
2021,11,29,2,30,0,2.1,0,6.6000000000000005
2021,11,29,3,30,0,2.2,0,6.300000000000001
2021,11,29,4,30,0,2.2,0,6
2021,11,29,5,30,0,2.2,0,5.7
2021,11,29,6,30,0,2.1,0,5.4
2021,11,29,7,30,8,2.5,0,6.7
2021,11,29,8,30,164,3.2,0,9.600000000000001
2021,11,29,9,30,351,3.3000000000000003,0,13.100000000000001
2021,11,29,10,30,505,3.6,0,17.1
2021,11,29,11,30,607,4.3,0,20.900000000000002
2021,11,29,12,30,645,4.5,0,23.200000000000003
2021,11,29,13,30,616,4.4,0,24.400000000000002
2021,11,29,14,30,524,4.2,0,24.6
2021,11,29,15,30,377,3.4000000000000004,0,23.6
2021,11,29,16,30,194,2.1,0,20
2021,11,29,17,30,21,1.7000000000000002,0,15.9
2021,11,29,18,30,0,1.8,0,14.100000000000001
2021,11,29,19,30,0,2,0,13.3
2021,11,29,20,30,0,2.4000000000000004,0,12.8
2021,11,29,21,30,0,2.9000000000000004,0,12.4
2021,11,29,22,30,0,3.4000000000000004,0,11.8
2021,11,29,23,30,0,3.5,0,11.100000000000001
2021,11,30,0,30,0,3.5,0,10.4
2021,11,30,1,30,0,3.3000000000000003,0,9.8
2021,11,30,2,30,0,3,0,9.200000000000001
2021,11,30,3,30,0,2.7,8,8.5
2021,11,30,4,30,0,2.5,0,7.9
2021,11,30,5,30,0,2.4000000000000004,0,7.5
2021,11,30,6,30,0,2.3000000000000003,0,7.300000000000001
2021,11,30,7,30,7,2.7,0,8.200000000000001
2021,11,30,8,30,102,3.1,8,10.5
2021,11,30,9,30,334,3,0,13.8
2021,11,30,10,30,321,3.2,8,17.900000000000002
2021,11,30,11,30,599,3.7,0,21.6
2021,11,30,12,30,584,3.9000000000000004,0,23.900000000000002
2021,11,30,13,30,607,3.8000000000000003,0,24.8
2021,11,30,14,30,520,3.5,0,24.900000000000002
2021,11,30,15,30,362,2.6,0,23.8
2021,11,30,16,30,157,1.6,8,20.6
2021,11,30,17,30,20,1.4000000000000001,0,17.3
2021,11,30,18,30,0,1.4000000000000001,0,15.4
2021,11,30,19,30,0,1.5,0,14.200000000000001
2021,11,30,20,30,0,1.6,0,13
2021,11,30,21,30,0,1.7000000000000002,0,12
2021,11,30,22,30,0,1.7000000000000002,0,10.9
2021,11,30,23,30,0,1.6,0,9.9
2021,12,1,0,30,0,1.5,0,9.1
2021,12,1,1,30,0,1.5,0,8.5
2021,12,1,2,30,0,1.6,0,8
2021,12,1,3,30,0,1.6,0,7.5
2021,12,1,4,30,0,1.5,0,6.9
2021,12,1,5,30,0,1.5,0,6.4
2021,12,1,6,30,0,1.5,0,6
2021,12,1,7,30,5,2.1,7,7.1000000000000005
2021,12,1,8,30,118,2.8000000000000003,8,9.8
2021,12,1,9,30,245,2.7,3,13.200000000000001
2021,12,1,10,30,388,2.5,3,17.400000000000002
2021,12,1,11,30,569,2.5,0,21.3
2021,12,1,12,30,641,2.3000000000000003,0,23.8
2021,12,1,13,30,613,1.7000000000000002,0,24.900000000000002
2021,12,1,14,30,521,1.2000000000000002,0,25.200000000000003
2021,12,1,15,30,371,0.7000000000000001,0,24.5
2021,12,1,16,30,159,0.7000000000000001,8,22.1
2021,12,1,17,30,19,1.1,0,19.1
2021,12,1,18,30,0,1.4000000000000001,0,16.900000000000002
2021,12,1,19,30,0,1.4000000000000001,0,15.3
2021,12,1,20,30,0,1.5,0,13.9
2021,12,1,21,30,0,1.5,0,12.8
2021,12,1,22,30,0,1.5,0,12
2021,12,1,23,30,0,1.5,0,11.3
2021,12,2,0,30,0,1.6,0,10.8
2021,12,2,1,30,0,1.6,0,10.3
2021,12,2,2,30,0,1.5,0,9.9
2021,12,2,3,30,0,1.5,0,9.700000000000001
2021,12,2,4,30,0,1.4000000000000001,0,9.5
2021,12,2,5,30,0,1.4000000000000001,0,9.5
2021,12,2,6,30,0,1.3,0,9.4
2021,12,2,7,30,6,1.4000000000000001,0,10.4
2021,12,2,8,30,146,2,0,12.9
2021,12,2,9,30,284,2.3000000000000003,0,15.600000000000001
2021,12,2,10,30,434,2.4000000000000004,0,18.6
2021,12,2,11,30,510,3,0,21.8
2021,12,2,12,30,597,3.6,0,24.3
2021,12,2,13,30,582,3.9000000000000004,0,25.900000000000002
2021,12,2,14,30,495,3.9000000000000004,0,26.3
2021,12,2,15,30,356,3,0,25.6
2021,12,2,16,30,180,1.8,0,22.700000000000003
2021,12,2,17,30,19,1.4000000000000001,0,19.700000000000003
2021,12,2,18,30,0,1.4000000000000001,0,18.5
2021,12,2,19,30,0,1.5,0,17.6
2021,12,2,20,30,0,1.7000000000000002,0,16.7
2021,12,2,21,30,0,2.1,0,16.1
2021,12,2,22,30,0,2.8000000000000003,7,15.700000000000001
2021,12,2,23,30,0,3.5,8,15.4
2021,12,3,0,30,0,3.7,8,14.8
2021,12,3,1,30,0,3.4000000000000004,0,14.200000000000001
2021,12,3,2,30,0,3.1,0,13.700000000000001
2021,12,3,3,30,0,2.7,0,13.3
2021,12,3,4,30,0,2.4000000000000004,0,12.9
2021,12,3,5,30,0,2.3000000000000003,0,12.600000000000001
2021,12,3,6,30,0,2.3000000000000003,0,12.3
2021,12,3,7,30,6,2.8000000000000003,0,12.700000000000001
2021,12,3,8,30,146,3.4000000000000004,0,14.700000000000001
2021,12,3,9,30,331,3.4000000000000004,0,18
2021,12,3,10,30,482,3.8000000000000003,0,22.200000000000003
2021,12,3,11,30,582,4.7,0,26
2021,12,3,12,30,619,5.1000000000000005,0,27.900000000000002
2021,12,3,13,30,591,4.9,0,28.400000000000002
2021,12,3,14,30,502,4.6000000000000005,0,28.3
2021,12,3,15,30,358,3.7,0,27.3
2021,12,3,16,30,180,2.3000000000000003,0,24
2021,12,3,17,30,19,1.6,0,20.3
2021,12,3,18,30,0,1.6,0,18.5
2021,12,3,19,30,0,1.6,0,17.400000000000002
2021,12,3,20,30,0,1.7000000000000002,0,16.2
2021,12,3,21,30,0,1.8,0,15
2021,12,3,22,30,0,1.9000000000000001,0,13.8
2021,12,3,23,30,0,2.1,0,12.600000000000001
2021,12,4,0,30,0,2.3000000000000003,0,11.3
2021,12,4,1,30,0,2.5,0,9.9
2021,12,4,2,30,0,2.7,0,8.6
2021,12,4,3,30,0,2.7,0,7.7
2021,12,4,4,30,0,2.8000000000000003,0,7.1000000000000005
2021,12,4,5,30,0,2.9000000000000004,0,6.6000000000000005
2021,12,4,6,30,0,2.9000000000000004,0,6.1000000000000005
2021,12,4,7,30,5,3.3000000000000003,0,6.6000000000000005
2021,12,4,8,30,147,3.8000000000000003,0,8.6
2021,12,4,9,30,327,3.9000000000000004,0,11.600000000000001
2021,12,4,10,30,419,3.6,0,14.5
2021,12,4,11,30,500,3.4000000000000004,8,17
2021,12,4,12,30,538,3.3000000000000003,8,18.900000000000002
2021,12,4,13,30,533,3.1,0,20.1
2021,12,4,14,30,429,2.9000000000000004,8,20.6
2021,12,4,15,30,223,2.3000000000000003,7,20.200000000000003
2021,12,4,16,30,162,1.4000000000000001,0,18.3
2021,12,4,17,30,16,0.7000000000000001,0,16.6
2021,12,4,18,30,0,0.5,8,16.1
2021,12,4,19,30,0,0.5,8,15.4
2021,12,4,20,30,0,0.8,8,14.200000000000001
2021,12,4,21,30,0,1,8,12.9
2021,12,4,22,30,0,1.2000000000000002,8,12
2021,12,4,23,30,0,1.4000000000000001,0,11.600000000000001
2021,12,5,0,30,0,1.6,8,11.600000000000001
2021,12,5,1,30,0,1.9000000000000001,8,11.5
2021,12,5,2,30,0,2.2,0,11.5
2021,12,5,3,30,0,2.4000000000000004,8,11.600000000000001
2021,12,5,4,30,0,2.4000000000000004,0,11.3
2021,12,5,5,30,0,2.5,0,10.600000000000001
2021,12,5,6,30,0,2.7,8,10.5
2021,12,5,7,30,1,3.3000000000000003,8,11.4
2021,12,5,8,30,68,3.9000000000000004,7,13.4
2021,12,5,9,30,173,4.1000000000000005,8,16
2021,12,5,10,30,300,4.7,8,19.700000000000003
2021,12,5,11,30,570,5.6000000000000005,0,23.200000000000003
2021,12,5,12,30,611,6,0,25.5
2021,12,5,13,30,589,6.1000000000000005,0,26.700000000000003
2021,12,5,14,30,503,6,0,27
2021,12,5,15,30,363,5.2,0,26.200000000000003
2021,12,5,16,30,185,3.5,0,23
2021,12,5,17,30,20,2.6,0,19
2021,12,5,18,30,0,2.8000000000000003,0,17
2021,12,5,19,30,0,3,0,15.8
2021,12,5,20,30,0,3.3000000000000003,0,14.8
2021,12,5,21,30,0,3.5,0,14
2021,12,5,22,30,0,3.4000000000000004,0,13.100000000000001
2021,12,5,23,30,0,3.1,0,12.100000000000001
2021,12,6,0,30,0,2.8000000000000003,0,10.9
2021,12,6,1,30,0,4,0,9.600000000000001
2021,12,6,2,30,0,6.6000000000000005,0,7.7
2021,12,6,3,30,0,8.200000000000001,0,5.5
2021,12,6,4,30,0,8.200000000000001,0,4
2021,12,6,5,30,0,7.9,0,3
2021,12,6,6,30,0,7.300000000000001,0,2.2
2021,12,6,7,30,3,6.9,0,2
2021,12,6,8,30,145,7,0,2.8000000000000003
2021,12,6,9,30,331,6.9,0,4.3
2021,12,6,10,30,488,6.1000000000000005,0,6
2021,12,6,11,30,592,5.300000000000001,0,7.7
2021,12,6,12,30,633,4.6000000000000005,0,9.1
2021,12,6,13,30,608,4.2,0,10.100000000000001
2021,12,6,14,30,518,3.8000000000000003,0,10.5
2021,12,6,15,30,374,3.5,0,10.200000000000001
2021,12,6,16,30,192,2.4000000000000004,0,8.4
2021,12,6,17,30,21,1.5,0,5.9
2021,12,6,18,30,0,1.3,0,4.2
2021,12,6,19,30,0,1.4000000000000001,0,3.4000000000000004
2021,12,6,20,30,0,1.5,0,2.7
2021,12,6,21,30,0,1.6,0,2.1
2021,12,6,22,30,0,1.7000000000000002,0,1.5
2021,12,6,23,30,0,1.9000000000000001,0,1
2021,12,7,0,30,0,2,0,0.6000000000000001
2021,12,7,1,30,0,2.1,0,0.2
2021,12,7,2,30,0,2.1,0,-0.2
2021,12,7,3,30,0,2,0,-0.6000000000000001
2021,12,7,4,30,0,2,0,-0.8
2021,12,7,5,30,0,2,7,-0.7000000000000001
2021,12,7,6,30,0,2,7,-0.5
2021,12,7,7,30,1,2.3000000000000003,0,0.4
2021,12,7,8,30,99,2.8000000000000003,8,2.5
2021,12,7,9,30,246,3.3000000000000003,8,6
2021,12,7,10,30,298,4.3,7,10.5
2021,12,7,11,30,354,4.9,7,14.700000000000001
2021,12,7,12,30,396,5.2,7,17.900000000000002
2021,12,7,13,30,395,5.4,6,20.1
2021,12,7,14,30,385,5.300000000000001,7,21.3
2021,12,7,15,30,251,4.2,7,20.8
2021,12,7,16,30,128,2.6,7,17.400000000000002
2021,12,7,17,30,14,1.9000000000000001,8,13.700000000000001
2021,12,7,18,30,0,1.8,8,12
2021,12,7,19,30,0,1.7000000000000002,0,11.100000000000001
2021,12,7,20,30,0,1.7000000000000002,0,10.200000000000001
2021,12,7,21,30,0,1.6,0,9.200000000000001
2021,12,7,22,30,0,1.6,0,8.1
2021,12,7,23,30,0,1.5,0,7.2
2021,12,8,0,30,0,1.5,0,6.300000000000001
2021,12,8,1,30,0,1.5,0,5.6000000000000005
2021,12,8,2,30,0,1.5,0,5
2021,12,8,3,30,0,1.5,0,4.6000000000000005
2021,12,8,4,30,0,1.5,0,4.4
2021,12,8,5,30,0,1.5,0,4.1000000000000005
2021,12,8,6,30,0,1.5,8,3.9000000000000004
2021,12,8,7,30,1,1.7000000000000002,8,5.300000000000001
2021,12,8,8,30,107,2.6,8,8.8
2021,12,8,9,30,235,2.9000000000000004,8,12.200000000000001
2021,12,8,10,30,341,2.7,8,15
2021,12,8,11,30,444,3.2,8,18.1
2021,12,8,12,30,498,4.1000000000000005,8,20.8
2021,12,8,13,30,469,4.7,8,22.5
2021,12,8,14,30,398,4.800000000000001,7,23.3
2021,12,8,15,30,340,3.7,0,22.3
2021,12,8,16,30,186,2.4000000000000004,0,19.1
2021,12,8,17,30,16,2,7,16.2
2021,12,8,18,30,0,2.3000000000000003,7,15.3
2021,12,8,19,30,0,3.1,7,15.100000000000001
2021,12,8,20,30,0,4.2,6,15.3
2021,12,8,21,30,0,4.9,7,15.200000000000001
2021,12,8,22,30,0,4.7,7,14.3
2021,12,8,23,30,0,4.2,7,13.200000000000001
2021,12,9,0,30,0,3.8000000000000003,8,12.200000000000001
2021,12,9,1,30,0,3.5,7,11.3
2021,12,9,2,30,0,3.2,8,10.600000000000001
2021,12,9,3,30,0,3.1,8,10.200000000000001
2021,12,9,4,30,0,3.1,8,10
2021,12,9,5,30,0,3.1,7,10.100000000000001
2021,12,9,6,30,0,3.1,7,10.200000000000001
2021,12,9,7,30,1,3.3000000000000003,7,11
2021,12,9,8,30,56,3.8000000000000003,7,12.8
2021,12,9,9,30,182,3.8000000000000003,8,15.200000000000001
2021,12,9,10,30,461,4,0,18.7
2021,12,9,11,30,562,4.7,0,22.400000000000002
2021,12,9,12,30,461,5.300000000000001,8,24.5
2021,12,9,13,30,374,5.7,7,25.3
2021,12,9,14,30,397,6,8,25.400000000000002
2021,12,9,15,30,358,5.4,0,24.400000000000002
2021,12,9,16,30,142,3.7,3,21.400000000000002
2021,12,9,17,30,14,2.5,0,17.900000000000002
2021,12,9,18,30,0,2.3000000000000003,8,16.400000000000002
2021,12,9,19,30,0,2.4000000000000004,6,16.2
2021,12,9,20,30,0,2.7,8,16.400000000000002
2021,12,9,21,30,0,2.9000000000000004,6,16.2
2021,12,9,22,30,0,3,6,15.700000000000001
2021,12,9,23,30,0,3.1,7,15.200000000000001
2021,12,10,0,30,0,3.1,8,14.9
2021,12,10,1,30,0,3,8,14.5
2021,12,10,2,30,0,3,8,14.100000000000001
2021,12,10,3,30,0,3.2,8,14.100000000000001
2021,12,10,4,30,0,3.5,7,14.200000000000001
2021,12,10,5,30,0,3.1,7,14.100000000000001
2021,12,10,6,30,0,2.4000000000000004,8,13.600000000000001
2021,12,10,7,30,1,2.8000000000000003,8,14.200000000000001
2021,12,10,8,30,75,4.1000000000000005,8,16.400000000000002
2021,12,10,9,30,286,6,0,19.6
2021,12,10,10,30,456,8,0,22.1
2021,12,10,11,30,558,9.200000000000001,0,23.200000000000003
2021,12,10,12,30,484,9.700000000000001,3,23.6
2021,12,10,13,30,306,9.700000000000001,8,23.6
2021,12,10,14,30,347,9.3,7,23.400000000000002
2021,12,10,15,30,313,8.5,0,22.700000000000003
2021,12,10,16,30,183,7.2,0,21.3
2021,12,10,17,30,20,5.800000000000001,0,19.3
2021,12,10,18,30,0,5,0,17.6
2021,12,10,19,30,0,4.5,0,16.2
2021,12,10,20,30,0,4.3,0,14.9
2021,12,10,21,30,0,4.4,0,13.700000000000001
2021,12,10,22,30,0,5.1000000000000005,0,12.5
2021,12,10,23,30,0,5.6000000000000005,3,11.100000000000001
2021,12,11,0,30,0,5.7,8,9.5
2021,12,11,1,30,0,5.4,0,8.1
2021,12,11,2,30,0,4.800000000000001,0,6.800000000000001
2021,12,11,3,30,0,4.4,0,5.7
2021,12,11,4,30,0,3.9000000000000004,0,4.7
2021,12,11,5,30,0,3.1,0,3.7
2021,12,11,6,30,0,2.3000000000000003,0,2.8000000000000003
2021,12,11,7,30,1,2.3000000000000003,0,2.8000000000000003
2021,12,11,8,30,98,3.1,8,4.3
2021,12,11,9,30,246,3.4000000000000004,7,6.5
2021,12,11,10,30,370,2.9000000000000004,8,8.4
2021,12,11,11,30,593,2,0,9.9
2021,12,11,12,30,638,1.4000000000000001,0,11.100000000000001
2021,12,11,13,30,619,1.4000000000000001,0,12
2021,12,11,14,30,532,1.8,0,12.4
2021,12,11,15,30,387,1.9000000000000001,0,12.200000000000001
2021,12,11,16,30,204,1.4000000000000001,0,10.3
2021,12,11,17,30,23,1,0,7.9
2021,12,11,18,30,0,1.2000000000000002,0,6.300000000000001
2021,12,11,19,30,0,1.5,0,5
2021,12,11,20,30,0,1.7000000000000002,0,4.1000000000000005
2021,12,11,21,30,0,1.9000000000000001,0,3.5
2021,12,11,22,30,0,2.2,0,3.1
2021,12,11,23,30,0,2.4000000000000004,0,2.6
2021,12,12,0,30,0,2.4000000000000004,0,1.9000000000000001
2021,12,12,1,30,0,2.4000000000000004,0,1.2000000000000002
2021,12,12,2,30,0,2.2,0,0.6000000000000001
2021,12,12,3,30,0,2,0,0
2021,12,12,4,30,0,2,0,-0.30000000000000004
2021,12,12,5,30,0,2.1,0,-0.5
2021,12,12,6,30,0,2.2,0,-0.6000000000000001
2021,12,12,7,30,0,3,0,0.5
2021,12,12,8,30,136,3.8000000000000003,0,3.1
2021,12,12,9,30,325,4.4,0,6.800000000000001
2021,12,12,10,30,485,5.2,0,10.9
2021,12,12,11,30,592,5.5,0,14.3
2021,12,12,12,30,635,5.4,0,16.8
2021,12,12,13,30,609,5.300000000000001,0,18.5
2021,12,12,14,30,522,5,0,19.3
2021,12,12,15,30,378,4.1000000000000005,0,18.8
2021,12,12,16,30,196,2.7,0,15.4
2021,12,12,17,30,23,2.1,0,11.700000000000001
2021,12,12,18,30,0,2.5,0,10.3
2021,12,12,19,30,0,3,0,9.8
2021,12,12,20,30,0,3.4000000000000004,0,9.1
2021,12,12,21,30,0,3.6,0,8.4
2021,12,12,22,30,0,3.8000000000000003,0,7.7
2021,12,12,23,30,0,3.8000000000000003,0,7.1000000000000005
2021,12,13,0,30,0,3.7,0,6.5
2021,12,13,1,30,0,3.7,0,5.9
2021,12,13,2,30,0,3.6,0,5.4
2021,12,13,3,30,0,3.4000000000000004,0,4.9
2021,12,13,4,30,0,3.1,0,4.4
2021,12,13,5,30,0,2.8000000000000003,0,3.9000000000000004
2021,12,13,6,30,0,2.5,0,3.5
2021,12,13,7,30,0,2.9000000000000004,0,4.2
2021,12,13,8,30,127,3.4000000000000004,0,6.6000000000000005
2021,12,13,9,30,310,3.3000000000000003,0,10.200000000000001
2021,12,13,10,30,466,3.4000000000000004,0,14.5
2021,12,13,11,30,573,4,0,18.400000000000002
2021,12,13,12,30,620,4.5,0,21.5
2021,12,13,13,30,598,4.800000000000001,0,23.3
2021,12,13,14,30,512,4.800000000000001,0,23.6
2021,12,13,15,30,371,3.9000000000000004,0,22.700000000000003
2021,12,13,16,30,137,2.4000000000000004,8,19.1
2021,12,13,17,30,15,1.7000000000000002,8,15.200000000000001
2021,12,13,18,30,0,1.9000000000000001,0,13.5
2021,12,13,19,30,0,2.3000000000000003,0,12.600000000000001
2021,12,13,20,30,0,2.7,0,11.700000000000001
2021,12,13,21,30,0,3,0,10.700000000000001
2021,12,13,22,30,0,3.2,0,9.8
2021,12,13,23,30,0,3.2,0,9
2021,12,14,0,30,0,3.2,0,8.3
2021,12,14,1,30,0,3.1,0,7.6000000000000005
2021,12,14,2,30,0,2.9000000000000004,0,7
2021,12,14,3,30,0,2.7,7,6.5
2021,12,14,4,30,0,2.5,0,6.2
2021,12,14,5,30,0,2.4000000000000004,0,5.9
2021,12,14,6,30,0,2.3000000000000003,0,5.7
2021,12,14,7,30,0,2.6,0,6.800000000000001
2021,12,14,8,30,118,3.3000000000000003,0,9.700000000000001
2021,12,14,9,30,198,3.4000000000000004,8,13.200000000000001
2021,12,14,10,30,328,3.7,8,17.1
2021,12,14,11,30,472,4.4,7,20.700000000000003
2021,12,14,12,30,604,4.800000000000001,0,23.3
2021,12,14,13,30,581,4.9,0,24.900000000000002
2021,12,14,14,30,399,4.9,8,25.400000000000002
2021,12,14,15,30,357,4.1000000000000005,0,24.400000000000002
2021,12,14,16,30,173,2.9000000000000004,0,21.1
2021,12,14,17,30,14,2.9000000000000004,0,18.2
2021,12,14,18,30,0,3.9000000000000004,7,17.400000000000002
2021,12,14,19,30,0,4.4,8,16.7
2021,12,14,20,30,0,4.4,8,15.8
2021,12,14,21,30,0,4.3,8,14.8
2021,12,14,22,30,0,4.3,5,13.9
2021,12,14,23,30,0,4.5,0,13.600000000000001
2021,12,15,0,30,0,4.800000000000001,0,13.700000000000001
2021,12,15,1,30,0,5,0,13.700000000000001
2021,12,15,2,30,0,5.1000000000000005,0,13.700000000000001
2021,12,15,3,30,0,5.1000000000000005,0,13.700000000000001
2021,12,15,4,30,0,5.2,0,13.8
2021,12,15,5,30,0,5.4,0,14
2021,12,15,6,30,0,5.7,3,14.200000000000001
2021,12,15,7,30,0,6.300000000000001,0,14.5
2021,12,15,8,30,75,7.5,7,16
2021,12,15,9,30,286,8.5,0,18.7
2021,12,15,10,30,410,8.700000000000001,0,22
2021,12,15,11,30,403,8.5,8,25.1
2021,12,15,12,30,430,8.1,7,27.3
2021,12,15,13,30,381,7.6000000000000005,7,28.5
2021,12,15,14,30,271,6.800000000000001,6,28.700000000000003
2021,12,15,15,30,156,5.1000000000000005,6,27.5
2021,12,15,16,30,74,3.3000000000000003,6,24
2021,12,15,17,30,12,2.5,6,20.200000000000003
2021,12,15,18,30,0,2.4000000000000004,6,18.3
2021,12,15,19,30,0,2.4000000000000004,6,17
2021,12,15,20,30,0,2.4000000000000004,7,15.9
2021,12,15,21,30,0,2.3000000000000003,8,14.9
2021,12,15,22,30,0,2.2,0,14
2021,12,15,23,30,0,2.1,8,13
2021,12,16,0,30,0,1.9000000000000001,8,12.200000000000001
2021,12,16,1,30,0,1.7000000000000002,8,11.600000000000001
2021,12,16,2,30,0,1.5,8,11.100000000000001
2021,12,16,3,30,0,1.4000000000000001,8,10.5
2021,12,16,4,30,0,1.5,0,9.600000000000001
2021,12,16,5,30,0,1.7000000000000002,0,8.5
2021,12,16,6,30,0,1.8,0,7.4
2021,12,16,7,30,0,2.5,0,7.6000000000000005
2021,12,16,8,30,114,3.6,0,9.4
2021,12,16,9,30,237,3.9000000000000004,3,11.600000000000001
2021,12,16,10,30,448,3.5,0,13.8
2021,12,16,11,30,446,2.6,8,15.600000000000001
2021,12,16,12,30,603,1.5,0,17.3
2021,12,16,13,30,470,0.8,8,18.7
2021,12,16,14,30,413,0.8,8,19.6
2021,12,16,15,30,350,0.9,0,19.400000000000002
2021,12,16,16,30,158,0.8,7,17.3
2021,12,16,17,30,15,1.1,7,14.5
2021,12,16,18,30,0,1.4000000000000001,8,12.600000000000001
2021,12,16,19,30,0,1.6,8,11.4
2021,12,16,20,30,0,1.9000000000000001,8,10.600000000000001
2021,12,16,21,30,0,1.9000000000000001,8,10
2021,12,16,22,30,0,1.7000000000000002,8,9.600000000000001
2021,12,16,23,30,0,1.5,8,9.4
2021,12,17,0,30,0,1.6,8,9.5
2021,12,17,1,30,0,1.7000000000000002,7,9.700000000000001
2021,12,17,2,30,0,1.9000000000000001,8,9.8
2021,12,17,3,30,0,2.2,8,10
2021,12,17,4,30,0,2.5,8,10.100000000000001
2021,12,17,5,30,0,2.8000000000000003,0,10.5
2021,12,17,6,30,0,3.1,0,10.8
2021,12,17,7,30,0,3.6,0,11.4
2021,12,17,8,30,99,4.1000000000000005,0,12.700000000000001
2021,12,17,9,30,118,4.7,8,15
2021,12,17,10,30,286,5.300000000000001,8,17.5
2021,12,17,11,30,347,5.2,7,19.400000000000002
2021,12,17,12,30,246,4.7,7,20.5
2021,12,17,13,30,192,4.1000000000000005,7,21.200000000000003
2021,12,17,14,30,161,3.4000000000000004,7,21.5
2021,12,17,15,30,133,2.2,7,20.3
2021,12,17,16,30,55,1.3,7,18
2021,12,17,17,30,9,1.2000000000000002,7,16.5
2021,12,17,18,30,0,1.2000000000000002,7,15.9
2021,12,17,19,30,0,1.2000000000000002,6,15.5
2021,12,17,20,30,0,1.3,6,15.200000000000001
2021,12,17,21,30,0,1.2000000000000002,6,14.8
2021,12,17,22,30,0,1.2000000000000002,6,14.4
2021,12,17,23,30,0,1.1,7,14
2021,12,18,0,30,0,1.4000000000000001,8,13.4
2021,12,18,1,30,0,2.2,8,12.4
2021,12,18,2,30,0,3.4000000000000004,8,11.100000000000001
2021,12,18,3,30,0,4.6000000000000005,7,9.600000000000001
2021,12,18,4,30,0,5.5,7,8.4
2021,12,18,5,30,0,5.9,7,7.2
2021,12,18,6,30,0,6.1000000000000005,5,6.4
2021,12,18,7,30,0,6.4,7,6
2021,12,18,8,30,52,7,7,6.1000000000000005
2021,12,18,9,30,214,7.5,0,7
2021,12,18,10,30,295,7.5,5,8.4
2021,12,18,11,30,534,7.300000000000001,0,9.700000000000001
2021,12,18,12,30,602,6.9,0,10.700000000000001
2021,12,18,13,30,422,6.6000000000000005,5,11.3
2021,12,18,14,30,389,6.300000000000001,0,11.200000000000001
2021,12,18,15,30,297,5.800000000000001,0,10.5
2021,12,18,16,30,55,4.800000000000001,5,8.9
2021,12,18,17,30,10,3.4000000000000004,5,6.9
2021,12,18,18,30,0,2.8000000000000003,5,5.800000000000001
2021,12,18,19,30,0,2.8000000000000003,8,5.300000000000001
2021,12,18,20,30,0,2.4000000000000004,8,4.7
2021,12,18,21,30,0,1.8,8,3.8000000000000003
2021,12,18,22,30,0,1.7000000000000002,8,3.1
2021,12,18,23,30,0,1.8,8,3.2
2021,12,19,0,30,0,1.5,7,3.4000000000000004
2021,12,19,1,30,0,1.2000000000000002,8,3.3000000000000003
2021,12,19,2,30,0,1.1,8,2.7
2021,12,19,3,30,0,0.9,8,1.7000000000000002
2021,12,19,4,30,0,0.9,8,0.8
2021,12,19,5,30,0,0.8,8,0.5
2021,12,19,6,30,0,0.6000000000000001,8,0.8
2021,12,19,7,30,0,0.9,8,1.5
2021,12,19,8,30,44,1.5,8,2.6
2021,12,19,9,30,114,1.8,8,4.1000000000000005
2021,12,19,10,30,185,1.8,8,5.9
2021,12,19,11,30,146,2.2,8,7.7
2021,12,19,12,30,314,2.8000000000000003,7,9
2021,12,19,13,30,255,3,8,9.8
2021,12,19,14,30,284,3.2,8,10.100000000000001
2021,12,19,15,30,306,3.4000000000000004,8,10
2021,12,19,16,30,153,2.7,0,8.6
2021,12,19,17,30,10,1.8,4,6.5
2021,12,19,18,30,0,1.9000000000000001,4,5.300000000000001
2021,12,19,19,30,0,2.2,0,4.7
2021,12,19,20,30,0,2.5,0,4.2
2021,12,19,21,30,0,2.7,0,3.6
2021,12,19,22,30,0,2.7,0,3
2021,12,19,23,30,0,2.4000000000000004,0,2.3000000000000003
2021,12,20,0,30,0,2.1,0,1.6
2021,12,20,1,30,0,1.8,0,1
2021,12,20,2,30,0,1.6,0,0.5
2021,12,20,3,30,0,1.6,0,0.1
2021,12,20,4,30,0,1.6,0,-0.2
2021,12,20,5,30,0,1.5,0,-0.6000000000000001
2021,12,20,6,30,0,1.3,0,-1
2021,12,20,7,30,0,1.7000000000000002,0,-0.2
2021,12,20,8,30,118,2,0,2.1
2021,12,20,9,30,306,1.8,0,5.4
2021,12,20,10,30,468,1.8,0,9.200000000000001
2021,12,20,11,30,583,1.9000000000000001,0,12.600000000000001
2021,12,20,12,30,627,2.1,0,15.100000000000001
2021,12,20,13,30,607,2.2,0,16.5
2021,12,20,14,30,524,2,0,17.1
2021,12,20,15,30,384,1.5,0,16.6
2021,12,20,16,30,205,0.8,0,14.8
2021,12,20,17,30,30,0.8,0,12.4
2021,12,20,18,30,0,1.2000000000000002,0,10.100000000000001
2021,12,20,19,30,0,1.5,0,8
2021,12,20,20,30,0,1.6,0,6.4
2021,12,20,21,30,0,1.6,0,5.300000000000001
2021,12,20,22,30,0,1.5,0,4.4
2021,12,20,23,30,0,1.4000000000000001,0,3.9000000000000004
2021,12,21,0,30,0,1.2000000000000002,0,3.9000000000000004
2021,12,21,1,30,0,0.9,0,4.1000000000000005
2021,12,21,2,30,0,0.7000000000000001,0,4.1000000000000005
2021,12,21,3,30,0,0.6000000000000001,0,3.7
2021,12,21,4,30,0,0.8,0,2.8000000000000003
2021,12,21,5,30,0,1,0,2
2021,12,21,6,30,0,1.1,0,1.6
2021,12,21,7,30,0,1.3,0,2.5
2021,12,21,8,30,67,2.2,8,4.9
2021,12,21,9,30,240,2.9000000000000004,8,8
2021,12,21,10,30,337,3.1,8,11.5
2021,12,21,11,30,472,3.8000000000000003,8,15.3
2021,12,21,12,30,588,4.6000000000000005,0,18.400000000000002
2021,12,21,13,30,604,5.1000000000000005,0,20.400000000000002
2021,12,21,14,30,511,5.1000000000000005,0,21.1
2021,12,21,15,30,374,4,0,20.1
2021,12,21,16,30,88,2.5,6,16.1
2021,12,21,17,30,22,2.2,8,12.100000000000001
2021,12,21,18,30,0,2.3000000000000003,0,10.600000000000001
2021,12,21,19,30,0,2.4000000000000004,0,9.9
2021,12,21,20,30,0,2.4000000000000004,0,9.3
2021,12,21,21,30,0,2.4000000000000004,0,8.5
2021,12,21,22,30,0,2.5,7,8.1
2021,12,21,23,30,0,2.5,8,7.5
2021,12,22,0,30,0,2.5,0,6.4
2021,12,22,1,30,0,2.5,7,5.5
2021,12,22,2,30,0,2.5,8,4.800000000000001
2021,12,22,3,30,0,2.6,0,4.1000000000000005
2021,12,22,4,30,0,2.6,0,3.4000000000000004
2021,12,22,5,30,0,2.5,0,2.8000000000000003
2021,12,22,6,30,0,2.5,0,2.2
2021,12,22,7,30,0,2.9000000000000004,7,2.8000000000000003
2021,12,22,8,30,92,3.4000000000000004,0,5
2021,12,22,9,30,276,2.9000000000000004,0,8.3
2021,12,22,10,30,464,2.5,0,12.3
2021,12,22,11,30,575,2.6,0,16.1
2021,12,22,12,30,623,3.1,0,19.3
2021,12,22,13,30,606,3.5,0,21.5
2021,12,22,14,30,525,3.5,0,22.400000000000002
2021,12,22,15,30,379,2.4000000000000004,0,21.3
2021,12,22,16,30,208,1.4000000000000001,0,17.8
2021,12,22,17,30,31,1.5,0,14.3
2021,12,22,18,30,0,1.6,0,12.3
2021,12,22,19,30,0,1.6,0,11.200000000000001
2021,12,22,20,30,0,1.6,0,10.5
2021,12,22,21,30,0,1.7000000000000002,0,9.600000000000001
2021,12,22,22,30,0,1.8,0,8.6
2021,12,22,23,30,0,2,0,8.1
2021,12,23,0,30,0,2.1,0,7.5
2021,12,23,1,30,0,2,0,6.9
2021,12,23,2,30,0,2,8,6.300000000000001
2021,12,23,3,30,0,1.9000000000000001,8,5.9
2021,12,23,4,30,0,1.9000000000000001,8,5.6000000000000005
2021,12,23,5,30,0,2,7,5.4
2021,12,23,6,30,0,2,8,5.300000000000001
2021,12,23,7,30,0,2.4000000000000004,0,6.7
2021,12,23,8,30,78,3.3000000000000003,3,9.8
2021,12,23,9,30,244,3.8000000000000003,3,13.100000000000001
2021,12,23,10,30,380,3.8000000000000003,0,16.6
2021,12,23,11,30,526,4.6000000000000005,0,20.700000000000003
2021,12,23,12,30,538,5.4,0,24
2021,12,23,13,30,483,5.4,8,25.700000000000003
2021,12,23,14,30,442,5,0,26
2021,12,23,15,30,360,3.9000000000000004,0,25
2021,12,23,16,30,163,2.6,0,21.5
2021,12,23,17,30,22,2.3000000000000003,0,18.1
2021,12,23,18,30,0,2.6,0,16.8
2021,12,23,19,30,0,3,0,16.400000000000002
2021,12,23,20,30,0,3.4000000000000004,0,15.9
2021,12,23,21,30,0,3.7,8,15.200000000000001
2021,12,23,22,30,0,3.8000000000000003,0,14.200000000000001
2021,12,23,23,30,0,3.7,0,13.3
2021,12,24,0,30,0,3.7,0,12.5
2021,12,24,1,30,0,3.8000000000000003,7,11.8
2021,12,24,2,30,0,3.8000000000000003,0,11.3
2021,12,24,3,30,0,3.9000000000000004,0,11.100000000000001
2021,12,24,4,30,0,4.1000000000000005,7,11.100000000000001
2021,12,24,5,30,0,4.3,8,11.100000000000001
2021,12,24,6,30,0,4.3,7,11.100000000000001
2021,12,24,7,30,0,4.7,7,11.8
2021,12,24,8,30,65,5.2,8,14
2021,12,24,9,30,248,5.4,0,17.5
2021,12,24,10,30,344,6.2,8,22
2021,12,24,11,30,526,7.7,0,25.900000000000002
2021,12,24,12,30,589,8.4,0,27.900000000000002
2021,12,24,13,30,575,8.4,0,28.900000000000002
2021,12,24,14,30,432,8.200000000000001,8,29.200000000000003
2021,12,24,15,30,204,7.2,7,28.8
2021,12,24,16,30,95,5.300000000000001,6,26.5
2021,12,24,17,30,17,4.3,7,23.6
2021,12,24,18,30,0,4.3,7,21.900000000000002
2021,12,24,19,30,0,4.2,7,20.8
2021,12,24,20,30,0,3.8000000000000003,7,19.700000000000003
2021,12,24,21,30,0,3.4000000000000004,7,18.8
2021,12,24,22,30,0,2.9000000000000004,8,17.7
2021,12,24,23,30,0,2.7,8,16.8
2021,12,25,0,30,0,2.5,8,15.9
2021,12,25,1,30,0,2.5,8,15
2021,12,25,2,30,0,2.5,8,14.3
2021,12,25,3,30,0,2.5,3,14
2021,12,25,4,30,0,2.4000000000000004,0,13.8
2021,12,25,5,30,0,2.4000000000000004,0,13.600000000000001
2021,12,25,6,30,0,2.4000000000000004,8,13.5
2021,12,25,7,30,0,2.6,7,14.100000000000001
2021,12,25,8,30,71,3.2,8,16
2021,12,25,9,30,150,3.7,7,18.8
2021,12,25,10,30,222,4.3,7,21.700000000000003
2021,12,25,11,30,412,5,7,23.700000000000003
2021,12,25,12,30,439,5.1000000000000005,8,24.8
2021,12,25,13,30,251,5.1000000000000005,6,25.3
2021,12,25,14,30,199,4.800000000000001,6,25.3
2021,12,25,15,30,156,3.8000000000000003,7,24.3
2021,12,25,16,30,48,2.3000000000000003,7,21.8
2021,12,25,17,30,13,1.5,7,19.200000000000003
2021,12,25,18,30,0,1.4000000000000001,7,17.900000000000002
2021,12,25,19,30,0,1.4000000000000001,8,17.2
2021,12,25,20,30,0,1.4000000000000001,8,16.8
2021,12,25,21,30,0,1.4000000000000001,8,16.1
2021,12,25,22,30,0,1.5,8,15.100000000000001
2021,12,25,23,30,0,2,8,14.700000000000001
2021,12,26,0,30,0,2.7,8,14.600000000000001
2021,12,26,1,30,0,3.4000000000000004,0,14.5
2021,12,26,2,30,0,3.9000000000000004,0,14.100000000000001
2021,12,26,3,30,0,4.4,0,13.600000000000001
2021,12,26,4,30,0,4.6000000000000005,0,13.3
2021,12,26,5,30,0,4.4,0,12.8
2021,12,26,6,30,0,4.4,8,12.4
2021,12,26,7,30,0,4.800000000000001,8,12.9
2021,12,26,8,30,61,5.300000000000001,8,15.100000000000001
2021,12,26,9,30,159,5.2,7,18.6
2021,12,26,10,30,240,5.7,7,22.900000000000002
2021,12,26,11,30,305,6.7,6,26.5
2021,12,26,12,30,280,7.300000000000001,6,28.200000000000003
2021,12,26,13,30,423,7.4,8,28.6
2021,12,26,14,30,400,7.1000000000000005,7,28.400000000000002
2021,12,26,15,30,228,6.1000000000000005,7,27.6
2021,12,26,16,30,147,4.4,7,25.3
2021,12,26,17,30,25,3.4000000000000004,8,22.5
2021,12,26,18,30,0,3.2,7,20.700000000000003
2021,12,26,19,30,0,2.9000000000000004,0,19.400000000000002
2021,12,26,20,30,0,2.7,0,18.400000000000002
2021,12,26,21,30,0,2.6,8,17.7
2021,12,26,22,30,0,2.5,8,17.1
2021,12,26,23,30,0,2.4000000000000004,7,16.3
2021,12,27,0,30,0,2.4000000000000004,0,15.5
2021,12,27,1,30,0,2.3000000000000003,0,14.700000000000001
2021,12,27,2,30,0,2.1,0,13.8
2021,12,27,3,30,0,1.9000000000000001,0,13
2021,12,27,4,30,0,1.7000000000000002,0,12.200000000000001
2021,12,27,5,30,0,1.5,8,11.5
2021,12,27,6,30,0,1.3,7,11
2021,12,27,7,30,0,1.2000000000000002,7,11.8
2021,12,27,8,30,51,1.4000000000000001,7,14.100000000000001
2021,12,27,9,30,230,1.2000000000000002,7,16.7
2021,12,27,10,30,179,1,8,19.6
2021,12,27,11,30,51,1.8,7,22.3
2021,12,27,12,30,54,2.6,7,23.8
2021,12,27,13,30,62,3,7,24.400000000000002
2021,12,27,14,30,172,3.2,7,24.6
2021,12,27,15,30,89,3,7,24.400000000000002
2021,12,27,16,30,153,2,8,21.900000000000002
2021,12,27,17,30,21,1.3,7,19.1
2021,12,27,18,30,0,1.4000000000000001,8,17.7
2021,12,27,19,30,0,1.5,0,16.6
2021,12,27,20,30,0,1.9000000000000001,8,15.8
2021,12,27,21,30,0,2.2,8,15.100000000000001
2021,12,27,22,30,0,2.2,8,14.3
2021,12,27,23,30,0,2.5,8,13.8
2021,12,28,0,30,0,2.9000000000000004,8,13.5
2021,12,28,1,30,0,2.8000000000000003,8,12.9
2021,12,28,2,30,0,2.7,7,12.5
2021,12,28,3,30,0,2.9000000000000004,8,12.5
2021,12,28,4,30,0,3.1,8,12.5
2021,12,28,5,30,0,3.1,3,12.5
2021,12,28,6,30,0,3.1,7,12.100000000000001
2021,12,28,7,30,0,3.5,7,12.100000000000001
2021,12,28,8,30,63,4.5,8,13.5
2021,12,28,9,30,186,5.9,8,16.1
2021,12,28,10,30,420,6.7,0,18.3
2021,12,28,11,30,561,6.800000000000001,0,19.6
2021,12,28,12,30,567,6.800000000000001,0,20.5
2021,12,28,13,30,611,6.800000000000001,0,20.900000000000002
2021,12,28,14,30,533,6.5,0,20.900000000000002
2021,12,28,15,30,396,5.7,0,20.400000000000002
2021,12,28,16,30,218,3.8000000000000003,0,17.900000000000002
2021,12,28,17,30,39,2.2,0,14.5
2021,12,28,18,30,0,2,0,12.8
2021,12,28,19,30,0,1.9000000000000001,8,12.100000000000001
2021,12,28,20,30,0,1.7000000000000002,7,11.9
2021,12,28,21,30,0,1.6,7,12
2021,12,28,22,30,0,1.5,7,12.100000000000001
2021,12,28,23,30,0,1.7000000000000002,7,12.200000000000001
2021,12,29,0,30,0,2.4000000000000004,7,12.3
2021,12,29,1,30,0,2.8000000000000003,7,11.8
2021,12,29,2,30,0,2.4000000000000004,6,11.100000000000001
2021,12,29,3,30,0,1.7000000000000002,6,10.700000000000001
2021,12,29,4,30,0,1.3,6,10.100000000000001
2021,12,29,5,30,0,1.3,0,9.200000000000001
2021,12,29,6,30,0,1.6,0,8.4
2021,12,29,7,30,0,2.6,0,9.3
2021,12,29,8,30,104,3.8000000000000003,0,11.9
2021,12,29,9,30,290,5.2,0,15.3
2021,12,29,10,30,455,6.7,0,18
2021,12,29,11,30,570,7.4,0,19.200000000000003
2021,12,29,12,30,619,7.4,0,19.8
2021,12,29,13,30,610,7.2,0,20
2021,12,29,14,30,528,6.7,0,20
2021,12,29,15,30,393,6,0,19.400000000000002
2021,12,29,16,30,217,4.2,0,17.2
2021,12,29,17,30,40,2.6,0,14
2021,12,29,18,30,0,2.3000000000000003,8,12.3
2021,12,29,19,30,0,2.4000000000000004,7,11.5
2021,12,29,20,30,0,2.3000000000000003,0,10.700000000000001
2021,12,29,21,30,0,2.2,0,9.8
2021,12,29,22,30,0,2,0,9.1
2021,12,29,23,30,0,1.9000000000000001,0,8.4
2021,12,30,0,30,0,2,0,7.800000000000001
2021,12,30,1,30,0,2.1,0,7.300000000000001
2021,12,30,2,30,0,2.1,0,6.800000000000001
2021,12,30,3,30,0,2,0,6.4
2021,12,30,4,30,0,1.9000000000000001,0,6
2021,12,30,5,30,0,1.7000000000000002,0,5.7
2021,12,30,6,30,0,1.5,0,5.4
2021,12,30,7,30,0,1.5,0,6.4
2021,12,30,8,30,100,2,0,9.200000000000001
2021,12,30,9,30,281,2.1,0,12.5
2021,12,30,10,30,440,2.1,0,16.5
2021,12,30,11,30,515,3.1,0,19.5
2021,12,30,12,30,558,4,0,20.1
2021,12,30,13,30,478,4.5,8,19.900000000000002
2021,12,30,14,30,329,4.5,8,19.400000000000002
2021,12,30,15,30,338,3.8000000000000003,0,18.6
2021,12,30,16,30,191,2.5,0,16.6
2021,12,30,17,30,39,1.8,0,13.8
2021,12,30,18,30,0,1.7000000000000002,8,12.200000000000001
2021,12,30,19,30,0,1.7000000000000002,0,11.700000000000001
2021,12,30,20,30,0,1.7000000000000002,7,11.5
2021,12,30,21,30,0,1.8,8,11.5
2021,12,30,22,30,0,1.8,8,11.5
2021,12,30,23,30,0,1.8,0,11
2021,12,31,0,30,0,1.9000000000000001,0,10.600000000000001
2021,12,31,1,30,0,2,8,10.200000000000001
2021,12,31,2,30,0,2.1,7,10
2021,12,31,3,30,0,2.2,7,10.200000000000001
2021,12,31,4,30,0,2.1,7,10.5
2021,12,31,5,30,0,2.2,7,10.9
2021,12,31,6,30,0,2.4000000000000004,7,11.3
2021,12,31,7,30,0,2.7,7,11.600000000000001
2021,12,31,8,30,20,3.3000000000000003,7,12.200000000000001
2021,12,31,9,30,10,3.6,6,12.700000000000001
2021,12,31,10,30,56,3.5,6,13.600000000000001
2021,12,31,11,30,58,3.3000000000000003,6,15.200000000000001
2021,12,31,12,30,108,3.7,7,17.2
2021,12,31,13,30,382,4.3,7,18.6
2021,12,31,14,30,209,4.6000000000000005,7,19
2021,12,31,15,30,94,4.1000000000000005,7,18.400000000000002
2021,12,31,16,30,70,2.7,8,16.7
2021,12,31,17,30,18,1.7000000000000002,8,14.700000000000001
2021,12,31,18,30,0,4.1000000000000005,6,0
2021,12,31,19,30,0,3.9000000000000004,7,-0.1
2021,12,31,20,30,0,4,7,-0.1
2021,12,31,21,30,0,4.2,7,0
2021,12,31,22,30,0,4.4,7,0
2021,12,31,23,30,0,4.5,7,-0.1
