Source,Location ID,City,State,Country,Latitude,Longitude,Time Zone,Elevation,Local Time Zone,Clearsky DHI Units,Clearsky DNI Units,Clearsky GHI Units,Dew Point Units,DHI Units,DNI Units,GHI Units,Solar Zenith Angle Units,Temperature Units,Pressure Units,Relative Humidity Units,Precipitable Water Units,Wind Direction Units,Wind Speed Units,Cloud Type -15,Cloud Type 0,Cloud Type 1,Cloud Type 2,Cloud Type 3,Cloud Type 4,Cloud Type 5,Cloud Type 6,Cloud Type 7,Cloud Type 8,Cloud Type 9,Cloud Type 10,Cloud Type 11,Cloud Type 12,Fill Flag 0,Fill Flag 1,Fill Flag 2,Fill Flag 3,Fill Flag 4,Fill Flag 5,Surface Albedo Units,Version
NSRDB,575848,-,-,-,32.25,-101.5,-6,756,-6,w/m2,w/m2,w/m2,c,w/m2,w/m2,w/m2,Degree,c,mbar,%,cm,Degrees,m/s,N/A,Clear,Probably Clear,Fog,Water,Super-Cooled Water,Mixed,Opaque Ice,Cirrus,Overlapping,Overshooting,Unknown,Dust,Smoke,N/A,Missing Image,Low Irradiance,Exceeds Clearsky,Missing CLoud Properties,Rayleigh Violation,N/A,4.0.0
Year,Month,Day,Hour,Minute,GHI,Wind Speed,Cloud Type,Temperature
2022,1,1,0,30,0,3.1,7,11.600000000000001
2022,1,1,1,30,0,3.5,8,11.3
2022,1,1,2,30,0,3.7,8,11.4
2022,1,1,3,30,0,4.2,0,11.600000000000001
2022,1,1,4,30,0,3.8000000000000003,5,10.8
2022,1,1,5,30,0,3.3000000000000003,0,9.3
2022,1,1,6,30,0,3.4000000000000004,0,8.3
2022,1,1,7,30,0,4.2,0,8.5
2022,1,1,8,30,100,5.4,0,10.3
2022,1,1,9,30,283,6.800000000000001,0,12.9
2022,1,1,10,30,446,7.6000000000000005,0,15.3
2022,1,1,11,30,561,7.7,0,17
2022,1,1,12,30,615,7.6000000000000005,0,18.400000000000002
2022,1,1,13,30,603,7.6000000000000005,0,19.3
2022,1,1,14,30,528,7.5,0,19.5
2022,1,1,15,30,393,7.1000000000000005,0,19
2022,1,1,16,30,218,5.7,0,17.1
2022,1,1,17,30,37,4.2,0,14.5
2022,1,1,18,30,0,4.1000000000000005,3,12.8
2022,1,1,19,30,0,4.9,4,11.100000000000001
2022,1,1,20,30,0,5.7,4,8.4
2022,1,1,21,30,0,6.2,5,4.800000000000001
2022,1,1,22,30,0,7,0,0.9
2022,1,1,23,30,0,7.4,0,-2.3000000000000003
2022,1,2,0,30,0,6.9,0,-4
2022,1,2,1,30,0,6.2,0,-4.6000000000000005
2022,1,2,2,30,0,5.9,0,-4.800000000000001
2022,1,2,3,30,0,5.7,0,-5.2
2022,1,2,4,30,0,5.4,0,-5.6000000000000005
2022,1,2,5,30,0,4.7,0,-6
2022,1,2,6,30,0,3.8000000000000003,0,-6.300000000000001
2022,1,2,7,30,0,3.6,0,-6
2022,1,2,8,30,105,4.3,0,-4.3
2022,1,2,9,30,301,4.6000000000000005,0,-1.5
2022,1,2,10,30,470,4.3,0,1.5
2022,1,2,11,30,589,4,0,3.9000000000000004
2022,1,2,12,30,645,3.9000000000000004,0,5.800000000000001
2022,1,2,13,30,634,3.7,0,7.1000000000000005
2022,1,2,14,30,556,3.4000000000000004,0,7.7
2022,1,2,15,30,419,3.1,0,7.7
2022,1,2,16,30,238,2,0,5.800000000000001
2022,1,2,17,30,52,1.3,0,3
2022,1,2,18,30,0,1.3,0,1.6
2022,1,2,19,30,0,1.3,0,0.9
2022,1,2,20,30,0,1.3,0,0.4
2022,1,2,21,30,0,1.4000000000000001,0,0
2022,1,2,22,30,0,1.4000000000000001,0,-0.6000000000000001
2022,1,2,23,30,0,1.5,0,-1.3
2022,1,3,0,30,0,1.7000000000000002,0,-1.8
2022,1,3,1,30,0,2,0,-2
2022,1,3,2,30,0,2.2,0,-2.4000000000000004
2022,1,3,3,30,0,2.1,0,-3
2022,1,3,4,30,0,1.9000000000000001,0,-3.6
2022,1,3,5,30,0,1.7000000000000002,0,-4.1000000000000005
2022,1,3,6,30,0,1.6,0,-4.4
2022,1,3,7,30,0,1.8,0,-3.3000000000000003
2022,1,3,8,30,102,2.3000000000000003,0,-0.5
2022,1,3,9,30,300,2.7,0,3
2022,1,3,10,30,469,3.4000000000000004,0,7
2022,1,3,11,30,589,4.2,0,10.200000000000001
2022,1,3,12,30,646,4.5,0,12
2022,1,3,13,30,636,4.6000000000000005,0,13.200000000000001
2022,1,3,14,30,560,4.5,0,13.700000000000001
2022,1,3,15,30,405,3.9000000000000004,0,13.200000000000001
2022,1,3,16,30,189,2.5,8,10.3
2022,1,3,17,30,36,1.7000000000000002,8,7.2
2022,1,3,18,30,0,2,8,6.300000000000001
2022,1,3,19,30,0,2.4000000000000004,7,6
2022,1,3,20,30,0,3,7,5.5
2022,1,3,21,30,0,3.4000000000000004,8,4.6000000000000005
2022,1,3,22,30,0,3.6,8,3.5
2022,1,3,23,30,0,3.8000000000000003,0,2.6
2022,1,4,0,30,0,4.1000000000000005,0,2
2022,1,4,1,30,0,4.2,0,1.3
2022,1,4,2,30,0,4.1000000000000005,0,0.6000000000000001
2022,1,4,3,30,0,3.9000000000000004,0,-0.1
2022,1,4,4,30,0,3.8000000000000003,0,-0.7000000000000001
2022,1,4,5,30,0,3.9000000000000004,0,-1
2022,1,4,6,30,0,4,0,-1.3
2022,1,4,7,30,0,4.4,0,-0.8
2022,1,4,8,30,107,4.800000000000001,0,1.5
2022,1,4,9,30,230,5.2,7,5.5
2022,1,4,10,30,363,5.7,3,10.200000000000001
2022,1,4,11,30,551,6,0,14.4
2022,1,4,12,30,641,6.300000000000001,0,17.7
2022,1,4,13,30,627,6.4,0,19.900000000000002
2022,1,4,14,30,552,6.300000000000001,0,21
2022,1,4,15,30,417,4.9,0,20.1
2022,1,4,16,30,239,3,0,16.1
2022,1,4,17,30,54,2.3000000000000003,0,11.8
2022,1,4,18,30,0,2.6,0,10.200000000000001
2022,1,4,19,30,0,2.8000000000000003,0,9.4
2022,1,4,20,30,0,3.1,0,8.6
2022,1,4,21,30,0,3.4000000000000004,0,7.800000000000001
2022,1,4,22,30,0,3.7,0,7.2
2022,1,4,23,30,0,3.8000000000000003,0,6.5
2022,1,5,0,30,0,3.8000000000000003,0,5.800000000000001
2022,1,5,1,30,0,3.8000000000000003,0,5.2
2022,1,5,2,30,0,3.6,0,4.5
2022,1,5,3,30,0,3.5,0,3.9000000000000004
2022,1,5,4,30,0,3.7,0,3.5
2022,1,5,5,30,0,4,0,3.2
2022,1,5,6,30,0,4.2,0,2.7
2022,1,5,7,30,0,4.6000000000000005,0,2.7
2022,1,5,8,30,86,5.5,0,3.8000000000000003
2022,1,5,9,30,270,5.800000000000001,0,5.7
2022,1,5,10,30,456,5.1000000000000005,0,7.800000000000001
2022,1,5,11,30,571,4.1000000000000005,0,9.8
2022,1,5,12,30,628,3,0,11.5
2022,1,5,13,30,618,1.9000000000000001,0,12.700000000000001
2022,1,5,14,30,541,1.2000000000000002,0,13.3
2022,1,5,15,30,410,1.1,0,13.3
2022,1,5,16,30,236,0.9,0,11.8
2022,1,5,17,30,55,0.7000000000000001,0,9.9
2022,1,5,18,30,0,0.8,0,8.6
2022,1,5,19,30,0,1.1,0,7.4
2022,1,5,20,30,0,1.3,0,6.300000000000001
2022,1,5,21,30,0,1.5,0,5.4
2022,1,5,22,30,0,1.7000000000000002,0,4.7
2022,1,5,23,30,0,2.2,0,4.6000000000000005
2022,1,6,0,30,0,2.6,0,4.7
2022,1,6,1,30,0,2.7,0,4.3
2022,1,6,2,30,0,2.7,0,3.7
2022,1,6,3,30,0,2.9000000000000004,0,3.3000000000000003
2022,1,6,4,30,0,3.6,0,2.8000000000000003
2022,1,6,5,30,0,4.9,0,1.7000000000000002
2022,1,6,6,30,0,6.5,0,-0.6000000000000001
2022,1,6,7,30,0,7.300000000000001,0,-3.1
2022,1,6,8,30,83,7.300000000000001,0,-4
2022,1,6,9,30,270,6.9,0,-3.4000000000000004
2022,1,6,10,30,371,6.4,4,-2.1
2022,1,6,11,30,570,6,0,-0.6000000000000001
2022,1,6,12,30,627,5.5,0,0.7000000000000001
2022,1,6,13,30,618,5,0,1.7000000000000002
2022,1,6,14,30,544,4.6000000000000005,0,2.2
2022,1,6,15,30,411,4.2,0,2
2022,1,6,16,30,236,3.4000000000000004,0,1
2022,1,6,17,30,56,2.3000000000000003,0,-0.6000000000000001
2022,1,6,18,30,0,1.8,0,-1.8
2022,1,6,19,30,0,1.9000000000000001,0,-2.4000000000000004
2022,1,6,20,30,0,2,0,-3
2022,1,6,21,30,0,2,0,-3.4000000000000004
2022,1,6,22,30,0,1.8,0,-3.8000000000000003
2022,1,6,23,30,0,1.7000000000000002,0,-4.2
2022,1,7,0,30,0,1.6,0,-4.5
2022,1,7,1,30,0,1.5,0,-4.800000000000001
2022,1,7,2,30,0,1.4000000000000001,0,-5
2022,1,7,3,30,0,1.5,0,-5.2
2022,1,7,4,30,0,1.7000000000000002,0,-5.4
2022,1,7,5,30,0,1.8,0,-5.6000000000000005
2022,1,7,6,30,0,2,0,-5.7
2022,1,7,7,30,0,2.4000000000000004,7,-5.300000000000001
2022,1,7,8,30,99,2.9000000000000004,0,-3.4000000000000004
2022,1,7,9,30,290,3.3000000000000003,0,-0.2
2022,1,7,10,30,458,3.6,0,3.4000000000000004
2022,1,7,11,30,581,3.8000000000000003,0,6.800000000000001
2022,1,7,12,30,639,3.9000000000000004,0,9.8
2022,1,7,13,30,631,4,0,12.200000000000001
2022,1,7,14,30,556,4.1000000000000005,0,13.8
2022,1,7,15,30,422,3.5,0,14
2022,1,7,16,30,244,2.3000000000000003,0,11.100000000000001
2022,1,7,17,30,59,2,0,7.5
2022,1,7,18,30,0,2.6,0,6.300000000000001
2022,1,7,19,30,0,3.4000000000000004,0,6
2022,1,7,20,30,0,4.1000000000000005,0,5.5
2022,1,7,21,30,0,4.5,0,4.800000000000001
2022,1,7,22,30,0,4.5,0,4.1000000000000005
2022,1,7,23,30,0,4.3,0,3.5
2022,1,8,0,30,0,4.1000000000000005,0,3
2022,1,8,1,30,0,3.9000000000000004,0,2.6
2022,1,8,2,30,0,3.8000000000000003,0,2.1
2022,1,8,3,30,0,3.8000000000000003,0,1.8
2022,1,8,4,30,0,3.8000000000000003,0,1.5
2022,1,8,5,30,0,3.7,0,1.1
2022,1,8,6,30,0,3.5,0,0.8
2022,1,8,7,30,0,3.9000000000000004,0,1.4000000000000001
2022,1,8,8,30,100,4.3,0,3.8000000000000003
2022,1,8,9,30,290,4.2,0,7.7
2022,1,8,10,30,382,4.3,0,12.700000000000001
2022,1,8,11,30,577,4.800000000000001,0,17.3
2022,1,8,12,30,635,5.5,0,20.5
2022,1,8,13,30,627,5.9,0,22.200000000000003
2022,1,8,14,30,557,5.9,0,22.700000000000003
2022,1,8,15,30,423,4.9,0,22
2022,1,8,16,30,245,3.3000000000000003,0,18.5
2022,1,8,17,30,59,2.6,0,14.5
2022,1,8,18,30,0,2.8000000000000003,0,13.100000000000001
2022,1,8,19,30,0,3,0,12.5
2022,1,8,20,30,0,3.2,0,11.700000000000001
2022,1,8,21,30,0,3.3000000000000003,0,11.3
2022,1,8,22,30,0,3.4000000000000004,0,10.8
2022,1,8,23,30,0,3.2,0,9.9
2022,1,9,0,30,0,3.1,8,9.200000000000001
2022,1,9,1,30,0,3.1,7,8.6
2022,1,9,2,30,0,3.4000000000000004,8,7.800000000000001
2022,1,9,3,30,0,4.5,7,7.4
2022,1,9,4,30,0,5.6000000000000005,4,6.800000000000001
2022,1,9,5,30,0,5.9,0,5.6000000000000005
2022,1,9,6,30,0,5.9,0,4.7
2022,1,9,7,30,0,6.2,5,4.3
2022,1,9,8,30,56,6.7,8,4.5
2022,1,9,9,30,187,7,8,5.2
2022,1,9,10,30,213,7,7,6
2022,1,9,11,30,230,6.800000000000001,7,6.9
2022,1,9,12,30,132,6.5,7,7.6000000000000005
2022,1,9,13,30,142,6.2,8,8
2022,1,9,14,30,319,5.9,8,8.1
2022,1,9,15,30,307,5.6000000000000005,8,7.9
2022,1,9,16,30,145,4.800000000000001,8,7.1000000000000005
2022,1,9,17,30,35,3.7,8,5.6000000000000005
2022,1,9,18,30,0,2.9000000000000004,8,4.2
2022,1,9,19,30,0,2.8000000000000003,8,3.3000000000000003
2022,1,9,20,30,0,2.9000000000000004,8,2.8000000000000003
2022,1,9,21,30,0,3,4,2.7
2022,1,9,22,30,0,2.7,8,2.4000000000000004
2022,1,9,23,30,0,2.5,7,2
2022,1,10,0,30,0,2.3000000000000003,7,1.6
2022,1,10,1,30,0,2.2,4,1.2000000000000002
2022,1,10,2,30,0,2.2,8,0.6000000000000001
2022,1,10,3,30,0,2.1,8,-0.4
2022,1,10,4,30,0,2,8,-1.4000000000000001
2022,1,10,5,30,0,2,8,-2.2
2022,1,10,6,30,0,2,8,-2.7
2022,1,10,7,30,0,2.5,7,-2
2022,1,10,8,30,42,3,8,0.2
2022,1,10,9,30,104,2.7,7,3.1
2022,1,10,10,30,207,2,7,6.1000000000000005
2022,1,10,11,30,254,1.5,7,8.6
2022,1,10,12,30,317,1.4000000000000001,8,10.5
2022,1,10,13,30,544,1.5,0,11.600000000000001
2022,1,10,14,30,536,1.3,0,11.8
2022,1,10,15,30,413,1.1,0,11.5
2022,1,10,16,30,247,0.8,0,10.100000000000001
2022,1,10,17,30,63,0.7000000000000001,0,8.3
2022,1,10,18,30,0,0.9,0,7.1000000000000005
2022,1,10,19,30,0,1,0,6.1000000000000005
2022,1,10,20,30,0,1.1,0,5.1000000000000005
2022,1,10,21,30,0,1.2000000000000002,8,3.8000000000000003
2022,1,10,22,30,0,1.3,7,2.6
2022,1,10,23,30,0,1.4000000000000001,8,2
2022,1,11,0,30,0,1.6,8,1.9000000000000001
2022,1,11,1,30,0,1.7000000000000002,0,2.1
2022,1,11,2,30,0,1.8,8,2.4000000000000004
2022,1,11,3,30,0,1.8,7,2.5
2022,1,11,4,30,0,1.7000000000000002,7,2.4000000000000004
2022,1,11,5,30,0,1.6,8,2.2
2022,1,11,6,30,0,1.5,8,2
2022,1,11,7,30,0,2.1,5,2.8000000000000003
2022,1,11,8,30,22,3.3000000000000003,5,4.800000000000001
2022,1,11,9,30,115,4.3,8,7.1000000000000005
2022,1,11,10,30,80,4.800000000000001,8,9.4
2022,1,11,11,30,196,4.9,8,11.3
2022,1,11,12,30,369,4.9,3,12.8
2022,1,11,13,30,617,4.800000000000001,0,13.600000000000001
2022,1,11,14,30,548,4.5,0,13.8
2022,1,11,15,30,402,4.1000000000000005,0,13.3
2022,1,11,16,30,246,2.9000000000000004,0,11.200000000000001
2022,1,11,17,30,63,2.1,0,8.200000000000001
2022,1,11,18,30,0,2.4000000000000004,0,6.7
2022,1,11,19,30,0,2.8000000000000003,8,5.9
2022,1,11,20,30,0,2.8000000000000003,8,5.1000000000000005
2022,1,11,21,30,0,2.6,8,4.3
2022,1,11,22,30,0,2.5,7,3.7
2022,1,11,23,30,0,2.6,7,3.3000000000000003
2022,1,12,0,30,0,2.7,7,3.1
2022,1,12,1,30,0,2.6,6,2.9000000000000004
2022,1,12,2,30,0,2.6,7,2.8000000000000003
2022,1,12,3,30,0,2.2,7,2.5
2022,1,12,4,30,0,1.7000000000000002,0,2
2022,1,12,5,30,0,1.4000000000000001,0,1.2000000000000002
2022,1,12,6,30,0,1.3,0,0.2
2022,1,12,7,30,0,1.6,0,1
2022,1,12,8,30,104,2.1,0,3.5
2022,1,12,9,30,298,2.2,0,6.9
2022,1,12,10,30,472,2.4000000000000004,0,10.9
2022,1,12,11,30,594,2.7,0,14.5
2022,1,12,12,30,655,3.1,0,17.2
2022,1,12,13,30,649,3.3000000000000003,0,18.7
2022,1,12,14,30,576,3.1,0,19.200000000000003
2022,1,12,15,30,443,2.3000000000000003,0,18.7
2022,1,12,16,30,265,1.3,0,16.7
2022,1,12,17,30,73,1,0,14.5
2022,1,12,18,30,0,1.2000000000000002,0,12.700000000000001
2022,1,12,19,30,0,1.4000000000000001,0,11.100000000000001
2022,1,12,20,30,0,1.4000000000000001,0,9.9
2022,1,12,21,30,0,1.3,0,8.9
2022,1,12,22,30,0,1.3,0,7.9
2022,1,12,23,30,0,1.4000000000000001,0,7.1000000000000005
2022,1,13,0,30,0,1.4000000000000001,0,6.2
2022,1,13,1,30,0,1.4000000000000001,0,5.2
2022,1,13,2,30,0,1.5,0,4.4
2022,1,13,3,30,0,1.5,0,3.7
2022,1,13,4,30,0,1.5,0,3.1
2022,1,13,5,30,0,1.6,0,2.4000000000000004
2022,1,13,6,30,0,1.6,0,1.9000000000000001
2022,1,13,7,30,0,1.9000000000000001,7,3.2
2022,1,13,8,30,91,2.7,0,6.800000000000001
2022,1,13,9,30,297,2.8000000000000003,0,10.600000000000001
2022,1,13,10,30,472,1.6,0,14.700000000000001
2022,1,13,11,30,596,0.7000000000000001,0,18.7
2022,1,13,12,30,658,0.6000000000000001,0,21
2022,1,13,13,30,652,0.9,0,21.900000000000002
2022,1,13,14,30,580,1.2000000000000002,0,22.1
2022,1,13,15,30,447,0.9,0,21.3
2022,1,13,16,30,268,0.7000000000000001,0,19.200000000000003
2022,1,13,17,30,76,0.8,0,16.8
2022,1,13,18,30,0,1.1,0,15.100000000000001
2022,1,13,19,30,0,1.3,0,13.4
2022,1,13,20,30,0,1.5,0,11.600000000000001
2022,1,13,21,30,0,1.6,0,10
2022,1,13,22,30,0,1.6,0,8.5
2022,1,13,23,30,0,1.7000000000000002,0,7.2
2022,1,14,0,30,0,1.8,0,6.300000000000001
2022,1,14,1,30,0,1.9000000000000001,0,5.7
2022,1,14,2,30,0,2.1,8,5.300000000000001
2022,1,14,3,30,0,2.2,0,4.9
2022,1,14,4,30,0,2.1,0,4.3
2022,1,14,5,30,0,2.1,0,3.9000000000000004
2022,1,14,6,30,0,2.2,0,3.7
2022,1,14,7,30,0,3,0,4.9
2022,1,14,8,30,69,4.1000000000000005,8,7.5
2022,1,14,9,30,219,4.3,8,10.4
2022,1,14,10,30,344,4.7,8,14.100000000000001
2022,1,14,11,30,588,5.5,0,18.1
2022,1,14,12,30,559,5.9,0,21.3
2022,1,14,13,30,426,5.9,8,23.200000000000003
2022,1,14,14,30,340,5.4,8,23.8
2022,1,14,15,30,405,4.2,0,22.700000000000003
2022,1,14,16,30,211,3.5,8,20.1
2022,1,14,17,30,40,4.5,7,17.7
2022,1,14,18,30,0,6.800000000000001,7,16.2
2022,1,14,19,30,0,9,7,14.4
2022,1,14,20,30,0,10,7,12.100000000000001
2022,1,14,21,30,0,9.8,5,9.9
2022,1,14,22,30,0,9.200000000000001,8,8
2022,1,14,23,30,0,8.4,0,6.5
2022,1,15,0,30,0,7.5,0,5.4
2022,1,15,1,30,0,6.7,0,4.800000000000001
2022,1,15,2,30,0,6.6000000000000005,0,4.5
2022,1,15,3,30,0,7.300000000000001,8,4.4
2022,1,15,4,30,0,8.200000000000001,5,4
2022,1,15,5,30,0,8.4,5,3.2
2022,1,15,6,30,0,8,5,2
2022,1,15,7,30,0,7.6000000000000005,5,1.4000000000000001
2022,1,15,8,30,112,8,0,2
2022,1,15,9,30,311,8.700000000000001,0,3.4000000000000004
2022,1,15,10,30,487,9,0,5
2022,1,15,11,30,613,9,0,6.4
2022,1,15,12,30,677,9,0,7.6000000000000005
2022,1,15,13,30,672,8.8,0,8.3
2022,1,15,14,30,599,8.5,0,8.6
2022,1,15,15,30,464,7.9,0,8.5
2022,1,15,16,30,282,6.5,0,7.4
2022,1,15,17,30,84,4.6000000000000005,0,5.2
2022,1,15,18,30,0,3.4000000000000004,0,3.2
2022,1,15,19,30,0,2.9000000000000004,0,2
2022,1,15,20,30,0,2.4000000000000004,0,0.9
2022,1,15,21,30,0,1.9000000000000001,0,-0.2
2022,1,15,22,30,0,1.6,0,-1.1
2022,1,15,23,30,0,1.3,0,-1.5
2022,1,16,0,30,0,1.2000000000000002,0,-1.6
2022,1,16,1,30,0,1.2000000000000002,0,-1.9000000000000001
2022,1,16,2,30,0,1.3,0,-2.5
2022,1,16,3,30,0,1.5,0,-2.9000000000000004
2022,1,16,4,30,0,1.7000000000000002,0,-2.9000000000000004
2022,1,16,5,30,0,1.9000000000000001,0,-2.9000000000000004
2022,1,16,6,30,0,2.1,0,-2.7
2022,1,16,7,30,0,3,0,-1.2000000000000002
2022,1,16,8,30,103,3.9000000000000004,0,1.9000000000000001
2022,1,16,9,30,309,3.9000000000000004,0,5.5
2022,1,16,10,30,483,4.1000000000000005,0,10
2022,1,16,11,30,609,4.5,0,14.200000000000001
2022,1,16,12,30,673,4.6000000000000005,0,17.400000000000002
2022,1,16,13,30,668,4.6000000000000005,0,19.200000000000003
2022,1,16,14,30,596,4.3,0,19.900000000000002
2022,1,16,15,30,463,3.2,0,19.1
2022,1,16,16,30,283,1.9000000000000001,0,15.600000000000001
2022,1,16,17,30,86,1.5,0,11.9
2022,1,16,18,30,0,1.4000000000000001,0,10.5
2022,1,16,19,30,0,1.3,0,9.8
2022,1,16,20,30,0,1.3,0,8.700000000000001
2022,1,16,21,30,0,1.3,0,7.1000000000000005
2022,1,16,22,30,0,1.3,0,5.6000000000000005
2022,1,16,23,30,0,1.3,0,4.4
2022,1,17,0,30,0,1.4000000000000001,0,3.4000000000000004
2022,1,17,1,30,0,1.5,0,2.5
2022,1,17,2,30,0,1.6,0,1.6
2022,1,17,3,30,0,1.7000000000000002,0,0.8
2022,1,17,4,30,0,1.6,0,0.2
2022,1,17,5,30,0,1.6,0,-0.4
2022,1,17,6,30,0,1.5,0,-0.9
2022,1,17,7,30,0,1.6,0,0.1
2022,1,17,8,30,103,2,0,2.9000000000000004
2022,1,17,9,30,311,2.3000000000000003,0,6.300000000000001
2022,1,17,10,30,487,3,0,10.100000000000001
2022,1,17,11,30,613,3.7,0,13.600000000000001
2022,1,17,12,30,677,4,0,16.3
2022,1,17,13,30,673,4.2,0,18.2
2022,1,17,14,30,496,4.3,8,19.1
2022,1,17,15,30,329,3.7,7,18.6
2022,1,17,16,30,168,2.5,7,15.200000000000001
2022,1,17,17,30,51,1.9000000000000001,7,11.200000000000001
2022,1,17,18,30,0,2,7,9.700000000000001
2022,1,17,19,30,0,2.1,0,9.200000000000001
2022,1,17,20,30,0,2.4000000000000004,5,8.8
2022,1,17,21,30,0,3,0,8.8
2022,1,17,22,30,0,3.9000000000000004,0,9
2022,1,17,23,30,0,4.6000000000000005,0,9.200000000000001
2022,1,18,0,30,0,4.7,0,8.8
2022,1,18,1,30,0,4.3,0,8
2022,1,18,2,30,0,4.1000000000000005,7,7.2
2022,1,18,3,30,0,4,0,6.7
2022,1,18,4,30,0,4,0,6.4
2022,1,18,5,30,0,4,0,6.2
2022,1,18,6,30,0,4.2,0,6.1000000000000005
2022,1,18,7,30,0,4.800000000000001,0,6.800000000000001
2022,1,18,8,30,107,5.300000000000001,0,9.1
2022,1,18,9,30,299,5.6000000000000005,0,12.9
2022,1,18,10,30,473,6.4,0,17.3
2022,1,18,11,30,598,7.2,0,20.6
2022,1,18,12,30,663,7.800000000000001,0,22.3
2022,1,18,13,30,659,8,0,23
2022,1,18,14,30,585,7.9,0,23.1
2022,1,18,15,30,453,7.300000000000001,0,22.6
2022,1,18,16,30,276,5.7,0,20.5
2022,1,18,17,30,84,4.4,0,17.5
2022,1,18,18,30,0,4.5,0,15.8
2022,1,18,19,30,0,4.800000000000001,8,15
2022,1,18,20,30,0,4.9,0,14.200000000000001
2022,1,18,21,30,0,4.6000000000000005,0,13.3
2022,1,18,22,30,0,4.1000000000000005,0,12.4
2022,1,18,23,30,0,3.8000000000000003,0,11.700000000000001
2022,1,19,0,30,0,3.6,0,11.5
2022,1,19,1,30,0,4,0,11.600000000000001
2022,1,19,2,30,0,4.800000000000001,8,11.9
2022,1,19,3,30,0,4.800000000000001,0,11.8
2022,1,19,4,30,0,4.5,0,11.200000000000001
2022,1,19,5,30,0,4.2,3,10.4
2022,1,19,6,30,0,4,0,9.4
2022,1,19,7,30,0,4.2,0,9.3
2022,1,19,8,30,106,4.6000000000000005,0,10.9
2022,1,19,9,30,298,5.1000000000000005,0,13.200000000000001
2022,1,19,10,30,471,5.7,0,14.700000000000001
2022,1,19,11,30,595,6.1000000000000005,0,15
2022,1,19,12,30,658,6.300000000000001,0,14.600000000000001
2022,1,19,13,30,653,6.5,0,13.8
2022,1,19,14,30,583,6.7,0,12.600000000000001
2022,1,19,15,30,453,7,0,10.8
2022,1,19,16,30,278,7,0,8.5
2022,1,19,17,30,87,6.6000000000000005,0,6.1000000000000005
2022,1,19,18,30,0,6.5,0,4.2
2022,1,19,19,30,0,6.6000000000000005,4,2.8000000000000003
2022,1,19,20,30,0,6.6000000000000005,4,1.7000000000000002
2022,1,19,21,30,0,6.7,4,0.8
2022,1,19,22,30,0,6.7,0,0
2022,1,19,23,30,0,6.6000000000000005,0,-0.9
2022,1,20,0,30,0,6.5,0,-1.6
2022,1,20,1,30,0,6.6000000000000005,0,-2.4000000000000004
2022,1,20,2,30,0,6.6000000000000005,0,-3.1
2022,1,20,3,30,0,6.6000000000000005,0,-3.8000000000000003
2022,1,20,4,30,0,6.4,0,-4.4
2022,1,20,5,30,0,6.2,8,-4.9
2022,1,20,6,30,0,5.9,4,-5.2
2022,1,20,7,30,0,5.9,5,-5.1000000000000005
2022,1,20,8,30,28,6,4,-4.3
2022,1,20,9,30,96,6,5,-3.1
2022,1,20,10,30,153,5.7,4,-1.7000000000000002
2022,1,20,11,30,261,5.300000000000001,4,-0.30000000000000004
2022,1,20,12,30,262,4.800000000000001,4,0.9
2022,1,20,13,30,295,4.4,4,1.7000000000000002
2022,1,20,14,30,292,4.4,5,2
2022,1,20,15,30,173,4.3,4,1.6
2022,1,20,16,30,41,4.1000000000000005,4,0.7000000000000001
2022,1,20,17,30,21,3.6,4,-0.4
2022,1,20,18,30,0,3.2,4,-1.3
2022,1,20,19,30,0,2.8000000000000003,0,-2.1
2022,1,20,20,30,0,2.2,0,-2.9000000000000004
2022,1,20,21,30,0,1.5,0,-3.7
2022,1,20,22,30,0,1,0,-4.4
2022,1,20,23,30,0,0.8,0,-5.1000000000000005
2022,1,21,0,30,0,0.8,0,-5.5
2022,1,21,1,30,0,0.7000000000000001,0,-5.800000000000001
2022,1,21,2,30,0,0.7000000000000001,0,-5.9
2022,1,21,3,30,0,0.8,0,-5.9
2022,1,21,4,30,0,0.8,0,-5.9
2022,1,21,5,30,0,0.9,0,-5.9
2022,1,21,6,30,0,1.1,0,-5.9
2022,1,21,7,30,0,1.8,0,-4.7
2022,1,21,8,30,115,2.6,0,-2.4000000000000004
2022,1,21,9,30,317,2.6,0,0.2
2022,1,21,10,30,495,2.7,0,2.5
2022,1,21,11,30,624,3,0,4.6000000000000005
2022,1,21,12,30,691,3.3000000000000003,0,6.5
2022,1,21,13,30,688,3.7,0,7.9
2022,1,21,14,30,612,3.8000000000000003,0,8.8
2022,1,21,15,30,479,3.7,0,9
2022,1,21,16,30,298,2.7,0,7.2
2022,1,21,17,30,99,1.9000000000000001,0,4
2022,1,21,18,30,0,2.4000000000000004,0,2.4000000000000004
2022,1,21,19,30,0,3.1,0,2.1
2022,1,21,20,30,0,3.3000000000000003,0,1.3
2022,1,21,21,30,0,3.2,0,0.30000000000000004
2022,1,21,22,30,0,2.9000000000000004,0,-0.6000000000000001
2022,1,21,23,30,0,2.7,0,-1.4000000000000001
2022,1,22,0,30,0,2.3000000000000003,0,-2.3000000000000003
2022,1,22,1,30,0,1.9000000000000001,0,-3.1
2022,1,22,2,30,0,1.6,0,-3.8000000000000003
2022,1,22,3,30,0,1.3,0,-4.3
2022,1,22,4,30,0,1.2000000000000002,0,-4.6000000000000005
2022,1,22,5,30,0,1.2000000000000002,0,-4.7
2022,1,22,6,30,0,1.1,0,-4.7
2022,1,22,7,30,0,1.6,0,-3.4000000000000004
2022,1,22,8,30,100,2.1,0,-0.7000000000000001
2022,1,22,9,30,312,2.5,0,2.7
2022,1,22,10,30,319,3.1,4,6.1000000000000005
2022,1,22,11,30,208,3.3000000000000003,4,8.3
2022,1,22,12,30,128,3.2,4,9.700000000000001
2022,1,22,13,30,137,3.1,4,10.600000000000001
2022,1,22,14,30,110,3,4,10.8
2022,1,22,15,30,139,2.9000000000000004,4,10.5
2022,1,22,16,30,81,2.1,4,8.6
2022,1,22,17,30,25,1.3,4,5.6000000000000005
2022,1,22,18,30,0,1.3,0,3.8000000000000003
2022,1,22,19,30,0,1.2000000000000002,0,3.1
2022,1,22,20,30,0,1.2000000000000002,0,2.4000000000000004
2022,1,22,21,30,0,1.2000000000000002,0,2
2022,1,22,22,30,0,1.2000000000000002,0,1.6
2022,1,22,23,30,0,1.1,0,1.3
2022,1,23,0,30,0,1.1,0,1.2000000000000002
2022,1,23,1,30,0,1,0,1.2000000000000002
2022,1,23,2,30,0,1,0,1.3
2022,1,23,3,30,0,1,0,1.3
2022,1,23,4,30,0,1,0,1.2000000000000002
2022,1,23,5,30,0,1,0,1.2000000000000002
2022,1,23,6,30,0,1,0,1.2000000000000002
2022,1,23,7,30,0,1.3,4,2.3000000000000003
2022,1,23,8,30,44,1.6,4,4.7
2022,1,23,9,30,284,1.5,0,7.5
2022,1,23,10,30,460,1.1,0,9.9
2022,1,23,11,30,326,1.2000000000000002,4,11.4
2022,1,23,12,30,296,1.7000000000000002,4,12.5
2022,1,23,13,30,310,2.1,4,13
2022,1,23,14,30,524,2.4000000000000004,0,13.100000000000001
2022,1,23,15,30,470,2.5,0,12.700000000000001
2022,1,23,16,30,293,2,0,11.100000000000001
2022,1,23,17,30,98,1.5,0,8.3
2022,1,23,18,30,0,1.6,0,6.300000000000001
2022,1,23,19,30,0,1.8,5,5.4
2022,1,23,20,30,0,1.8,0,4.6000000000000005
2022,1,23,21,30,0,1.8,0,3.8000000000000003
2022,1,23,22,30,0,2.1,5,3.2
2022,1,23,23,30,0,2.5,0,2.7
2022,1,24,0,30,0,2.9000000000000004,5,2.2
2022,1,24,1,30,0,3.1,0,1.7000000000000002
2022,1,24,2,30,0,3.2,8,1.3
2022,1,24,3,30,0,3.2,5,1.1
2022,1,24,4,30,0,3.1,5,0.8
2022,1,24,5,30,0,3,5,0.5
2022,1,24,6,30,0,2.9000000000000004,5,0.2
2022,1,24,7,30,0,3.1,8,0.9
2022,1,24,8,30,76,3.2,8,3.1
2022,1,24,9,30,277,3.4000000000000004,0,6.800000000000001
2022,1,24,10,30,486,3.9000000000000004,0,11.200000000000001
2022,1,24,11,30,577,4,0,14.600000000000001
2022,1,24,12,30,680,3.7,0,16.5
2022,1,24,13,30,678,3.5,0,17.6
2022,1,24,14,30,609,3.2,0,18.1
2022,1,24,15,30,478,2.7,0,17.8
2022,1,24,16,30,301,1.7000000000000002,0,15.700000000000001
2022,1,24,17,30,104,1.1,0,13.200000000000001
2022,1,24,18,30,0,1,0,12
2022,1,24,19,30,0,0.9,0,11.100000000000001
2022,1,24,20,30,0,0.9,0,9.9
2022,1,24,21,30,0,1,0,8.8
2022,1,24,22,30,0,1,0,7.7
2022,1,24,23,30,0,1.1,0,6.6000000000000005
2022,1,25,0,30,0,1.2000000000000002,0,5.4
2022,1,25,1,30,0,1.5,0,4.3
2022,1,25,2,30,0,1.6,0,3.3000000000000003
2022,1,25,3,30,0,1.8,0,2.3000000000000003
2022,1,25,4,30,0,1.9000000000000001,0,1.5
2022,1,25,5,30,0,2.2,0,0.9
2022,1,25,6,30,0,2.4000000000000004,0,0.30000000000000004
2022,1,25,7,30,0,3.2,0,0.9
2022,1,25,8,30,108,4.1000000000000005,0,3.1
2022,1,25,9,30,315,4.7,0,6.2
2022,1,25,10,30,492,5.2,0,9.5
2022,1,25,11,30,617,5.2,0,12.100000000000001
2022,1,25,12,30,683,5,0,14.100000000000001
2022,1,25,13,30,681,4.7,0,15.5
2022,1,25,14,30,611,4.4,0,16.2
2022,1,25,15,30,478,4.3,0,16
2022,1,25,16,30,300,3.9000000000000004,0,14.200000000000001
2022,1,25,17,30,104,4.1000000000000005,0,11.5
2022,1,25,18,30,0,5.2,0,9.600000000000001
2022,1,25,19,30,0,5.800000000000001,0,8.3
2022,1,25,20,30,0,5.6000000000000005,0,6.800000000000001
2022,1,25,21,30,0,5.2,0,5.2
2022,1,25,22,30,0,5.300000000000001,0,3.8000000000000003
2022,1,25,23,30,0,5.9,0,2.6
2022,1,26,0,30,0,6.300000000000001,0,1.8
2022,1,26,1,30,0,6.2,0,1.3
2022,1,26,2,30,0,5.9,0,0.7000000000000001
2022,1,26,3,30,0,5.5,0,0
2022,1,26,4,30,0,5.2,0,-0.8
2022,1,26,5,30,0,4.800000000000001,0,-1.4000000000000001
2022,1,26,6,30,0,4.5,0,-1.9000000000000001
2022,1,26,7,30,0,4.1000000000000005,4,-2
2022,1,26,8,30,60,3.9000000000000004,4,-1.6
2022,1,26,9,30,72,3.5,4,-0.9
2022,1,26,10,30,51,3,4,0
2022,1,26,11,30,52,2.3000000000000003,5,1
2022,1,26,12,30,210,1.7000000000000002,5,1.7000000000000002
2022,1,26,13,30,203,1.4000000000000001,4,2.4000000000000004
2022,1,26,14,30,115,1.6,4,2.9000000000000004
2022,1,26,15,30,91,2,5,3.1
2022,1,26,16,30,49,1.8,4,2.8000000000000003
2022,1,26,17,30,57,1,4,1.5
2022,1,26,18,30,0,0.5,4,0
2022,1,26,19,30,0,0.4,0,-0.9
2022,1,26,20,30,0,0.5,0,-1.7000000000000002
2022,1,26,21,30,0,0.8,0,-2.4000000000000004
2022,1,26,22,30,0,1.1,0,-2.8000000000000003
2022,1,26,23,30,0,1.5,0,-2.7
2022,1,27,0,30,0,1.9000000000000001,0,-2.2
2022,1,27,1,30,0,2.1,0,-1.4000000000000001
2022,1,27,2,30,0,2.4000000000000004,0,-0.4
2022,1,27,3,30,0,2.6,0,0.4
2022,1,27,4,30,0,2.5,0,0.8
2022,1,27,5,30,0,2.3000000000000003,0,0.9
2022,1,27,6,30,0,2.3000000000000003,0,1
2022,1,27,7,30,0,2.8000000000000003,8,1.2000000000000002
2022,1,27,8,30,15,3.3000000000000003,8,1.8
2022,1,27,9,30,49,3.1,8,2.8000000000000003
2022,1,27,10,30,146,2.8000000000000003,7,4.2
2022,1,27,11,30,418,2.5,8,6.300000000000001
2022,1,27,12,30,644,2.5,0,8.9
2022,1,27,13,30,697,2.7,0,11.3
2022,1,27,14,30,627,3,0,12.5
2022,1,27,15,30,496,3,0,12.600000000000001
2022,1,27,16,30,316,2.5,0,10.600000000000001
2022,1,27,17,30,114,2.5,0,7.300000000000001
2022,1,27,18,30,0,3.9000000000000004,0,5.300000000000001
2022,1,27,19,30,0,4.9,0,4.1000000000000005
2022,1,27,20,30,0,4.800000000000001,0,2.5
2022,1,27,21,30,0,4.4,0,1.2000000000000002
2022,1,27,22,30,0,4.1000000000000005,0,0.2
2022,1,27,23,30,0,4.1000000000000005,0,-0.5
2022,1,28,0,30,0,4,0,-1.1
2022,1,28,1,30,0,3.9000000000000004,0,-1.7000000000000002
2022,1,28,2,30,0,3.8000000000000003,0,-2.2
2022,1,28,3,30,0,3.7,0,-2.7
2022,1,28,4,30,0,3.4000000000000004,0,-3.1
2022,1,28,5,30,0,3,0,-3.5
2022,1,28,6,30,0,2.5,0,-3.9000000000000004
2022,1,28,7,30,0,2.8000000000000003,0,-2.9000000000000004
2022,1,28,8,30,125,3.1,0,0.1
2022,1,28,9,30,334,2.8000000000000003,0,3.7
2022,1,28,10,30,517,2.8000000000000003,0,6.9
2022,1,28,11,30,649,2.8000000000000003,0,8.9
2022,1,28,12,30,717,2.8000000000000003,0,10.3
2022,1,28,13,30,716,3,0,11.200000000000001
2022,1,28,14,30,646,3.2,0,11.600000000000001
2022,1,28,15,30,513,3.2,0,11.5
2022,1,28,16,30,330,2.3000000000000003,0,9.700000000000001
2022,1,28,17,30,124,1.4000000000000001,0,7
2022,1,28,18,30,0,1.3,0,5.6000000000000005
2022,1,28,19,30,0,1.4000000000000001,0,5
2022,1,28,20,30,0,1.4000000000000001,0,3.9000000000000004
2022,1,28,21,30,0,1.5,0,2.7
2022,1,28,22,30,0,1.6,0,1.6
2022,1,28,23,30,0,1.7000000000000002,0,0.8
2022,1,29,0,30,0,1.8,0,0.2
2022,1,29,1,30,0,2,0,-0.30000000000000004
2022,1,29,2,30,0,2.2,0,-0.6000000000000001
2022,1,29,3,30,0,2.4000000000000004,0,-1
2022,1,29,4,30,0,2.4000000000000004,0,-1.5
2022,1,29,5,30,0,2.4000000000000004,0,-2
2022,1,29,6,30,0,2.3000000000000003,0,-2.3000000000000003
2022,1,29,7,30,0,3,7,-0.6000000000000001
2022,1,29,8,30,123,3.7,0,2.8000000000000003
2022,1,29,9,30,343,4.1000000000000005,0,6.9
2022,1,29,10,30,527,4.9,0,11
2022,1,29,11,30,660,5.2,0,13.5
2022,1,29,12,30,730,5.2,0,15.100000000000001
2022,1,29,13,30,729,5.1000000000000005,0,16
2022,1,29,14,30,658,4.9,0,16.3
2022,1,29,15,30,523,4.4,0,15.8
2022,1,29,16,30,339,2.9000000000000004,0,13
2022,1,29,17,30,82,1.8,7,9.1
2022,1,29,18,30,0,1.7000000000000002,8,7
2022,1,29,19,30,0,1.7000000000000002,0,6.2
2022,1,29,20,30,0,1.8,0,5.1000000000000005
2022,1,29,21,30,0,1.9000000000000001,0,3.9000000000000004
2022,1,29,22,30,0,2.1,0,3.2
2022,1,29,23,30,0,2.5,0,2.7
2022,1,30,0,30,0,2.8000000000000003,0,2.2
2022,1,30,1,30,0,3,0,1.7000000000000002
2022,1,30,2,30,0,2.9000000000000004,0,1
2022,1,30,3,30,0,2.7,0,0.30000000000000004
2022,1,30,4,30,0,2.4000000000000004,0,-0.30000000000000004
2022,1,30,5,30,0,2,8,-0.6000000000000001
2022,1,30,6,30,0,1.7000000000000002,0,-0.6000000000000001
2022,1,30,7,30,0,1.9000000000000001,8,0.8
2022,1,30,8,30,65,2,8,3.4000000000000004
2022,1,30,9,30,252,1.6,8,6.300000000000001
2022,1,30,10,30,490,1.9000000000000001,0,10.600000000000001
2022,1,30,11,30,637,3,0,15.100000000000001
2022,1,30,12,30,702,3.6,0,17.900000000000002
2022,1,30,13,30,691,3.6,0,19.1
2022,1,30,14,30,627,3.4000000000000004,0,19.5
2022,1,30,15,30,422,2.9000000000000004,8,19.200000000000003
2022,1,30,16,30,243,1.8,8,17
2022,1,30,17,30,72,1.4000000000000001,8,13.9
2022,1,30,18,30,0,1.6,8,11.8
2022,1,30,19,30,0,1.9000000000000001,8,10.5
2022,1,30,20,30,0,2,6,9.4
2022,1,30,21,30,0,2.7,8,8.9
2022,1,30,22,30,0,4.2,6,9
2022,1,30,23,30,0,4.9,9,8.6
2022,1,31,0,30,0,4.1000000000000005,9,7.800000000000001
2022,1,31,1,30,0,2.9000000000000004,9,7.1000000000000005
2022,1,31,2,30,0,2.2,9,6.5
2022,1,31,3,30,0,1.8,9,5.7
2022,1,31,4,30,0,1.6,6,5
2022,1,31,5,30,0,1.3,8,4.5
2022,1,31,6,30,0,1.2000000000000002,0,4.4
2022,1,31,7,30,0,1.5,0,5.300000000000001
2022,1,31,8,30,75,1.9000000000000001,7,7.2
2022,1,31,9,30,133,1.8,8,9.8
2022,1,31,10,30,349,1.7000000000000002,8,13.3
2022,1,31,11,30,608,1.5,0,16.2
2022,1,31,12,30,693,1.5,0,17.900000000000002
2022,1,31,13,30,695,1.9000000000000001,0,18.900000000000002
2022,1,31,14,30,629,2.2,0,19.3
2022,1,31,15,30,500,2.2,0,19.1
2022,1,31,16,30,324,1.7000000000000002,0,17.2
2022,1,31,17,30,126,1.3,0,13.9
2022,1,31,18,30,0,1.6,0,11.5
2022,1,31,19,30,0,1.8,0,10.4
2022,1,31,20,30,0,1.9000000000000001,0,9.600000000000001
2022,1,31,21,30,0,2.1,0,8.8
2022,1,31,22,30,0,2.3000000000000003,0,8.200000000000001
2022,1,31,23,30,0,2.7,0,7.7
2022,2,1,0,30,0,3.2,0,7.300000000000001
2022,2,1,1,30,0,3.7,0,7.1000000000000005
2022,2,1,2,30,0,3.9000000000000004,7,6.6000000000000005
2022,2,1,3,30,0,3.8000000000000003,8,6.2
2022,2,1,4,30,0,3.6,7,5.800000000000001
2022,2,1,5,30,0,3.4000000000000004,8,5.300000000000001
2022,2,1,6,30,0,3.3000000000000003,8,5
2022,2,1,7,30,0,3.5,7,5.7
2022,2,1,8,30,138,3.5,0,7.9
2022,2,1,9,30,346,3.3000000000000003,0,11.4
2022,2,1,10,30,528,3.2,0,14.9
2022,2,1,11,30,546,2.9000000000000004,8,17.3
2022,2,1,12,30,643,2.7,0,18.900000000000002
2022,2,1,13,30,525,2.7,8,19.5
2022,2,1,14,30,559,2.7,8,19
2022,2,1,15,30,524,2.6,0,18
2022,2,1,16,30,235,2.1,7,15.700000000000001
2022,2,1,17,30,124,1.8,0,12
2022,2,1,18,30,0,2.2,3,9.8
2022,2,1,19,30,0,3.1,8,9.700000000000001
2022,2,1,20,30,0,4,8,9.3
2022,2,1,21,30,0,4.4,7,8.4
2022,2,1,22,30,0,4.5,7,7.4
2022,2,1,23,30,0,4.3,7,6.4
2022,2,2,0,30,0,3.9000000000000004,8,5.7
2022,2,2,1,30,0,3.4000000000000004,8,5
2022,2,2,2,30,0,3.2,7,4.4
2022,2,2,3,30,0,3.4000000000000004,8,3.9000000000000004
2022,2,2,4,30,0,4,8,3.4000000000000004
2022,2,2,5,30,0,4.800000000000001,7,2.9000000000000004
2022,2,2,6,30,0,5.4,7,2.4000000000000004
2022,2,2,7,30,0,5.7,7,2.1
2022,2,2,8,30,13,5.800000000000001,6,2
2022,2,2,9,30,12,5.7,6,2
2022,2,2,10,30,22,5.5,6,1.9000000000000001
2022,2,2,11,30,50,5.4,6,1.9000000000000001
2022,2,2,12,30,31,5.4,6,2
2022,2,2,13,30,56,5.5,6,1.8
2022,2,2,14,30,53,5.7,6,1.4000000000000001
2022,2,2,15,30,50,5.9,6,0.6000000000000001
2022,2,2,16,30,60,6.1000000000000005,7,-0.4
2022,2,2,17,30,15,6.300000000000001,6,-1.5
2022,2,2,18,30,0,6.5,6,-2.6
2022,2,2,19,30,0,6.800000000000001,6,-3.5
2022,2,2,20,30,0,6.9,7,-4.4
2022,2,2,21,30,0,7,9,-5.1000000000000005
2022,2,2,22,30,0,6.9,9,-5.6000000000000005
2022,2,2,23,30,0,6.800000000000001,6,-6.2
2022,2,3,0,30,0,6.6000000000000005,7,-6.6000000000000005
2022,2,3,1,30,0,6.300000000000001,7,-6.9
2022,2,3,2,30,0,6.1000000000000005,7,-7.2
2022,2,3,3,30,0,5.9,7,-7.4
2022,2,3,4,30,0,6.1000000000000005,0,-7.5
2022,2,3,5,30,0,6.2,0,-7.6000000000000005
2022,2,3,6,30,0,6.1000000000000005,0,-7.7
2022,2,3,7,30,0,6,0,-7.4
2022,2,3,8,30,35,5.800000000000001,8,-6.6000000000000005
2022,2,3,9,30,146,5.5,8,-5.4
2022,2,3,10,30,324,5.300000000000001,5,-4.2
2022,2,3,11,30,380,5.2,5,-3.1
2022,2,3,12,30,442,5.1000000000000005,5,-2.2
2022,2,3,13,30,504,5.1000000000000005,5,-1.5
2022,2,3,14,30,446,5.1000000000000005,5,-1.3
2022,2,3,15,30,285,5.1000000000000005,5,-1.6
2022,2,3,16,30,152,4.9,4,-2.5
2022,2,3,17,30,91,4.3,4,-4
2022,2,3,18,30,0,3.9000000000000004,4,-5.6000000000000005
2022,2,3,19,30,0,3.9000000000000004,4,-6.7
2022,2,3,20,30,0,3.8000000000000003,4,-7.4
2022,2,3,21,30,0,3.6,0,-7.800000000000001
2022,2,3,22,30,0,3.4000000000000004,0,-7.9
2022,2,3,23,30,0,3.3000000000000003,0,-7.9
2022,2,4,0,30,0,3.2,0,-7.9
2022,2,4,1,30,0,3.1,0,-7.7
2022,2,4,2,30,0,3.2,0,-7.7
2022,2,4,3,30,0,3.3000000000000003,0,-7.800000000000001
2022,2,4,4,30,0,3.3000000000000003,0,-7.800000000000001
2022,2,4,5,30,0,3.3000000000000003,0,-7.9
2022,2,4,6,30,0,3.3000000000000003,0,-7.9
2022,2,4,7,30,2,3.5,0,-7
2022,2,4,8,30,150,3.8000000000000003,0,-5.2
2022,2,4,9,30,366,3.7,0,-2.8000000000000003
2022,2,4,10,30,555,3.6,0,-0.2
2022,2,4,11,30,693,3.6,0,2.2
2022,2,4,12,30,765,3.7,0,3.8000000000000003
2022,2,4,13,30,765,3.7,0,4.800000000000001
2022,2,4,14,30,698,3.6,0,5.2
2022,2,4,15,30,562,3.2,0,5
2022,2,4,16,30,371,2.1,0,3.2
2022,2,4,17,30,154,1.1,0,0.9
2022,2,4,18,30,2,1,0,0.2
2022,2,4,19,30,0,1,0,-0.30000000000000004
2022,2,4,20,30,0,1.1,0,-1
2022,2,4,21,30,0,1.2000000000000002,0,-1.8
2022,2,4,22,30,0,1.2000000000000002,0,-2.5
2022,2,4,23,30,0,1.3,0,-3.2
2022,2,5,0,30,0,1.3,0,-3.8000000000000003
2022,2,5,1,30,0,1.3,0,-4.3
2022,2,5,2,30,0,1.4000000000000001,0,-4.800000000000001
2022,2,5,3,30,0,1.4000000000000001,0,-5.1000000000000005
2022,2,5,4,30,0,1.5,0,-5.4
2022,2,5,5,30,0,1.6,0,-5.5
2022,2,5,6,30,0,1.7000000000000002,0,-5.5
2022,2,5,7,30,2,2.5,0,-3.7
2022,2,5,8,30,157,3.2,0,-0.4
2022,2,5,9,30,374,3.7,0,3.1
2022,2,5,10,30,563,4.3,0,5.7
2022,2,5,11,30,700,4.6000000000000005,0,7.300000000000001
2022,2,5,12,30,772,4.9,0,8.5
2022,2,5,13,30,773,5,0,9.3
2022,2,5,14,30,701,4.9,0,9.600000000000001
2022,2,5,15,30,565,4.5,0,9.200000000000001
2022,2,5,16,30,375,3.2,0,6.5
2022,2,5,17,30,158,2.2,0,2.2
2022,2,5,18,30,3,2.4000000000000004,0,-0.1
2022,2,5,19,30,0,2.9000000000000004,0,-0.4
2022,2,5,20,30,0,3.5,0,-0.7000000000000001
2022,2,5,21,30,0,3.9000000000000004,0,-1.2000000000000002
2022,2,5,22,30,0,4,0,-1.8
2022,2,5,23,30,0,3.9000000000000004,0,-2.3000000000000003
2022,2,6,0,30,0,3.6,0,-2.8000000000000003
2022,2,6,1,30,0,3.4000000000000004,0,-3.3000000000000003
2022,2,6,2,30,0,3.2,0,-3.6
2022,2,6,3,30,0,2.9000000000000004,0,-4.1000000000000005
2022,2,6,4,30,0,2.6,0,-4.5
2022,2,6,5,30,0,2.2,0,-4.9
2022,2,6,6,30,0,1.9000000000000001,0,-4.9
2022,2,6,7,30,3,2.4000000000000004,0,-3.3000000000000003
2022,2,6,8,30,152,2.7,0,0.1
2022,2,6,9,30,364,2.8000000000000003,0,3.9000000000000004
2022,2,6,10,30,548,3.5,0,7.5
2022,2,6,11,30,681,4.5,0,10.4
2022,2,6,12,30,747,5.4,0,12.3
2022,2,6,13,30,748,6,0,13.100000000000001
2022,2,6,14,30,679,6.5,0,13.100000000000001
2022,2,6,15,30,542,6.7,0,12.600000000000001
2022,2,6,16,30,359,5.9,0,10.9
2022,2,6,17,30,150,4.4,0,8
2022,2,6,18,30,2,3.6,0,5.5
2022,2,6,19,30,0,3.6,0,4.4
2022,2,6,20,30,0,3.7,7,3.5
2022,2,6,21,30,0,3.7,0,2.4000000000000004
2022,2,6,22,30,0,3.7,0,1.5
2022,2,6,23,30,0,3.7,0,0.7000000000000001
2022,2,7,0,30,0,3.6,0,-0.1
2022,2,7,1,30,0,3.3000000000000003,0,-0.7000000000000001
2022,2,7,2,30,0,3.2,0,-1.3
2022,2,7,3,30,0,3.2,0,-1.8
2022,2,7,4,30,0,3,0,-2.3000000000000003
2022,2,7,5,30,0,2.8000000000000003,0,-2.8000000000000003
2022,2,7,6,30,0,2.7,0,-3.1
2022,2,7,7,30,3,3.3000000000000003,0,-1.7000000000000002
2022,2,7,8,30,151,3.5,0,1.4000000000000001
2022,2,7,9,30,362,3,0,5.4
2022,2,7,10,30,551,2.7,0,8.4
2022,2,7,11,30,686,2.6,0,10.100000000000001
2022,2,7,12,30,758,2.8000000000000003,0,11.4
2022,2,7,13,30,758,3,0,12.200000000000001
2022,2,7,14,30,689,2.9000000000000004,0,12.5
2022,2,7,15,30,555,2.7,0,12.4
2022,2,7,16,30,373,1.7000000000000002,0,11
2022,2,7,17,30,160,0.7000000000000001,0,9.4
2022,2,7,18,30,3,0.6000000000000001,0,8.3
2022,2,7,19,30,0,1,0,6.800000000000001
2022,2,7,20,30,0,1.4000000000000001,0,4.6000000000000005
2022,2,7,21,30,0,1.6,0,2.8000000000000003
2022,2,7,22,30,0,1.7000000000000002,0,1.6
2022,2,7,23,30,0,1.9000000000000001,0,0.9
2022,2,8,0,30,0,2.1,0,0.4
2022,2,8,1,30,0,2.4000000000000004,0,-0.1
2022,2,8,2,30,0,2.6,0,-0.4
2022,2,8,3,30,0,2.7,0,-0.9
2022,2,8,4,30,0,2.8000000000000003,0,-1.4000000000000001
2022,2,8,5,30,0,2.9000000000000004,0,-1.7000000000000002
2022,2,8,6,30,0,3.3000000000000003,0,-1.7000000000000002
2022,2,8,7,30,3,4.2,0,0
2022,2,8,8,30,164,4.7,0,3.2
2022,2,8,9,30,381,5,0,7.4
2022,2,8,10,30,570,6.1000000000000005,0,11.8
2022,2,8,11,30,706,6.7,0,14.8
2022,2,8,12,30,778,6.9,0,16.5
2022,2,8,13,30,779,6.9,0,17.6
2022,2,8,14,30,708,6.7,0,18.1
2022,2,8,15,30,572,6,0,18
2022,2,8,16,30,383,3.9000000000000004,0,15.700000000000001
2022,2,8,17,30,164,2.2,0,11.3
2022,2,8,18,30,3,1.9000000000000001,0,8.4
2022,2,8,19,30,0,1.8,0,7.6000000000000005
2022,2,8,20,30,0,1.9000000000000001,0,7
2022,2,8,21,30,0,2,0,6.300000000000001
2022,2,8,22,30,0,2.1,7,5.300000000000001
2022,2,8,23,30,0,2.1,7,4.2
2022,2,9,0,30,0,2,0,3.3000000000000003
2022,2,9,1,30,0,1.9000000000000001,7,2.5
2022,2,9,2,30,0,1.8,0,1.8
2022,2,9,3,30,0,1.7000000000000002,0,1.1
2022,2,9,4,30,0,1.6,0,0.5
2022,2,9,5,30,0,1.5,7,-0.1
2022,2,9,6,30,0,1.5,0,-0.5
2022,2,9,7,30,2,2,7,1.5
2022,2,9,8,30,161,2.6,0,5.300000000000001
2022,2,9,9,30,384,2.2,0,9.4
2022,2,9,10,30,573,1.8,0,13.600000000000001
2022,2,9,11,30,710,1.6,0,16.3
2022,2,9,12,30,678,1.4000000000000001,8,17.7
2022,2,9,13,30,715,1.5,0,18.5
2022,2,9,14,30,710,1.8,0,18.7
2022,2,9,15,30,573,2,0,18.3
2022,2,9,16,30,384,1.6,0,16
2022,2,9,17,30,167,1.3,0,12
2022,2,9,18,30,3,1.6,0,9.1
2022,2,9,19,30,0,1.7000000000000002,0,7.6000000000000005
2022,2,9,20,30,0,1.8,0,6.5
2022,2,9,21,30,0,1.9000000000000001,0,5.5
2022,2,9,22,30,0,1.9000000000000001,0,4.7
2022,2,9,23,30,0,1.9000000000000001,0,3.9000000000000004
2022,2,10,0,30,0,1.8,0,3.2
2022,2,10,1,30,0,1.7000000000000002,0,2.6
2022,2,10,2,30,0,1.6,0,2
2022,2,10,3,30,0,1.5,0,1.6
2022,2,10,4,30,0,1.4000000000000001,0,1.3
2022,2,10,5,30,0,1.4000000000000001,0,0.9
2022,2,10,6,30,0,1.5,0,0.7000000000000001
2022,2,10,7,30,3,2.2,0,2.8000000000000003
2022,2,10,8,30,146,2.9000000000000004,0,6.4
2022,2,10,9,30,366,2.7,0,10.200000000000001
2022,2,10,10,30,484,1.8,0,14.4
2022,2,10,11,30,683,1.2000000000000002,0,17.3
2022,2,10,12,30,755,1.2000000000000002,0,18.7
2022,2,10,13,30,756,1,0,19.200000000000003
2022,2,10,14,30,688,1.1,0,19.3
2022,2,10,15,30,556,1.3,0,19
2022,2,10,16,30,372,1.1,0,17.400000000000002
2022,2,10,17,30,162,0.9,0,15.200000000000001
2022,2,10,18,30,6,1,0,13.600000000000001
2022,2,10,19,30,0,1.2000000000000002,0,12.100000000000001
2022,2,10,20,30,0,1.4000000000000001,0,10.200000000000001
2022,2,10,21,30,0,1.6,0,8.3
2022,2,10,22,30,0,1.8,0,6.800000000000001
2022,2,10,23,30,0,2.1,0,5.9
2022,2,11,0,30,0,2.6,0,5.6000000000000005
2022,2,11,1,30,0,3.2,0,5.4
2022,2,11,2,30,0,3.6,0,5.2
2022,2,11,3,30,0,3.9000000000000004,0,4.9
2022,2,11,4,30,0,4.1000000000000005,0,4.5
2022,2,11,5,30,0,4.2,0,4.1000000000000005
2022,2,11,6,30,0,4.4,0,3.9000000000000004
2022,2,11,7,30,5,5,0,4.9
2022,2,11,8,30,163,5.2,0,7.800000000000001
2022,2,11,9,30,374,5.2,0,12
2022,2,11,10,30,557,5.300000000000001,0,16.2
2022,2,11,11,30,691,4.800000000000001,0,19.200000000000003
2022,2,11,12,30,759,4.2,0,21.1
2022,2,11,13,30,758,4,0,22.1
2022,2,11,14,30,689,4.2,0,22.200000000000003
2022,2,11,15,30,557,4.7,0,21.400000000000002
2022,2,11,16,30,374,5.1000000000000005,0,19.200000000000003
2022,2,11,17,30,163,5.4,0,16
2022,2,11,18,30,6,5.800000000000001,0,13.5
2022,2,11,19,30,0,5.7,0,11.9
2022,2,11,20,30,0,5.300000000000001,0,10.600000000000001
2022,2,11,21,30,0,5.2,0,9.5
2022,2,11,22,30,0,5.2,0,8.4
2022,2,11,23,30,0,5.4,0,7.4
2022,2,12,0,30,0,5.5,0,6.5
2022,2,12,1,30,0,5.7,0,5.7
2022,2,12,2,30,0,6.1000000000000005,0,4.9
2022,2,12,3,30,0,6.5,0,4
2022,2,12,4,30,0,6.800000000000001,0,3
2022,2,12,5,30,0,7,0,2.1
2022,2,12,6,30,0,7,0,1.5
2022,2,12,7,30,3,7.300000000000001,5,1.7000000000000002
2022,2,12,8,30,109,7.800000000000001,8,2.6
2022,2,12,9,30,270,7.7,0,3.9000000000000004
2022,2,12,10,30,382,7.1000000000000005,5,5.4
2022,2,12,11,30,546,6.4,2,7.1000000000000005
2022,2,12,12,30,762,5.5,0,8.5
2022,2,12,13,30,781,4.6000000000000005,0,9.4
2022,2,12,14,30,711,4,0,9.8
2022,2,12,15,30,577,3.6,0,9.600000000000001
2022,2,12,16,30,394,2.7,0,8.5
2022,2,12,17,30,177,1.5,0,6.300000000000001
2022,2,12,18,30,7,0.9,0,4.6000000000000005
2022,2,12,19,30,0,1,0,3.7
2022,2,12,20,30,0,1.2000000000000002,0,2.3000000000000003
2022,2,12,21,30,0,1.3,0,1
2022,2,12,22,30,0,1.6,0,0.30000000000000004
2022,2,12,23,30,0,1.8,0,-0.1
2022,2,13,0,30,0,2.1,0,-0.30000000000000004
2022,2,13,1,30,0,2.4000000000000004,0,-0.6000000000000001
2022,2,13,2,30,0,2.5,0,-0.8
2022,2,13,3,30,0,2.5,0,-1.1
2022,2,13,4,30,0,2.3000000000000003,0,-1.5
2022,2,13,5,30,0,2,0,-1.9000000000000001
2022,2,13,6,30,0,1.9000000000000001,0,-1.9000000000000001
2022,2,13,7,30,7,2.5,0,0.2
2022,2,13,8,30,174,3.1,0,4
2022,2,13,9,30,389,2.7,0,8.4
2022,2,13,10,30,576,2.1,0,12.200000000000001
2022,2,13,11,30,711,1.7000000000000002,0,14.4
2022,2,13,12,30,781,1.8,0,15.9
2022,2,13,13,30,782,2.2,0,16.900000000000002
2022,2,13,14,30,715,2.6,0,17.3
2022,2,13,15,30,582,2.7,0,17.2
2022,2,13,16,30,395,2,0,15.600000000000001
2022,2,13,17,30,180,1.4000000000000001,0,12.200000000000001
2022,2,13,18,30,8,1.5,0,9.5
2022,2,13,19,30,0,1.7000000000000002,0,8.200000000000001
2022,2,13,20,30,0,1.8,0,7.1000000000000005
2022,2,13,21,30,0,2.1,0,6.300000000000001
2022,2,13,22,30,0,2.3000000000000003,0,5.6000000000000005
2022,2,13,23,30,0,2.6,0,4.9
2022,2,14,0,30,0,2.8000000000000003,0,4.2
2022,2,14,1,30,0,3,0,3.5
2022,2,14,2,30,0,3,0,2.9000000000000004
2022,2,14,3,30,0,3,0,2.2
2022,2,14,4,30,0,2.8000000000000003,0,1.6
2022,2,14,5,30,0,2.6,0,0.9
2022,2,14,6,30,0,2.5,0,0.6000000000000001
2022,2,14,7,30,8,3.1,0,2.3000000000000003
2022,2,14,8,30,179,3.4000000000000004,0,5.6000000000000005
2022,2,14,9,30,396,3.6,0,9.700000000000001
2022,2,14,10,30,584,4.2,0,14.100000000000001
2022,2,14,11,30,721,4.7,0,17.7
2022,2,14,12,30,792,4.800000000000001,0,20.1
2022,2,14,13,30,793,4.800000000000001,0,21.200000000000003
2022,2,14,14,30,721,4.7,0,21.5
2022,2,14,15,30,584,4.4,0,21.3
2022,2,14,16,30,397,3.1,0,18.900000000000002
2022,2,14,17,30,182,2,0,14.5
2022,2,14,18,30,8,2.3000000000000003,0,11.600000000000001
2022,2,14,19,30,0,3,0,10.8
2022,2,14,20,30,0,3.8000000000000003,0,10.200000000000001
2022,2,14,21,30,0,4.6000000000000005,0,9.3
2022,2,14,22,30,0,5.2,0,8.3
2022,2,14,23,30,0,5.4,0,7.300000000000001
2022,2,15,0,30,0,5.4,0,6.5
2022,2,15,1,30,0,5.2,0,5.7
2022,2,15,2,30,0,4.9,0,5
2022,2,15,3,30,0,4.4,0,4.2
2022,2,15,4,30,0,3.9000000000000004,0,3.5
2022,2,15,5,30,0,3.8000000000000003,0,2.9000000000000004
2022,2,15,6,30,0,4.1000000000000005,0,2.7
2022,2,15,7,30,6,4.7,0,3.9000000000000004
2022,2,15,8,30,184,5.6000000000000005,0,7.1000000000000005
2022,2,15,9,30,404,6.5,0,11.4
2022,2,15,10,30,594,7.2,0,15.700000000000001
2022,2,15,11,30,732,7.7,0,19.3
2022,2,15,12,30,803,8,0,21.8
2022,2,15,13,30,803,8.1,0,23.3
2022,2,15,14,30,732,7.9,0,23.8
2022,2,15,15,30,595,7.6000000000000005,0,23.400000000000002
2022,2,15,16,30,404,7,0,21.6
2022,2,15,17,30,182,6.4,0,18.5
2022,2,15,18,30,9,6.300000000000001,0,15.8
2022,2,15,19,30,0,6.5,8,14.4
2022,2,15,20,30,0,6.5,8,13.600000000000001
2022,2,15,21,30,0,6.4,0,13
2022,2,15,22,30,0,6.2,0,12.5
2022,2,15,23,30,0,6,7,11.8
2022,2,16,0,30,0,6,8,11.200000000000001
2022,2,16,1,30,0,6.2,0,10.9
2022,2,16,2,30,0,6.6000000000000005,0,10.700000000000001
2022,2,16,3,30,0,6.7,8,10.5
2022,2,16,4,30,0,6.2,7,9.9
2022,2,16,5,30,0,5.4,8,9.200000000000001
2022,2,16,6,30,0,5.1000000000000005,0,8.6
2022,2,16,7,30,9,5.4,0,9.200000000000001
2022,2,16,8,30,181,5.7,0,11.8
2022,2,16,9,30,399,5.6000000000000005,0,15.4
2022,2,16,10,30,587,5.6000000000000005,0,19.200000000000003
2022,2,16,11,30,719,5.5,0,22.400000000000002
2022,2,16,12,30,790,5.5,0,24.3
2022,2,16,13,30,790,5.6000000000000005,0,25
2022,2,16,14,30,717,5.800000000000001,0,25.200000000000003
2022,2,16,15,30,582,6,0,25.1
2022,2,16,16,30,394,5.300000000000001,0,23.700000000000003
2022,2,16,17,30,178,4.6000000000000005,0,20.6
2022,2,16,18,30,10,5.300000000000001,0,18.400000000000002
2022,2,16,19,30,0,5.7,8,17.400000000000002
2022,2,16,20,30,0,5.1000000000000005,7,16.3
2022,2,16,21,30,0,4.6000000000000005,8,15.600000000000001
2022,2,16,22,30,0,4.4,7,14.700000000000001
2022,2,16,23,30,0,4.6000000000000005,7,13.600000000000001
2022,2,17,0,30,0,4.6000000000000005,7,12.5
2022,2,17,1,30,0,4.2,5,11.600000000000001
2022,2,17,2,30,0,4.7,0,10.600000000000001
2022,2,17,3,30,0,5.5,0,9.5
2022,2,17,4,30,0,5.4,0,8.3
2022,2,17,5,30,0,5,0,7.300000000000001
2022,2,17,6,30,0,5.6000000000000005,0,6.2
2022,2,17,7,30,6,7.2,4,5.1000000000000005
2022,2,17,8,30,25,8.1,4,4.4
2022,2,17,9,30,92,7.800000000000001,4,4.5
2022,2,17,10,30,225,7.300000000000001,4,5.5
2022,2,17,11,30,299,6.9,4,6.800000000000001
2022,2,17,12,30,792,6.5,0,7.9
2022,2,17,13,30,793,6.1000000000000005,0,8.5
2022,2,17,14,30,722,5.9,0,8.700000000000001
2022,2,17,15,30,590,5.7,0,8.3
2022,2,17,16,30,404,5.4,0,7.4
2022,2,17,17,30,188,4.3,0,5.6000000000000005
2022,2,17,18,30,12,3.2,0,3.7
2022,2,17,19,30,0,2.9000000000000004,0,2.4000000000000004
2022,2,17,20,30,0,2.6,0,1.4000000000000001
2022,2,17,21,30,0,2.1,0,0.30000000000000004
2022,2,17,22,30,0,1.6,0,-0.7000000000000001
2022,2,17,23,30,0,1.2000000000000002,0,-1.5
2022,2,18,0,30,0,0.9,0,-2.2
2022,2,18,1,30,0,0.7000000000000001,0,-2.5
2022,2,18,2,30,0,0.5,0,-2.8000000000000003
2022,2,18,3,30,0,0.6000000000000001,0,-3.2
2022,2,18,4,30,0,0.8,0,-3.7
2022,2,18,5,30,0,1,0,-4.2
2022,2,18,6,30,0,1.2000000000000002,0,-4.1000000000000005
2022,2,18,7,30,14,2,0,-2
2022,2,18,8,30,200,2.6,0,1.4000000000000001
2022,2,18,9,30,421,2.6,0,4.5
2022,2,18,10,30,611,2.6,0,7.300000000000001
2022,2,18,11,30,749,2.7,0,10
2022,2,18,12,30,821,2.9000000000000004,0,12.100000000000001
2022,2,18,13,30,821,3.1,0,13.4
2022,2,18,14,30,749,3.1,0,14
2022,2,18,15,30,612,2.9000000000000004,0,14.100000000000001
2022,2,18,16,30,422,2,0,13.100000000000001
2022,2,18,17,30,201,1.2000000000000002,0,10.600000000000001
2022,2,18,18,30,14,1.2000000000000002,0,8.200000000000001
2022,2,18,19,30,0,1.4000000000000001,0,6.7
2022,2,18,20,30,0,1.6,0,5.300000000000001
2022,2,18,21,30,0,1.7000000000000002,0,4.4
2022,2,18,22,30,0,1.9000000000000001,0,3.6
2022,2,18,23,30,0,2,0,2.8000000000000003
2022,2,19,0,30,0,1.9000000000000001,0,2
2022,2,19,1,30,0,1.8,0,1.2000000000000002
2022,2,19,2,30,0,1.7000000000000002,0,0.5
2022,2,19,3,30,0,1.5,0,-0.1
2022,2,19,4,30,0,1.4000000000000001,0,-0.5
2022,2,19,5,30,0,1.3,0,-0.8
2022,2,19,6,30,0,1.3,0,-0.6000000000000001
2022,2,19,7,30,14,1.6,0,1.7000000000000002
2022,2,19,8,30,202,1.8,0,5.5
2022,2,19,9,30,422,2.5,0,10.100000000000001
2022,2,19,10,30,612,3.7,0,14.3
2022,2,19,11,30,748,4,0,16.2
2022,2,19,12,30,820,4.1000000000000005,0,17.400000000000002
2022,2,19,13,30,820,4.1000000000000005,0,18.1
2022,2,19,14,30,747,4.1000000000000005,0,18.5
2022,2,19,15,30,609,4.1000000000000005,0,18.3
2022,2,19,16,30,419,3.2,0,16.7
2022,2,19,17,30,199,2.1,0,12.9
2022,2,19,18,30,14,2.1,0,9.8
2022,2,19,19,30,0,2.5,0,8.9
2022,2,19,20,30,0,3,0,8.3
2022,2,19,21,30,0,3.4000000000000004,0,7.6000000000000005
2022,2,19,22,30,0,3.7,0,6.9
2022,2,19,23,30,0,3.9000000000000004,0,6.1000000000000005
2022,2,20,0,30,0,4.1000000000000005,0,5.4
2022,2,20,1,30,0,4.1000000000000005,8,4.9
2022,2,20,2,30,0,4,8,4.6000000000000005
2022,2,20,3,30,0,4,8,4.6000000000000005
2022,2,20,4,30,0,3.9000000000000004,8,4.7
2022,2,20,5,30,0,3.8000000000000003,8,4.7
2022,2,20,6,30,0,3.9000000000000004,0,4.800000000000001
2022,2,20,7,30,9,4.2,8,5.6000000000000005
2022,2,20,8,30,144,4.7,8,7.6000000000000005
2022,2,20,9,30,313,5.2,8,10.5
2022,2,20,10,30,426,5.5,8,13.8
2022,2,20,11,30,720,5.6000000000000005,0,17
2022,2,20,12,30,637,5.6000000000000005,8,19.700000000000003
2022,2,20,13,30,689,5.6000000000000005,8,21.700000000000003
2022,2,20,14,30,552,5.5,7,22.700000000000003
2022,2,20,15,30,425,5.1000000000000005,7,22.700000000000003
2022,2,20,16,30,316,3.9000000000000004,8,20.900000000000002
2022,2,20,17,30,169,2.9000000000000004,7,17.400000000000002
2022,2,20,18,30,12,3.3000000000000003,0,15.200000000000001
2022,2,20,19,30,0,3.9000000000000004,0,14.200000000000001
2022,2,20,20,30,0,4.3,0,13
2022,2,20,21,30,0,4.6000000000000005,0,11.8
2022,2,20,22,30,0,4.5,0,10.700000000000001
2022,2,20,23,30,0,4.4,0,9.9
2022,2,21,0,30,0,4.2,0,9.4
2022,2,21,1,30,0,3.8000000000000003,0,8.8
2022,2,21,2,30,0,3.5,0,8.3
2022,2,21,3,30,0,3.4000000000000004,0,8
2022,2,21,4,30,0,3.9000000000000004,0,8.3
2022,2,21,5,30,0,4,0,8.200000000000001
2022,2,21,6,30,0,3.9000000000000004,0,7.800000000000001
2022,2,21,7,30,11,4.4,8,9
2022,2,21,8,30,121,4.6000000000000005,7,11.600000000000001
2022,2,21,9,30,200,4.3,7,14.3
2022,2,21,10,30,425,4.7,8,17.900000000000002
2022,2,21,11,30,468,5.800000000000001,7,22.1
2022,2,21,12,30,463,6.5,7,24.1
2022,2,21,13,30,198,6.4,6,23.6
2022,2,21,14,30,123,5.6000000000000005,7,22.400000000000002
2022,2,21,15,30,93,4.2,6,21.1
2022,2,21,16,30,73,3.6,6,20
2022,2,21,17,30,97,3.9000000000000004,7,19
2022,2,21,18,30,6,3.9000000000000004,6,17.7
2022,2,21,19,30,0,3.6,7,16.5
2022,2,21,20,30,0,4,7,15.9
2022,2,21,21,30,0,5,7,15.700000000000001
2022,2,21,22,30,0,5.300000000000001,7,15
2022,2,21,23,30,0,5.2,0,13.9
2022,2,22,0,30,0,5.300000000000001,0,12.600000000000001
2022,2,22,1,30,0,5.4,0,11.700000000000001
2022,2,22,2,30,0,5.1000000000000005,0,10.8
2022,2,22,3,30,0,4.6000000000000005,8,10
2022,2,22,4,30,0,4.1000000000000005,8,9
2022,2,22,5,30,0,3.5,0,8
2022,2,22,6,30,0,2.9000000000000004,8,7.4
2022,2,22,7,30,12,3,8,8.8
2022,2,22,8,30,160,3.2,8,11.9
2022,2,22,9,30,321,3.2,3,14.9
2022,2,22,10,30,452,2.9000000000000004,3,17.2
2022,2,22,11,30,571,2.3000000000000003,8,18.8
2022,2,22,12,30,738,2.1,0,20.1
2022,2,22,13,30,823,2.2,0,21.1
2022,2,22,14,30,749,2.6,0,21.400000000000002
2022,2,22,15,30,612,3.1,0,20.8
2022,2,22,16,30,423,3.9000000000000004,0,18.5
2022,2,22,17,30,202,5,0,14.200000000000001
2022,2,22,18,30,15,6.1000000000000005,7,9.8
2022,2,22,19,30,0,6.7,7,6.800000000000001
2022,2,22,20,30,0,6.9,8,4.6000000000000005
2022,2,22,21,30,0,6.800000000000001,0,2.9000000000000004
2022,2,22,22,30,0,6.7,0,1.3
2022,2,22,23,30,0,6.6000000000000005,0,-0.1
2022,2,23,0,30,0,6.4,8,-1.4000000000000001
2022,2,23,1,30,0,6.4,7,-2.5
2022,2,23,2,30,0,6.300000000000001,7,-3.4000000000000004
2022,2,23,3,30,0,6.1000000000000005,8,-4.2
2022,2,23,4,30,0,5.9,7,-4.9
2022,2,23,5,30,0,5.800000000000001,7,-5.6000000000000005
2022,2,23,6,30,0,5.7,7,-6.1000000000000005
2022,2,23,7,30,7,5.7,7,-6.6000000000000005
2022,2,23,8,30,7,5.6000000000000005,7,-6.7
2022,2,23,9,30,30,5.300000000000001,8,-6.5
2022,2,23,10,30,206,4.9,7,-5.7
2022,2,23,11,30,355,4.6000000000000005,7,-4.6000000000000005
2022,2,23,12,30,475,4.2,7,-3.5
2022,2,23,13,30,620,3.7,8,-2.7
2022,2,23,14,30,615,3.2,8,-2.3000000000000003
2022,2,23,15,30,533,2.9000000000000004,8,-2.2
2022,2,23,16,30,354,2.8000000000000003,8,-2.3000000000000003
2022,2,23,17,30,187,3.1,8,-2.9000000000000004
2022,2,23,18,30,18,3.6,0,-3.5
2022,2,23,19,30,0,4,7,-4.1000000000000005
2022,2,23,20,30,0,3.9000000000000004,7,-4.5
2022,2,23,21,30,0,3.3000000000000003,0,-4.9
2022,2,23,22,30,0,2.9000000000000004,0,-5.300000000000001
2022,2,23,23,30,0,2.9000000000000004,0,-5.6000000000000005
2022,2,24,0,30,0,3,0,-5.800000000000001
2022,2,24,1,30,0,3.1,0,-6
2022,2,24,2,30,0,3.1,0,-6.1000000000000005
2022,2,24,3,30,0,3.2,0,-6.4
2022,2,24,4,30,0,3.3000000000000003,0,-6.6000000000000005
2022,2,24,5,30,0,3.3000000000000003,0,-6.9
2022,2,24,6,30,0,3.3000000000000003,0,-7.1000000000000005
2022,2,24,7,30,23,3.3000000000000003,0,-6.7
2022,2,24,8,30,183,3.1,0,-5.6000000000000005
2022,2,24,9,30,291,2.6,4,-3.7
2022,2,24,10,30,558,2,0,-1.4000000000000001
2022,2,24,11,30,533,2,0,1.3
2022,2,24,12,30,199,2.8000000000000003,8,4
2022,2,24,13,30,499,3.7,7,6.6000000000000005
2022,2,24,14,30,748,4,0,8.9
2022,2,24,15,30,626,3.5,0,10.600000000000001
2022,2,24,16,30,434,2,0,10.700000000000001
2022,2,24,17,30,214,0.9,0,8.5
2022,2,24,18,30,21,1,0,5.9
2022,2,24,19,30,0,1.2000000000000002,7,3.8000000000000003
2022,2,24,20,30,0,1.4000000000000001,7,1.8
2022,2,24,21,30,0,1.5,8,0.1
2022,2,24,22,30,0,1.7000000000000002,8,-1.3
2022,2,24,23,30,0,2.1,8,-2.6
2022,2,25,0,30,0,2.6,8,-3.7
2022,2,25,1,30,0,3.1,4,-4.800000000000001
2022,2,25,2,30,0,3.2,0,-5.6000000000000005
2022,2,25,3,30,0,3,0,-6.1000000000000005
2022,2,25,4,30,0,2.8000000000000003,0,-6.300000000000001
2022,2,25,5,30,0,2.9000000000000004,0,-6.4
2022,2,25,6,30,0,3.3000000000000003,0,-6.2
2022,2,25,7,30,16,3.9000000000000004,0,-5.4
2022,2,25,8,30,149,4.2,8,-4.1000000000000005
2022,2,25,9,30,291,4.3,8,-2.7
2022,2,25,10,30,449,4.3,8,-1.3
2022,2,25,11,30,716,4.2,0,0
2022,2,25,12,30,813,4.1000000000000005,0,1.1
2022,2,25,13,30,826,4,0,2.1
2022,2,25,14,30,562,3.8000000000000003,8,2.9000000000000004
2022,2,25,15,30,419,3.7,7,3.3000000000000003
2022,2,25,16,30,373,3.6,0,2.9000000000000004
2022,2,25,17,30,216,3.1,0,1.7000000000000002
2022,2,25,18,30,21,2.8000000000000003,0,0.4
2022,2,25,19,30,0,3.2,4,-0.5
2022,2,25,20,30,0,3.5,7,-1.3
2022,2,25,21,30,0,3.7,8,-2
2022,2,25,22,30,0,3.6,7,-2.6
2022,2,25,23,30,0,3.3000000000000003,7,-3.1
2022,2,26,0,30,0,2.7,8,-3.6
2022,2,26,1,30,0,2.1,7,-4.1000000000000005
2022,2,26,2,30,0,2.1,7,-4.3
2022,2,26,3,30,0,2.4000000000000004,7,-4.2
2022,2,26,4,30,0,2.7,7,-4.1000000000000005
2022,2,26,5,30,0,2.9000000000000004,7,-4
2022,2,26,6,30,0,3.1,7,-3.8000000000000003
2022,2,26,7,30,7,3.4000000000000004,7,-3
2022,2,26,8,30,29,3.3000000000000003,7,-1.3
2022,2,26,9,30,66,2.9000000000000004,7,0.7000000000000001
2022,2,26,10,30,200,2.4000000000000004,7,3
2022,2,26,11,30,297,2,4,5.2
2022,2,26,12,30,432,1.7000000000000002,4,7.1000000000000005
2022,2,26,13,30,435,1.4000000000000001,4,8.5
2022,2,26,14,30,433,1.4000000000000001,4,9.4
2022,2,26,15,30,365,1.7000000000000002,4,9.600000000000001
2022,2,26,16,30,220,2,4,9
2022,2,26,17,30,89,1.7000000000000002,4,6.300000000000001
2022,2,26,18,30,9,1.5,4,3.4000000000000004
2022,2,26,19,30,0,2,0,2.2
2022,2,26,20,30,0,2.4000000000000004,0,1.3
2022,2,26,21,30,0,2.3000000000000003,0,0.30000000000000004
2022,2,26,22,30,0,1.9000000000000001,0,-0.9
2022,2,26,23,30,0,1.5,0,-1.9000000000000001
2022,2,27,0,30,0,1.1,0,-2.6
2022,2,27,1,30,0,1,0,-3.2
2022,2,27,2,30,0,1.1,0,-3.7
2022,2,27,3,30,0,1.3,0,-4
2022,2,27,4,30,0,1.5,0,-4.1000000000000005
2022,2,27,5,30,0,1.7000000000000002,0,-4
2022,2,27,6,30,0,2,0,-3.3000000000000003
2022,2,27,7,30,31,2.9000000000000004,0,-0.8
2022,2,27,8,30,240,3.4000000000000004,0,3.3000000000000003
2022,2,27,9,30,466,3.2,0,7
2022,2,27,10,30,658,3.1,0,9.600000000000001
2022,2,27,11,30,796,2.7,0,11.600000000000001
2022,2,27,12,30,867,2.5,0,13.200000000000001
2022,2,27,13,30,866,2.3000000000000003,0,14.4
2022,2,27,14,30,792,2.2,0,15
2022,2,27,15,30,652,2.1,0,15.100000000000001
2022,2,27,16,30,458,1.5,0,14
2022,2,27,17,30,232,1,0,11.5
2022,2,27,18,30,28,1.1,0,8.8
2022,2,27,19,30,0,1.4000000000000001,0,6.7
2022,2,27,20,30,0,1.5,0,4.9
2022,2,27,21,30,0,1.6,0,3.6
2022,2,27,22,30,0,1.7000000000000002,0,2.6
2022,2,27,23,30,0,1.7000000000000002,0,1.9000000000000001
2022,2,28,0,30,0,1.8,0,1.7000000000000002
2022,2,28,1,30,0,1.8,0,1.4000000000000001
2022,2,28,2,30,0,1.8,0,0.9
2022,2,28,3,30,0,1.7000000000000002,0,0.4
2022,2,28,4,30,0,1.7000000000000002,0,-0.30000000000000004
2022,2,28,5,30,0,1.7000000000000002,0,-1.1
2022,2,28,6,30,0,1.8,0,-0.8
2022,2,28,7,30,31,2.7,0,2.1
2022,2,28,8,30,232,3.3000000000000003,0,6.1000000000000005
2022,2,28,9,30,433,3.5,0,10.4
2022,2,28,10,30,480,3.7,8,14.100000000000001
2022,2,28,11,30,615,3.4000000000000004,8,16.1
2022,2,28,12,30,815,3.2,0,17.3
2022,2,28,13,30,841,2.8000000000000003,0,18
2022,2,28,14,30,516,2.3000000000000003,7,18.3
2022,2,28,15,30,386,1.7000000000000002,7,17.7
2022,2,28,16,30,253,1.1,7,16.5
2022,2,28,17,30,78,1,7,14.700000000000001
2022,2,28,18,30,15,1.2000000000000002,7,13
2022,2,28,19,30,0,1.4000000000000001,8,11.700000000000001
2022,2,28,20,30,0,1.6,8,10.5
2022,2,28,21,30,0,1.7000000000000002,8,9.200000000000001
2022,2,28,22,30,0,1.8,8,8.3
2022,2,28,23,30,0,1.8,7,7.6000000000000005
2022,3,1,0,30,0,1.8,8,7.1000000000000005
2022,3,1,1,30,0,1.8,8,6.5
2022,3,1,2,30,0,1.9000000000000001,4,5.5
2022,3,1,3,30,0,1.9000000000000001,4,4.7
2022,3,1,4,30,0,1.8,8,4.4
2022,3,1,5,30,0,1.6,8,4.4
2022,3,1,6,30,0,1.3,8,4.800000000000001
2022,3,1,7,30,21,1.5,8,6.6000000000000005
2022,3,1,8,30,158,1.7000000000000002,5,8.8
2022,3,1,9,30,267,1.6,7,10.600000000000001
2022,3,1,10,30,403,1.7000000000000002,7,12.700000000000001
2022,3,1,11,30,458,2,7,14.8
2022,3,1,12,30,413,2.1,6,16.400000000000002
2022,3,1,13,30,358,2,6,17.3
2022,3,1,14,30,334,1.8,6,17.6
2022,3,1,15,30,287,1.3,6,17.2
2022,3,1,16,30,200,0.8,6,16
2022,3,1,17,30,75,1,6,14.600000000000001
2022,3,1,18,30,11,1.2000000000000002,6,13.100000000000001
2022,3,1,19,30,0,1.3,7,11.9
2022,3,1,20,30,0,1.4000000000000001,7,10.9
2022,3,1,21,30,0,1.5,8,9.9
2022,3,1,22,30,0,1.5,8,9.1
2022,3,1,23,30,0,1.4000000000000001,5,8.4
2022,3,2,0,30,0,1.4000000000000001,8,7.7
2022,3,2,1,30,0,1.5,0,7.2
2022,3,2,2,30,0,1.5,7,6.6000000000000005
2022,3,2,3,30,0,1.5,5,6.1000000000000005
2022,3,2,4,30,0,1.5,0,5.800000000000001
2022,3,2,5,30,0,1.4000000000000001,5,5.7
2022,3,2,6,30,0,1.3,7,6.1000000000000005
2022,3,2,7,30,24,1.8,8,8.5
2022,3,2,8,30,160,2.6,8,12.100000000000001
2022,3,2,9,30,362,3.1,8,15.8
2022,3,2,10,30,434,3.1,8,19.1
2022,3,2,11,30,731,2.7,0,21.200000000000003
2022,3,2,12,30,822,2.6,0,22.6
2022,3,2,13,30,842,2.4000000000000004,0,23.5
2022,3,2,14,30,768,2.2,0,23.900000000000002
2022,3,2,15,30,630,2.1,0,23.700000000000003
2022,3,2,16,30,439,1.5,0,22.3
2022,3,2,17,30,183,1.2000000000000002,8,18.8
2022,3,2,18,30,25,1.5,8,15.5
2022,3,2,19,30,0,1.6,8,13.700000000000001
2022,3,2,20,30,0,1.7000000000000002,0,12.4
2022,3,2,21,30,0,1.8,0,11.3
2022,3,2,22,30,0,1.9000000000000001,0,10.4
2022,3,2,23,30,0,2.1,0,9.600000000000001
2022,3,3,0,30,0,2.1,0,8.8
2022,3,3,1,30,0,2,0,8.1
2022,3,3,2,30,0,1.9000000000000001,0,7.5
2022,3,3,3,30,0,1.8,0,7
2022,3,3,4,30,0,1.6,0,6.6000000000000005
2022,3,3,5,30,0,1.5,0,6.4
2022,3,3,6,30,0,1.3,0,6.800000000000001
2022,3,3,7,30,37,1.7000000000000002,0,9.5
2022,3,3,8,30,234,2.1,0,13.3
2022,3,3,9,30,460,2.1,0,17.5
2022,3,3,10,30,636,2.5,0,21.200000000000003
2022,3,3,11,30,672,3,7,23.3
2022,3,3,12,30,778,3.5,0,24.6
2022,3,3,13,30,616,3.7,7,25.5
2022,3,3,14,30,612,3.8000000000000003,8,25.8
2022,3,3,15,30,491,3.8000000000000003,8,25.400000000000002
2022,3,3,16,30,342,3.1,7,23.900000000000002
2022,3,3,17,30,222,2.2,0,20.6
2022,3,3,18,30,20,2.1,8,17.8
2022,3,3,19,30,0,2.5,3,16.900000000000002
2022,3,3,20,30,0,3.1,0,16.6
2022,3,3,21,30,0,3.3000000000000003,0,16.1
2022,3,3,22,30,0,3,8,15.200000000000001
2022,3,3,23,30,0,2.8000000000000003,8,14.5
2022,3,4,0,30,0,2.7,8,14
2022,3,4,1,30,0,2.6,7,13.5
2022,3,4,2,30,0,2.5,8,12.9
2022,3,4,3,30,0,2.5,8,12.4
2022,3,4,4,30,0,2.7,8,11.8
2022,3,4,5,30,0,3,8,11.4
2022,3,4,6,30,0,3.6,8,11.5
2022,3,4,7,30,20,4.800000000000001,8,13
2022,3,4,8,30,176,6.4,8,16
2022,3,4,9,30,325,7.1000000000000005,8,19.200000000000003
2022,3,4,10,30,609,7,0,22.1
2022,3,4,11,30,720,6.6000000000000005,0,24.5
2022,3,4,12,30,823,6.300000000000001,0,26.3
2022,3,4,13,30,668,6,7,27.400000000000002
2022,3,4,14,30,638,5.9,8,27.900000000000002
2022,3,4,15,30,539,5.800000000000001,8,27.8
2022,3,4,16,30,422,5.4,0,26.900000000000002
2022,3,4,17,30,212,4.5,0,24.3
2022,3,4,18,30,30,4.7,0,21.900000000000002
2022,3,4,19,30,0,5.5,0,20.700000000000003
2022,3,4,20,30,0,5.7,0,19.5
2022,3,4,21,30,0,5.7,0,18.400000000000002
2022,3,4,22,30,0,5.800000000000001,0,17.6
2022,3,4,23,30,0,5.7,0,16.900000000000002
2022,3,5,0,30,0,5.4,0,16.2
2022,3,5,1,30,0,5.2,0,15.5
2022,3,5,2,30,0,4.9,0,14.600000000000001
2022,3,5,3,30,0,4.6000000000000005,0,13.8
2022,3,5,4,30,0,4.2,0,13
2022,3,5,5,30,0,3.8000000000000003,0,12.3
2022,3,5,6,30,0,3.7,0,12.200000000000001
2022,3,5,7,30,47,4.2,0,14.200000000000001
2022,3,5,8,30,262,5.2,0,17.900000000000002
2022,3,5,9,30,490,6.2,0,21
2022,3,5,10,30,682,6.9,0,22.700000000000003
2022,3,5,11,30,822,7.2,0,23.8
2022,3,5,12,30,892,7.2,0,24.6
2022,3,5,13,30,889,6.9,0,25.1
2022,3,5,14,30,814,6.4,0,25.3
2022,3,5,15,30,672,5.7,0,25.200000000000003
2022,3,5,16,30,477,4.800000000000001,0,24.200000000000003
2022,3,5,17,30,249,3.1,0,20.6
2022,3,5,18,30,36,1.8,0,16.900000000000002
2022,3,5,19,30,0,1.6,0,15.9
2022,3,5,20,30,0,1.5,0,15.700000000000001
2022,3,5,21,30,0,1.5,0,14.8
2022,3,5,22,30,0,1.6,0,13.3
2022,3,5,23,30,0,2,0,12.100000000000001
2022,3,6,0,30,0,2.7,0,11.8
2022,3,6,1,30,0,3.4000000000000004,0,11.5
2022,3,6,2,30,0,3.5,0,11.100000000000001
2022,3,6,3,30,0,3.3000000000000003,0,10.8
2022,3,6,4,30,0,3.1,0,10.8
2022,3,6,5,30,0,2.8000000000000003,0,11.200000000000001
2022,3,6,6,30,0,2.8000000000000003,0,12.100000000000001
2022,3,6,7,30,38,3.7,0,13.8
2022,3,6,8,30,131,4.7,3,16.3
2022,3,6,9,30,55,4.800000000000001,3,19.6
2022,3,6,10,30,235,4.800000000000001,3,23.1
2022,3,6,11,30,544,5.2,3,26
2022,3,6,12,30,885,6,0,27.8
2022,3,6,13,30,884,6.800000000000001,0,28.700000000000003
2022,3,6,14,30,811,7.4,0,28.5
2022,3,6,15,30,667,7.5,0,27
2022,3,6,16,30,470,7.1000000000000005,0,24.5
2022,3,6,17,30,227,5.4,0,20.5
2022,3,6,18,30,28,3.7,3,16.3
2022,3,6,19,30,0,3.3000000000000003,0,13.4
2022,3,6,20,30,0,3.7,0,11.3
2022,3,6,21,30,0,4.3,0,9.5
2022,3,6,22,30,0,4.3,0,7.5
2022,3,6,23,30,0,3.7,0,5.5
2022,3,7,0,30,0,3.2,0,3.9000000000000004
2022,3,7,1,30,0,3.2,0,2.5
2022,3,7,2,30,0,3.6,0,1.3
2022,3,7,3,30,0,4.3,0,0
2022,3,7,4,30,0,5,0,-1.3
2022,3,7,5,30,0,5.2,0,-2.3000000000000003
2022,3,7,6,30,0,5.300000000000001,0,-2.7
2022,3,7,7,30,57,5.9,0,-1.7000000000000002
2022,3,7,8,30,218,6.4,5,0.2
2022,3,7,9,30,456,6.2,0,2.5
2022,3,7,10,30,588,5.6000000000000005,0,4.800000000000001
2022,3,7,11,30,585,4.800000000000001,7,6.9
2022,3,7,12,30,601,4.1000000000000005,7,8.6
2022,3,7,13,30,730,3.5,7,9.600000000000001
2022,3,7,14,30,568,3,7,10.100000000000001
2022,3,7,15,30,513,2.7,8,10.100000000000001
2022,3,7,16,30,412,2.5,7,9.4
2022,3,7,17,30,240,2,0,7.9
2022,3,7,18,30,40,1.9000000000000001,0,6.4
2022,3,7,19,30,0,2.8000000000000003,8,5.5
2022,3,7,20,30,0,3.4000000000000004,7,4.800000000000001
2022,3,7,21,30,0,3.3000000000000003,7,3.9000000000000004
2022,3,7,22,30,0,2.8000000000000003,7,3.1
2022,3,7,23,30,0,2.4000000000000004,7,2.2
2022,3,8,0,30,0,2.3000000000000003,7,1.7000000000000002
2022,3,8,1,30,0,2.4000000000000004,7,1.4000000000000001
2022,3,8,2,30,0,2.4000000000000004,8,1.3
2022,3,8,3,30,0,2.3000000000000003,8,1.1
2022,3,8,4,30,0,2,7,0.9
2022,3,8,5,30,0,1.9000000000000001,8,0.6000000000000001
2022,3,8,6,30,0,2.1,8,0.6000000000000001
2022,3,8,7,30,27,2.5,8,1.6
2022,3,8,8,30,174,2.5,7,3.4000000000000004
2022,3,8,9,30,424,2,0,5.4
2022,3,8,10,30,464,1.1,7,7.5
2022,3,8,11,30,830,0.8,0,9.5
2022,3,8,12,30,903,1.4000000000000001,0,11.3
2022,3,8,13,30,902,2.2,0,12.600000000000001
2022,3,8,14,30,826,2.7,0,13.5
2022,3,8,15,30,683,2.9000000000000004,0,13.700000000000001
2022,3,8,16,30,487,2.7,0,13.200000000000001
2022,3,8,17,30,258,1.7000000000000002,0,11.3
2022,3,8,18,30,43,0.8,0,9.200000000000001
2022,3,8,19,30,0,0.9,0,7.9
2022,3,8,20,30,0,1.2000000000000002,0,6.4
2022,3,8,21,30,0,1.3,0,4.9
2022,3,8,22,30,0,1.5,0,3.7
2022,3,8,23,30,0,1.7000000000000002,0,2.5
2022,3,9,0,30,0,1.9000000000000001,0,1.4000000000000001
2022,3,9,1,30,0,1.8,0,0.4
2022,3,9,2,30,0,1.7000000000000002,0,-0.5
2022,3,9,3,30,0,1.6,0,-1.2000000000000002
2022,3,9,4,30,0,1.5,0,-1.7000000000000002
2022,3,9,5,30,0,1.5,0,-2
2022,3,9,6,30,0,2,0,-1.3
2022,3,9,7,30,64,3,0,1.5
2022,3,9,8,30,285,4.1000000000000005,0,5.800000000000001
2022,3,9,9,30,510,5,0,10
2022,3,9,10,30,699,5.2,0,13
2022,3,9,11,30,834,5.300000000000001,0,15.200000000000001
2022,3,9,12,30,902,5.300000000000001,0,17
2022,3,9,13,30,898,5.4,0,18.3
2022,3,9,14,30,819,5.5,0,19
2022,3,9,15,30,671,5.6000000000000005,0,19
2022,3,9,16,30,474,5.300000000000001,0,18.2
2022,3,9,17,30,247,4.2,0,15.600000000000001
2022,3,9,18,30,41,3.8000000000000003,0,12.8
2022,3,9,19,30,0,4.3,0,11.4
2022,3,9,20,30,0,4.5,0,10.3
2022,3,9,21,30,0,4.7,0,9.3
2022,3,9,22,30,0,4.5,0,8.200000000000001
2022,3,9,23,30,0,3.8000000000000003,0,6.9
2022,3,10,0,30,0,3.3000000000000003,0,5.7
2022,3,10,1,30,0,3.1,0,4.7
2022,3,10,2,30,0,3.1,0,3.9000000000000004
2022,3,10,3,30,0,3.2,0,3.2
2022,3,10,4,30,0,3.3000000000000003,0,2.6
2022,3,10,5,30,0,3.1,0,2
2022,3,10,6,30,0,3.1,0,2.1
2022,3,10,7,30,68,3.3000000000000003,0,4
2022,3,10,8,30,290,3.2,0,7.2
2022,3,10,9,30,517,3.1,0,10.100000000000001
2022,3,10,10,30,708,2.9000000000000004,0,12.3
2022,3,10,11,30,845,2.7,0,14.100000000000001
2022,3,10,12,30,914,2.5,0,15.8
2022,3,10,13,30,906,2.5,0,17.2
2022,3,10,14,30,827,2.6,0,18
2022,3,10,15,30,684,2.5,0,18.2
2022,3,10,16,30,489,2.7,0,17.3
2022,3,10,17,30,260,3.4000000000000004,0,14.5
2022,3,10,18,30,45,4.4,0,10.9
2022,3,10,19,30,0,5.2,0,8.5
2022,3,10,20,30,0,5.6000000000000005,0,6.5
2022,3,10,21,30,0,6,0,4.7
2022,3,10,22,30,0,6.4,0,2.7
2022,3,10,23,30,0,6.7,0,0.6000000000000001
2022,3,11,0,30,0,6.9,0,-1.1
2022,3,11,1,30,0,7,0,-2.5
2022,3,11,2,30,0,7,0,-3.5
2022,3,11,3,30,0,6.9,0,-4.2
2022,3,11,4,30,0,6.7,0,-4.7
2022,3,11,5,30,0,6.4,0,-5
2022,3,11,6,30,0,6.1000000000000005,4,-4.9
2022,3,11,7,30,66,6.2,0,-3.8000000000000003
2022,3,11,8,30,58,6.5,4,-1.8
2022,3,11,9,30,48,6.5,4,0.30000000000000004
2022,3,11,10,30,173,6.5,8,2.3000000000000003
2022,3,11,11,30,266,6.5,8,4.2
2022,3,11,12,30,394,6.5,4,5.6000000000000005
2022,3,11,13,30,495,6.4,8,6.2
2022,3,11,14,30,637,6.6000000000000005,8,6
2022,3,11,15,30,535,6.7,0,5.4
2022,3,11,16,30,483,6.4,0,4.6000000000000005
2022,3,11,17,30,263,4.9,0,3.2
2022,3,11,18,30,49,2.9000000000000004,0,1.2000000000000002
2022,3,11,19,30,0,1.7000000000000002,0,-0.6000000000000001
2022,3,11,20,30,0,1.2000000000000002,0,-1.5
2022,3,11,21,30,0,1.1,0,-2
2022,3,11,22,30,0,0.9,0,-2
2022,3,11,23,30,0,0.8,0,-2.1
2022,3,12,0,30,0,0.7000000000000001,0,-2.4000000000000004
2022,3,12,1,30,0,0.9,0,-2.9000000000000004
2022,3,12,2,30,0,1,0,-3.4000000000000004
2022,3,12,3,30,0,1.2000000000000002,0,-3.8000000000000003
2022,3,12,4,30,0,1.3,0,-4.2
2022,3,12,5,30,0,1.5,0,-4.5
2022,3,12,6,30,0,2.3000000000000003,0,-3.5
2022,3,12,7,30,79,3.7,0,-0.6000000000000001
2022,3,12,8,30,306,4.6000000000000005,0,3
2022,3,12,9,30,535,5,0,6.2
2022,3,12,10,30,727,5.300000000000001,0,8.700000000000001
2022,3,12,11,30,871,5.6000000000000005,0,11
2022,3,12,12,30,940,5.7,0,12.9
2022,3,12,13,30,935,5.7,0,14.4
2022,3,12,14,30,856,5.7,0,15.4
2022,3,12,15,30,711,5.5,0,15.600000000000001
2022,3,12,16,30,511,5,0,14.9
2022,3,12,17,30,278,3.5,0,11.8
2022,3,12,18,30,54,2.7,0,8.200000000000001
2022,3,12,19,30,0,3.4000000000000004,0,6.9
2022,3,12,20,30,0,4.1000000000000005,0,6.2
2022,3,12,21,30,0,4.3,0,5.1000000000000005
2022,3,12,22,30,0,4.1000000000000005,0,3.9000000000000004
2022,3,12,23,30,0,4,0,3
2022,3,13,0,30,0,3.8000000000000003,0,2.1
2022,3,13,1,30,0,3.7,0,1.4000000000000001
2022,3,13,2,30,0,3.6,0,0.7000000000000001
2022,3,13,3,30,0,3.5,0,0.1
2022,3,13,4,30,0,3.5,0,-0.5
2022,3,13,5,30,0,3.4000000000000004,0,-1.1
2022,3,13,6,30,0,3.9000000000000004,0,-0.7000000000000001
2022,3,13,7,30,86,4.5,0,1.7000000000000002
2022,3,13,8,30,321,5.4,0,5.800000000000001
2022,3,13,9,30,554,6.4,0,10.4
2022,3,13,10,30,750,6.5,0,14.3
2022,3,13,11,30,887,6.2,0,17.400000000000002
2022,3,13,12,30,956,5.9,0,19.6
2022,3,13,13,30,951,5.800000000000001,0,21
2022,3,13,14,30,871,5.800000000000001,0,21.6
2022,3,13,15,30,723,5.800000000000001,0,21.400000000000002
2022,3,13,16,30,518,5.4,0,20.3
2022,3,13,17,30,278,4.3,0,16.900000000000002
2022,3,13,18,30,54,4.4,0,13.4
2022,3,13,19,30,0,5.5,0,11.9
2022,3,13,20,30,0,5.6000000000000005,0,10.5
2022,3,13,21,30,0,5.300000000000001,0,9.200000000000001
2022,3,13,22,30,0,5.1000000000000005,0,8.3
2022,3,13,23,30,0,5.1000000000000005,0,7.7
2022,3,14,0,30,0,5.1000000000000005,0,7.2
2022,3,14,1,30,0,5.2,0,6.800000000000001
2022,3,14,2,30,0,5.300000000000001,0,6.4
2022,3,14,3,30,0,5.300000000000001,0,5.9
2022,3,14,4,30,0,5.1000000000000005,0,5.300000000000001
2022,3,14,5,30,0,4.9,0,5
2022,3,14,6,30,0,5,0,5.6000000000000005
2022,3,14,7,30,80,5.1000000000000005,0,7.9
2022,3,14,8,30,303,5,0,12.200000000000001
2022,3,14,9,30,525,5.5,0,16.3
2022,3,14,10,30,713,5.9,0,18.8
2022,3,14,11,30,843,5.6000000000000005,0,20.400000000000002
2022,3,14,12,30,776,5.6000000000000005,8,21.6
2022,3,14,13,30,713,5.9,8,22.200000000000003
2022,3,14,14,30,765,6.4,0,22.1
2022,3,14,15,30,489,6.7,7,21.400000000000002
2022,3,14,16,30,483,6.7,0,20.3
2022,3,14,17,30,261,5.5,0,18.1
2022,3,14,18,30,47,3.8000000000000003,0,15
2022,3,14,19,30,0,2.9000000000000004,0,12.5
2022,3,14,20,30,0,2.5,0,11
2022,3,14,21,30,0,2.2,0,9.700000000000001
2022,3,14,22,30,0,2,0,8.700000000000001
2022,3,14,23,30,0,2,0,7.9
2022,3,15,0,30,0,2,0,7.300000000000001
2022,3,15,1,30,0,2,0,6.7
2022,3,15,2,30,0,2,0,6
2022,3,15,3,30,0,2,0,5.300000000000001
2022,3,15,4,30,0,1.9000000000000001,0,4.5
2022,3,15,5,30,0,1.8,0,3.6
2022,3,15,6,30,0,2.1,0,4.2
2022,3,15,7,30,89,2.9000000000000004,0,7
2022,3,15,8,30,318,3.5,0,10.600000000000001
2022,3,15,9,30,546,3.6,0,14.200000000000001
2022,3,15,10,30,742,3.6,0,17.400000000000002
2022,3,15,11,30,877,3.6,0,20.200000000000003
2022,3,15,12,30,944,3.5,0,22.200000000000003
2022,3,15,13,30,934,3.2,0,23.3
2022,3,15,14,30,851,2.8000000000000003,0,23.8
2022,3,15,15,30,706,2.3000000000000003,0,23.700000000000003
2022,3,15,16,30,508,1.6,0,22.8
2022,3,15,17,30,277,0.8,0,20.6
2022,3,15,18,30,57,0.9,0,17.6
2022,3,15,19,30,0,1.3,0,15.100000000000001
2022,3,15,20,30,0,1.5,0,12.9
2022,3,15,21,30,0,1.6,0,11.3
2022,3,15,22,30,0,1.8,0,10.100000000000001
2022,3,15,23,30,0,2.1,0,9.3
2022,3,16,0,30,0,2.3000000000000003,0,8.6
2022,3,16,1,30,0,2.5,0,7.9
2022,3,16,2,30,0,2.5,0,7.2
2022,3,16,3,30,0,2.6,0,6.5
2022,3,16,4,30,0,2.7,0,6
2022,3,16,5,30,0,2.7,0,5.5
2022,3,16,6,30,0,3.3000000000000003,0,6.2
2022,3,16,7,30,91,4.2,0,9
2022,3,16,8,30,322,4.800000000000001,0,13.3
2022,3,16,9,30,550,5.9,0,18.2
2022,3,16,10,30,737,6.5,0,22.5
2022,3,16,11,30,869,6.1000000000000005,0,25.700000000000003
2022,3,16,12,30,921,5.5,0,27.900000000000002
2022,3,16,13,30,902,5.1000000000000005,0,29
2022,3,16,14,30,848,4.9,0,29.3
2022,3,16,15,30,581,4.800000000000001,8,28.900000000000002
2022,3,16,16,30,461,4,0,27.400000000000002
2022,3,16,17,30,259,3,0,23.700000000000003
2022,3,16,18,30,47,3.3000000000000003,8,20.1
2022,3,16,19,30,0,4.3,0,18.6
2022,3,16,20,30,0,4.6000000000000005,0,17.3
2022,3,16,21,30,0,4.4,0,15.9
2022,3,16,22,30,0,4.2,0,14.8
2022,3,16,23,30,0,4.2,0,14
2022,3,17,0,30,0,4.3,0,13.5
2022,3,17,1,30,0,4.5,0,13.100000000000001
2022,3,17,2,30,0,4.6000000000000005,0,12.5
2022,3,17,3,30,0,4.6000000000000005,0,11.600000000000001
2022,3,17,4,30,0,4.4,0,10.700000000000001
2022,3,17,5,30,0,4.4,0,10.100000000000001
2022,3,17,6,30,0,5,0,10.700000000000001
2022,3,17,7,30,89,5.9,0,13.200000000000001
2022,3,17,8,30,316,6.9,0,17.5
2022,3,17,9,30,540,8.4,0,21.400000000000002
2022,3,17,10,30,724,9.3,0,23.5
2022,3,17,11,30,854,9.5,0,24.5
2022,3,17,12,30,920,9.5,0,25
2022,3,17,13,30,781,9.3,8,25.200000000000003
2022,3,17,14,30,692,8.8,8,24.900000000000002
2022,3,17,15,30,493,8.200000000000001,8,23.900000000000002
2022,3,17,16,30,456,8,0,22.200000000000003
2022,3,17,17,30,185,8,8,19.5
2022,3,17,18,30,47,8.200000000000001,0,16.5
2022,3,17,19,30,0,8,0,13.9
2022,3,17,20,30,0,7.800000000000001,0,11.700000000000001
2022,3,17,21,30,0,7.7,0,9.5
2022,3,17,22,30,0,7.4,0,7.7
2022,3,17,23,30,0,6.9,0,6.5
2022,3,18,0,30,0,6.4,0,5.7
2022,3,18,1,30,0,6.1000000000000005,0,5.1000000000000005
2022,3,18,2,30,0,5.6000000000000005,0,4.4
2022,3,18,3,30,0,5,0,3.9000000000000004
2022,3,18,4,30,0,4.3,0,3.4000000000000004
2022,3,18,5,30,0,3.6,0,2.9000000000000004
2022,3,18,6,30,0,3.6,0,3.1
2022,3,18,7,30,97,4.6000000000000005,0,5.300000000000001
2022,3,18,8,30,324,5.5,0,8.6
2022,3,18,9,30,549,5.4,0,11.600000000000001
2022,3,18,10,30,736,4.7,0,14.100000000000001
2022,3,18,11,30,868,4,0,16.2
2022,3,18,12,30,920,3.7,0,17.5
2022,3,18,13,30,869,3.7,0,18.2
2022,3,18,14,30,684,3.8000000000000003,8,18.2
2022,3,18,15,30,499,3.8000000000000003,8,17.900000000000002
2022,3,18,16,30,410,3.5,8,17.2
2022,3,18,17,30,251,2.4000000000000004,7,15.3
2022,3,18,18,30,51,1.3,7,12.600000000000001
2022,3,18,19,30,0,1.2000000000000002,8,11.4
2022,3,18,20,30,0,1,0,11.100000000000001
2022,3,18,21,30,0,0.8,0,10.8
2022,3,18,22,30,0,0.7000000000000001,0,10.4
2022,3,18,23,30,0,0.7000000000000001,0,9.9
2022,3,19,0,30,0,0.8,0,9.1
2022,3,19,1,30,0,1,0,8.1
2022,3,19,2,30,0,1.2000000000000002,0,6.800000000000001
2022,3,19,3,30,0,1.4000000000000001,0,5.300000000000001
2022,3,19,4,30,0,1.5,0,4.1000000000000005
2022,3,19,5,30,0,1.6,0,3.5
2022,3,19,6,30,0,2.1,0,4.7
2022,3,19,7,30,102,2.9000000000000004,0,8
2022,3,19,8,30,332,3.8000000000000003,0,12.600000000000001
2022,3,19,9,30,559,4.4,0,17.1
2022,3,19,10,30,747,4.5,0,20.1
2022,3,19,11,30,879,4.2,0,22
2022,3,19,12,30,946,4,0,23.5
2022,3,19,13,30,941,3.9000000000000004,0,24.5
2022,3,19,14,30,861,3.8000000000000003,0,24.900000000000002
2022,3,19,15,30,715,3.7,0,24.8
2022,3,19,16,30,515,3.4000000000000004,0,23.900000000000002
2022,3,19,17,30,264,2.3000000000000003,8,20.5
2022,3,19,18,30,48,1.7000000000000002,8,16.3
2022,3,19,19,30,0,2.1,8,14.600000000000001
2022,3,19,20,30,0,2.7,7,14.100000000000001
2022,3,19,21,30,0,3.4000000000000004,8,13.8
2022,3,19,22,30,0,4.1000000000000005,8,13.5
2022,3,19,23,30,0,4.5,3,13.200000000000001
2022,3,20,0,30,0,4.5,8,12.700000000000001
2022,3,20,1,30,0,4.1000000000000005,0,11.700000000000001
2022,3,20,2,30,0,3.5,0,10.3
2022,3,20,3,30,0,3.5,0,9.4
2022,3,20,4,30,0,3.8000000000000003,0,8.9
2022,3,20,5,30,0,4.1000000000000005,0,8.5
2022,3,20,6,30,0,4.7,0,8.9
2022,3,20,7,30,103,5.9,0,11.3
2022,3,20,8,30,329,7.6000000000000005,0,15.200000000000001
2022,3,20,9,30,552,8.700000000000001,0,19
2022,3,20,10,30,736,9,0,21.900000000000002
2022,3,20,11,30,866,9.1,0,24
2022,3,20,12,30,930,9.200000000000001,0,25.3
2022,3,20,13,30,919,9.200000000000001,0,26
2022,3,20,14,30,838,9.1,0,26.200000000000003
2022,3,20,15,30,696,8.9,0,25.700000000000003
2022,3,20,16,30,500,8.6,0,24.6
2022,3,20,17,30,272,7.800000000000001,0,22.6
2022,3,20,18,30,60,7.1000000000000005,0,20.400000000000002
2022,3,20,19,30,0,7.1000000000000005,0,18.900000000000002
2022,3,20,20,30,0,7.4,0,17.900000000000002
2022,3,20,21,30,0,7.9,0,17.1
2022,3,20,22,30,0,8.4,0,16.3
2022,3,20,23,30,0,8.6,0,15.4
2022,3,21,0,30,0,8.8,0,14.4
2022,3,21,1,30,0,8.8,8,13.700000000000001
2022,3,21,2,30,0,8.700000000000001,8,13.4
2022,3,21,3,30,0,8.4,8,13.4
2022,3,21,4,30,0,8.1,8,13.5
2022,3,21,5,30,0,7.2,7,13.4
2022,3,21,6,30,0,6.5,0,13.700000000000001
2022,3,21,7,30,100,6.6000000000000005,0,15.100000000000001
2022,3,21,8,30,321,7,0,17.6
2022,3,21,9,30,411,7.1000000000000005,0,20.1
2022,3,21,10,30,472,7.300000000000001,8,21.900000000000002
2022,3,21,11,30,353,7.7,7,22.8
2022,3,21,12,30,812,8.200000000000001,0,23.1
2022,3,21,13,30,896,8.6,0,23.1
2022,3,21,14,30,817,8.700000000000001,0,22.400000000000002
2022,3,21,15,30,686,8.4,0,21.1
2022,3,21,16,30,490,7.800000000000001,0,19.3
2022,3,21,17,30,274,6.4,0,17.3
2022,3,21,18,30,61,4.4,0,15.200000000000001
2022,3,21,19,30,0,2.9000000000000004,0,13.600000000000001
2022,3,21,20,30,0,2.5,0,12.600000000000001
2022,3,21,21,30,0,2.5,0,11.5
2022,3,21,22,30,0,3.1,0,10.200000000000001
2022,3,21,23,30,0,4,0,8.9
2022,3,22,0,30,0,4.7,0,7.4
2022,3,22,1,30,0,5.2,0,6.300000000000001
2022,3,22,2,30,0,5.5,0,5.6000000000000005
2022,3,22,3,30,0,5.800000000000001,4,5.300000000000001
2022,3,22,4,30,0,6.1000000000000005,0,5.2
2022,3,22,5,30,0,6.300000000000001,0,5.1000000000000005
2022,3,22,6,30,0,6.5,7,5.4
2022,3,22,7,30,31,7.2,8,6.300000000000001
2022,3,22,8,30,64,8,4,7.9
2022,3,22,9,30,128,8.3,8,9.600000000000001
2022,3,22,10,30,197,8.3,8,11.100000000000001
2022,3,22,11,30,532,8.200000000000001,7,12.3
2022,3,22,12,30,364,8,4,13.200000000000001
2022,3,22,13,30,633,7.800000000000001,8,13.700000000000001
2022,3,22,14,30,615,7.5,8,13.9
2022,3,22,15,30,522,7.300000000000001,8,13.700000000000001
2022,3,22,16,30,219,6.9,6,13.100000000000001
2022,3,22,17,30,182,6.1000000000000005,8,12.100000000000001
2022,3,22,18,30,39,4.800000000000001,6,11
2022,3,22,19,30,0,4,6,10.3
2022,3,22,20,30,0,3.6,8,9.700000000000001
2022,3,22,21,30,0,3.3000000000000003,0,8.8
2022,3,22,22,30,0,3,0,7.7
2022,3,22,23,30,0,2.7,0,6.300000000000001
2022,3,23,0,30,0,2.7,0,5.2
2022,3,23,1,30,0,3,0,4.6000000000000005
2022,3,23,2,30,0,3.4000000000000004,0,4.3
2022,3,23,3,30,0,3.7,0,4
2022,3,23,4,30,0,3.9000000000000004,0,3.6
2022,3,23,5,30,0,4,0,3.2
2022,3,23,6,30,0,4.4,0,3.6
2022,3,23,7,30,122,4.800000000000001,0,5.9
2022,3,23,8,30,354,5,0,9.3
2022,3,23,9,30,580,5.300000000000001,0,12
2022,3,23,10,30,768,5.9,0,13.9
2022,3,23,11,30,900,6.5,0,15.3
2022,3,23,12,30,881,6.800000000000001,0,16.400000000000002
2022,3,23,13,30,853,6.9,7,17
2022,3,23,14,30,735,7,8,17.2
2022,3,23,15,30,427,7.2,8,16.6
2022,3,23,16,30,214,7.1000000000000005,6,15.4
2022,3,23,17,30,251,6,8,13.9
2022,3,23,18,30,42,4.2,7,12
2022,3,23,19,30,0,2.6,8,9.8
2022,3,23,20,30,0,1.8,8,7.800000000000001
2022,3,23,21,30,0,1.6,0,6.4
2022,3,23,22,30,0,1.9000000000000001,8,5.6000000000000005
2022,3,23,23,30,0,2.2,0,4.800000000000001
2022,3,24,0,30,0,2.5,0,4.1000000000000005
2022,3,24,1,30,0,2.6,0,3.5
2022,3,24,2,30,0,2.6,0,2.9000000000000004
2022,3,24,3,30,0,2.6,0,2.5
2022,3,24,4,30,0,2.7,8,2.2
2022,3,24,5,30,0,2.9000000000000004,0,2.1
2022,3,24,6,30,0,3.5,0,3.1
2022,3,24,7,30,128,3.9000000000000004,0,6
2022,3,24,8,30,364,3.9000000000000004,0,10.8
2022,3,24,9,30,592,4.5,0,15.9
2022,3,24,10,30,781,4.800000000000001,0,19.3
2022,3,24,11,30,913,4.800000000000001,0,21.5
2022,3,24,12,30,978,4.6000000000000005,0,23.1
2022,3,24,13,30,966,4.5,0,24.200000000000003
2022,3,24,14,30,881,4.3,0,24.8
2022,3,24,15,30,734,3.9000000000000004,0,24.8
2022,3,24,16,30,536,3.2,0,24.1
2022,3,24,17,30,304,1.9000000000000001,0,21.6
2022,3,24,18,30,78,1,0,19.400000000000002
2022,3,24,19,30,0,0.6000000000000001,0,19.200000000000003
2022,3,24,20,30,0,0.5,0,18.8
2022,3,24,21,30,0,0.8,0,17.3
2022,3,24,22,30,0,1.3,0,15.200000000000001
2022,3,24,23,30,0,1.5,0,13.100000000000001
2022,3,25,0,30,0,1.6,0,11.4
2022,3,25,1,30,0,1.7000000000000002,0,10.200000000000001
2022,3,25,2,30,0,1.7000000000000002,0,9.3
2022,3,25,3,30,0,1.7000000000000002,0,8.700000000000001
2022,3,25,4,30,0,1.6,0,8.200000000000001
2022,3,25,5,30,0,1.5,0,7.9
2022,3,25,6,30,0,1.3,0,9.3
2022,3,25,7,30,129,1.4000000000000001,0,12.8
2022,3,25,8,30,362,1.1,0,16.900000000000002
2022,3,25,9,30,587,1.1,0,21.700000000000003
2022,3,25,10,30,773,2.1,0,26.1
2022,3,25,11,30,902,2.8000000000000003,0,28.400000000000002
2022,3,25,12,30,964,3,0,29.5
2022,3,25,13,30,954,3.1,0,30.200000000000003
2022,3,25,14,30,872,3,0,30.400000000000002
2022,3,25,15,30,727,2.8000000000000003,0,30.1
2022,3,25,16,30,531,2.4000000000000004,0,29
2022,3,25,17,30,300,1.6,0,25.700000000000003
2022,3,25,18,30,76,1.4000000000000001,0,21.6
2022,3,25,19,30,0,1.6,0,19.200000000000003
2022,3,25,20,30,0,1.8,0,17.5
2022,3,25,21,30,0,1.9000000000000001,0,15.9
2022,3,25,22,30,0,2,0,14.5
2022,3,25,23,30,0,2,0,13.3
2022,3,26,0,30,0,2,0,12.3
2022,3,26,1,30,0,2.1,0,11.5
2022,3,26,2,30,0,2.2,0,10.8
2022,3,26,3,30,0,2.2,0,10.100000000000001
2022,3,26,4,30,0,2.2,0,9.3
2022,3,26,5,30,0,2.2,0,8.5
2022,3,26,6,30,0,2.5,0,9.5
2022,3,26,7,30,131,3,0,12.600000000000001
2022,3,26,8,30,364,3.1,0,16.900000000000002
2022,3,26,9,30,589,3.2,0,21.700000000000003
2022,3,26,10,30,776,3.8000000000000003,0,26.200000000000003
2022,3,26,11,30,909,4.1000000000000005,0,29.5
2022,3,26,12,30,975,4,0,31.3
2022,3,26,13,30,965,3.8000000000000003,0,32.1
2022,3,26,14,30,883,3.7,0,32.300000000000004
2022,3,26,15,30,736,3.5,0,32
2022,3,26,16,30,536,2.9000000000000004,0,30.8
2022,3,26,17,30,295,1.9000000000000001,0,27.200000000000003
2022,3,26,18,30,79,1.5,0,22.8
2022,3,26,19,30,0,1.7000000000000002,0,20.5
2022,3,26,20,30,0,1.8,0,19
2022,3,26,21,30,0,2.2,7,17.8
2022,3,26,22,30,0,2.8000000000000003,0,17
2022,3,26,23,30,0,3.5,0,16.400000000000002
2022,3,27,0,30,0,4.1000000000000005,0,15.8
2022,3,27,1,30,0,4.5,0,15.200000000000001
2022,3,27,2,30,0,4.7,0,14.4
2022,3,27,3,30,0,4.7,0,13.600000000000001
2022,3,27,4,30,0,4.5,0,12.8
2022,3,27,5,30,0,4.2,0,12.200000000000001
2022,3,27,6,30,0,4.4,0,12.8
2022,3,27,7,30,112,4.800000000000001,0,15.5
2022,3,27,8,30,319,4.9,7,19.700000000000003
2022,3,27,9,30,498,5.4,8,24.3
2022,3,27,10,30,668,5.800000000000001,8,28.200000000000003
2022,3,27,11,30,905,5.7,0,31.1
2022,3,27,12,30,967,5.4,0,32.800000000000004
2022,3,27,13,30,957,5.1000000000000005,0,33.800000000000004
2022,3,27,14,30,876,4.9,0,34.1
2022,3,27,15,30,735,4.7,0,33.7
2022,3,27,16,30,535,4.3,0,32.6
2022,3,27,17,30,296,3.3000000000000003,0,29
2022,3,27,18,30,70,3.3000000000000003,0,24.8
2022,3,27,19,30,0,4.5,7,23.3
2022,3,27,20,30,0,5.2,8,22.400000000000002
2022,3,27,21,30,0,5.4,8,21.200000000000003
2022,3,27,22,30,0,5.2,8,20
2022,3,27,23,30,0,4.800000000000001,0,18.7
2022,3,28,0,30,0,4.5,0,17.5
2022,3,28,1,30,0,4.5,0,16.400000000000002
2022,3,28,2,30,0,4.4,0,15.4
2022,3,28,3,30,0,4.2,0,14.5
2022,3,28,4,30,0,3.9000000000000004,0,13.700000000000001
2022,3,28,5,30,0,3.8000000000000003,0,13
2022,3,28,6,30,0,4.1000000000000005,0,13.5
2022,3,28,7,30,136,4.7,0,16.1
2022,3,28,8,30,366,5,0,20.200000000000003
2022,3,28,9,30,560,5.2,0,24.700000000000003
2022,3,28,10,30,771,5.1000000000000005,0,28.8
2022,3,28,11,30,792,4.7,0,32.1
2022,3,28,12,30,939,4.4,0,33.9
2022,3,28,13,30,944,4.4,0,34.5
2022,3,28,14,30,701,4.6000000000000005,7,34.800000000000004
2022,3,28,15,30,546,4.9,7,34.4
2022,3,28,16,30,336,4.7,7,33.300000000000004
2022,3,28,17,30,172,3.8000000000000003,0,30.3
2022,3,28,18,30,63,3.6,8,27.200000000000003
2022,3,28,19,30,0,4.6000000000000005,7,26
2022,3,28,20,30,0,5.1000000000000005,7,24.900000000000002
2022,3,28,21,30,0,5.1000000000000005,8,23.5
2022,3,28,22,30,0,5.1000000000000005,8,22.200000000000003
2022,3,28,23,30,0,5.300000000000001,8,21.1
2022,3,29,0,30,0,5.5,8,20.3
2022,3,29,1,30,0,5.4,8,19.700000000000003
2022,3,29,2,30,0,5,0,19
2022,3,29,3,30,0,4.3,5,18
2022,3,29,4,30,0,4,0,17
2022,3,29,5,30,0,3.9000000000000004,5,16.3
2022,3,29,6,30,0,4.2,8,16.400000000000002
2022,3,29,7,30,73,4.9,7,17.900000000000002
2022,3,29,8,30,230,5.300000000000001,7,20.900000000000002
2022,3,29,9,30,367,5.5,7,24.8
2022,3,29,10,30,509,5.800000000000001,7,28.200000000000003
2022,3,29,11,30,542,6.300000000000001,7,30.8
2022,3,29,12,30,649,6.6000000000000005,7,32.5
2022,3,29,13,30,754,6.9,7,33.6
2022,3,29,14,30,871,7.4,0,34.1
2022,3,29,15,30,731,8,0,33.800000000000004
2022,3,29,16,30,406,8.1,8,32.4
2022,3,29,17,30,258,7.2,8,29.6
2022,3,29,18,30,75,6.7,0,26.3
2022,3,29,19,30,0,7,0,24
2022,3,29,20,30,0,6.800000000000001,7,22.5
2022,3,29,21,30,0,6.6000000000000005,3,21
2022,3,29,22,30,0,6.300000000000001,3,19.5
2022,3,29,23,30,0,5.800000000000001,8,18
2022,3,30,0,30,0,5.7,8,16.8
2022,3,30,1,30,0,6,8,15.700000000000001
2022,3,30,2,30,0,6.5,7,14.700000000000001
2022,3,30,3,30,0,6.800000000000001,6,13.700000000000001
2022,3,30,4,30,0,6.6000000000000005,0,13
2022,3,30,5,30,0,6.1000000000000005,8,12.3
2022,3,30,6,30,2,6.1000000000000005,8,12.200000000000001
2022,3,30,7,30,143,6.9,0,12.9
2022,3,30,8,30,136,7.6000000000000005,3,13.4
2022,3,30,9,30,319,7.7,5,13.8
2022,3,30,10,30,262,7.6000000000000005,4,14.4
2022,3,30,11,30,548,7.300000000000001,4,15.5
2022,3,30,12,30,964,6.800000000000001,0,17
2022,3,30,13,30,957,6.300000000000001,0,18.2
2022,3,30,14,30,878,5.6000000000000005,0,19
2022,3,30,15,30,732,4.9,0,19.200000000000003
2022,3,30,16,30,532,4.2,0,18.8
2022,3,30,17,30,301,2.7,0,17.5
2022,3,30,18,30,80,1.3,0,15.600000000000001
2022,3,30,19,30,0,0.9,0,14.200000000000001
2022,3,30,20,30,0,1,0,13.3
2022,3,30,21,30,0,1.1,0,12.700000000000001
2022,3,30,22,30,0,1,5,12.5
2022,3,30,23,30,0,1,0,12.5
2022,3,31,0,30,0,1.4000000000000001,0,12.100000000000001
2022,3,31,1,30,0,2.3000000000000003,0,10.8
2022,3,31,2,30,0,3.1,0,9
2022,3,31,3,30,0,3.7,0,7.5
2022,3,31,4,30,0,4,0,6.300000000000001
2022,3,31,5,30,0,3.5,0,5.300000000000001
2022,3,31,6,30,2,3.1,0,5.5
2022,3,31,7,30,154,2.6,0,7.9
2022,3,31,8,30,391,1.9000000000000001,0,11.3
2022,3,31,9,30,618,1.5,0,14.600000000000001
2022,3,31,10,30,728,1.7000000000000002,0,17.3
2022,3,31,11,30,933,2,0,19.200000000000003
2022,3,31,12,30,936,2.3000000000000003,0,20.700000000000003
2022,3,31,13,30,879,2.6,0,21.700000000000003
2022,3,31,14,30,641,2.7,7,22.200000000000003
2022,3,31,15,30,751,2.5,0,22.200000000000003
2022,3,31,16,30,551,2.1,0,21.5
2022,3,31,17,30,316,1.1,0,20
2022,3,31,18,30,82,0.7000000000000001,0,17.6
2022,3,31,19,30,0,1.1,7,15
2022,3,31,20,30,0,1.4000000000000001,3,13.200000000000001
2022,3,31,21,30,0,1.6,3,12.4
2022,3,31,22,30,0,2,0,11.8
2022,3,31,23,30,0,2.3000000000000003,0,11.200000000000001
2022,4,1,0,30,0,2.5,0,10.600000000000001
2022,4,1,1,30,0,2.5,0,9.9
2022,4,1,2,30,0,2.5,8,9.3
2022,4,1,3,30,0,3,8,9.4
2022,4,1,4,30,0,3.5,8,9.700000000000001
2022,4,1,5,30,0,3.7,5,9.5
2022,4,1,6,30,1,4.2,5,10
2022,4,1,7,30,127,5.4,8,12.3
2022,4,1,8,30,355,7.1000000000000005,0,15.8
2022,4,1,9,30,572,8.200000000000001,0,19.3
2022,4,1,10,30,755,8.5,0,22.1
2022,4,1,11,30,869,8.5,0,24.400000000000002
2022,4,1,12,30,938,8.1,0,26.3
2022,4,1,13,30,921,7.7,0,27.6
2022,4,1,14,30,839,7.1000000000000005,0,28.5
2022,4,1,15,30,698,6.5,0,29
2022,4,1,16,30,469,5.800000000000001,0,28.700000000000003
2022,4,1,17,30,291,4.2,0,26.6
2022,4,1,18,30,80,2.9000000000000004,0,22.900000000000002
2022,4,1,19,30,0,3.3000000000000003,8,20.400000000000002
2022,4,1,20,30,0,4.2,0,19
2022,4,1,21,30,0,4.7,0,17.2
2022,4,1,22,30,0,4.7,0,15.4
2022,4,1,23,30,0,4.4,0,13.8
2022,4,2,0,30,0,3.8000000000000003,0,12.3
2022,4,2,1,30,0,3.1,0,11
2022,4,2,2,30,0,2.3000000000000003,0,9.8
2022,4,2,3,30,0,1.8,0,8.700000000000001
2022,4,2,4,30,0,1.5,0,7.800000000000001
2022,4,2,5,30,0,1.3,0,7.2
2022,4,2,6,30,5,1.7000000000000002,0,8.5
2022,4,2,7,30,164,2.4000000000000004,0,11.9
2022,4,2,8,30,402,2.9000000000000004,0,15.600000000000001
2022,4,2,9,30,628,3,0,19
2022,4,2,10,30,809,2.9000000000000004,0,22.3
2022,4,2,11,30,937,2.6,0,24.900000000000002
2022,4,2,12,30,994,2.2,0,26.5
2022,4,2,13,30,982,2.1,0,27.6
2022,4,2,14,30,897,2.2,0,28.1
2022,4,2,15,30,750,2.4000000000000004,0,28.200000000000003
2022,4,2,16,30,553,2.6,0,27.6
2022,4,2,17,30,322,2.1,0,24.900000000000002
2022,4,2,18,30,94,1.8,0,20.8
2022,4,2,19,30,0,2.4000000000000004,0,18.5
2022,4,2,20,30,0,3.1,0,17.6
2022,4,2,21,30,0,3.4000000000000004,0,16.6
2022,4,2,22,30,0,3.5,0,15.4
2022,4,2,23,30,0,3.5,0,14.4
2022,4,3,0,30,0,3.5,0,13.5
2022,4,3,1,30,0,3.5,0,12.8
2022,4,3,2,30,0,3.5,0,12.3
2022,4,3,3,30,0,3.4000000000000004,0,11.9
2022,4,3,4,30,0,3.5,0,11.8
2022,4,3,5,30,0,3.7,0,11.9
2022,4,3,6,30,5,4.4,0,13.200000000000001
2022,4,3,7,30,162,5.5,0,16.400000000000002
2022,4,3,8,30,389,6.9,0,20.5
2022,4,3,9,30,605,7.5,0,24.3
2022,4,3,10,30,783,7,0,27.5
2022,4,3,11,30,906,6.300000000000001,0,30.1
2022,4,3,12,30,943,5.6000000000000005,0,32
2022,4,3,13,30,951,5.1000000000000005,0,33.2
2022,4,3,14,30,866,4.800000000000001,0,33.5
2022,4,3,15,30,710,4.9,0,33
2022,4,3,16,30,471,4.9,8,31.8
2022,4,3,17,30,204,4.3,7,29.5
2022,4,3,18,30,37,4,7,26.900000000000002
2022,4,3,19,30,0,4.5,8,25.1
2022,4,3,20,30,0,4.6000000000000005,0,23.900000000000002
2022,4,3,21,30,0,4.2,0,22.6
2022,4,3,22,30,0,3.4000000000000004,0,21.3
2022,4,3,23,30,0,2.7,0,19.900000000000002
2022,4,4,0,30,0,2.3000000000000003,0,18.5
2022,4,4,1,30,0,2.2,0,17.1
2022,4,4,2,30,0,2.8000000000000003,0,16.1
2022,4,4,3,30,0,3.8000000000000003,0,15.200000000000001
2022,4,4,4,30,0,4.2,0,14.100000000000001
2022,4,4,5,30,0,4.3,7,13.200000000000001
2022,4,4,6,30,4,4.5,0,13.200000000000001
2022,4,4,7,30,112,4.6000000000000005,0,14.4
2022,4,4,8,30,152,4.1000000000000005,3,16.400000000000002
2022,4,4,9,30,185,3.1,3,18.3
2022,4,4,10,30,236,2,3,20.200000000000003
2022,4,4,11,30,373,1.2000000000000002,3,21.900000000000002
2022,4,4,12,30,250,0.9,3,23.5
2022,4,4,13,30,174,0.9,3,24.700000000000003
2022,4,4,14,30,329,1.2000000000000002,3,25.400000000000002
2022,4,4,15,30,703,1.5,0,25.5
2022,4,4,16,30,414,1.7000000000000002,3,25.200000000000003
2022,4,4,17,30,295,1.4000000000000001,0,24
2022,4,4,18,30,85,0.9,0,21.900000000000002
2022,4,4,19,30,0,0.9,0,20
2022,4,4,20,30,0,0.9,0,19
2022,4,4,21,30,0,0.9,0,18.1
2022,4,4,22,30,0,0.9,0,17.2
2022,4,4,23,30,0,1,0,16.2
2022,4,5,0,30,0,1.1,0,15
2022,4,5,1,30,0,1.1,0,13.9
2022,4,5,2,30,0,1.1,0,13
2022,4,5,3,30,0,1.5,0,12.4
2022,4,5,4,30,0,2.1,0,12.4
2022,4,5,5,30,0,2.9000000000000004,0,12.5
2022,4,5,6,30,7,4,0,13.700000000000001
2022,4,5,7,30,179,5,0,16.7
2022,4,5,8,30,415,5.5,0,21.200000000000003
2022,4,5,9,30,636,6.4,0,26.400000000000002
2022,4,5,10,30,817,7.300000000000001,0,30.1
2022,4,5,11,30,941,7.5,0,31.900000000000002
2022,4,5,12,30,998,7.6000000000000005,0,33
2022,4,5,13,30,984,7.5,0,33.7
2022,4,5,14,30,900,7.4,0,34
2022,4,5,15,30,752,7.2,0,33.7
2022,4,5,16,30,553,6.7,0,32.9
2022,4,5,17,30,323,5,0,30.5
2022,4,5,18,30,97,3.6,0,26.700000000000003
2022,4,5,19,30,0,3.8000000000000003,0,24.5
2022,4,5,20,30,0,4.6000000000000005,0,23.900000000000002
2022,4,5,21,30,0,5.1000000000000005,0,23.1
2022,4,5,22,30,0,5.4,0,22.1
2022,4,5,23,30,0,5.2,0,20.8
2022,4,6,0,30,0,5.300000000000001,0,18.900000000000002
2022,4,6,1,30,0,7.300000000000001,0,15.8
2022,4,6,2,30,0,9.1,0,12.3
2022,4,6,3,30,0,8.9,0,10.3
2022,4,6,4,30,0,7.800000000000001,0,9.5
2022,4,6,5,30,0,6.7,0,9
2022,4,6,6,30,8,6.1000000000000005,0,9.3
2022,4,6,7,30,181,6.5,0,11.100000000000001
2022,4,6,8,30,418,7.1000000000000005,0,13.5
2022,4,6,9,30,642,7.1000000000000005,0,15.8
2022,4,6,10,30,824,6.7,0,17.900000000000002
2022,4,6,11,30,954,6.1000000000000005,0,19.6
2022,4,6,12,30,1012,5.6000000000000005,0,20.900000000000002
2022,4,6,13,30,1000,5.1000000000000005,0,21.8
2022,4,6,14,30,918,4.800000000000001,0,22.200000000000003
2022,4,6,15,30,768,4.5,0,22
2022,4,6,16,30,567,4.1000000000000005,0,21.3
2022,4,6,17,30,333,3,0,19.3
2022,4,6,18,30,102,1.9000000000000001,0,15.9
2022,4,6,19,30,0,1.9000000000000001,0,13.4
2022,4,6,20,30,0,2.4000000000000004,0,12.5
2022,4,6,21,30,0,2.6,0,11.5
2022,4,6,22,30,0,2.7,0,10.4
2022,4,6,23,30,0,2.8000000000000003,0,9.4
2022,4,7,0,30,0,2.9000000000000004,0,8.6
2022,4,7,1,30,0,3.2,0,7.9
2022,4,7,2,30,0,3.6,0,7.2
2022,4,7,3,30,0,3.7,0,6.6000000000000005
2022,4,7,4,30,0,3.1,0,5.9
2022,4,7,5,30,0,2.2,0,5.2
2022,4,7,6,30,11,2.2,0,6.7
2022,4,7,7,30,194,3.1,0,10.3
2022,4,7,8,30,433,3.6,0,13.600000000000001
2022,4,7,9,30,658,3.4000000000000004,0,16
2022,4,7,10,30,841,3.2,0,17.7
2022,4,7,11,30,967,3.2,0,19.200000000000003
2022,4,7,12,30,1025,3.3000000000000003,0,20.400000000000002
2022,4,7,13,30,1018,3.4000000000000004,0,21.3
2022,4,7,14,30,932,3.5,0,21.700000000000003
2022,4,7,15,30,781,3.4000000000000004,0,21.700000000000003
2022,4,7,16,30,578,3.1,0,21.1
2022,4,7,17,30,342,2.2,0,19.200000000000003
2022,4,7,18,30,107,1.3,0,15.8
2022,4,7,19,30,0,1.3,0,13.100000000000001
2022,4,7,20,30,0,1.4000000000000001,0,11.600000000000001
2022,4,7,21,30,0,1.5,0,10.4
2022,4,7,22,30,0,1.7000000000000002,0,9.3
2022,4,7,23,30,0,1.7000000000000002,0,8.200000000000001
2022,4,8,0,30,0,1.7000000000000002,0,7.1000000000000005
2022,4,8,1,30,0,1.6,0,6
2022,4,8,2,30,0,1.5,0,5.2
2022,4,8,3,30,0,1.4000000000000001,0,4.6000000000000005
2022,4,8,4,30,0,1.4000000000000001,0,4.1000000000000005
2022,4,8,5,30,0,1.4000000000000001,0,3.9000000000000004
2022,4,8,6,30,13,2.1,0,5.6000000000000005
2022,4,8,7,30,201,3,0,9.4
2022,4,8,8,30,442,3.5,0,13.200000000000001
2022,4,8,9,30,668,3.5,0,16.3
2022,4,8,10,30,851,2.7,0,18.3
2022,4,8,11,30,976,2.2,0,20
2022,4,8,12,30,1034,2.2,0,21.5
2022,4,8,13,30,1019,2.5,0,22.5
2022,4,8,14,30,934,2.7,0,23.1
2022,4,8,15,30,783,2.8000000000000003,0,23.3
2022,4,8,16,30,581,2.6,0,22.8
2022,4,8,17,30,346,1.7000000000000002,0,21
2022,4,8,18,30,110,0.8,0,18.7
2022,4,8,19,30,0,0.7000000000000001,0,17.400000000000002
2022,4,8,20,30,0,0.9,0,15.9
2022,4,8,21,30,0,1.3,0,13.700000000000001
2022,4,8,22,30,0,1.6,0,11.600000000000001
2022,4,8,23,30,0,1.7000000000000002,0,10.4
2022,4,9,0,30,0,1.9000000000000001,0,9.600000000000001
2022,4,9,1,30,0,2.1,0,9
2022,4,9,2,30,0,2.3000000000000003,0,8.4
2022,4,9,3,30,0,2.6,0,8
2022,4,9,4,30,0,2.8000000000000003,0,7.6000000000000005
2022,4,9,5,30,0,3,0,7.4
2022,4,9,6,30,14,3.9000000000000004,0,8.9
2022,4,9,7,30,201,4.5,0,12.4
2022,4,9,8,30,441,5.5,0,17.2
2022,4,9,9,30,665,7.1000000000000005,0,22.1
2022,4,9,10,30,845,7.5,0,25.6
2022,4,9,11,30,966,7.2,0,28
2022,4,9,12,30,1024,7,0,29.8
2022,4,9,13,30,1007,6.7,0,31.1
2022,4,9,14,30,916,6.5,0,31.700000000000003
2022,4,9,15,30,764,6.4,0,31.700000000000003
2022,4,9,16,30,561,6.2,0,31
2022,4,9,17,30,328,5.6000000000000005,0,28.900000000000002
2022,4,9,18,30,101,5.4,0,25.5
2022,4,9,19,30,0,6.1000000000000005,0,22.900000000000002
2022,4,9,20,30,0,6.1000000000000005,0,21.3
2022,4,9,21,30,0,5.7,0,20
2022,4,9,22,30,0,5.6000000000000005,0,19
2022,4,9,23,30,0,5.800000000000001,0,18.400000000000002
2022,4,10,0,30,0,6,0,18.1
2022,4,10,1,30,0,6.1000000000000005,0,17.6
2022,4,10,2,30,0,5.9,0,16.8
2022,4,10,3,30,0,5.6000000000000005,0,15.9
2022,4,10,4,30,0,5.1000000000000005,0,14.9
2022,4,10,5,30,0,4.5,0,14.100000000000001
2022,4,10,6,30,13,4.6000000000000005,0,14.8
2022,4,10,7,30,188,5,0,17.8
2022,4,10,8,30,347,5.2,8,22.1
2022,4,10,9,30,391,5.4,6,26.6
2022,4,10,10,30,548,5.7,7,29.900000000000002
2022,4,10,11,30,616,5.9,7,31.6
2022,4,10,12,30,616,6.1000000000000005,6,32.4
2022,4,10,13,30,887,6.300000000000001,0,32.800000000000004
2022,4,10,14,30,660,6.5,7,32.9
2022,4,10,15,30,556,6.7,7,32.7
2022,4,10,16,30,462,6.6000000000000005,7,32
2022,4,10,17,30,331,5.2,0,29.8
2022,4,10,18,30,104,3.5,0,25.8
2022,4,10,19,30,0,2.9000000000000004,0,22.8
2022,4,10,20,30,0,3.1,0,21.6
2022,4,10,21,30,0,3.3000000000000003,0,20.700000000000003
2022,4,10,22,30,0,3.5,0,19.900000000000002
2022,4,10,23,30,0,3.9000000000000004,0,19.400000000000002
2022,4,11,0,30,0,4.4,0,19.1
2022,4,11,1,30,0,4.5,0,18.7
2022,4,11,2,30,0,4,0,17.8
2022,4,11,3,30,0,3.7,0,17.1
2022,4,11,4,30,0,3.2,0,16.3
2022,4,11,5,30,0,2.5,0,15.100000000000001
2022,4,11,6,30,16,2.9000000000000004,0,15.8
2022,4,11,7,30,199,4,0,18
2022,4,11,8,30,433,4.4,0,20.1
2022,4,11,9,30,653,3.9000000000000004,0,22.200000000000003
2022,4,11,10,30,834,3.1,0,24.700000000000003
2022,4,11,11,30,957,2.9000000000000004,0,27.400000000000002
2022,4,11,12,30,1013,3,0,29.6
2022,4,11,13,30,998,3.2,0,31.200000000000003
2022,4,11,14,30,913,3.8000000000000003,0,32.2
2022,4,11,15,30,768,4.5,0,32.4
2022,4,11,16,30,569,4.9,0,31.8
2022,4,11,17,30,338,3.9000000000000004,0,29.6
2022,4,11,18,30,109,2.3000000000000003,0,25.400000000000002
2022,4,11,19,30,0,2,0,22.3
2022,4,11,20,30,0,2.5,0,21.400000000000002
2022,4,11,21,30,0,3.7,0,21.1
2022,4,11,22,30,0,4.7,0,20.6
2022,4,11,23,30,0,5.300000000000001,0,19.900000000000002
2022,4,12,0,30,0,5.2,0,19
2022,4,12,1,30,0,4.5,8,18.1
2022,4,12,2,30,0,3.8000000000000003,6,17.6
2022,4,12,3,30,0,3.5,6,17.7
2022,4,12,4,30,0,3.4000000000000004,9,17.7
2022,4,12,5,30,0,3.7,7,17.7
2022,4,12,6,30,12,4.5,7,18.6
2022,4,12,7,30,189,5.4,0,21.3
2022,4,12,8,30,319,6.4,8,25
2022,4,12,9,30,653,7.1000000000000005,0,27.900000000000002
2022,4,12,10,30,832,7.1000000000000005,0,29.8
2022,4,12,11,30,953,7.300000000000001,0,31.3
2022,4,12,12,30,1008,7.5,0,32.4
2022,4,12,13,30,996,7.800000000000001,0,33
2022,4,12,14,30,916,7.9,0,33.4
2022,4,12,15,30,771,7.9,0,33.4
2022,4,12,16,30,572,7.6000000000000005,0,32.9
2022,4,12,17,30,340,6.5,0,31.400000000000002
2022,4,12,18,30,110,5,0,28.400000000000002
2022,4,12,19,30,0,4.4,0,25.900000000000002
2022,4,12,20,30,0,4.7,0,24.8
2022,4,12,21,30,0,4.7,0,23.900000000000002
2022,4,12,22,30,0,4.2,0,22.8
2022,4,12,23,30,0,4,0,21.8
2022,4,13,0,30,0,4.3,0,21.200000000000003
2022,4,13,1,30,0,4.9,0,20.900000000000002
2022,4,13,2,30,0,5.2,0,20.3
2022,4,13,3,30,0,4.9,0,19.400000000000002
2022,4,13,4,30,0,4.5,0,18.3
2022,4,13,5,30,0,4.2,0,17.2
2022,4,13,6,30,16,4.4,0,17.400000000000002
2022,4,13,7,30,209,5.300000000000001,0,19.1
2022,4,13,8,30,454,6.1000000000000005,0,20.700000000000003
2022,4,13,9,30,686,6.6000000000000005,0,21.900000000000002
2022,4,13,10,30,881,6.800000000000001,0,22.8
2022,4,13,11,30,1009,6.9,0,23.6
2022,4,13,12,30,1067,6.800000000000001,0,24.200000000000003
2022,4,13,13,30,1053,6.6000000000000005,0,24.6
2022,4,13,14,30,965,6.4,0,24.8
2022,4,13,15,30,812,6,0,24.6
2022,4,13,16,30,601,5.300000000000001,0,24
2022,4,13,17,30,361,3.6,0,22.200000000000003
2022,4,13,18,30,123,1.8,0,18.8
2022,4,13,19,30,0,1.2000000000000002,0,16.900000000000002
2022,4,13,20,30,0,1,0,16.900000000000002
2022,4,13,21,30,0,1,0,15.9
2022,4,13,22,30,0,1.3,8,14.100000000000001
2022,4,13,23,30,0,1.4000000000000001,0,12.3
2022,4,14,0,30,0,1.5,0,10.9
2022,4,14,1,30,0,1.5,0,9.8
2022,4,14,2,30,0,1.5,0,8.8
2022,4,14,3,30,0,1.6,0,8
2022,4,14,4,30,0,1.6,0,7.2
2022,4,14,5,30,0,1.6,0,6.800000000000001
2022,4,14,6,30,23,2.3000000000000003,0,8.5
2022,4,14,7,30,224,3.4000000000000004,0,12.4
2022,4,14,8,30,465,4.800000000000001,0,16.6
2022,4,14,9,30,681,6,0,20.400000000000002
2022,4,14,10,30,860,6.300000000000001,0,23.200000000000003
2022,4,14,11,30,976,6.2,0,25.6
2022,4,14,12,30,1030,6.2,0,27.400000000000002
2022,4,14,13,30,1007,6.2,0,28.700000000000003
2022,4,14,14,30,920,6.2,0,29.5
2022,4,14,15,30,769,6.1000000000000005,0,29.6
2022,4,14,16,30,568,5.800000000000001,0,29.1
2022,4,14,17,30,336,4.5,0,27.200000000000003
2022,4,14,18,30,109,3.2,0,23.5
2022,4,14,19,30,0,3.4000000000000004,0,21.1
2022,4,14,20,30,0,4.2,0,20.6
2022,4,14,21,30,0,4.4,0,19.8
2022,4,14,22,30,0,4.4,0,19
2022,4,14,23,30,0,4.2,0,18.2
2022,4,15,0,30,0,4,0,17.6
2022,4,15,1,30,0,3.9000000000000004,0,17
2022,4,15,2,30,0,3.9000000000000004,0,16.5
2022,4,15,3,30,0,3.9000000000000004,0,16
2022,4,15,4,30,0,4,0,15.600000000000001
2022,4,15,5,30,0,4.1000000000000005,0,15.3
2022,4,15,6,30,22,4.800000000000001,0,16.3
2022,4,15,7,30,210,6,0,19.1
2022,4,15,8,30,444,6.5,0,22.900000000000002
2022,4,15,9,30,661,6.300000000000001,0,26.700000000000003
2022,4,15,10,30,837,6,0,29.900000000000002
2022,4,15,11,30,958,5.7,0,32.4
2022,4,15,12,30,1012,5.6000000000000005,0,34
2022,4,15,13,30,999,5.5,0,34.800000000000004
2022,4,15,14,30,918,5.5,0,34.7
2022,4,15,15,30,776,5.5,0,33.800000000000004
2022,4,15,16,30,583,5,0,32.9
2022,4,15,17,30,318,3.5,8,30.6
2022,4,15,18,30,87,2.3000000000000003,7,27
2022,4,15,19,30,0,2.2,8,24.700000000000003
2022,4,15,20,30,0,2.3000000000000003,7,23.5
2022,4,15,21,30,0,2.3000000000000003,0,22.200000000000003
2022,4,15,22,30,0,2.2,0,20.8
2022,4,15,23,30,0,2.3000000000000003,0,19.5
2022,4,16,0,30,0,2.3000000000000003,0,18.400000000000002
2022,4,16,1,30,0,2.3000000000000003,0,17.2
2022,4,16,2,30,0,2.2,0,16.2
2022,4,16,3,30,0,1.9000000000000001,8,15.200000000000001
2022,4,16,4,30,0,1.8,8,14.3
2022,4,16,5,30,0,2.1,8,13.5
2022,4,16,6,30,19,3.3000000000000003,8,13.9
2022,4,16,7,30,196,4.9,0,15.4
2022,4,16,8,30,426,5.6000000000000005,0,16.900000000000002
2022,4,16,9,30,586,5.6000000000000005,8,18.5
2022,4,16,10,30,674,5.2,8,20
2022,4,16,11,30,694,4.5,7,21.200000000000003
2022,4,16,12,30,784,3.8000000000000003,8,22
2022,4,16,13,30,811,3.1,8,22.5
2022,4,16,14,30,849,2.5,0,22.900000000000002
2022,4,16,15,30,686,2,8,23.200000000000003
2022,4,16,16,30,552,1.7000000000000002,0,23.1
2022,4,16,17,30,308,1.6,8,22.200000000000003
2022,4,16,18,30,101,1.4000000000000001,8,19.8
2022,4,16,19,30,0,1.8,7,17.5
2022,4,16,20,30,0,2.3000000000000003,7,16.3
2022,4,16,21,30,0,2.5,0,15.4
2022,4,16,22,30,0,2.4000000000000004,0,14.5
2022,4,16,23,30,0,2.1,0,13.5
2022,4,17,0,30,0,1.8,0,12.600000000000001
2022,4,17,1,30,0,1.4000000000000001,0,11.8
2022,4,17,2,30,0,1.2000000000000002,0,11
2022,4,17,3,30,0,1.2000000000000002,0,10.600000000000001
2022,4,17,4,30,0,1.2000000000000002,0,10.4
2022,4,17,5,30,0,1.3,0,10.600000000000001
2022,4,17,6,30,27,2.2,0,12.700000000000001
2022,4,17,7,30,222,2.9000000000000004,0,16.400000000000002
2022,4,17,8,30,460,3.4000000000000004,0,21.3
2022,4,17,9,30,683,4.6000000000000005,0,26.3
2022,4,17,10,30,868,5.300000000000001,0,29.5
2022,4,17,11,30,996,5.1000000000000005,0,31.3
2022,4,17,12,30,1053,4.800000000000001,0,32.6
2022,4,17,13,30,1036,4.5,0,33.5
2022,4,17,14,30,949,4.2,0,33.800000000000004
2022,4,17,15,30,797,3.9000000000000004,0,33.5
2022,4,17,16,30,592,3.5,0,32.6
2022,4,17,17,30,356,2.5,0,29.900000000000002
2022,4,17,18,30,124,2,0,25.200000000000003
2022,4,17,19,30,0,2.7,0,21.900000000000002
2022,4,17,20,30,0,3.5,0,20.3
2022,4,17,21,30,0,3.8000000000000003,0,18.6
2022,4,17,22,30,0,3.8000000000000003,0,17.1
2022,4,17,23,30,0,3.6,0,15.8
2022,4,18,0,30,0,3.4000000000000004,0,14.700000000000001
2022,4,18,1,30,0,3,0,13.700000000000001
2022,4,18,2,30,0,2.7,0,12.700000000000001
2022,4,18,3,30,0,2.4000000000000004,0,11.8
2022,4,18,4,30,0,2.4000000000000004,0,11.100000000000001
2022,4,18,5,30,0,2.9000000000000004,0,10.8
2022,4,18,6,30,29,4,0,11.8
2022,4,18,7,30,223,5,0,14.4
2022,4,18,8,30,453,5.5,0,17.3
2022,4,18,9,30,666,5.6000000000000005,0,19.900000000000002
2022,4,18,10,30,791,5.4,0,22.400000000000002
2022,4,18,11,30,870,5,0,24.400000000000002
2022,4,18,12,30,994,4.7,0,26
2022,4,18,13,30,994,4.6000000000000005,0,27.1
2022,4,18,14,30,908,4.7,0,27.700000000000003
2022,4,18,15,30,718,4.9,0,27.700000000000003
2022,4,18,16,30,458,5,8,26.900000000000002
2022,4,18,17,30,271,4.9,7,25.400000000000002
2022,4,18,18,30,85,4.800000000000001,7,23.3
2022,4,18,19,30,0,4.7,7,21.3
2022,4,18,20,30,0,4.5,8,19.6
2022,4,18,21,30,0,4.3,0,18.2
2022,4,18,22,30,0,4.2,8,17.1
2022,4,18,23,30,0,4.3,8,16.3
2022,4,19,0,30,0,4.2,8,15.8
2022,4,19,1,30,0,4,7,15.200000000000001
2022,4,19,2,30,0,3.9000000000000004,7,14.600000000000001
2022,4,19,3,30,0,3.8000000000000003,7,14.200000000000001
2022,4,19,4,30,0,3.6,8,13.8
2022,4,19,5,30,0,3.8000000000000003,6,13.700000000000001
2022,4,19,6,30,12,4.7,8,14.100000000000001
2022,4,19,7,30,113,5.800000000000001,8,15.4
2022,4,19,8,30,178,6.300000000000001,8,17.3
2022,4,19,9,30,216,6.6000000000000005,8,19.6
2022,4,19,10,30,245,6.800000000000001,7,22.200000000000003
2022,4,19,11,30,321,7.1000000000000005,7,24.700000000000003
2022,4,19,12,30,390,7.2,8,26
2022,4,19,13,30,540,7.300000000000001,6,26.3
2022,4,19,14,30,479,7.4,6,26.5
2022,4,19,15,30,485,7.300000000000001,7,26.400000000000002
2022,4,19,16,30,356,7.2,8,25.5
2022,4,19,17,30,192,7,8,24.200000000000003
2022,4,19,18,30,74,6.9,7,22.5
2022,4,19,19,30,0,6.6000000000000005,7,20.900000000000002
2022,4,19,20,30,0,6.5,7,19.8
2022,4,19,21,30,0,6.4,6,19.3
2022,4,19,22,30,0,6.300000000000001,7,19.1
2022,4,19,23,30,0,6.300000000000001,6,18.900000000000002
2022,4,20,0,30,0,6.2,8,18.7
2022,4,20,1,30,0,6,0,18.400000000000002
2022,4,20,2,30,0,5.9,0,18
2022,4,20,3,30,0,5.6000000000000005,0,17.5
2022,4,20,4,30,0,5.2,0,16.900000000000002
2022,4,20,5,30,0,4.9,0,16.5
2022,4,20,6,30,34,5.1000000000000005,0,17.400000000000002
2022,4,20,7,30,229,5.4,0,20.200000000000003
2022,4,20,8,30,461,5.1000000000000005,0,24.5
2022,4,20,9,30,678,4.800000000000001,0,29.3
2022,4,20,10,30,759,4.6000000000000005,0,33.1
2022,4,20,11,30,977,4.6000000000000005,0,35.1
2022,4,20,12,30,840,4.7,7,36.300000000000004
2022,4,20,13,30,844,5,7,36.800000000000004
2022,4,20,14,30,934,5.2,0,36.9
2022,4,20,15,30,785,5.4,0,36.5
2022,4,20,16,30,587,5.2,0,35.7
2022,4,20,17,30,359,3.8000000000000003,0,33.2
2022,4,20,18,30,130,2.2,0,28.5
2022,4,20,19,30,0,1.9000000000000001,0,24.900000000000002
2022,4,20,20,30,0,2.1,0,23.700000000000003
2022,4,20,21,30,0,2.7,0,22.900000000000002
2022,4,20,22,30,0,3.9000000000000004,0,22.6
2022,4,20,23,30,0,5,0,22.3
2022,4,21,0,30,0,5.4,0,21.700000000000003
2022,4,21,1,30,0,5.300000000000001,0,21
2022,4,21,2,30,0,5.1000000000000005,0,20.3
2022,4,21,3,30,0,4.7,0,19.5
2022,4,21,4,30,0,4.4,0,18.8
2022,4,21,5,30,0,4.3,0,18.400000000000002
2022,4,21,6,30,36,4.9,0,19.3
2022,4,21,7,30,229,5.7,0,22
2022,4,21,8,30,455,5.7,0,25.5
2022,4,21,9,30,665,5.2,0,29.1
2022,4,21,10,30,836,4.6000000000000005,0,32.1
2022,4,21,11,30,950,4.5,0,34.300000000000004
2022,4,21,12,30,999,4.7,0,35.7
2022,4,21,13,30,977,5.1000000000000005,0,36.4
2022,4,21,14,30,889,5.6000000000000005,0,36.6
2022,4,21,15,30,743,6,0,36.1
2022,4,21,16,30,550,6.4,0,35
2022,4,21,17,30,332,6.6000000000000005,0,33.2
2022,4,21,18,30,117,6.300000000000001,0,30.8
2022,4,21,19,30,0,6.300000000000001,0,28.6
2022,4,21,20,30,0,6.6000000000000005,0,27
2022,4,21,21,30,0,6.800000000000001,0,25.700000000000003
2022,4,21,22,30,0,6.800000000000001,0,24.5
2022,4,21,23,30,0,6.800000000000001,0,23.5
2022,4,22,0,30,0,6.7,0,22.6
2022,4,22,1,30,0,6.6000000000000005,0,21.700000000000003
2022,4,22,2,30,0,6.4,3,21.200000000000003
2022,4,22,3,30,0,6.1000000000000005,0,20.900000000000002
2022,4,22,4,30,0,5.800000000000001,0,20.6
2022,4,22,5,30,0,5.6000000000000005,0,20.400000000000002
2022,4,22,6,30,30,6,0,20.900000000000002
2022,4,22,7,30,147,7.1000000000000005,0,22.5
2022,4,22,8,30,202,8,3,24.700000000000003
2022,4,22,9,30,254,8.6,3,27
2022,4,22,10,30,328,8.9,3,29
2022,4,22,11,30,627,9.200000000000001,3,30.5
2022,4,22,12,30,940,9.5,0,31.700000000000003
2022,4,22,13,30,639,9.600000000000001,8,32
2022,4,22,14,30,720,9.4,8,31.5
2022,4,22,15,30,708,9.4,0,31.200000000000003
2022,4,22,16,30,488,9.600000000000001,8,30.900000000000002
2022,4,22,17,30,310,9.700000000000001,0,29.900000000000002
2022,4,22,18,30,112,9.5,0,28.5
2022,4,22,19,30,0,9.4,0,27.400000000000002
2022,4,22,20,30,0,9.700000000000001,0,26.8
2022,4,22,21,30,0,10.200000000000001,0,26.200000000000003
2022,4,22,22,30,0,10.3,0,25.5
2022,4,22,23,30,0,10,0,24.400000000000002
2022,4,23,0,30,0,9.4,0,23.400000000000002
2022,4,23,1,30,0,8.9,0,22.400000000000002
2022,4,23,2,30,0,8.5,0,21.5
2022,4,23,3,30,0,8,0,20.5
2022,4,23,4,30,0,7.300000000000001,0,19.5
2022,4,23,5,30,0,6.4,0,18.8
2022,4,23,6,30,39,6,0,19.200000000000003
2022,4,23,7,30,168,6,3,21.5
2022,4,23,8,30,360,5.6000000000000005,0,24.700000000000003
2022,4,23,9,30,258,5.2,3,27.700000000000003
2022,4,23,10,30,668,5.2,3,30.200000000000003
2022,4,23,11,30,961,5.6000000000000005,0,32
2022,4,23,12,30,978,6.1000000000000005,0,33.300000000000004
2022,4,23,13,30,1011,6.5,0,33.9
2022,4,23,14,30,925,6.7,0,33.9
2022,4,23,15,30,735,6.6000000000000005,0,33.7
2022,4,23,16,30,492,6.2,7,33.1
2022,4,23,17,30,300,4.800000000000001,7,31.700000000000003
2022,4,23,18,30,131,2.9000000000000004,0,28.1
2022,4,23,19,30,0,2,0,24.8
2022,4,23,20,30,0,1.9000000000000001,0,23.200000000000003
2022,4,23,21,30,0,1.7000000000000002,3,22
2022,4,23,22,30,0,1.5,3,21.1
2022,4,23,23,30,0,1.5,3,20.3
2022,4,24,0,30,0,1.5,3,19.8
2022,4,24,1,30,0,1.7000000000000002,3,19.400000000000002
2022,4,24,2,30,0,2.2,9,19.3
2022,4,24,3,30,0,2.2,6,18.8
2022,4,24,4,30,0,1.4000000000000001,7,18.1
2022,4,24,5,30,0,1,3,17.7
2022,4,24,6,30,24,1.5,3,18.400000000000002
2022,4,24,7,30,126,2.1,3,20.200000000000003
2022,4,24,8,30,95,2.2,3,22
2022,4,24,9,30,122,2.2,3,23.8
2022,4,24,10,30,477,2.2,7,25.5
2022,4,24,11,30,535,2.3000000000000003,3,27
2022,4,24,12,30,656,2.3000000000000003,3,28.1
2022,4,24,13,30,939,2.4000000000000004,0,28.700000000000003
2022,4,24,14,30,812,2.8000000000000003,0,28.5
2022,4,24,15,30,407,3.5,3,27.700000000000003
2022,4,24,16,30,515,4.3,0,26.3
2022,4,24,17,30,317,5,0,24.3
2022,4,24,18,30,117,5.4,0,21.6
2022,4,24,19,30,0,5.300000000000001,0,19.1
2022,4,24,20,30,0,5,0,17.3
2022,4,24,21,30,0,4.6000000000000005,0,16.1
2022,4,24,22,30,0,4.4,0,15.100000000000001
2022,4,24,23,30,0,4.4,0,14.3
2022,4,25,0,30,0,4.5,0,13.600000000000001
2022,4,25,1,30,0,4.7,0,13
2022,4,25,2,30,0,4.800000000000001,0,12.4
2022,4,25,3,30,0,5,0,12
2022,4,25,4,30,0,4.9,0,11.5
2022,4,25,5,30,0,4.6000000000000005,0,11.100000000000001
2022,4,25,6,30,22,5,3,11.4
2022,4,25,7,30,119,6.1000000000000005,3,12.9
2022,4,25,8,30,380,6.9,3,14.600000000000001
2022,4,25,9,30,661,7,0,16.400000000000002
2022,4,25,10,30,634,6.9,3,18.1
2022,4,25,11,30,645,6.7,3,19.700000000000003
2022,4,25,12,30,810,6.4,3,20.8
2022,4,25,13,30,867,6.2,0,21.6
2022,4,25,14,30,899,6,0,22
2022,4,25,15,30,760,6,0,22.1
2022,4,25,16,30,571,6,0,21.5
2022,4,25,17,30,350,5.7,0,20.200000000000003
2022,4,25,18,30,129,4.9,0,18.2
2022,4,25,19,30,2,3.9000000000000004,0,16.1
2022,4,25,20,30,0,3.4000000000000004,0,14.5
2022,4,25,21,30,0,3,0,13.200000000000001
2022,4,25,22,30,0,2.5,0,11.9
2022,4,25,23,30,0,1.9000000000000001,0,10.8
2022,4,26,0,30,0,1.5,0,9.9
2022,4,26,1,30,0,1.3,0,9.1
2022,4,26,2,30,0,1.3,0,8.5
2022,4,26,3,30,0,1.3,0,8
2022,4,26,4,30,0,1.3,0,7.6000000000000005
2022,4,26,5,30,0,1.5,0,7.6000000000000005
2022,4,26,6,30,49,2.4000000000000004,0,9.4
2022,4,26,7,30,252,3.7,0,12.8
2022,4,26,8,30,480,4.5,0,16.1
2022,4,26,9,30,691,4.5,0,18.7
2022,4,26,10,30,860,4.4,0,20.900000000000002
2022,4,26,11,30,972,4.4,0,22.8
2022,4,26,12,30,1007,4.5,0,24.3
2022,4,26,13,30,946,4.5,3,25.3
2022,4,26,14,30,621,4.6000000000000005,3,25.8
2022,4,26,15,30,458,4.800000000000001,3,25.700000000000003
2022,4,26,16,30,403,4.9,3,25
2022,4,26,17,30,352,4.800000000000001,0,23.700000000000003
2022,4,26,18,30,133,4.1000000000000005,0,21.5
2022,4,26,19,30,2,3.6,0,19.5
2022,4,26,20,30,0,3.5,0,18.2
2022,4,26,21,30,0,3.2,0,17.2
2022,4,26,22,30,0,2.9000000000000004,0,16.400000000000002
2022,4,26,23,30,0,2.8000000000000003,0,15.600000000000001
2022,4,27,0,30,0,2.8000000000000003,0,15.100000000000001
2022,4,27,1,30,0,2.9000000000000004,0,14.700000000000001
2022,4,27,2,30,0,2.9000000000000004,0,14.4
2022,4,27,3,30,0,2.6,3,14.100000000000001
2022,4,27,4,30,0,2.4000000000000004,8,13.8
2022,4,27,5,30,0,3,7,14
2022,4,27,6,30,13,4.3,8,15.200000000000001
2022,4,27,7,30,83,5.6000000000000005,7,17.3
2022,4,27,8,30,123,6.300000000000001,3,19.700000000000003
2022,4,27,9,30,232,6.5,8,22.200000000000003
2022,4,27,10,30,490,6.5,8,24.400000000000002
2022,4,27,11,30,759,6.5,8,26.1
2022,4,27,12,30,854,6.4,8,27.200000000000003
2022,4,27,13,30,910,6.4,0,27.8
2022,4,27,14,30,813,6.2,8,27.900000000000002
2022,4,27,15,30,686,6.1000000000000005,8,27.5
2022,4,27,16,30,544,6.1000000000000005,0,26.900000000000002
2022,4,27,17,30,299,6,8,25.900000000000002
2022,4,27,18,30,107,5.800000000000001,8,24.3
2022,4,27,19,30,1,5.800000000000001,8,22.700000000000003
2022,4,27,20,30,0,5.9,7,21.6
2022,4,27,21,30,0,6.1000000000000005,7,20.8
2022,4,27,22,30,0,6.2,7,20.200000000000003
2022,4,27,23,30,0,6.4,7,19.8
2022,4,28,0,30,0,6.6000000000000005,8,19.400000000000002
2022,4,28,1,30,0,6.6000000000000005,0,19
2022,4,28,2,30,0,6.6000000000000005,7,18.7
2022,4,28,3,30,0,6.4,8,18.5
2022,4,28,4,30,0,6.2,8,18.400000000000002
2022,4,28,5,30,0,6,0,18.3
2022,4,28,6,30,50,6.2,0,19.1
2022,4,28,7,30,244,7,0,21.200000000000003
2022,4,28,8,30,468,7.4,0,23.700000000000003
2022,4,28,9,30,676,7.300000000000001,0,26.200000000000003
2022,4,28,10,30,844,7,0,28.700000000000003
2022,4,28,11,30,958,6.7,0,31
2022,4,28,12,30,1008,6.5,0,32.7
2022,4,28,13,30,991,6.300000000000001,0,33.9
2022,4,28,14,30,909,6.2,0,34.5
2022,4,28,15,30,766,6.2,0,34.5
2022,4,28,16,30,575,6.300000000000001,0,33.800000000000004
2022,4,28,17,30,355,6.2,0,32.1
2022,4,28,18,30,136,6.1000000000000005,0,29.200000000000003
2022,4,28,19,30,2,6.300000000000001,0,26.3
2022,4,28,20,30,0,6.300000000000001,0,24.400000000000002
2022,4,28,21,30,0,5.800000000000001,0,23.1
2022,4,28,22,30,0,5.5,0,22.1
2022,4,28,23,30,0,5.4,0,21.400000000000002
2022,4,29,0,30,0,5.300000000000001,0,20.8
2022,4,29,1,30,0,5.4,0,20.200000000000003
2022,4,29,2,30,0,5.7,0,19.6
2022,4,29,3,30,0,5.800000000000001,0,19
2022,4,29,4,30,0,5.6000000000000005,0,18.3
2022,4,29,5,30,0,5.300000000000001,0,17.900000000000002
2022,4,29,6,30,55,5.300000000000001,0,18.7
2022,4,29,7,30,260,5.4,0,21.5
2022,4,29,8,30,492,5.1000000000000005,0,25.5
2022,4,29,9,30,708,4.9,0,29.6
2022,4,29,10,30,885,4.9,0,32.7
2022,4,29,11,30,1006,5.1000000000000005,0,34.5
2022,4,29,12,30,1061,5.5,0,35.5
2022,4,29,13,30,1041,6,0,35.9
2022,4,29,14,30,959,6.4,0,35.9
2022,4,29,15,30,809,6.5,0,35.4
2022,4,29,16,30,608,6.300000000000001,0,34.4
2022,4,29,17,30,381,5.1000000000000005,0,32.5
2022,4,29,18,30,148,3.2,0,28.3
2022,4,29,19,30,2,2.3000000000000003,0,24.3
2022,4,29,20,30,0,2.3000000000000003,0,22.6
2022,4,29,21,30,0,2.3000000000000003,0,21.400000000000002
2022,4,29,22,30,0,2.5,0,20.400000000000002
2022,4,29,23,30,0,2.6,0,19.400000000000002
2022,4,30,0,30,0,2.5,0,18.2
2022,4,30,1,30,0,2.4000000000000004,0,17.1
2022,4,30,2,30,0,2.4000000000000004,0,16
2022,4,30,3,30,0,2.3000000000000003,0,14.8
2022,4,30,4,30,0,2.5,0,13.8
2022,4,30,5,30,0,3.1,0,13.600000000000001
2022,4,30,6,30,58,4.2,0,14.8
2022,4,30,7,30,267,5.800000000000001,0,17.5
2022,4,30,8,30,500,6.7,0,20.400000000000002
2022,4,30,9,30,714,6.5,0,22.900000000000002
2022,4,30,10,30,887,5.800000000000001,0,25.200000000000003
2022,4,30,11,30,1005,4.800000000000001,0,27.1
2022,4,30,12,30,1059,4,0,28.700000000000003
2022,4,30,13,30,1040,3.2,0,29.700000000000003
2022,4,30,14,30,952,2.7,0,30.200000000000003
2022,4,30,15,30,802,2.4000000000000004,0,30.1
2022,4,30,16,30,604,2.4000000000000004,0,29.400000000000002
2022,4,30,17,30,376,2.2,0,27.900000000000002
2022,4,30,18,30,147,1.7000000000000002,0,24.200000000000003
2022,4,30,19,30,2,1.8,0,21
2022,4,30,20,30,0,2.4000000000000004,0,20.1
2022,4,30,21,30,0,2.9000000000000004,0,19.6
2022,4,30,22,30,0,3.2,0,18.6
2022,4,30,23,30,0,3.2,0,17.6
2022,5,1,0,30,0,3.3000000000000003,3,16.900000000000002
2022,5,1,1,30,0,3.4000000000000004,3,16.3
2022,5,1,2,30,0,3.3000000000000003,3,15.9
2022,5,1,3,30,0,3.5,8,15.8
2022,5,1,4,30,0,3.8000000000000003,3,15.9
2022,5,1,5,30,0,4.2,0,16.2
2022,5,1,6,30,32,4.7,3,17.3
2022,5,1,7,30,66,5.300000000000001,3,19.200000000000003
2022,5,1,8,30,232,5.9,8,21.3
2022,5,1,9,30,331,6.2,8,23
2022,5,1,10,30,481,6.300000000000001,8,24.1
2022,5,1,11,30,592,6.2,7,24.700000000000003
2022,5,1,12,30,609,6.1000000000000005,7,25.3
2022,5,1,13,30,680,6.1000000000000005,7,25.900000000000002
2022,5,1,14,30,599,6.1000000000000005,7,26.5
2022,5,1,15,30,461,6.2,7,26.700000000000003
2022,5,1,16,30,253,6.300000000000001,6,26.400000000000002
2022,5,1,17,30,111,6.1000000000000005,6,25.8
2022,5,1,18,30,91,5.7,8,24.8
2022,5,1,19,30,1,5.300000000000001,6,23.8
2022,5,1,20,30,0,4.800000000000001,7,23
2022,5,1,21,30,0,4.7,7,22.1
2022,5,1,22,30,0,5.300000000000001,0,21.400000000000002
2022,5,1,23,30,0,5.6000000000000005,0,20.900000000000002
2022,5,2,0,30,0,5.5,0,20.400000000000002
2022,5,2,1,30,0,5.5,0,20.1
2022,5,2,2,30,0,5.5,0,19.8
2022,5,2,3,30,0,5.6000000000000005,0,19.6
2022,5,2,4,30,0,5.7,0,19.5
2022,5,2,5,30,0,5.800000000000001,0,19.5
2022,5,2,6,30,56,6.300000000000001,0,20.3
2022,5,2,7,30,243,7.2,0,22.400000000000002
2022,5,2,8,30,473,7.300000000000001,0,25.3
2022,5,2,9,30,685,6.5,0,28.5
2022,5,2,10,30,860,5.800000000000001,0,31.400000000000002
2022,5,2,11,30,984,5.300000000000001,0,33.800000000000004
2022,5,2,12,30,1044,5.300000000000001,0,35.4
2022,5,2,13,30,1030,5.6000000000000005,0,36.2
2022,5,2,14,30,946,6.1000000000000005,0,36.300000000000004
2022,5,2,15,30,798,6.300000000000001,0,35.9
2022,5,2,16,30,602,6.1000000000000005,0,34.9
2022,5,2,17,30,375,4.9,0,33
2022,5,2,18,30,147,3.1,0,28.900000000000002
2022,5,2,19,30,4,2.3000000000000003,0,25.200000000000003
2022,5,2,20,30,0,2.3000000000000003,0,23.6
2022,5,2,21,30,0,2.2,0,22.400000000000002
2022,5,2,22,30,0,1.8,0,21
2022,5,2,23,30,0,1.6,0,19.3
2022,5,3,0,30,0,2.5,0,17.8
2022,5,3,1,30,0,3.6,0,15.9
2022,5,3,2,30,0,4.3,0,13.8
2022,5,3,3,30,0,4.7,0,12.3
2022,5,3,4,30,0,4.800000000000001,0,10.9
2022,5,3,5,30,0,4.9,0,9.8
2022,5,3,6,30,61,5.1000000000000005,0,9.9
2022,5,3,7,30,261,5.1000000000000005,0,11.4
2022,5,3,8,30,467,4.6000000000000005,0,13.700000000000001
2022,5,3,9,30,691,3.7,0,16.400000000000002
2022,5,3,10,30,742,2.6,0,19.200000000000003
2022,5,3,11,30,678,1.8,3,22.200000000000003
2022,5,3,12,30,806,1.6,7,25
2022,5,3,13,30,992,1.9000000000000001,0,27.3
2022,5,3,14,30,873,2.2,0,28.700000000000003
2022,5,3,15,30,590,2.4000000000000004,7,28.900000000000002
2022,5,3,16,30,561,2.4000000000000004,0,28.400000000000002
2022,5,3,17,30,328,2.2,0,27.400000000000002
2022,5,3,18,30,72,2.4000000000000004,7,25.8
2022,5,3,19,30,3,3.2,7,24.6
2022,5,3,20,30,0,3.8000000000000003,6,24
2022,5,3,21,30,0,3.8000000000000003,6,23.5
2022,5,3,22,30,0,3.6,6,22.900000000000002
2022,5,3,23,30,0,3.3000000000000003,6,22.400000000000002
2022,5,4,0,30,0,3,6,21.8
2022,5,4,1,30,0,3,8,21.400000000000002
2022,5,4,2,30,0,3.1,7,21
2022,5,4,3,30,0,3.3000000000000003,7,20.8
2022,5,4,4,30,0,3.6,7,20.6
2022,5,4,5,30,0,4.1000000000000005,7,20.6
2022,5,4,6,30,40,4.6000000000000005,8,21
2022,5,4,7,30,94,5.2,8,22.1
2022,5,4,8,30,241,5.7,6,23.900000000000002
2022,5,4,9,30,285,5.800000000000001,6,26
2022,5,4,10,30,458,5.6000000000000005,6,28.1
2022,5,4,11,30,667,5.300000000000001,7,29.8
2022,5,4,12,30,685,5.2,7,31.200000000000003
2022,5,4,13,30,564,5.2,6,32.2
2022,5,4,14,30,611,5.2,7,32.6
2022,5,4,15,30,400,5.1000000000000005,6,32.4
2022,5,4,16,30,201,4.6000000000000005,6,31.6
2022,5,4,17,30,139,3.7,6,29.900000000000002
2022,5,4,18,30,40,3.1,6,27.5
2022,5,4,19,30,3,3.6,7,26.1
2022,5,4,20,30,0,4.6000000000000005,0,25.400000000000002
2022,5,4,21,30,0,5.2,0,24.400000000000002
2022,5,4,22,30,0,5.6000000000000005,0,23.400000000000002
2022,5,4,23,30,0,5.7,0,22.6
2022,5,5,0,30,0,5.1000000000000005,7,21.8
2022,5,5,1,30,0,4.3,0,21.1
2022,5,5,2,30,0,3.9000000000000004,0,20.5
2022,5,5,3,30,0,3.6,7,19.8
2022,5,5,4,30,0,3.3000000000000003,7,18.900000000000002
2022,5,5,5,30,0,3.4000000000000004,0,17.7
2022,5,5,6,30,41,4.3,3,17.1
2022,5,5,7,30,260,5.300000000000001,0,17.8
2022,5,5,8,30,488,5.6000000000000005,0,19.5
2022,5,5,9,30,701,5.4,0,21.900000000000002
2022,5,5,10,30,877,5.1000000000000005,0,24.3
2022,5,5,11,30,999,5,0,26.5
2022,5,5,12,30,1056,5.2,0,28.200000000000003
2022,5,5,13,30,1039,5.5,0,29.3
2022,5,5,14,30,956,5.5,0,29.900000000000002
2022,5,5,15,30,809,5.300000000000001,0,30
2022,5,5,16,30,616,4.800000000000001,0,29.700000000000003
2022,5,5,17,30,391,3.5,0,28.400000000000002
2022,5,5,18,30,162,1.9000000000000001,0,25.1
2022,5,5,19,30,6,1.2000000000000002,0,22.200000000000003
2022,5,5,20,30,0,1.3,0,20.6
2022,5,5,21,30,0,1.4000000000000001,0,18.900000000000002
2022,5,5,22,30,0,1.5,0,17.5
2022,5,5,23,30,0,1.5,0,16.400000000000002
2022,5,6,0,30,0,1.5,0,15.5
2022,5,6,1,30,0,1.5,0,14.600000000000001
2022,5,6,2,30,0,1.5,0,13.9
2022,5,6,3,30,0,1.8,0,13.600000000000001
2022,5,6,4,30,0,2.1,0,13.4
2022,5,6,5,30,0,2.7,0,13.9
2022,5,6,6,30,78,3.8000000000000003,0,16.3
2022,5,6,7,30,291,4.4,0,20.400000000000002
2022,5,6,8,30,521,4.6000000000000005,0,25.400000000000002
2022,5,6,9,30,731,5,0,30
2022,5,6,10,30,900,5.1000000000000005,0,33.300000000000004
2022,5,6,11,30,1014,5.1000000000000005,0,35.300000000000004
2022,5,6,12,30,1064,5,0,36.6
2022,5,6,13,30,1044,5,0,37.4
2022,5,6,14,30,953,4.800000000000001,0,37.6
2022,5,6,15,30,807,4.6000000000000005,0,37.5
2022,5,6,16,30,610,4.1000000000000005,0,36.7
2022,5,6,17,30,387,2.7,0,34.5
2022,5,6,18,30,151,1.5,8,30.6
2022,5,6,19,30,5,1.4000000000000001,0,27.8
2022,5,6,20,30,0,1.5,8,26.200000000000003
2022,5,6,21,30,0,1.5,7,24.3
2022,5,6,22,30,0,1.6,0,22.6
2022,5,6,23,30,0,1.7000000000000002,0,21.3
2022,5,7,0,30,0,1.7000000000000002,0,20.200000000000003
2022,5,7,1,30,0,1.7000000000000002,0,19.200000000000003
2022,5,7,2,30,0,1.5,0,18.2
2022,5,7,3,30,0,1.5,0,17.3
2022,5,7,4,30,0,1.4000000000000001,0,16.5
2022,5,7,5,30,0,1.4000000000000001,0,16.5
2022,5,7,6,30,78,2,0,18.900000000000002
2022,5,7,7,30,289,2.7,0,22.900000000000002
2022,5,7,8,30,515,3,0,27.400000000000002
2022,5,7,9,30,721,3.8000000000000003,0,32.4
2022,5,7,10,30,889,4.3,0,36.5
2022,5,7,11,30,1002,4.7,0,38.900000000000006
2022,5,7,12,30,1057,5.1000000000000005,0,40.1
2022,5,7,13,30,1042,5.4,0,40.800000000000004
2022,5,7,14,30,956,5.800000000000001,0,41
2022,5,7,15,30,813,6.2,0,40.6
2022,5,7,16,30,617,6.5,0,39.7
2022,5,7,17,30,395,5.9,0,37.7
2022,5,7,18,30,164,4.3,0,33.6
2022,5,7,19,30,6,3.4000000000000004,0,29.6
2022,5,7,20,30,0,3.4000000000000004,0,27.700000000000003
2022,5,7,21,30,0,3.6,0,26.5
2022,5,7,22,30,0,3.6,0,25.200000000000003
2022,5,7,23,30,0,3.5,0,23.900000000000002
2022,5,8,0,30,0,3.6,0,22.900000000000002
2022,5,8,1,30,0,3.9000000000000004,0,21.8
2022,5,8,2,30,0,3.9000000000000004,0,20.6
2022,5,8,3,30,0,3.7,0,19.5
2022,5,8,4,30,0,3.4000000000000004,0,18.6
2022,5,8,5,30,0,3.4000000000000004,0,18.6
2022,5,8,6,30,79,4,0,20.5
2022,5,8,7,30,291,4.3,0,24.3
2022,5,8,8,30,518,4.3,0,29
2022,5,8,9,30,726,4,0,33.7
2022,5,8,10,30,895,3.7,0,36.9
2022,5,8,11,30,1008,3.8000000000000003,0,38.6
2022,5,8,12,30,1056,4.5,0,39.6
2022,5,8,13,30,1036,5.2,0,40.1
2022,5,8,14,30,953,5.800000000000001,0,40.1
2022,5,8,15,30,808,6.2,0,39.7
2022,5,8,16,30,618,6.2,0,38.800000000000004
2022,5,8,17,30,394,5.2,0,36.9
2022,5,8,18,30,167,3.4000000000000004,0,32.7
2022,5,8,19,30,7,2.4000000000000004,0,28.6
2022,5,8,20,30,0,2.6,0,26.900000000000002
2022,5,8,21,30,0,2.9000000000000004,0,25.8
2022,5,8,22,30,0,3.2,0,24.700000000000003
2022,5,8,23,30,0,3.4000000000000004,0,23.8
2022,5,9,0,30,0,3.7,0,23.1
2022,5,9,1,30,0,3.9000000000000004,0,22.5
2022,5,9,2,30,0,3.6,0,21.700000000000003
2022,5,9,3,30,0,3.4000000000000004,0,21
2022,5,9,4,30,0,3.5,0,20.5
2022,5,9,5,30,0,3.9000000000000004,0,20.6
2022,5,9,6,30,84,4.6000000000000005,0,22.400000000000002
2022,5,9,7,30,300,5.300000000000001,0,26.200000000000003
2022,5,9,8,30,534,6,0,30.400000000000002
2022,5,9,9,30,747,6.4,0,33.5
2022,5,9,10,30,916,6.4,0,35.800000000000004
2022,5,9,11,30,1030,6.5,0,37.5
2022,5,9,12,30,1078,6.6000000000000005,0,38.800000000000004
2022,5,9,13,30,1058,6.7,0,39.5
2022,5,9,14,30,970,6.6000000000000005,0,39.7
2022,5,9,15,30,822,6.4,0,39.400000000000006
2022,5,9,16,30,627,5.9,0,38.7
2022,5,9,17,30,402,4.5,0,36.9
2022,5,9,18,30,173,2.5,0,32.5
2022,5,9,19,30,9,1.7000000000000002,0,28.3
2022,5,9,20,30,0,1.8,0,26.700000000000003
2022,5,9,21,30,0,2,0,25.700000000000003
2022,5,9,22,30,0,2.1,0,24.900000000000002
2022,5,9,23,30,0,2.2,0,24.5
2022,5,10,0,30,0,2.2,0,24.3
2022,5,10,1,30,0,2.3000000000000003,0,24
2022,5,10,2,30,0,2.4000000000000004,0,23.700000000000003
2022,5,10,3,30,0,2.5,0,23.3
2022,5,10,4,30,0,2.7,0,22.8
2022,5,10,5,30,0,3.2,0,22.8
2022,5,10,6,30,69,4.1000000000000005,0,23.700000000000003
2022,5,10,7,30,261,5,0,25.400000000000002
2022,5,10,8,30,476,5.2,0,27.3
2022,5,10,9,30,663,5.1000000000000005,0,28.700000000000003
2022,5,10,10,30,835,5.1000000000000005,0,29.900000000000002
2022,5,10,11,30,796,5.2,8,31
2022,5,10,12,30,887,5.300000000000001,8,32
2022,5,10,13,30,508,5.5,7,32.6
2022,5,10,14,30,783,5.6000000000000005,7,33
2022,5,10,15,30,673,5.7,8,33.2
2022,5,10,16,30,553,6.1000000000000005,0,33
2022,5,10,17,30,278,6.300000000000001,8,32
2022,5,10,18,30,102,6.1000000000000005,9,30.200000000000003
2022,5,10,19,30,5,5.800000000000001,9,28.3
2022,5,10,20,30,0,5.5,6,26.900000000000002
2022,5,10,21,30,0,4.800000000000001,9,25.8
2022,5,10,22,30,0,4,6,24.8
2022,5,10,23,30,0,3.7,0,24.1
2022,5,11,0,30,0,3.5,8,23.400000000000002
2022,5,11,1,30,0,3.3000000000000003,7,22.700000000000003
2022,5,11,2,30,0,3.3000000000000003,7,22.200000000000003
2022,5,11,3,30,0,3.5,7,21.700000000000003
2022,5,11,4,30,0,3.6,6,21.200000000000003
2022,5,11,5,30,0,3.7,7,20.900000000000002
2022,5,11,6,30,54,4.7,7,21.900000000000002
2022,5,11,7,30,230,5.800000000000001,8,24.1
2022,5,11,8,30,458,6.300000000000001,0,26.8
2022,5,11,9,30,680,6.4,0,29.3
2022,5,11,10,30,797,6.4,0,31.3
2022,5,11,11,30,946,6.6000000000000005,0,32.800000000000004
2022,5,11,12,30,999,6.800000000000001,0,33.800000000000004
2022,5,11,13,30,978,7.1000000000000005,0,34.4
2022,5,11,14,30,897,7.2,0,34.6
2022,5,11,15,30,760,7.300000000000001,0,34.5
2022,5,11,16,30,576,7.300000000000001,0,33.9
2022,5,11,17,30,365,7.1000000000000005,0,32.800000000000004
2022,5,11,18,30,153,6.6000000000000005,0,31
2022,5,11,19,30,8,6.1000000000000005,0,29.3
2022,5,11,20,30,0,5.9,0,28
2022,5,11,21,30,0,5.7,0,27.1
2022,5,11,22,30,0,5.7,0,26.3
2022,5,11,23,30,0,6,0,25.5
2022,5,12,0,30,0,6.4,8,24.6
2022,5,12,1,30,0,6.5,0,23.6
2022,5,12,2,30,0,6.4,0,22.700000000000003
2022,5,12,3,30,0,6.2,8,21.900000000000002
2022,5,12,4,30,0,5.9,0,21.200000000000003
2022,5,12,5,30,0,5.7,0,20.900000000000002
2022,5,12,6,30,65,6,0,21.6
2022,5,12,7,30,255,6.5,0,23.700000000000003
2022,5,12,8,30,472,6.5,0,26.700000000000003
2022,5,12,9,30,669,6.2,0,29.700000000000003
2022,5,12,10,30,830,5.6000000000000005,0,32.6
2022,5,12,11,30,944,4.9,0,35.1
2022,5,12,12,30,1001,4.3,0,37
2022,5,12,13,30,990,4,0,38.300000000000004
2022,5,12,14,30,916,4,0,39
2022,5,12,15,30,698,4,0,39
2022,5,12,16,30,600,4,0,38.300000000000004
2022,5,12,17,30,386,4,0,36.6
2022,5,12,18,30,166,3.9000000000000004,0,33.300000000000004
2022,5,12,19,30,10,4.3,0,30.200000000000003
2022,5,12,20,30,0,4.6000000000000005,0,28.6
2022,5,12,21,30,0,4.4,0,27.5
2022,5,12,22,30,0,3.9000000000000004,0,26.3
2022,5,12,23,30,0,3.4000000000000004,0,25.1
2022,5,13,0,30,0,3,0,24.1
2022,5,13,1,30,0,2.7,0,23.1
2022,5,13,2,30,0,2.6,0,22.3
2022,5,13,3,30,0,2.3000000000000003,0,21.5
2022,5,13,4,30,0,2.1,0,20.8
2022,5,13,5,30,0,2.1,0,20.700000000000003
2022,5,13,6,30,83,2.8000000000000003,0,22.3
2022,5,13,7,30,285,3.4000000000000004,0,25.200000000000003
2022,5,13,8,30,505,3.1,0,28.700000000000003
2022,5,13,9,30,706,2.4000000000000004,0,32.2
2022,5,13,10,30,869,1.9000000000000001,0,35.1
2022,5,13,11,30,969,1.8,0,37.1
2022,5,13,12,30,1035,1.8,0,38.5
2022,5,13,13,30,1015,1.7000000000000002,0,39.300000000000004
2022,5,13,14,30,931,1.6,0,39.5
2022,5,13,15,30,788,1.6,0,39.1
2022,5,13,16,30,589,1.5,0,38.2
2022,5,13,17,30,382,1.3,0,36.5
2022,5,13,18,30,165,1.3,0,33.1
2022,5,13,19,30,10,1.6,0,29.6
2022,5,13,20,30,0,2.1,8,27.700000000000003
2022,5,13,21,30,0,2.2,0,26.3
2022,5,13,22,30,0,2.6,0,25.400000000000002
2022,5,13,23,30,0,2.8000000000000003,0,24.6
2022,5,14,0,30,0,2.7,0,23.8
2022,5,14,1,30,0,2.1,0,22.900000000000002
2022,5,14,2,30,0,1.7000000000000002,0,22.1
2022,5,14,3,30,0,1.7000000000000002,0,21.3
2022,5,14,4,30,0,1.9000000000000001,0,20.6
2022,5,14,5,30,0,2.7,0,20.5
2022,5,14,6,30,86,3.9000000000000004,0,21.900000000000002
2022,5,14,7,30,291,4.7,0,24.6
2022,5,14,8,30,511,4.9,0,27.900000000000002
2022,5,14,9,30,713,4.5,0,31.400000000000002
2022,5,14,10,30,878,3.7,0,34.300000000000004
2022,5,14,11,30,987,3.1,0,36.4
2022,5,14,12,30,1033,2.8000000000000003,0,37.800000000000004
2022,5,14,13,30,1015,2.7,0,38.7
2022,5,14,14,30,928,2.5,0,38.900000000000006
2022,5,14,15,30,784,2.4000000000000004,0,38.6
2022,5,14,16,30,596,2.3000000000000003,0,37.9
2022,5,14,17,30,381,2,0,36.5
2022,5,14,18,30,165,1.7000000000000002,0,33.1
2022,5,14,19,30,10,1.9000000000000001,0,29.8
2022,5,14,20,30,0,2.9000000000000004,0,28.6
2022,5,14,21,30,0,3.9000000000000004,0,27.8
2022,5,14,22,30,0,4.4,0,26.8
2022,5,14,23,30,0,4.6000000000000005,0,25.900000000000002
2022,5,15,0,30,0,4.6000000000000005,0,25.1
2022,5,15,1,30,0,4.5,0,24.3
2022,5,15,2,30,0,4.2,0,23.400000000000002
2022,5,15,3,30,0,3.8000000000000003,0,22.5
2022,5,15,4,30,0,3.5,0,21.6
2022,5,15,5,30,0,3.3000000000000003,0,21.1
2022,5,15,6,30,89,3.6,0,22.3
2022,5,15,7,30,297,4.2,0,25.6
2022,5,15,8,30,521,5.300000000000001,0,30.1
2022,5,15,9,30,726,5.800000000000001,0,34.1
2022,5,15,10,30,888,5.6000000000000005,0,37
2022,5,15,11,30,998,5.1000000000000005,0,39
2022,5,15,12,30,1046,4.6000000000000005,0,40.300000000000004
2022,5,15,13,30,1024,4.2,0,41
2022,5,15,14,30,940,3.7,0,41.2
2022,5,15,15,30,799,3.2,0,40.900000000000006
2022,5,15,16,30,610,2.7,0,40.2
2022,5,15,17,30,392,1.8,0,38.5
2022,5,15,18,30,172,1.3,0,35.4
2022,5,15,19,30,11,1.7000000000000002,0,31.6
2022,5,15,20,30,0,2,0,28.700000000000003
2022,5,15,21,30,0,2.1,0,27
2022,5,15,22,30,0,2.2,0,25.6
2022,5,15,23,30,0,2.5,0,24.400000000000002
2022,5,16,0,30,0,2.7,0,23.3
2022,5,16,1,30,0,2.6,0,22.200000000000003
2022,5,16,2,30,0,2.4000000000000004,0,21.1
2022,5,16,3,30,0,2.1,0,20.200000000000003
2022,5,16,4,30,0,2,0,19.6
2022,5,16,5,30,0,2.1,0,19.5
2022,5,16,6,30,85,2.2,0,20.6
2022,5,16,7,30,285,2.1,0,22.900000000000002
2022,5,16,8,30,501,1.9000000000000001,0,26.200000000000003
2022,5,16,9,30,700,1.9000000000000001,0,29.8
2022,5,16,10,30,863,2,0,33.2
2022,5,16,11,30,975,2.2,0,35.9
2022,5,16,12,30,1027,2.6,0,38
2022,5,16,13,30,1009,3.1,0,39.400000000000006
2022,5,16,14,30,923,3.6,0,40
2022,5,16,15,30,778,4.1000000000000005,0,40
2022,5,16,16,30,581,4.7,0,39.300000000000004
2022,5,16,17,30,312,5.1000000000000005,6,37.800000000000004
2022,5,16,18,30,159,5,7,35.1
2022,5,16,19,30,9,4.7,7,32.300000000000004
2022,5,16,20,30,0,4.5,7,30.5
2022,5,16,21,30,0,4.3,7,28.900000000000002
2022,5,16,22,30,0,4.1000000000000005,7,27.3
2022,5,16,23,30,0,4,8,26
2022,5,17,0,30,0,3.9000000000000004,6,24.900000000000002
2022,5,17,1,30,0,4.1000000000000005,7,24.1
2022,5,17,2,30,0,4.6000000000000005,8,23.6
2022,5,17,3,30,0,5.1000000000000005,7,23.3
2022,5,17,4,30,0,5.300000000000001,7,23
2022,5,17,5,30,0,5.4,8,23
2022,5,17,6,30,40,5.800000000000001,7,23.8
2022,5,17,7,30,131,6.7,7,25.700000000000003
2022,5,17,8,30,91,7.300000000000001,6,28.400000000000002
2022,5,17,9,30,323,7.7,6,31.3
2022,5,17,10,30,614,7.800000000000001,7,34.2
2022,5,17,11,30,887,7.7,0,36.5
2022,5,17,12,30,982,7.300000000000001,0,38.2
2022,5,17,13,30,997,7.1000000000000005,0,39.300000000000004
2022,5,17,14,30,918,6.9,0,39.800000000000004
2022,5,17,15,30,779,6.9,0,39.800000000000004
2022,5,17,16,30,595,7,0,39
2022,5,17,17,30,380,7,0,37.5
2022,5,17,18,30,165,6.800000000000001,0,35
2022,5,17,19,30,12,6.7,0,32.5
2022,5,17,20,30,0,6.6000000000000005,0,30.8
2022,5,17,21,30,0,6.1000000000000005,0,29.6
2022,5,17,22,30,0,5.7,8,28.6
2022,5,17,23,30,0,5.7,0,27.700000000000003
2022,5,18,0,30,0,5.800000000000001,0,26.700000000000003
2022,5,18,1,30,0,5.5,0,25.3
2022,5,18,2,30,0,5,0,23.900000000000002
2022,5,18,3,30,0,4.4,0,22.8
2022,5,18,4,30,0,4,0,21.900000000000002
2022,5,18,5,30,0,3.8000000000000003,0,21.6
2022,5,18,6,30,98,3.9000000000000004,0,23
2022,5,18,7,30,310,4.1000000000000005,0,26.3
2022,5,18,8,30,534,4.2,0,30.3
2022,5,18,9,30,740,4.2,0,34
2022,5,18,10,30,903,4.4,0,37.2
2022,5,18,11,30,1015,4.6000000000000005,0,39.400000000000006
2022,5,18,12,30,1068,4.7,0,40.7
2022,5,18,13,30,1049,4.800000000000001,0,41.400000000000006
2022,5,18,14,30,958,4.9,0,41.400000000000006
2022,5,18,15,30,808,4.6000000000000005,0,40.900000000000006
2022,5,18,16,30,617,4.1000000000000005,0,40
2022,5,18,17,30,395,3,0,38
2022,5,18,18,30,174,1.7000000000000002,0,34.1
2022,5,18,19,30,13,1.2000000000000002,0,30.6
2022,5,18,20,30,0,1.2000000000000002,0,29.200000000000003
2022,5,18,21,30,0,1.2000000000000002,0,28.3
2022,5,18,22,30,0,1.6,0,27.3
2022,5,18,23,30,0,2.3000000000000003,0,26
2022,5,19,0,30,0,2.9000000000000004,0,25
2022,5,19,1,30,0,3.3000000000000003,0,24.400000000000002
2022,5,19,2,30,0,3.4000000000000004,0,23.700000000000003
2022,5,19,3,30,0,3.3000000000000003,0,22.700000000000003
2022,5,19,4,30,0,3,0,21.700000000000003
2022,5,19,5,30,0,3.1,0,21.5
2022,5,19,6,30,92,3.6,0,23
2022,5,19,7,30,298,3.9000000000000004,0,26.3
2022,5,19,8,30,518,3.7,0,30.5
2022,5,19,9,30,722,3.6,0,34.800000000000004
2022,5,19,10,30,889,3.7,0,38.2
2022,5,19,11,30,1000,4.1000000000000005,0,40.1
2022,5,19,12,30,1048,4.6000000000000005,0,41.2
2022,5,19,13,30,1035,5.2,0,41.6
2022,5,19,14,30,952,5.6000000000000005,0,41.6
2022,5,19,15,30,810,5.800000000000001,0,41.2
2022,5,19,16,30,623,5.6000000000000005,0,40.300000000000004
2022,5,19,17,30,404,4.9,0,38.900000000000006
2022,5,19,18,30,182,3.6,0,35.4
2022,5,19,19,30,15,3.1,0,32
2022,5,19,20,30,0,3.3000000000000003,0,30.200000000000003
2022,5,19,21,30,0,3.2,0,28.8
2022,5,19,22,30,0,3.2,0,27.400000000000002
2022,5,19,23,30,0,3.3000000000000003,0,26.3
2022,5,20,0,30,0,3.5,0,25.5
2022,5,20,1,30,0,3.8000000000000003,0,25
2022,5,20,2,30,0,4,0,24.400000000000002
2022,5,20,3,30,0,4.1000000000000005,0,23.8
2022,5,20,4,30,0,4,0,23
2022,5,20,5,30,0,3.9000000000000004,0,22.700000000000003
2022,5,20,6,30,96,4.3,0,24.3
2022,5,20,7,30,306,4.4,0,27.8
2022,5,20,8,30,529,3.9000000000000004,0,32
2022,5,20,9,30,731,3.5,0,35.2
2022,5,20,10,30,893,3,0,37.1
2022,5,20,11,30,1003,2.9000000000000004,0,38.400000000000006
2022,5,20,12,30,1052,3,0,39.2
2022,5,20,13,30,1014,3.2,0,39.7
2022,5,20,14,30,896,3.5,0,39.7
2022,5,20,15,30,783,3.7,0,39.300000000000004
2022,5,20,16,30,591,3.8000000000000003,7,38.400000000000006
2022,5,20,17,30,356,3.5,8,36.9
2022,5,20,18,30,165,2.4000000000000004,7,33.5
2022,5,20,19,30,14,1.5,8,29.700000000000003
2022,5,20,20,30,0,1.4000000000000001,8,27.900000000000002
2022,5,20,21,30,0,1.2000000000000002,3,26.8
2022,5,20,22,30,0,1.1,0,25.700000000000003
2022,5,20,23,30,0,1.3,0,25
2022,5,21,0,30,0,1.5,0,23.900000000000002
2022,5,21,1,30,0,1.6,0,22.5
2022,5,21,2,30,0,1.8,0,21
2022,5,21,3,30,0,1.9000000000000001,0,19.6
2022,5,21,4,30,0,2.2,0,18.400000000000002
2022,5,21,5,30,0,3.2,0,17.8
2022,5,21,6,30,96,4.800000000000001,0,18.400000000000002
2022,5,21,7,30,302,5.9,0,19.8
2022,5,21,8,30,521,6.2,0,21.5
2022,5,21,9,30,721,6.1000000000000005,0,23.3
2022,5,21,10,30,883,5.7,0,25.200000000000003
2022,5,21,11,30,992,5.300000000000001,0,26.900000000000002
2022,5,21,12,30,1040,4.7,0,28.5
2022,5,21,13,30,1021,4.2,0,29.6
2022,5,21,14,30,939,3.9000000000000004,0,30.200000000000003
2022,5,21,15,30,799,3.8000000000000003,0,30.3
2022,5,21,16,30,612,3.9000000000000004,0,29.6
2022,5,21,17,30,397,4.1000000000000005,0,28.3
2022,5,21,18,30,180,4.3,0,26.1
2022,5,21,19,30,16,4.5,0,23.6
2022,5,21,20,30,0,5.1000000000000005,0,21.5
2022,5,21,21,30,0,5.9,0,19.6
2022,5,21,22,30,0,6.4,0,17.8
2022,5,21,23,30,0,6.4,0,16.3
2022,5,22,0,30,0,6.7,0,15
2022,5,22,1,30,0,7.2,0,13.700000000000001
2022,5,22,2,30,0,7.2,0,12.600000000000001
2022,5,22,3,30,0,6.9,0,11.8
2022,5,22,4,30,0,6.6000000000000005,0,11.3
2022,5,22,5,30,0,6.300000000000001,3,11.100000000000001
2022,5,22,6,30,78,6.1000000000000005,0,11.600000000000001
2022,5,22,7,30,63,5.800000000000001,3,12.9
2022,5,22,8,30,280,5.2,3,14.600000000000001
2022,5,22,9,30,282,4.6000000000000005,3,16.5
2022,5,22,10,30,541,4.1000000000000005,3,18.400000000000002
2022,5,22,11,30,245,3.6,3,20.200000000000003
2022,5,22,12,30,587,3.2,3,21.900000000000002
2022,5,22,13,30,876,2.8000000000000003,0,23.5
2022,5,22,14,30,886,2.5,0,24.8
2022,5,22,15,30,764,2.3000000000000003,0,25.400000000000002
2022,5,22,16,30,455,2.2,8,25.1
2022,5,22,17,30,327,2.1,8,24.3
2022,5,22,18,30,138,1.6,7,23.1
2022,5,22,19,30,12,1.3,7,21.5
2022,5,22,20,30,0,1.9000000000000001,7,20.700000000000003
2022,5,22,21,30,0,2.8000000000000003,0,20.400000000000002
2022,5,22,22,30,0,3,0,19.900000000000002
2022,5,22,23,30,0,2.9000000000000004,8,19.1
2022,5,23,0,30,0,3,8,18.3
2022,5,23,1,30,0,3.4000000000000004,0,17.6
2022,5,23,2,30,0,3.5,8,17.1
2022,5,23,3,30,0,3.3000000000000003,8,16.8
2022,5,23,4,30,0,3.1,7,16.900000000000002
2022,5,23,5,30,0,3.3000000000000003,7,17.2
2022,5,23,6,30,30,3.6,7,18.1
2022,5,23,7,30,134,4,8,19.3
2022,5,23,8,30,177,4.6000000000000005,7,20.700000000000003
2022,5,23,9,30,395,5,7,21.8
2022,5,23,10,30,422,5.2,8,22.700000000000003
2022,5,23,11,30,732,5.300000000000001,7,23.400000000000002
2022,5,23,12,30,462,5.4,9,24.1
2022,5,23,13,30,255,5.7,9,24.6
2022,5,23,14,30,657,5.9,7,24.8
2022,5,23,15,30,474,5.9,7,24.400000000000002
2022,5,23,16,30,427,5.4,8,23.700000000000003
2022,5,23,17,30,353,4.7,0,22.8
2022,5,23,18,30,161,4.3,0,21.8
2022,5,23,19,30,14,4.6000000000000005,0,20.8
2022,5,23,20,30,0,5,0,19.900000000000002
2022,5,23,21,30,0,4.800000000000001,8,19.3
2022,5,23,22,30,0,4.3,7,19
2022,5,23,23,30,0,4,7,18.7
2022,5,24,0,30,0,3.8000000000000003,7,18.5
2022,5,24,1,30,0,3.8000000000000003,6,18.3
2022,5,24,2,30,0,3.9000000000000004,7,18.3
2022,5,24,3,30,0,4,8,18.1
2022,5,24,4,30,0,4.2,8,18.1
2022,5,24,5,30,0,4.4,5,18.2
2022,5,24,6,30,20,4.9,3,19
2022,5,24,7,30,34,5.6000000000000005,3,20.8
2022,5,24,8,30,84,5.7,3,23.700000000000003
2022,5,24,9,30,166,5.2,3,26.6
2022,5,24,10,30,228,4.4,3,28.5
2022,5,24,11,30,507,3.5,8,29.700000000000003
2022,5,24,12,30,752,2.7,8,30.700000000000003
2022,5,24,13,30,631,2.2,7,31.3
2022,5,24,14,30,740,2.1,8,30.900000000000002
2022,5,24,15,30,743,2.3000000000000003,0,30.200000000000003
2022,5,24,16,30,342,2.9000000000000004,9,28.900000000000002
2022,5,24,17,30,42,4.3,9,26.400000000000002
2022,5,24,18,30,15,6,9,22.400000000000002
2022,5,24,19,30,9,7.1000000000000005,9,18.400000000000002
2022,5,24,20,30,0,6.800000000000001,6,16
2022,5,24,21,30,0,5.6000000000000005,6,14.9
2022,5,24,22,30,0,4.5,7,14.3
2022,5,24,23,30,0,3.7,8,13.700000000000001
2022,5,25,0,30,0,2.8000000000000003,0,13.200000000000001
2022,5,25,1,30,0,2.2,0,12.600000000000001
2022,5,25,2,30,0,2.4000000000000004,0,11.9
2022,5,25,3,30,0,3,0,11.4
2022,5,25,4,30,0,3.5,0,10.9
2022,5,25,5,30,0,4.1000000000000005,0,10.9
2022,5,25,6,30,104,5.1000000000000005,0,12
2022,5,25,7,30,307,5.7,0,14.100000000000001
2022,5,25,8,30,530,5.7,0,16.5
2022,5,25,9,30,732,5.4,0,18.8
2022,5,25,10,30,894,5.1000000000000005,0,20.900000000000002
2022,5,25,11,30,1007,5.1000000000000005,0,22.700000000000003
2022,5,25,12,30,1055,5.300000000000001,0,24.1
2022,5,25,13,30,1037,5.4,0,25.1
2022,5,25,14,30,953,5.300000000000001,0,25.6
2022,5,25,15,30,811,5.1000000000000005,0,25.8
2022,5,25,16,30,626,4.7,0,25.6
2022,5,25,17,30,412,3.9000000000000004,0,24.8
2022,5,25,18,30,193,2.2,0,22.5
2022,5,25,19,30,22,1,0,20.5
2022,5,25,20,30,0,0.6000000000000001,0,20.3
2022,5,25,21,30,0,0.6000000000000001,0,19.8
2022,5,25,22,30,0,0.9,0,18.400000000000002
2022,5,25,23,30,0,1.2000000000000002,0,16.7
2022,5,26,0,30,0,1.4000000000000001,0,15.4
2022,5,26,1,30,0,1.6,0,14.600000000000001
2022,5,26,2,30,0,1.8,0,14.200000000000001
2022,5,26,3,30,0,1.9000000000000001,0,13.8
2022,5,26,4,30,0,1.9000000000000001,0,13.3
2022,5,26,5,30,0,2.1,0,13.9
2022,5,26,6,30,108,2.8000000000000003,0,16.5
2022,5,26,7,30,317,3.2,0,20.400000000000002
2022,5,26,8,30,537,3.5,0,24.8
2022,5,26,9,30,738,3.4000000000000004,0,28.200000000000003
2022,5,26,10,30,899,2.8000000000000003,0,30.3
2022,5,26,11,30,1007,2.5,0,32
2022,5,26,12,30,1054,2.1,0,33.300000000000004
2022,5,26,13,30,1038,1.8,0,34.2
2022,5,26,14,30,954,1.4000000000000001,0,34.7
2022,5,26,15,30,813,1,0,34.7
2022,5,26,16,30,630,1.1,0,34.2
2022,5,26,17,30,415,1.3,0,32.800000000000004
2022,5,26,18,30,194,1.3,0,29.1
2022,5,26,19,30,22,1.5,0,25.3
2022,5,26,20,30,0,1.8,0,23.5
2022,5,26,21,30,0,1.9000000000000001,0,22.400000000000002
2022,5,26,22,30,0,2,0,21.200000000000003
2022,5,26,23,30,0,2.1,0,20.1
2022,5,27,0,30,0,2.1,0,19.200000000000003
2022,5,27,1,30,0,2,0,18.3
2022,5,27,2,30,0,1.8,0,17.6
2022,5,27,3,30,0,1.6,0,17.1
2022,5,27,4,30,0,1.4000000000000001,0,16.6
2022,5,27,5,30,0,1.6,0,17.2
2022,5,27,6,30,95,2.2,0,19.5
2022,5,27,7,30,292,3.1,0,23.1
2022,5,27,8,30,508,3.9000000000000004,0,27.200000000000003
2022,5,27,9,30,712,4.4,0,30.400000000000002
2022,5,27,10,30,870,4.7,0,32.9
2022,5,27,11,30,984,4.9,0,34.800000000000004
2022,5,27,12,30,1035,5,0,36.300000000000004
2022,5,27,13,30,1016,5,0,37.300000000000004
2022,5,27,14,30,933,5.1000000000000005,0,37.800000000000004
2022,5,27,15,30,793,5.1000000000000005,0,37.800000000000004
2022,5,27,16,30,609,5.2,0,37.1
2022,5,27,17,30,398,5,0,35.800000000000004
2022,5,27,18,30,183,4.4,0,33.1
2022,5,27,19,30,20,4.2,0,30.3
2022,5,27,20,30,0,4.6000000000000005,0,28.5
2022,5,27,21,30,0,4.800000000000001,0,27.3
2022,5,27,22,30,0,4.9,0,26.200000000000003
2022,5,27,23,30,0,5,0,25.3
2022,5,28,0,30,0,4.9,0,24.400000000000002
2022,5,28,1,30,0,4.7,8,23.6
2022,5,28,2,30,0,4.4,7,23
2022,5,28,3,30,0,4.2,7,22.5
2022,5,28,4,30,0,4,0,22
2022,5,28,5,30,0,4.1000000000000005,0,22.200000000000003
2022,5,28,6,30,98,5,0,23.900000000000002
2022,5,28,7,30,296,6.1000000000000005,0,27.200000000000003
2022,5,28,8,30,494,6.6000000000000005,0,31
2022,5,28,9,30,702,6.6000000000000005,0,34.5
2022,5,28,10,30,859,6.5,0,37.2
2022,5,28,11,30,967,6.2,0,39.300000000000004
2022,5,28,12,30,1014,5.9,0,40.7
2022,5,28,13,30,998,5.800000000000001,0,41.5
2022,5,28,14,30,917,5.9,0,41.6
2022,5,28,15,30,777,6.2,0,41.2
2022,5,28,16,30,555,6.4,0,40.2
2022,5,28,17,30,342,6.5,7,38.5
2022,5,28,18,30,102,6.5,7,36
2022,5,28,19,30,17,7,8,33.4
2022,5,28,20,30,0,7.4,8,31.3
2022,5,28,21,30,0,7.300000000000001,0,29.6
2022,5,28,22,30,0,7.5,0,28.400000000000002
2022,5,28,23,30,0,7.800000000000001,0,27.5
2022,5,29,0,30,0,7.9,7,26.8
2022,5,29,1,30,0,7.9,0,25.900000000000002
2022,5,29,2,30,0,7.9,0,25
2022,5,29,3,30,0,7.7,0,24.200000000000003
2022,5,29,4,30,0,7.300000000000001,0,23.6
2022,5,29,5,30,0,6.9,0,23.3
2022,5,29,6,30,101,6.9,0,24.400000000000002
2022,5,29,7,30,273,7,7,27.3
2022,5,29,8,30,521,6.800000000000001,0,30.900000000000002
2022,5,29,9,30,722,6.300000000000001,0,34.1
2022,5,29,10,30,880,6,0,36.5
2022,5,29,11,30,842,6,8,38.1
2022,5,29,12,30,908,6.300000000000001,8,39.300000000000004
2022,5,29,13,30,925,6.6000000000000005,8,39.900000000000006
2022,5,29,14,30,926,7,0,40.300000000000004
2022,5,29,15,30,791,7.300000000000001,0,40.2
2022,5,29,16,30,610,7.7,0,39.7
2022,5,29,17,30,401,7.7,0,38.400000000000006
2022,5,29,18,30,185,7.7,0,36
2022,5,29,19,30,22,8.1,0,33.2
2022,5,29,20,30,0,8.700000000000001,0,31.200000000000003
2022,5,29,21,30,0,8.9,0,29.8
2022,5,29,22,30,0,8.8,0,28.6
2022,5,29,23,30,0,8.3,0,27.5
2022,5,30,0,30,0,7.6000000000000005,0,26.3
2022,5,30,1,30,0,7.2,0,25.3
2022,5,30,2,30,0,7.2,0,24.400000000000002
2022,5,30,3,30,0,7,0,23.5
2022,5,30,4,30,0,6.6000000000000005,0,22.700000000000003
2022,5,30,5,30,0,6.2,0,22.6
2022,5,30,6,30,100,6,0,23.900000000000002
2022,5,30,7,30,300,5.7,0,26.900000000000002
2022,5,30,8,30,515,5.1000000000000005,0,30.400000000000002
2022,5,30,9,30,713,4.5,0,33.300000000000004
2022,5,30,10,30,875,4.3,0,35.5
2022,5,30,11,30,990,4.4,0,37.2
2022,5,30,12,30,1046,4.9,0,38.400000000000006
2022,5,30,13,30,1031,5.4,0,39.1
2022,5,30,14,30,950,5.800000000000001,0,39.300000000000004
2022,5,30,15,30,814,5.800000000000001,0,39
2022,5,30,16,30,630,5.5,0,38.300000000000004
2022,5,30,17,30,416,4.7,0,37.2
2022,5,30,18,30,198,3.5,0,34.300000000000004
2022,5,30,19,30,25,3.1,0,31
2022,5,30,20,30,0,4,0,29.400000000000002
2022,5,30,21,30,0,4.5,0,28.5
2022,5,30,22,30,0,4.5,0,27.6
2022,5,30,23,30,0,4.5,0,26.900000000000002
2022,5,31,0,30,0,4.6000000000000005,0,26.3
2022,5,31,1,30,0,5,0,25.6
2022,5,31,2,30,0,5.300000000000001,0,24.8
2022,5,31,3,30,0,5.4,0,24.1
2022,5,31,4,30,0,5.300000000000001,0,23.6
2022,5,31,5,30,0,5.4,0,23.6
2022,5,31,6,30,86,6,0,24.5
2022,5,31,7,30,186,6.5,3,26.400000000000002
2022,5,31,8,30,499,6.4,0,28.6
2022,5,31,9,30,696,6.1000000000000005,0,30.900000000000002
2022,5,31,10,30,851,5.7,0,33.1
2022,5,31,11,30,954,5.4,0,35
2022,5,31,12,30,999,5.300000000000001,0,36.7
2022,5,31,13,30,979,5.300000000000001,0,37.9
2022,5,31,14,30,899,5.4,0,38.6
2022,5,31,15,30,765,5.7,0,38.5
2022,5,31,16,30,588,6,0,37.7
2022,5,31,17,30,385,6.2,0,36.2
2022,5,31,18,30,181,6,0,34.2
2022,5,31,19,30,22,5.7,0,32.2
2022,5,31,20,30,0,5.6000000000000005,8,30.700000000000003
2022,5,31,21,30,0,5.300000000000001,8,29.6
2022,5,31,22,30,0,4.9,0,28.5
2022,5,31,23,30,0,4.800000000000001,0,27.6
2022,6,1,0,30,0,5.1000000000000005,0,26.700000000000003
2022,6,1,1,30,0,5.2,0,25.8
2022,6,1,2,30,0,5.1000000000000005,0,24.900000000000002
2022,6,1,3,30,0,4.800000000000001,3,24.1
2022,6,1,4,30,0,4.4,0,23.5
2022,6,1,5,30,0,4.1000000000000005,3,23.3
2022,6,1,6,30,64,4.3,3,23.8
2022,6,1,7,30,133,4.7,3,25.3
2022,6,1,8,30,246,4.7,3,27.3
2022,6,1,9,30,554,4.5,3,29.3
2022,6,1,10,30,710,4.2,3,30.700000000000003
2022,6,1,11,30,949,4.1000000000000005,0,31.700000000000003
2022,6,1,12,30,996,4.2,0,32.5
2022,6,1,13,30,981,4.4,0,33.300000000000004
2022,6,1,14,30,846,4.6000000000000005,0,33.800000000000004
2022,6,1,15,30,757,4.6000000000000005,0,33.800000000000004
2022,6,1,16,30,439,4.4,9,33.4
2022,6,1,17,30,67,4.5,9,32.5
2022,6,1,18,30,58,4.6000000000000005,9,30.8
2022,6,1,19,30,13,4.800000000000001,9,29
2022,6,1,20,30,0,4.7,9,27.6
2022,6,1,21,30,0,3.9000000000000004,9,26.3
2022,6,1,22,30,0,2.9000000000000004,6,24.900000000000002
2022,6,1,23,30,0,2.4000000000000004,7,23.6
2022,6,2,0,30,0,2.7,0,22.5
2022,6,2,1,30,0,2.8000000000000003,0,21.6
2022,6,2,2,30,0,2.4000000000000004,0,20.900000000000002
2022,6,2,3,30,0,1.7000000000000002,0,20.3
2022,6,2,4,30,0,1.4000000000000001,3,19.900000000000002
2022,6,2,5,30,0,1.6,3,19.8
2022,6,2,6,30,62,2,3,20.1
2022,6,2,7,30,267,2.2,0,21
2022,6,2,8,30,338,2.4000000000000004,0,22.400000000000002
2022,6,2,9,30,436,2.6,0,23.900000000000002
2022,6,2,10,30,295,2.5,3,25.5
2022,6,2,11,30,383,2.3000000000000003,3,26.8
2022,6,2,12,30,240,2.1,3,27.6
2022,6,2,13,30,500,2,3,27.8
2022,6,2,14,30,589,2,0,27.6
2022,6,2,15,30,488,2.4000000000000004,0,26.900000000000002
2022,6,2,16,30,503,2.8000000000000003,0,26
2022,6,2,17,30,399,3.1,0,24.8
2022,6,2,18,30,193,3.1,0,23.400000000000002
2022,6,2,19,30,24,3,8,21.8
2022,6,2,20,30,0,3.3000000000000003,8,20.8
2022,6,2,21,30,0,3.3000000000000003,7,20.1
2022,6,2,22,30,0,3,7,19.700000000000003
2022,6,2,23,30,0,2.9000000000000004,0,19.400000000000002
2022,6,3,0,30,0,2.9000000000000004,9,19.3
2022,6,3,1,30,0,2.9000000000000004,9,19.200000000000003
2022,6,3,2,30,0,2.9000000000000004,9,19
2022,6,3,3,30,0,2.9000000000000004,9,18.900000000000002
2022,6,3,4,30,0,2.9000000000000004,6,18.8
2022,6,3,5,30,0,2.8000000000000003,6,19
2022,6,3,6,30,86,2.9000000000000004,8,19.8
2022,6,3,7,30,259,3,7,21.200000000000003
2022,6,3,8,30,470,3.4000000000000004,0,23
2022,6,3,9,30,630,3.9000000000000004,0,25.1
2022,6,3,10,30,703,4.1000000000000005,3,26.900000000000002
2022,6,3,11,30,960,3.8000000000000003,0,28.1
2022,6,3,12,30,1010,3.2,0,28.700000000000003
2022,6,3,13,30,992,2.5,0,28.700000000000003
2022,6,3,14,30,914,1.5,0,28.400000000000002
2022,6,3,15,30,784,0.9,0,28.200000000000003
2022,6,3,16,30,609,1.5,0,27.900000000000002
2022,6,3,17,30,405,2.4000000000000004,0,27.3
2022,6,3,18,30,189,3.1,0,25.8
2022,6,3,19,30,20,3.9000000000000004,6,24
2022,6,3,20,30,0,4.3,9,22.6
2022,6,3,21,30,0,3.9000000000000004,9,21.6
2022,6,3,22,30,0,3.4000000000000004,9,20.900000000000002
2022,6,3,23,30,0,3,9,20.5
2022,6,4,0,30,0,2.9000000000000004,6,20.200000000000003
2022,6,4,1,30,0,2.7,6,20
2022,6,4,2,30,0,2.4000000000000004,7,19.700000000000003
2022,6,4,3,30,0,2,6,19.400000000000002
2022,6,4,4,30,0,1.9000000000000001,8,19
2022,6,4,5,30,0,2.2,8,19.1
2022,6,4,6,30,93,2.7,7,20.400000000000002
2022,6,4,7,30,284,3.2,0,23.200000000000003
2022,6,4,8,30,422,3.8000000000000003,8,26.200000000000003
2022,6,4,9,30,572,4,7,28.700000000000003
2022,6,4,10,30,859,4.1000000000000005,0,30.5
2022,6,4,11,30,963,4,0,32
2022,6,4,12,30,752,3.9000000000000004,7,33.300000000000004
2022,6,4,13,30,828,3.7,7,34.6
2022,6,4,14,30,913,3.4000000000000004,0,35.6
2022,6,4,15,30,706,3.1,0,35.9
2022,6,4,16,30,611,2.7,0,35.5
2022,6,4,17,30,408,2.2,0,34.2
2022,6,4,18,30,198,2,0,31.400000000000002
2022,6,4,19,30,29,2.9000000000000004,0,28.1
2022,6,4,20,30,0,4.1000000000000005,0,26.200000000000003
2022,6,4,21,30,0,4.6000000000000005,0,25.1
2022,6,4,22,30,0,4.7,0,24.3
2022,6,4,23,30,0,4.6000000000000005,0,23.8
2022,6,5,0,30,0,4.2,0,23.200000000000003
2022,6,5,1,30,0,3.7,0,22.6
2022,6,5,2,30,0,3.4000000000000004,0,22
2022,6,5,3,30,0,3,0,21.5
2022,6,5,4,30,0,2.8000000000000003,0,21.1
2022,6,5,5,30,0,3.4000000000000004,3,21.400000000000002
2022,6,5,6,30,107,4.4,0,23.200000000000003
2022,6,5,7,30,310,5.300000000000001,0,26.1
2022,6,5,8,30,525,5.6000000000000005,0,29.400000000000002
2022,6,5,9,30,722,5.2,0,32.5
2022,6,5,10,30,883,5.1000000000000005,0,35.300000000000004
2022,6,5,11,30,962,5.1000000000000005,0,37.4
2022,6,5,12,30,1043,5.2,0,38.7
2022,6,5,13,30,989,5.2,0,39.400000000000006
2022,6,5,14,30,792,5.1000000000000005,7,39.5
2022,6,5,15,30,730,4.800000000000001,0,39.2
2022,6,5,16,30,631,4.1000000000000005,0,38.300000000000004
2022,6,5,17,30,413,2.6,0,36
2022,6,5,18,30,165,1.5,7,32.2
2022,6,5,19,30,31,1.5,0,28.900000000000002
2022,6,5,20,30,0,1.6,0,27
2022,6,5,21,30,0,1.9000000000000001,7,25.900000000000002
2022,6,5,22,30,0,2.2,0,25.1
2022,6,5,23,30,0,2.7,0,24.5
2022,6,6,0,30,0,3.1,0,23.8
2022,6,6,1,30,0,3.3000000000000003,0,22.900000000000002
2022,6,6,2,30,0,3.4000000000000004,0,21.900000000000002
2022,6,6,3,30,0,3.4000000000000004,0,21.200000000000003
2022,6,6,4,30,0,3.6,0,20.8
2022,6,6,5,30,0,4,0,21.200000000000003
2022,6,6,6,30,107,4.5,0,23.200000000000003
2022,6,6,7,30,308,4.800000000000001,0,26.5
2022,6,6,8,30,523,4.4,0,30.3
2022,6,6,9,30,719,3.6,0,33.7
2022,6,6,10,30,878,2.9000000000000004,0,36.6
2022,6,6,11,30,986,2.4000000000000004,0,38.900000000000006
2022,6,6,12,30,1033,2.1,0,40.400000000000006
2022,6,6,13,30,1017,1.8,0,41.1
2022,6,6,14,30,939,1.6,0,41.400000000000006
2022,6,6,15,30,805,1.5,0,41.1
2022,6,6,16,30,627,1.5,0,40.300000000000004
2022,6,6,17,30,420,1.4000000000000001,0,38.800000000000004
2022,6,6,18,30,207,1.4000000000000001,0,35.5
2022,6,6,19,30,32,2,0,31.8
2022,6,6,20,30,0,2.8000000000000003,0,29.6
2022,6,6,21,30,0,3.2,0,28.1
2022,6,6,22,30,0,2.9000000000000004,0,26.700000000000003
2022,6,6,23,30,0,2.3000000000000003,0,25.6
2022,6,7,0,30,0,1.8,0,24.700000000000003
2022,6,7,1,30,0,1.8,0,24
2022,6,7,2,30,0,2.1,0,23.400000000000002
2022,6,7,3,30,0,2.3000000000000003,0,22.8
2022,6,7,4,30,0,2.2,0,22.1
2022,6,7,5,30,0,2.2,0,22.3
2022,6,7,6,30,109,2.5,0,24.1
2022,6,7,7,30,311,2.6,0,27.1
2022,6,7,8,30,523,2.3000000000000003,0,30.200000000000003
2022,6,7,9,30,716,2.1,0,33
2022,6,7,10,30,871,1.8,0,35.300000000000004
2022,6,7,11,30,975,1.7000000000000002,0,37.1
2022,6,7,12,30,1022,1.9000000000000001,0,38.5
2022,6,7,13,30,1004,2.3000000000000003,0,39.300000000000004
2022,6,7,14,30,925,2.6,0,39.7
2022,6,7,15,30,791,2.8000000000000003,0,39.7
2022,6,7,16,30,614,3,0,39.2
2022,6,7,17,30,393,3.1,8,38
2022,6,7,18,30,147,2.7,7,35.300000000000004
2022,6,7,19,30,26,2.7,8,32.4
2022,6,7,20,30,0,3.2,6,31.1
2022,6,7,21,30,0,3.1,7,30
2022,6,7,22,30,0,2.7,8,28.8
2022,6,7,23,30,0,2.4000000000000004,8,27.6
2022,6,8,0,30,0,2.4000000000000004,7,26.6
2022,6,8,1,30,0,2.6,7,25.8
2022,6,8,2,30,0,2.8000000000000003,7,25.1
2022,6,8,3,30,0,3,7,24.400000000000002
2022,6,8,4,30,0,3.1,8,23.8
2022,6,8,5,30,0,3.7,7,23.900000000000002
2022,6,8,6,30,89,4.800000000000001,8,25.3
2022,6,8,7,30,297,5.6000000000000005,0,27.900000000000002
2022,6,8,8,30,505,5.4,0,30.8
2022,6,8,9,30,646,4.7,0,33.300000000000004
2022,6,8,10,30,646,3.5,8,35.2
2022,6,8,11,30,703,2.9000000000000004,8,36.7
2022,6,8,12,30,718,3.6,8,37.4
2022,6,8,13,30,946,4.9,0,37.5
2022,6,8,14,30,898,5.7,0,37.1
2022,6,8,15,30,768,5.800000000000001,0,36.5
2022,6,8,16,30,591,5.7,0,35.4
2022,6,8,17,30,307,5.5,7,34
2022,6,8,18,30,121,4.800000000000001,9,31.900000000000002
2022,6,8,19,30,21,4.2,6,29.5
2022,6,8,20,30,0,4.2,6,27.8
2022,6,8,21,30,0,4.3,6,26.400000000000002
2022,6,8,22,30,0,4.3,0,25.200000000000003
2022,6,8,23,30,0,4.1000000000000005,0,24
2022,6,9,0,30,0,3.9000000000000004,0,23.1
2022,6,9,1,30,0,3.7,0,22.400000000000002
2022,6,9,2,30,0,3.4000000000000004,0,21.900000000000002
2022,6,9,3,30,0,3.3000000000000003,8,21.700000000000003
2022,6,9,4,30,0,3.2,8,21.5
2022,6,9,5,30,0,3.3000000000000003,7,21.700000000000003
2022,6,9,6,30,99,3.6,0,23
2022,6,9,7,30,291,3.6,0,25.400000000000002
2022,6,9,8,30,499,3.5,0,28.1
2022,6,9,9,30,691,3.5,0,30.700000000000003
2022,6,9,10,30,849,3.7,0,32.800000000000004
2022,6,9,11,30,958,3.8000000000000003,0,34.5
2022,6,9,12,30,1008,3.9000000000000004,0,35.9
2022,6,9,13,30,995,4,0,37
2022,6,9,14,30,919,4,0,37.6
2022,6,9,15,30,788,3.9000000000000004,0,37.7
2022,6,9,16,30,614,3.8000000000000003,0,37.300000000000004
2022,6,9,17,30,409,3.6,0,36.1
2022,6,9,18,30,201,2.6,0,33.300000000000004
2022,6,9,19,30,30,2.2,8,30.3
2022,6,9,20,30,0,2.9000000000000004,0,29.1
2022,6,9,21,30,0,3.3000000000000003,8,28.3
2022,6,9,22,30,0,3.1,0,27.200000000000003
2022,6,9,23,30,0,2.8000000000000003,0,26.3
2022,6,10,0,30,0,2.8000000000000003,0,25.8
2022,6,10,1,30,0,3,0,25.400000000000002
2022,6,10,2,30,0,3.1,0,24.8
2022,6,10,3,30,0,2.7,0,24.1
2022,6,10,4,30,0,2.1,0,23.1
2022,6,10,5,30,0,2,0,23.3
2022,6,10,6,30,105,3,0,25
2022,6,10,7,30,303,4.1000000000000005,0,27.6
2022,6,10,8,30,513,4.6000000000000005,0,30.3
2022,6,10,9,30,708,4.6000000000000005,0,32.9
2022,6,10,10,30,867,4.5,0,35.2
2022,6,10,11,30,977,4.1000000000000005,0,37.1
2022,6,10,12,30,1026,3.7,0,38.5
2022,6,10,13,30,1013,3.3000000000000003,0,39.400000000000006
2022,6,10,14,30,935,3.1,0,39.900000000000006
2022,6,10,15,30,803,3.1,0,39.800000000000004
2022,6,10,16,30,627,3.2,0,39.1
2022,6,10,17,30,422,3.2,0,37.9
2022,6,10,18,30,210,2.4000000000000004,0,34.9
2022,6,10,19,30,35,2,0,31.700000000000003
2022,6,10,20,30,0,2.5,0,30.200000000000003
2022,6,10,21,30,0,3.1,0,29.400000000000002
2022,6,10,22,30,0,3.5,0,28.6
2022,6,10,23,30,0,3.8000000000000003,0,27.8
2022,6,11,0,30,0,3.9000000000000004,0,27.1
2022,6,11,1,30,0,4,0,26.6
2022,6,11,2,30,0,4.1000000000000005,0,26.1
2022,6,11,3,30,0,4,0,25.6
2022,6,11,4,30,0,3.9000000000000004,0,25.1
2022,6,11,5,30,0,4.1000000000000005,0,25.200000000000003
2022,6,11,6,30,108,4.6000000000000005,0,27
2022,6,11,7,30,308,5.1000000000000005,0,30
2022,6,11,8,30,519,5.300000000000001,0,33.2
2022,6,11,9,30,713,5,0,35.9
2022,6,11,10,30,871,4.7,0,38.400000000000006
2022,6,11,11,30,978,4.5,0,40.300000000000004
2022,6,11,12,30,1027,4.4,0,41.7
2022,6,11,13,30,1012,4.4,0,42.400000000000006
2022,6,11,14,30,937,4.4,0,42.6
2022,6,11,15,30,804,4.5,0,42.400000000000006
2022,6,11,16,30,628,4.5,0,41.5
2022,6,11,17,30,422,4.2,0,40.1
2022,6,11,18,30,211,3.3000000000000003,0,36.9
2022,6,11,19,30,35,3.1,0,33.7
2022,6,11,20,30,0,4,0,32.300000000000004
2022,6,11,21,30,0,4.6000000000000005,0,31.400000000000002
2022,6,11,22,30,0,4.6000000000000005,0,30.3
2022,6,11,23,30,0,4.2,0,29.1
2022,6,12,0,30,0,3.9000000000000004,0,28
2022,6,12,1,30,0,3.9000000000000004,0,27.200000000000003
2022,6,12,2,30,0,3.8000000000000003,0,26.5
2022,6,12,3,30,0,3.7,0,25.8
2022,6,12,4,30,0,3.7,0,25.200000000000003
2022,6,12,5,30,0,4.2,0,25.3
2022,6,12,6,30,96,5.300000000000001,8,27
2022,6,12,7,30,308,6.5,0,30.1
2022,6,12,8,30,522,7.1000000000000005,0,33.5
2022,6,12,9,30,717,7,0,36.300000000000004
2022,6,12,10,30,875,6.6000000000000005,0,38.5
2022,6,12,11,30,983,6.300000000000001,0,40.300000000000004
2022,6,12,12,30,1032,6.1000000000000005,0,41.6
2022,6,12,13,30,1016,6,0,42.400000000000006
2022,6,12,14,30,935,6,0,42.6
2022,6,12,15,30,802,6,0,42.2
2022,6,12,16,30,626,6.1000000000000005,0,41.2
2022,6,12,17,30,422,5.800000000000001,0,39.6
2022,6,12,18,30,210,4.800000000000001,0,36.800000000000004
2022,6,12,19,30,37,3.8000000000000003,0,33.5
2022,6,12,20,30,0,3.8000000000000003,0,31.400000000000002
2022,6,12,21,30,0,4,0,30.1
2022,6,12,22,30,0,4,0,28.900000000000002
2022,6,12,23,30,0,3.9000000000000004,0,27.8
2022,6,13,0,30,0,3.9000000000000004,0,26.900000000000002
2022,6,13,1,30,0,4.2,0,26.3
2022,6,13,2,30,0,4.4,0,25.6
2022,6,13,3,30,0,4.3,0,24.900000000000002
2022,6,13,4,30,0,4,0,24.200000000000003
2022,6,13,5,30,0,4.3,0,24
2022,6,13,6,30,106,5.6000000000000005,0,25.3
2022,6,13,7,30,306,6.800000000000001,0,27.8
2022,6,13,8,30,517,7.300000000000001,0,30.8
2022,6,13,9,30,711,7.7,0,33.5
2022,6,13,10,30,868,7.9,0,35.9
2022,6,13,11,30,976,7.800000000000001,0,37.7
2022,6,13,12,30,1025,7.800000000000001,0,39
2022,6,13,13,30,1010,7.800000000000001,0,39.800000000000004
2022,6,13,14,30,932,7.7,0,40.1
2022,6,13,15,30,798,7.6000000000000005,0,39.800000000000004
2022,6,13,16,30,622,7.5,0,38.900000000000006
2022,6,13,17,30,418,7.300000000000001,0,37.5
2022,6,13,18,30,207,6.800000000000001,0,35.5
2022,6,13,19,30,35,6.5,0,33.300000000000004
2022,6,13,20,30,0,6.6000000000000005,0,31.700000000000003
2022,6,13,21,30,0,6.5,0,30.400000000000002
2022,6,13,22,30,0,6.4,0,29.200000000000003
2022,6,13,23,30,0,6.5,0,28.200000000000003
2022,6,14,0,30,0,6.7,0,27.200000000000003
2022,6,14,1,30,0,7,0,26.3
2022,6,14,2,30,0,7.2,0,25.5
2022,6,14,3,30,0,6.9,0,24.700000000000003
2022,6,14,4,30,0,6.6000000000000005,0,24.1
2022,6,14,5,30,0,6.6000000000000005,0,24
2022,6,14,6,30,98,7,0,25
2022,6,14,7,30,291,7.1000000000000005,0,27.1
2022,6,14,8,30,498,6.6000000000000005,0,29.700000000000003
2022,6,14,9,30,689,5.800000000000001,0,32.300000000000004
2022,6,14,10,30,843,4.9,0,34.800000000000004
2022,6,14,11,30,949,4.3,0,36.800000000000004
2022,6,14,12,30,996,4.2,0,38.2
2022,6,14,13,30,980,4.5,0,39.1
2022,6,14,14,30,903,5,0,39.400000000000006
2022,6,14,15,30,773,5.5,0,39.1
2022,6,14,16,30,599,5.9,0,38.300000000000004
2022,6,14,17,30,398,6.1000000000000005,0,36.9
2022,6,14,18,30,188,5.800000000000001,8,35.1
2022,6,14,19,30,32,5.4,0,33.1
2022,6,14,20,30,0,5.2,0,31.5
2022,6,14,21,30,0,5.4,8,30.200000000000003
2022,6,14,22,30,0,6.1000000000000005,8,29
2022,6,14,23,30,0,6.300000000000001,8,27.900000000000002
2022,6,15,0,30,0,6.1000000000000005,7,27.1
2022,6,15,1,30,0,6,7,26.6
2022,6,15,2,30,0,6,8,26.200000000000003
2022,6,15,3,30,0,6,8,25.6
2022,6,15,4,30,0,5.800000000000001,0,24.8
2022,6,15,5,30,0,6.1000000000000005,0,24.400000000000002
2022,6,15,6,30,94,6.9,0,24.900000000000002
2022,6,15,7,30,290,7.300000000000001,0,26.6
2022,6,15,8,30,496,7.300000000000001,0,29
2022,6,15,9,30,687,7.1000000000000005,0,31.400000000000002
2022,6,15,10,30,842,6.9,0,33.800000000000004
2022,6,15,11,30,953,6.7,0,35.800000000000004
2022,6,15,12,30,1007,6.4,0,37.300000000000004
2022,6,15,13,30,994,6.2,0,38.300000000000004
2022,6,15,14,30,920,6.1000000000000005,0,38.6
2022,6,15,15,30,792,6.1000000000000005,0,38.5
2022,6,15,16,30,621,6.1000000000000005,0,37.7
2022,6,15,17,30,421,6.1000000000000005,0,36.5
2022,6,15,18,30,212,5.7,0,34.800000000000004
2022,6,15,19,30,38,5.2,0,32.800000000000004
2022,6,15,20,30,0,5.2,0,31.3
2022,6,15,21,30,0,5,0,30.1
2022,6,15,22,30,0,4.5,0,28.900000000000002
2022,6,15,23,30,0,4.3,0,28
2022,6,16,0,30,0,4.3,0,27.200000000000003
2022,6,16,1,30,0,4.5,0,26.6
2022,6,16,2,30,0,4.6000000000000005,0,26
2022,6,16,3,30,0,4.5,0,25.3
2022,6,16,4,30,0,4.2,0,24.700000000000003
2022,6,16,5,30,0,4.4,0,24.6
2022,6,16,6,30,98,5.300000000000001,0,25.5
2022,6,16,7,30,293,6.1000000000000005,0,27.400000000000002
2022,6,16,8,30,502,6.300000000000001,0,29.700000000000003
2022,6,16,9,30,695,6.4,0,32
2022,6,16,10,30,853,6.300000000000001,0,34.1
2022,6,16,11,30,960,6.300000000000001,0,36
2022,6,16,12,30,1008,6.300000000000001,0,37.4
2022,6,16,13,30,994,6.300000000000001,0,38.300000000000004
2022,6,16,14,30,917,6.4,0,38.7
2022,6,16,15,30,784,6.5,0,38.6
2022,6,16,16,30,610,6.4,0,37.9
2022,6,16,17,30,406,6.2,0,36.6
2022,6,16,18,30,199,5.300000000000001,0,34.5
2022,6,16,19,30,33,4.1000000000000005,0,31.900000000000002
2022,6,16,20,30,0,3.6,0,30
2022,6,16,21,30,0,3.5,0,28.900000000000002
2022,6,16,22,30,0,3.4000000000000004,0,27.900000000000002
2022,6,16,23,30,0,3.3000000000000003,0,27.1
2022,6,17,0,30,0,3.1,0,26.3
2022,6,17,1,30,0,2.9000000000000004,0,25.6
2022,6,17,2,30,0,2.7,0,24.900000000000002
2022,6,17,3,30,0,2.7,0,24.200000000000003
2022,6,17,4,30,0,2.6,0,23.5
2022,6,17,5,30,0,2.9000000000000004,0,23.6
2022,6,17,6,30,98,3.9000000000000004,0,25.200000000000003
2022,6,17,7,30,295,4.6000000000000005,0,27.700000000000003
2022,6,17,8,30,508,4.800000000000001,0,30.5
2022,6,17,9,30,707,4.9,0,33
2022,6,17,10,30,868,4.800000000000001,0,35
2022,6,17,11,30,981,4.7,0,36.6
2022,6,17,12,30,1036,4.800000000000001,0,37.7
2022,6,17,13,30,1021,5.1000000000000005,0,38.400000000000006
2022,6,17,14,30,942,5.300000000000001,0,38.5
2022,6,17,15,30,805,5.5,0,38.2
2022,6,17,16,30,627,5.5,0,37.300000000000004
2022,6,17,17,30,420,5.300000000000001,0,36
2022,6,17,18,30,208,4.4,0,33.800000000000004
2022,6,17,19,30,36,3.5,0,31.200000000000003
2022,6,17,20,30,0,3.4000000000000004,0,29.400000000000002
2022,6,17,21,30,0,3.3000000000000003,0,28.3
2022,6,17,22,30,0,3,0,27.1
2022,6,17,23,30,0,2.8000000000000003,0,26.1
2022,6,18,0,30,0,2.5,0,25.200000000000003
2022,6,18,1,30,0,2.3000000000000003,0,24.5
2022,6,18,2,30,0,2.2,0,24
2022,6,18,3,30,0,2.3000000000000003,0,23.700000000000003
2022,6,18,4,30,0,2.4000000000000004,0,23.3
2022,6,18,5,30,0,3,0,23.6
2022,6,18,6,30,94,4.1000000000000005,0,25.200000000000003
2022,6,18,7,30,283,4.6000000000000005,0,27.700000000000003
2022,6,18,8,30,489,4.3,0,30.400000000000002
2022,6,18,9,30,679,4.1000000000000005,0,32.6
2022,6,18,10,30,836,4.2,0,34.4
2022,6,18,11,30,945,4.4,0,35.7
2022,6,18,12,30,989,4.6000000000000005,0,36.800000000000004
2022,6,18,13,30,932,4.800000000000001,0,37.4
2022,6,18,14,30,828,4.9,0,37.7
2022,6,18,15,30,772,5,0,37.6
2022,6,18,16,30,615,5.2,0,37
2022,6,18,17,30,414,5.2,0,36
2022,6,18,18,30,207,4.6000000000000005,0,34.2
2022,6,18,19,30,39,3.8000000000000003,0,32.300000000000004
2022,6,18,20,30,0,3.5,0,30.8
2022,6,18,21,30,0,3.4000000000000004,0,29.700000000000003
2022,6,18,22,30,0,3.3000000000000003,0,28.6
2022,6,18,23,30,0,3.1,0,27.5
2022,6,19,0,30,0,3,0,26.5
2022,6,19,1,30,0,3,0,25.700000000000003
2022,6,19,2,30,0,2.9000000000000004,0,25.1
2022,6,19,3,30,0,2.7,0,24.400000000000002
2022,6,19,4,30,0,2.4000000000000004,0,23.8
2022,6,19,5,30,0,2.9000000000000004,0,24
2022,6,19,6,30,106,3.9000000000000004,0,25.5
2022,6,19,7,30,306,4.5,0,27.700000000000003
2022,6,19,8,30,517,4.7,0,30.1
2022,6,19,9,30,709,4.9,0,32.2
2022,6,19,10,30,866,5.1000000000000005,0,34
2022,6,19,11,30,974,5.300000000000001,0,35.300000000000004
2022,6,19,12,30,1024,5.5,0,36.1
2022,6,19,13,30,992,5.7,0,36.300000000000004
2022,6,19,14,30,915,5.7,0,36.2
2022,6,19,15,30,804,5.7,0,35.9
2022,6,19,16,30,620,5.6000000000000005,0,35.4
2022,6,19,17,30,429,5.4,0,34.6
2022,6,19,18,30,219,4.7,0,33.300000000000004
2022,6,19,19,30,43,3.9000000000000004,0,31.700000000000003
2022,6,19,20,30,0,3.9000000000000004,0,30.6
2022,6,19,21,30,0,4.3,0,29.900000000000002
2022,6,19,22,30,0,4.2,0,29
2022,6,19,23,30,0,3.9000000000000004,0,28.1
2022,6,20,0,30,0,3.5,0,27.1
2022,6,20,1,30,0,3.1,0,26.200000000000003
2022,6,20,2,30,0,3.1,0,25.5
2022,6,20,3,30,0,3.1,0,25
2022,6,20,4,30,0,3,0,24.400000000000002
2022,6,20,5,30,0,3.3000000000000003,0,24.5
2022,6,20,6,30,106,4.3,0,25.900000000000002
2022,6,20,7,30,305,5,0,28.1
2022,6,20,8,30,517,5.300000000000001,0,30.400000000000002
2022,6,20,9,30,712,5.5,0,32.5
2022,6,20,10,30,869,5.800000000000001,0,34.4
2022,6,20,11,30,974,5.9,0,35.800000000000004
2022,6,20,12,30,1019,5.9,0,36.9
2022,6,20,13,30,988,6,0,37.5
2022,6,20,14,30,891,6,0,37.7
2022,6,20,15,30,708,6,0,37.5
2022,6,20,16,30,501,6,3,36.800000000000004
2022,6,20,17,30,418,5.7,0,35.7
2022,6,20,18,30,214,4.9,0,34
2022,6,20,19,30,37,3.7,0,31.8
2022,6,20,20,30,0,3.1,0,30
2022,6,20,21,30,0,3,0,28.900000000000002
2022,6,20,22,30,0,2.9000000000000004,0,27.900000000000002
2022,6,20,23,30,0,2.9000000000000004,0,27
2022,6,21,0,30,0,2.8000000000000003,0,26.200000000000003
2022,6,21,1,30,0,2.7,0,25.6
2022,6,21,2,30,0,2.7,0,25.1
2022,6,21,3,30,0,2.7,0,24.6
2022,6,21,4,30,0,2.7,0,24.1
2022,6,21,5,30,0,3.3000000000000003,0,24.3
2022,6,21,6,30,103,4.5,0,25.6
2022,6,21,7,30,300,5.1000000000000005,0,27.8
2022,6,21,8,30,513,5.1000000000000005,0,30.400000000000002
2022,6,21,9,30,708,5.2,0,32.6
2022,6,21,10,30,868,5.1000000000000005,0,34.4
2022,6,21,11,30,977,4.9,0,35.800000000000004
2022,6,21,12,30,1026,4.7,0,37
2022,6,21,13,30,1011,4.5,0,37.7
2022,6,21,14,30,926,4.4,0,38
2022,6,21,15,30,759,4.4,0,37.9
2022,6,21,16,30,592,4.5,0,37.300000000000004
2022,6,21,17,30,344,4.4,0,36.2
2022,6,21,18,30,207,3.7,0,34.4
2022,6,21,19,30,44,3,0,32.2
2022,6,21,20,30,0,3.2,3,30.700000000000003
2022,6,21,21,30,0,3.6,0,29.900000000000002
2022,6,21,22,30,0,3.8000000000000003,3,28.900000000000002
2022,6,21,23,30,0,3.7,0,28
2022,6,22,0,30,0,3.5,0,26.900000000000002
2022,6,22,1,30,0,3.2,0,26
2022,6,22,2,30,0,2.9000000000000004,0,25.3
2022,6,22,3,30,0,2.5,0,24.6
2022,6,22,4,30,0,2.2,0,24
2022,6,22,5,30,0,2.5,0,24.3
2022,6,22,6,30,103,3.3000000000000003,0,26.1
2022,6,22,7,30,300,3.6,0,28.6
2022,6,22,8,30,511,3.5,0,31.200000000000003
2022,6,22,9,30,705,3.6,0,33.4
2022,6,22,10,30,862,3.9000000000000004,0,35.1
2022,6,22,11,30,970,4.2,0,36.6
2022,6,22,12,30,849,4.3,3,37.6
2022,6,22,13,30,824,4.3,3,38.300000000000004
2022,6,22,14,30,727,4.3,7,38.5
2022,6,22,15,30,642,4.3,3,38.300000000000004
2022,6,22,16,30,536,4.2,3,37.6
2022,6,22,17,30,383,4.2,0,36.5
2022,6,22,18,30,213,3.5,0,34.800000000000004
2022,6,22,19,30,42,2.8000000000000003,0,32.800000000000004
2022,6,22,20,30,0,2.9000000000000004,0,31.5
2022,6,22,21,30,0,3.3000000000000003,0,30.900000000000002
2022,6,22,22,30,0,3.4000000000000004,0,30.200000000000003
2022,6,22,23,30,0,3.3000000000000003,0,29.400000000000002
2022,6,23,0,30,0,3.1,0,28.5
2022,6,23,1,30,0,2.8000000000000003,0,27.6
2022,6,23,2,30,0,2.5,0,26.700000000000003
2022,6,23,3,30,0,2.3000000000000003,0,26
2022,6,23,4,30,0,2.2,0,25.3
2022,6,23,5,30,0,2.7,0,25.5
2022,6,23,6,30,93,3.8000000000000003,0,27.200000000000003
2022,6,23,7,30,283,4.4,0,29.8
2022,6,23,8,30,490,4.2,0,32.300000000000004
2022,6,23,9,30,682,4.1000000000000005,0,34.300000000000004
2022,6,23,10,30,837,4.1000000000000005,0,35.9
2022,6,23,11,30,954,4.2,0,37.2
2022,6,23,12,30,1016,4.2,0,38.2
2022,6,23,13,30,1003,4.1000000000000005,0,38.800000000000004
2022,6,23,14,30,929,4,0,39.1
2022,6,23,15,30,799,4,0,38.900000000000006
2022,6,23,16,30,626,3.9000000000000004,0,38.300000000000004
2022,6,23,17,30,423,3.9000000000000004,0,37.2
2022,6,23,18,30,215,3.1,0,35.1
2022,6,23,19,30,41,2.3000000000000003,0,32.5
2022,6,23,20,30,0,2.4000000000000004,0,30.900000000000002
2022,6,23,21,30,0,2.9000000000000004,0,30.200000000000003
2022,6,23,22,30,0,3.2,0,29.400000000000002
2022,6,23,23,30,0,3.4000000000000004,0,28.700000000000003
2022,6,24,0,30,0,3.4000000000000004,0,27.900000000000002
2022,6,24,1,30,0,3.4000000000000004,0,27.1
2022,6,24,2,30,0,3.2,0,26.3
2022,6,24,3,30,0,2.8000000000000003,0,25.5
2022,6,24,4,30,0,2.6,0,24.8
2022,6,24,5,30,0,2.9000000000000004,0,25
2022,6,24,6,30,105,4,0,27
2022,6,24,7,30,305,4.800000000000001,0,30
2022,6,24,8,30,517,5,0,33
2022,6,24,9,30,712,5,0,35.300000000000004
2022,6,24,10,30,871,5,0,37.1
2022,6,24,11,30,981,4.9,0,38.300000000000004
2022,6,24,12,30,1032,4.800000000000001,0,39.2
2022,6,24,13,30,1020,4.6000000000000005,0,39.7
2022,6,24,14,30,926,4.5,0,39.900000000000006
2022,6,24,15,30,816,4.3,0,39.6
2022,6,24,16,30,641,4.2,0,38.900000000000006
2022,6,24,17,30,436,4.1000000000000005,0,37.7
2022,6,24,18,30,214,3.3000000000000003,0,35.5
2022,6,24,19,30,44,2.4000000000000004,0,32.7
2022,6,24,20,30,0,2.6,0,31.1
2022,6,24,21,30,0,3.1,0,30.3
2022,6,24,22,30,0,3.5,0,29.6
2022,6,24,23,30,0,3.8000000000000003,0,28.900000000000002
2022,6,25,0,30,0,4,0,28.200000000000003
2022,6,25,1,30,0,4,0,27.5
2022,6,25,2,30,0,3.7,0,26.700000000000003
2022,6,25,3,30,0,3.4000000000000004,0,25.700000000000003
2022,6,25,4,30,0,3.3000000000000003,0,24.8
2022,6,25,5,30,0,3.7,0,24.6
2022,6,25,6,30,104,4.800000000000001,0,25.900000000000002
2022,6,25,7,30,305,5.4,0,28.6
2022,6,25,8,30,518,5.2,0,31.700000000000003
2022,6,25,9,30,712,4.9,0,34.4
2022,6,25,10,30,872,4.6000000000000005,0,36.5
2022,6,25,11,30,979,4.4,0,38
2022,6,25,12,30,1030,4.3,0,39
2022,6,25,13,30,1016,4.3,0,39.6
2022,6,25,14,30,940,4.3,0,39.7
2022,6,25,15,30,809,4.2,0,39.5
2022,6,25,16,30,600,4.1000000000000005,0,38.800000000000004
2022,6,25,17,30,386,4,0,37.6
2022,6,25,18,30,221,3.1,0,35.300000000000004
2022,6,25,19,30,44,2.2,0,32.4
2022,6,25,20,30,0,2.1,0,30.6
2022,6,25,21,30,0,2.2,0,29.5
2022,6,25,22,30,0,2.1,0,28.400000000000002
2022,6,25,23,30,0,2.2,0,27.3
2022,6,26,0,30,0,2.3000000000000003,0,26.400000000000002
2022,6,26,1,30,0,2.4000000000000004,0,25.700000000000003
2022,6,26,2,30,0,2.5,0,25.200000000000003
2022,6,26,3,30,0,2.5,0,24.700000000000003
2022,6,26,4,30,0,2.3000000000000003,0,24.200000000000003
2022,6,26,5,30,0,2.4000000000000004,0,24.400000000000002
2022,6,26,6,30,96,2.9000000000000004,0,26.1
2022,6,26,7,30,295,2.5,0,28.400000000000002
2022,6,26,8,30,502,1.6,0,30.900000000000002
2022,6,26,9,30,694,1.6,0,33
2022,6,26,10,30,849,2.6,0,34.7
2022,6,26,11,30,957,3.5,0,35.9
2022,6,26,12,30,1010,4.1000000000000005,0,36.4
2022,6,26,13,30,854,4.5,3,36.5
2022,6,26,14,30,885,4.9,0,36.2
2022,6,26,15,30,677,5.2,8,35.6
2022,6,26,16,30,583,5.5,7,34.800000000000004
2022,6,26,17,30,219,5.7,8,33.7
2022,6,26,18,30,203,5.6000000000000005,8,32.300000000000004
2022,6,26,19,30,38,5.5,0,31
2022,6,26,20,30,0,5.6000000000000005,0,29.900000000000002
2022,6,26,21,30,0,5.800000000000001,8,28.700000000000003
2022,6,26,22,30,0,6.1000000000000005,5,27.6
2022,6,26,23,30,0,6.2,5,26.400000000000002
2022,6,27,0,30,0,6,0,25.200000000000003
2022,6,27,1,30,0,5.4,0,23.900000000000002
2022,6,27,2,30,0,5,7,22.700000000000003
2022,6,27,3,30,0,4.7,8,21.6
2022,6,27,4,30,0,4.5,0,20.700000000000003
2022,6,27,5,30,0,4.2,3,20.400000000000002
2022,6,27,6,30,44,3.9000000000000004,5,21
2022,6,27,7,30,220,3.6,3,22.6
2022,6,27,8,30,495,3.3000000000000003,0,24.5
2022,6,27,9,30,687,2.9000000000000004,0,26.6
2022,6,27,10,30,843,2.7,0,28.5
2022,6,27,11,30,915,2.7,0,30.3
2022,6,27,12,30,1006,3,0,31.6
2022,6,27,13,30,994,3.4000000000000004,0,32.2
2022,6,27,14,30,921,3.8000000000000003,0,32.2
2022,6,27,15,30,794,4.2,0,31.6
2022,6,27,16,30,513,4.4,8,30.6
2022,6,27,17,30,423,4.4,0,29.3
2022,6,27,18,30,216,4.1000000000000005,0,27.8
2022,6,27,19,30,40,3.5,8,26.400000000000002
2022,6,27,20,30,0,2.7,8,25.5
2022,6,27,21,30,0,2,8,24.900000000000002
2022,6,27,22,30,0,1.5,8,24.3
2022,6,27,23,30,0,1.2000000000000002,8,23.900000000000002
2022,6,28,0,30,0,1,8,23.400000000000002
2022,6,28,1,30,0,0.8,8,22.8
2022,6,28,2,30,0,0.7000000000000001,7,22.400000000000002
2022,6,28,3,30,0,0.6000000000000001,8,22
2022,6,28,4,30,0,0.5,8,21.8
2022,6,28,5,30,0,0.6000000000000001,8,22.3
2022,6,28,6,30,85,1,8,23.900000000000002
2022,6,28,7,30,280,1.3,0,26
2022,6,28,8,30,481,1.3,0,27.700000000000003
2022,6,28,9,30,614,0.9,8,29.400000000000002
2022,6,28,10,30,827,0.9,0,31
2022,6,28,11,30,773,1.5,8,32.300000000000004
2022,6,28,12,30,329,2.1,8,33.1
2022,6,28,13,30,667,2.6,8,33.4
2022,6,28,14,30,391,3.2,8,33.300000000000004
2022,6,28,15,30,616,3.9000000000000004,7,32.6
2022,6,28,16,30,543,4.4,7,31.5
2022,6,28,17,30,245,4.800000000000001,8,30.3
2022,6,28,18,30,207,4.9,0,29
2022,6,28,19,30,41,4.7,0,27.6
2022,6,28,20,30,0,4.5,8,26.400000000000002
2022,6,28,21,30,0,4.2,8,25.400000000000002
2022,6,28,22,30,0,3.7,7,24.5
2022,6,28,23,30,0,3.3000000000000003,7,23.700000000000003
2022,6,29,0,30,0,2.9000000000000004,7,23.1
2022,6,29,1,30,0,2.5,7,22.6
2022,6,29,2,30,0,2.2,8,22.200000000000003
2022,6,29,3,30,0,1.9000000000000001,0,22
2022,6,29,4,30,0,1.6,0,21.8
2022,6,29,5,30,0,1.7000000000000002,0,22
2022,6,29,6,30,90,1.9000000000000001,0,23.1
2022,6,29,7,30,270,2,0,25
2022,6,29,8,30,484,1.9000000000000001,0,26.900000000000002
2022,6,29,9,30,675,1.8,0,28.5
2022,6,29,10,30,816,1.9000000000000001,0,29.900000000000002
2022,6,29,11,30,730,2.2,8,31
2022,6,29,12,30,768,2.3000000000000003,8,31.900000000000002
2022,6,29,13,30,765,2.4000000000000004,8,32.7
2022,6,29,14,30,777,2.4000000000000004,7,33.2
2022,6,29,15,30,632,2.3000000000000003,7,33.4
2022,6,29,16,30,622,2.4000000000000004,0,33.1
2022,6,29,17,30,424,2.5,0,32.4
2022,6,29,18,30,192,2,3,30.700000000000003
2022,6,29,19,30,44,1.5,0,28.6
2022,6,29,20,30,0,1.8,0,27.3
2022,6,29,21,30,0,2.5,0,26.700000000000003
2022,6,29,22,30,0,3.1,0,26.1
2022,6,29,23,30,0,3.4000000000000004,0,25.3
2022,6,30,0,30,0,3.3000000000000003,0,24.6
2022,6,30,1,30,0,3.2,0,24
2022,6,30,2,30,0,3.1,0,23.400000000000002
2022,6,30,3,30,0,3,0,22.8
2022,6,30,4,30,0,2.9000000000000004,0,22.3
2022,6,30,5,30,0,3.3000000000000003,0,22.6
2022,6,30,6,30,97,3.9000000000000004,0,24.6
2022,6,30,7,30,293,4.2,0,27.900000000000002
2022,6,30,8,30,504,4.2,0,31.1
2022,6,30,9,30,699,3.6,0,33.4
2022,6,30,10,30,859,2.9000000000000004,0,35.1
2022,6,30,11,30,892,2.6,0,36.4
2022,6,30,12,30,1017,2.6,0,37.300000000000004
2022,6,30,13,30,766,2.8000000000000003,3,37.9
2022,6,30,14,30,862,3,0,38.1
2022,6,30,15,30,734,3.2,0,37.9
2022,6,30,16,30,556,3.2,0,37.300000000000004
2022,6,30,17,30,407,3.2,0,36.2
2022,6,30,18,30,131,2.5,3,33.9
2022,6,30,19,30,45,2,0,31
2022,6,30,20,30,0,2.5,0,29.5
2022,6,30,21,30,0,3.2,0,28.8
2022,6,30,22,30,0,3.4000000000000004,0,28
2022,6,30,23,30,0,3.3000000000000003,0,27.200000000000003
2022,7,1,0,30,0,3.2,0,26.400000000000002
2022,7,1,1,30,0,3.2,0,25.900000000000002
2022,7,1,2,30,0,3.5,0,25.400000000000002
2022,7,1,3,30,0,3.7,0,25.1
2022,7,1,4,30,0,3.5,0,24.5
2022,7,1,5,30,0,3.7,0,24.5
2022,7,1,6,30,96,4.5,0,26.1
2022,7,1,7,30,292,5.1000000000000005,0,28.900000000000002
2022,7,1,8,30,502,4.800000000000001,0,32.1
2022,7,1,9,30,695,3.9000000000000004,0,34.800000000000004
2022,7,1,10,30,853,3.2,0,36.7
2022,7,1,11,30,689,3,3,38
2022,7,1,12,30,873,3.2,7,38.800000000000004
2022,7,1,13,30,680,3.5,8,39.2
2022,7,1,14,30,830,3.7,7,39.300000000000004
2022,7,1,15,30,752,4,0,39
2022,7,1,16,30,535,4.2,0,38.2
2022,7,1,17,30,379,4.4,0,37
2022,7,1,18,30,216,4,0,35.2
2022,7,1,19,30,44,3.6,0,33.1
2022,7,1,20,30,0,3.8000000000000003,0,31.5
2022,7,1,21,30,0,4.1000000000000005,0,30.3
2022,7,1,22,30,0,4,0,29.200000000000003
2022,7,1,23,30,0,3.8000000000000003,0,28.3
2022,7,2,0,30,0,3.6,0,27.5
2022,7,2,1,30,0,3.4000000000000004,0,26.8
2022,7,2,2,30,0,3.3000000000000003,7,26.200000000000003
2022,7,2,3,30,0,3.1,0,25.700000000000003
2022,7,2,4,30,0,3,0,25.1
2022,7,2,5,30,0,3.3000000000000003,0,25.3
2022,7,2,6,30,97,3.8000000000000003,0,27
2022,7,2,7,30,293,4.1000000000000005,0,29.8
2022,7,2,8,30,505,3.7,0,32.800000000000004
2022,7,2,9,30,699,3,0,35.300000000000004
2022,7,2,10,30,856,2.9000000000000004,0,37.1
2022,7,2,11,30,856,3.2,3,38.2
2022,7,2,12,30,750,3.5,8,38.7
2022,7,2,13,30,930,3.8000000000000003,7,38.7
2022,7,2,14,30,908,4.1000000000000005,0,38.400000000000006
2022,7,2,15,30,733,4.4,7,38
2022,7,2,16,30,577,4.6000000000000005,7,37.4
2022,7,2,17,30,372,4.6000000000000005,3,36.5
2022,7,2,18,30,218,4.3,0,35
2022,7,2,19,30,44,3.9000000000000004,0,33.1
2022,7,2,20,30,0,3.8000000000000003,0,31.5
2022,7,2,21,30,0,3.5,0,30.200000000000003
2022,7,2,22,30,0,3.1,0,29
2022,7,2,23,30,0,2.7,0,27.900000000000002
2022,7,3,0,30,0,2.3000000000000003,7,26.900000000000002
2022,7,3,1,30,0,1.9000000000000001,0,26
2022,7,3,2,30,0,1.6,0,25.200000000000003
2022,7,3,3,30,0,1.6,8,24.6
2022,7,3,4,30,0,1.7000000000000002,0,24.1
2022,7,3,5,30,0,2.4000000000000004,0,24.3
2022,7,3,6,30,94,3.7,0,25.900000000000002
2022,7,3,7,30,287,4.5,0,28.400000000000002
2022,7,3,8,30,494,4.5,0,30.8
2022,7,3,9,30,686,4.5,0,32.800000000000004
2022,7,3,10,30,842,4.6000000000000005,0,34.300000000000004
2022,7,3,11,30,926,5,0,35.4
2022,7,3,12,30,931,5.300000000000001,0,36
2022,7,3,13,30,986,5.6000000000000005,0,36.300000000000004
2022,7,3,14,30,913,5.7,0,36.300000000000004
2022,7,3,15,30,690,5.800000000000001,7,35.9
2022,7,3,16,30,359,5.800000000000001,3,35.2
2022,7,3,17,30,214,5.7,8,34.2
2022,7,3,18,30,133,5.4,3,32.7
2022,7,3,19,30,31,5,3,31
2022,7,3,20,30,0,4.7,3,29.400000000000002
2022,7,3,21,30,0,4.6000000000000005,3,28.1
2022,7,3,22,30,0,4.3,3,27.1
2022,7,3,23,30,0,3.8000000000000003,0,26.400000000000002
2022,7,4,0,30,0,3.5,0,26
2022,7,4,1,30,0,3.8000000000000003,0,25.8
2022,7,4,2,30,0,4.4,0,25.6
2022,7,4,3,30,0,4.7,0,25.3
2022,7,4,4,30,0,4.800000000000001,0,24.8
2022,7,4,5,30,0,5,0,24.6
2022,7,4,6,30,88,5.6000000000000005,0,25.6
2022,7,4,7,30,279,6.1000000000000005,0,27.6
2022,7,4,8,30,486,6.1000000000000005,0,30
2022,7,4,9,30,678,5.800000000000001,0,32.4
2022,7,4,10,30,836,5.5,0,34.300000000000004
2022,7,4,11,30,946,5.300000000000001,0,35.7
2022,7,4,12,30,983,5.300000000000001,0,36.7
2022,7,4,13,30,846,5.4,2,37.300000000000004
2022,7,4,14,30,892,5.5,0,37.4
2022,7,4,15,30,754,5.5,0,37.1
2022,7,4,16,30,554,5.5,0,36.4
2022,7,4,17,30,420,5.4,0,35.300000000000004
2022,7,4,18,30,214,5,0,33.800000000000004
2022,7,4,19,30,42,4.5,0,32.300000000000004
2022,7,4,20,30,0,4.4,0,31.1
2022,7,4,21,30,0,4.3,0,30.1
2022,7,4,22,30,0,4,0,29.1
2022,7,4,23,30,0,3.7,0,28.1
2022,7,5,0,30,0,3.4000000000000004,0,27.3
2022,7,5,1,30,0,3.3000000000000003,0,26.6
2022,7,5,2,30,0,3.6,0,26
2022,7,5,3,30,0,4.2,0,25.3
2022,7,5,4,30,0,4.6000000000000005,0,24.700000000000003
2022,7,5,5,30,0,4.9,0,24.5
2022,7,5,6,30,88,5.6000000000000005,0,25.5
2022,7,5,7,30,278,6.1000000000000005,0,27.700000000000003
2022,7,5,8,30,485,6,0,30.3
2022,7,5,9,30,676,5.6000000000000005,0,32.7
2022,7,5,10,30,828,5.2,0,34.800000000000004
2022,7,5,11,30,945,5,0,36.6
2022,7,5,12,30,994,4.800000000000001,0,37.9
2022,7,5,13,30,943,4.7,7,38.7
2022,7,5,14,30,891,4.7,0,39.1
2022,7,5,15,30,791,4.800000000000001,0,38.900000000000006
2022,7,5,16,30,620,4.9,0,38.2
2022,7,5,17,30,419,5,0,37
2022,7,5,18,30,210,4.6000000000000005,8,35.300000000000004
2022,7,5,19,30,31,4,7,33.300000000000004
2022,7,5,20,30,0,3.7,7,31.8
2022,7,5,21,30,0,3.6,6,30.700000000000003
2022,7,5,22,30,0,3.5,6,29.700000000000003
2022,7,5,23,30,0,3.2,7,28.900000000000002
2022,7,6,0,30,0,3,8,28.200000000000003
2022,7,6,1,30,0,2.9000000000000004,0,27.6
2022,7,6,2,30,0,3.5,0,27.1
2022,7,6,3,30,0,4.3,7,26.400000000000002
2022,7,6,4,30,0,4.4,0,25.700000000000003
2022,7,6,5,30,0,4.5,0,25.400000000000002
2022,7,6,6,30,82,5.1000000000000005,0,26.200000000000003
2022,7,6,7,30,268,5.5,0,28.3
2022,7,6,8,30,475,5.300000000000001,0,31.1
2022,7,6,9,30,667,4.9,0,33.7
2022,7,6,10,30,826,4.7,0,35.7
2022,7,6,11,30,933,4.5,0,37.2
2022,7,6,12,30,982,4.5,0,38.400000000000006
2022,7,6,13,30,974,4.4,0,39.2
2022,7,6,14,30,905,4.3,0,39.7
2022,7,6,15,30,786,4.2,0,39.7
2022,7,6,16,30,508,4.3,3,39.1
2022,7,6,17,30,405,4.2,7,38.1
2022,7,6,18,30,210,3.6,0,36.1
2022,7,6,19,30,32,3.4000000000000004,3,33.9
2022,7,6,20,30,0,4,0,32.5
2022,7,6,21,30,0,4.2,0,31.3
2022,7,6,22,30,0,4,0,30.1
2022,7,6,23,30,0,3.7,0,29.1
2022,7,7,0,30,0,3.4000000000000004,0,28.200000000000003
2022,7,7,1,30,0,3.1,0,27.400000000000002
2022,7,7,2,30,0,2.9000000000000004,0,26.6
2022,7,7,3,30,0,2.8000000000000003,0,25.900000000000002
2022,7,7,4,30,0,2.8000000000000003,0,25.200000000000003
2022,7,7,5,30,0,3.5,0,25.200000000000003
2022,7,7,6,30,86,4.800000000000001,0,26.5
2022,7,7,7,30,279,5.5,0,28.900000000000002
2022,7,7,8,30,491,5.300000000000001,0,31.8
2022,7,7,9,30,687,4.7,0,34.300000000000004
2022,7,7,10,30,849,4.2,0,36.4
2022,7,7,11,30,963,4,0,38
2022,7,7,12,30,1018,4,0,39
2022,7,7,13,30,1009,4,0,39.6
2022,7,7,14,30,937,4.1000000000000005,0,39.800000000000004
2022,7,7,15,30,810,4.2,0,39.5
2022,7,7,16,30,637,4.2,0,38.7
2022,7,7,17,30,435,4.1000000000000005,0,37.6
2022,7,7,18,30,225,3.3000000000000003,0,35.7
2022,7,7,19,30,46,2.5,0,33.5
2022,7,7,20,30,0,2.5,0,32
2022,7,7,21,30,0,2.5,0,30.900000000000002
2022,7,7,22,30,0,2.5,0,29.8
2022,7,7,23,30,0,2.4000000000000004,0,28.700000000000003
2022,7,8,0,30,0,2.4000000000000004,0,27.700000000000003
2022,7,8,1,30,0,2.2,0,26.8
2022,7,8,2,30,0,1.9000000000000001,0,26
2022,7,8,3,30,0,1.7000000000000002,0,25.3
2022,7,8,4,30,0,1.5,0,24.700000000000003
2022,7,8,5,30,0,1.9000000000000001,8,25.1
2022,7,8,6,30,86,2.7,0,27.200000000000003
2022,7,8,7,30,288,2.9000000000000004,0,30.200000000000003
2022,7,8,8,30,499,2.2,0,33.300000000000004
2022,7,8,9,30,687,1.3,0,35.7
2022,7,8,10,30,852,0.9,0,37.6
2022,7,8,11,30,963,1.1,0,39.1
2022,7,8,12,30,1016,1.5,0,40.2
2022,7,8,13,30,982,1.8,0,40.900000000000006
2022,7,8,14,30,823,2,3,41.1
2022,7,8,15,30,811,2.2,0,41
2022,7,8,16,30,639,2.3000000000000003,0,40.400000000000006
2022,7,8,17,30,393,2.5,0,39.400000000000006
2022,7,8,18,30,225,2,0,37.2
2022,7,8,19,30,45,1.6,0,34.5
2022,7,8,20,30,0,2,0,33
2022,7,8,21,30,0,2.4000000000000004,0,32.1
2022,7,8,22,30,0,2.5,5,31.1
2022,7,8,23,30,0,2.3000000000000003,5,30
2022,7,9,0,30,0,1.9000000000000001,5,28.900000000000002
2022,7,9,1,30,0,1.4000000000000001,8,27.900000000000002
2022,7,9,2,30,0,1,5,27.1
2022,7,9,3,30,0,0.7000000000000001,8,26.5
2022,7,9,4,30,0,0.6000000000000001,4,26.1
2022,7,9,5,30,0,0.9,3,26.200000000000003
2022,7,9,6,30,56,1.2000000000000002,8,28
2022,7,9,7,30,100,1.1,5,31
2022,7,9,8,30,398,0.9,3,33.9
2022,7,9,9,30,653,1,0,36.300000000000004
2022,7,9,10,30,819,1.5,0,38.300000000000004
2022,7,9,11,30,900,2.1,0,39.6
2022,7,9,12,30,989,2.6,0,40.2
2022,7,9,13,30,980,3,0,40.1
2022,7,9,14,30,910,3.2,0,39.900000000000006
2022,7,9,15,30,727,3.4000000000000004,8,39.6
2022,7,9,16,30,521,3.5,8,39.1
2022,7,9,17,30,261,3.5,7,38.2
2022,7,9,18,30,12,2.9000000000000004,7,36.6
2022,7,9,19,30,17,2.2,7,34.800000000000004
2022,7,9,20,30,0,2.2,7,33.7
2022,7,9,21,30,0,2.5,8,33
2022,7,9,22,30,0,2.5,7,32.1
2022,7,9,23,30,0,2.3000000000000003,0,31.3
2022,7,10,0,30,0,2.1,0,30.6
2022,7,10,1,30,0,1.8,0,29.900000000000002
2022,7,10,2,30,0,1.6,0,29.1
2022,7,10,3,30,0,1.4000000000000001,0,28.400000000000002
2022,7,10,4,30,0,1.2000000000000002,0,27.6
2022,7,10,5,30,0,1.7000000000000002,0,27.6
2022,7,10,6,30,86,2.2,0,29.400000000000002
2022,7,10,7,30,280,2.3000000000000003,0,32.4
2022,7,10,8,30,492,2.2,0,35
2022,7,10,9,30,688,2.2,0,36.800000000000004
2022,7,10,10,30,850,2.3000000000000003,0,38.300000000000004
2022,7,10,11,30,963,2.5,0,39.6
2022,7,10,12,30,1018,2.7,0,40.5
2022,7,10,13,30,1010,2.8000000000000003,0,41.1
2022,7,10,14,30,940,3,0,41.300000000000004
2022,7,10,15,30,813,3.1,0,41
2022,7,10,16,30,642,3.2,0,40.300000000000004
2022,7,10,17,30,439,3.2,0,39.2
2022,7,10,18,30,227,2.5,0,36.800000000000004
2022,7,10,19,30,45,1.9000000000000001,0,33.9
2022,7,10,20,30,0,2.2,0,32.2
2022,7,10,21,30,0,2.3000000000000003,0,31.1
2022,7,10,22,30,0,2.2,0,29.900000000000002
2022,7,10,23,30,0,1.9000000000000001,0,28.8
2022,7,11,0,30,0,1.6,0,27.8
2022,7,11,1,30,0,1.3,0,27
2022,7,11,2,30,0,1.1,0,26.200000000000003
2022,7,11,3,30,0,0.9,0,25.6
2022,7,11,4,30,0,0.8,0,25.3
2022,7,11,5,30,0,0.8,0,25.900000000000002
2022,7,11,6,30,87,0.9,0,28.200000000000003
2022,7,11,7,30,285,0.8,0,32
2022,7,11,8,30,500,0.9,0,35.5
2022,7,11,9,30,700,1.3,0,37.800000000000004
2022,7,11,10,30,864,1.9000000000000001,0,39.5
2022,7,11,11,30,980,2.5,0,40.800000000000004
2022,7,11,12,30,1035,3,0,41.7
2022,7,11,13,30,1026,3.5,0,42.1
2022,7,11,14,30,956,3.9000000000000004,0,42.2
2022,7,11,15,30,828,4.1000000000000005,0,41.800000000000004
2022,7,11,16,30,653,4.2,0,40.900000000000006
2022,7,11,17,30,447,4.2,0,39.5
2022,7,11,18,30,232,3.3000000000000003,0,37
2022,7,11,19,30,46,2.5,0,34
2022,7,11,20,30,0,2.7,0,32.2
2022,7,11,21,30,0,3.1,0,31.200000000000003
2022,7,11,22,30,0,3.1,0,30.200000000000003
2022,7,11,23,30,0,3,0,29.1
2022,7,12,0,30,0,2.6,0,28.1
2022,7,12,1,30,0,2.3000000000000003,0,27.1
2022,7,12,2,30,0,2,0,26.3
2022,7,12,3,30,0,2,0,25.6
2022,7,12,4,30,0,2,0,25
2022,7,12,5,30,0,2.7,0,25.1
2022,7,12,6,30,87,3.6,0,27
2022,7,12,7,30,284,4.3,0,30.200000000000003
2022,7,12,8,30,496,4.9,0,33.2
2022,7,12,9,30,678,5,0,35.300000000000004
2022,7,12,10,30,803,4.9,0,36.9
2022,7,12,11,30,955,4.7,0,38.1
2022,7,12,12,30,1006,4.6000000000000005,0,38.900000000000006
2022,7,12,13,30,992,4.5,0,39.300000000000004
2022,7,12,14,30,920,4.5,0,39.300000000000004
2022,7,12,15,30,793,4.7,0,38.900000000000006
2022,7,12,16,30,620,4.800000000000001,0,38.1
2022,7,12,17,30,413,4.7,7,37
2022,7,12,18,30,207,4,7,35.5
2022,7,12,19,30,33,3,8,33.800000000000004
2022,7,12,20,30,0,2.6,8,32.6
2022,7,12,21,30,0,2.5,8,31.700000000000003
2022,7,12,22,30,0,2.3000000000000003,0,30.700000000000003
2022,7,12,23,30,0,2.1,0,29.8
2022,7,13,0,30,0,1.8,0,28.900000000000002
2022,7,13,1,30,0,1.4000000000000001,0,28
2022,7,13,2,30,0,1,0,27.3
2022,7,13,3,30,0,0.7000000000000001,0,26.8
2022,7,13,4,30,0,0.6000000000000001,7,26.5
2022,7,13,5,30,0,0.6000000000000001,0,26.900000000000002
2022,7,13,6,30,65,0.6000000000000001,0,28.8
2022,7,13,7,30,133,0.7000000000000001,7,31.8
2022,7,13,8,30,470,1.1,0,34.300000000000004
2022,7,13,9,30,663,1.7000000000000002,0,36.1
2022,7,13,10,30,821,2.1,0,37.4
2022,7,13,11,30,931,2.3000000000000003,0,38.300000000000004
2022,7,13,12,30,869,2.3000000000000003,7,39
2022,7,13,13,30,788,2.4000000000000004,7,39.300000000000004
2022,7,13,14,30,834,2.5,7,39.1
2022,7,13,15,30,512,2.7,8,38.800000000000004
2022,7,13,16,30,366,2.9000000000000004,8,38.400000000000006
2022,7,13,17,30,351,2.9000000000000004,7,37.5
2022,7,13,18,30,162,2.4000000000000004,7,36
2022,7,13,19,30,24,1.8,7,34.4
2022,7,13,20,30,0,1.9000000000000001,8,33.300000000000004
2022,7,13,21,30,0,2,7,32.4
2022,7,13,22,30,0,1.9000000000000001,0,31.5
2022,7,13,23,30,0,1.7000000000000002,0,30.700000000000003
2022,7,14,0,30,0,1.6,0,29.900000000000002
2022,7,14,1,30,0,1.4000000000000001,0,29.200000000000003
2022,7,14,2,30,0,1.4000000000000001,0,28.400000000000002
2022,7,14,3,30,0,1.4000000000000001,0,27.700000000000003
2022,7,14,4,30,0,1.4000000000000001,0,26.900000000000002
2022,7,14,5,30,0,1.6,0,26.700000000000003
2022,7,14,6,30,72,2.2,0,28
2022,7,14,7,30,257,2.6,0,30.400000000000002
2022,7,14,8,30,464,2.5,0,32.800000000000004
2022,7,14,9,30,659,2.2,0,34.9
2022,7,14,10,30,820,1.8,0,36.7
2022,7,14,11,30,936,1.6,0,38.300000000000004
2022,7,14,12,30,963,1.6,0,39.2
2022,7,14,13,30,764,1.7000000000000002,8,39.5
2022,7,14,14,30,633,2.1,8,39.2
2022,7,14,15,30,311,2.9000000000000004,7,38.300000000000004
2022,7,14,16,30,104,3.7,6,37.1
2022,7,14,17,30,163,4.5,6,35.4
2022,7,14,18,30,156,5.1000000000000005,7,33.1
2022,7,14,19,30,27,5.300000000000001,7,30.400000000000002
2022,7,14,20,30,0,5.1000000000000005,7,28.3
2022,7,14,21,30,0,4.5,7,26.900000000000002
2022,7,14,22,30,0,3.8000000000000003,0,26.200000000000003
2022,7,14,23,30,0,3.1,0,25.6
2022,7,15,0,30,0,2.3000000000000003,0,25.1
2022,7,15,1,30,0,1.5,0,24.6
2022,7,15,2,30,0,0.8,0,24
2022,7,15,3,30,0,0.5,0,23.5
2022,7,15,4,30,0,0.5,0,23.1
2022,7,15,5,30,0,0.9,0,23.3
2022,7,15,6,30,79,1.7000000000000002,0,25.200000000000003
2022,7,15,7,30,273,2.4000000000000004,0,28.3
2022,7,15,8,30,487,2.5,0,31.3
2022,7,15,9,30,686,2.3000000000000003,0,33.5
2022,7,15,10,30,850,2.4000000000000004,0,35.300000000000004
2022,7,15,11,30,967,2.6,0,36.800000000000004
2022,7,15,12,30,1023,2.8000000000000003,0,37.9
2022,7,15,13,30,1017,3.1,0,38.5
2022,7,15,14,30,947,3.4000000000000004,0,38.800000000000004
2022,7,15,15,30,819,3.7,0,38.5
2022,7,15,16,30,645,4,0,37.7
2022,7,15,17,30,439,4.1000000000000005,0,36.4
2022,7,15,18,30,224,3.4000000000000004,0,34.1
2022,7,15,19,30,42,3,0,31.700000000000003
2022,7,15,20,30,0,3.3000000000000003,0,30.200000000000003
2022,7,15,21,30,0,3.6,0,29.200000000000003
2022,7,15,22,30,0,3.6,0,28.400000000000002
2022,7,15,23,30,0,3.5,0,27.6
2022,7,16,0,30,0,3.3000000000000003,0,26.8
2022,7,16,1,30,0,3.1,0,26.200000000000003
2022,7,16,2,30,0,2.9000000000000004,0,25.6
2022,7,16,3,30,0,2.7,0,25
2022,7,16,4,30,0,2.5,0,24.400000000000002
2022,7,16,5,30,0,2.7,0,24.5
2022,7,16,6,30,80,3.2,0,26.3
2022,7,16,7,30,278,3.1,0,29.3
2022,7,16,8,30,493,2.4000000000000004,0,32.2
2022,7,16,9,30,693,1.9000000000000001,0,34.4
2022,7,16,10,30,858,2,0,36.1
2022,7,16,11,30,974,2.3000000000000003,0,37.5
2022,7,16,12,30,1032,2.7,0,38.6
2022,7,16,13,30,1024,2.9000000000000004,0,39.300000000000004
2022,7,16,14,30,952,3.2,0,39.5
2022,7,16,15,30,822,3.4000000000000004,0,39.2
2022,7,16,16,30,624,3.5,0,38.400000000000006
2022,7,16,17,30,438,3.4000000000000004,0,37.1
2022,7,16,18,30,223,2.7,0,34.800000000000004
2022,7,16,19,30,41,2.1,0,32.2
2022,7,16,20,30,0,2.5,0,30.900000000000002
2022,7,16,21,30,0,3,0,30.200000000000003
2022,7,16,22,30,0,3.3000000000000003,0,29.5
2022,7,16,23,30,0,3.4000000000000004,0,28.900000000000002
2022,7,17,0,30,0,3.4000000000000004,0,28.3
2022,7,17,1,30,0,3.3000000000000003,0,27.700000000000003
2022,7,17,2,30,0,3.1,0,27.1
2022,7,17,3,30,0,3,0,26.400000000000002
2022,7,17,4,30,0,2.9000000000000004,0,25.700000000000003
2022,7,17,5,30,0,3.3000000000000003,0,25.700000000000003
2022,7,17,6,30,77,3.9000000000000004,0,27.200000000000003
2022,7,17,7,30,271,4.2,0,30.1
2022,7,17,8,30,435,3.9000000000000004,0,33
2022,7,17,9,30,680,3.2,0,35.300000000000004
2022,7,17,10,30,841,2.7,0,37.1
2022,7,17,11,30,934,2.6,0,38.5
2022,7,17,12,30,845,2.6,8,39.5
2022,7,17,13,30,813,2.7,7,40
2022,7,17,14,30,753,2.9000000000000004,7,40.1
2022,7,17,15,30,696,3.2,7,39.7
2022,7,17,16,30,596,3.4000000000000004,0,39
2022,7,17,17,30,412,3.5,0,37.800000000000004
2022,7,17,18,30,203,3.1,0,35.9
2022,7,17,19,30,33,2.8000000000000003,0,33.800000000000004
2022,7,17,20,30,0,3.1,0,32.4
2022,7,17,21,30,0,3.6,0,31.400000000000002
2022,7,17,22,30,0,3.9000000000000004,0,30.400000000000002
2022,7,17,23,30,0,4.1000000000000005,0,29.3
2022,7,18,0,30,0,4.2,0,28.400000000000002
2022,7,18,1,30,0,4.2,0,27.5
2022,7,18,2,30,0,3.8000000000000003,0,26.8
2022,7,18,3,30,0,3.2,0,26.1
2022,7,18,4,30,0,2.5,0,25.3
2022,7,18,5,30,0,2.4000000000000004,0,25.400000000000002
2022,7,18,6,30,63,3.1,0,27.200000000000003
2022,7,18,7,30,247,3.5,0,30.200000000000003
2022,7,18,8,30,456,2.9000000000000004,0,33.6
2022,7,18,9,30,653,2,0,36.5
2022,7,18,10,30,816,1.8,0,38.6
2022,7,18,11,30,902,2,0,40.2
2022,7,18,12,30,913,2.2,7,41.2
2022,7,18,13,30,987,2.5,0,41.800000000000004
2022,7,18,14,30,915,2.7,0,42
2022,7,18,15,30,660,2.9000000000000004,3,41.7
2022,7,18,16,30,567,3,7,41
2022,7,18,17,30,391,2.9000000000000004,7,39.800000000000004
2022,7,18,18,30,170,2.2,3,37.2
2022,7,18,19,30,31,1.9000000000000001,0,34.5
2022,7,18,20,30,0,2.9000000000000004,8,33.300000000000004
2022,7,18,21,30,0,4,7,32.6
2022,7,18,22,30,0,4.6000000000000005,7,31.5
2022,7,18,23,30,0,4.9,7,30.5
2022,7,19,0,30,0,5.1000000000000005,8,29.700000000000003
2022,7,19,1,30,0,5.2,7,29
2022,7,19,2,30,0,5.1000000000000005,0,28.400000000000002
2022,7,19,3,30,0,4.800000000000001,7,27.8
2022,7,19,4,30,0,4.5,0,27.1
2022,7,19,5,30,0,4.4,0,26.900000000000002
2022,7,19,6,30,68,4.6000000000000005,0,28.200000000000003
2022,7,19,7,30,261,5.1000000000000005,0,31.400000000000002
2022,7,19,8,30,477,5.6000000000000005,0,35.2
2022,7,19,9,30,680,5.4,0,38.300000000000004
2022,7,19,10,30,846,5,0,40.400000000000006
2022,7,19,11,30,963,4.6000000000000005,0,41.800000000000004
2022,7,19,12,30,1021,4.3,0,42.7
2022,7,19,13,30,1012,4,0,42.900000000000006
2022,7,19,14,30,933,3.9000000000000004,0,42.6
2022,7,19,15,30,776,3.8000000000000003,0,41.900000000000006
2022,7,19,16,30,507,3.7,7,40.800000000000004
2022,7,19,17,30,307,3.5,7,39.5
2022,7,19,18,30,206,2.9000000000000004,8,37.4
2022,7,19,19,30,28,2.9000000000000004,8,35.300000000000004
2022,7,19,20,30,0,3.7,8,34.2
2022,7,19,21,30,0,4.3,7,33.4
2022,7,19,22,30,0,4.7,0,32.5
2022,7,19,23,30,0,4.5,0,31.5
2022,7,20,0,30,0,4,0,30.5
2022,7,20,1,30,0,3.7,0,29.6
2022,7,20,2,30,0,3.4000000000000004,8,28.8
2022,7,20,3,30,0,3,0,28.3
2022,7,20,4,30,0,2.6,0,27.8
2022,7,20,5,30,0,2.5,0,27.700000000000003
2022,7,20,6,30,64,3.1,0,29
2022,7,20,7,30,172,3.6,8,31.8
2022,7,20,8,30,338,3.1,8,34.9
2022,7,20,9,30,653,2.5,0,37.4
2022,7,20,10,30,797,2.7,0,39.1
2022,7,20,11,30,873,3.4000000000000004,7,40
2022,7,20,12,30,892,3.9000000000000004,7,40.300000000000004
2022,7,20,13,30,765,4.2,7,40.300000000000004
2022,7,20,14,30,617,4.2,7,39.900000000000006
2022,7,20,15,30,477,4,8,39.6
2022,7,20,16,30,507,3.6,7,39.2
2022,7,20,17,30,403,2.9000000000000004,0,38.5
2022,7,20,18,30,198,1.9000000000000001,0,36.5
2022,7,20,19,30,31,1.4000000000000001,0,34
2022,7,20,20,30,0,1.7000000000000002,7,32.5
2022,7,20,21,30,0,2.3000000000000003,0,31.6
2022,7,20,22,30,0,2.5,8,30.8
2022,7,20,23,30,0,2.3000000000000003,8,30.200000000000003
2022,7,21,0,30,0,1.9000000000000001,7,29.6
2022,7,21,1,30,0,1.7000000000000002,3,29.1
2022,7,21,2,30,0,1.9000000000000001,7,28.6
2022,7,21,3,30,0,2.4000000000000004,7,28.1
2022,7,21,4,30,0,2.3000000000000003,8,27.5
2022,7,21,5,30,0,2.4000000000000004,7,27.3
2022,7,21,6,30,35,2.9000000000000004,8,28.200000000000003
2022,7,21,7,30,51,2.8000000000000003,7,30.200000000000003
2022,7,21,8,30,139,2.4000000000000004,5,32.800000000000004
2022,7,21,9,30,91,2.6,7,35
2022,7,21,10,30,493,2.8000000000000003,8,36.5
2022,7,21,11,30,732,2.7,8,37.9
2022,7,21,12,30,864,2.8000000000000003,7,38.800000000000004
2022,7,21,13,30,739,3.1,7,38.900000000000006
2022,7,21,14,30,115,3.5,4,38.6
2022,7,21,15,30,121,3.9000000000000004,4,38.1
2022,7,21,16,30,116,4.1000000000000005,5,37.4
2022,7,21,17,30,220,4.2,7,36.300000000000004
2022,7,21,18,30,153,4,7,34.6
2022,7,21,19,30,24,3.7,7,32.7
2022,7,21,20,30,0,3.4000000000000004,8,31.200000000000003
2022,7,21,21,30,0,3.2,0,30.1
2022,7,21,22,30,0,2.9000000000000004,0,29.200000000000003
2022,7,21,23,30,0,2.3000000000000003,0,28.400000000000002
2022,7,22,0,30,0,1.9000000000000001,8,27.8
2022,7,22,1,30,0,2,8,27.6
2022,7,22,2,30,0,2.5,8,27.5
2022,7,22,3,30,0,3.1,7,27.200000000000003
2022,7,22,4,30,0,3.4000000000000004,0,26.6
2022,7,22,5,30,0,3.5,0,26.3
2022,7,22,6,30,59,4.1000000000000005,0,27
2022,7,22,7,30,239,4.5,0,28.5
2022,7,22,8,30,446,4.4,0,30.700000000000003
2022,7,22,9,30,642,4.2,0,33.2
2022,7,22,10,30,806,4.1000000000000005,0,35.4
2022,7,22,11,30,921,3.9000000000000004,0,37.2
2022,7,22,12,30,942,3.9000000000000004,0,38.400000000000006
2022,7,22,13,30,969,3.8000000000000003,0,39
2022,7,22,14,30,874,3.9000000000000004,0,39.1
2022,7,22,15,30,408,4.1000000000000005,8,38.7
2022,7,22,16,30,515,4.3,8,37.800000000000004
2022,7,22,17,30,395,4.4,0,36.7
2022,7,22,18,30,191,4,0,35.300000000000004
2022,7,22,19,30,28,3.7,0,33.800000000000004
2022,7,22,20,30,0,3.8000000000000003,0,32.6
2022,7,22,21,30,0,3.7,0,31.5
2022,7,22,22,30,0,3.5,0,30.400000000000002
2022,7,22,23,30,0,3.4000000000000004,0,29.400000000000002
2022,7,23,0,30,0,3.5,0,28.6
2022,7,23,1,30,0,3.6,0,28
2022,7,23,2,30,0,3.8000000000000003,0,27.3
2022,7,23,3,30,0,4,0,26.6
2022,7,23,4,30,0,4,0,25.900000000000002
2022,7,23,5,30,0,4.1000000000000005,0,25.6
2022,7,23,6,30,61,4.7,0,26.400000000000002
2022,7,23,7,30,245,5.1000000000000005,0,28.400000000000002
2022,7,23,8,30,453,5,0,30.8
2022,7,23,9,30,649,5,0,33.1
2022,7,23,10,30,813,5.1000000000000005,0,35.2
2022,7,23,11,30,934,5.1000000000000005,0,36.9
2022,7,23,12,30,997,5.1000000000000005,0,38.1
2022,7,23,13,30,990,5.2,0,38.7
2022,7,23,14,30,865,5.2,0,38.900000000000006
2022,7,23,15,30,728,5.1000000000000005,0,38.7
2022,7,23,16,30,571,4.9,3,38
2022,7,23,17,30,419,4.6000000000000005,0,36.9
2022,7,23,18,30,207,3.7,0,34.800000000000004
2022,7,23,19,30,32,3,0,32.5
2022,7,23,20,30,0,3.5,0,31.200000000000003
2022,7,23,21,30,0,3.8000000000000003,0,30.400000000000002
2022,7,23,22,30,0,3.8000000000000003,0,29.5
2022,7,23,23,30,0,3.6,0,28.6
2022,7,24,0,30,0,3.5,0,27.900000000000002
2022,7,24,1,30,0,3.6,0,27.3
2022,7,24,2,30,0,3.7,0,26.700000000000003
2022,7,24,3,30,0,3.6,0,26
2022,7,24,4,30,0,3.4000000000000004,0,25.3
2022,7,24,5,30,0,3.5,0,25.200000000000003
2022,7,24,6,30,66,4.5,0,26.3
2022,7,24,7,30,258,5,0,28.5
2022,7,24,8,30,470,4.5,0,31.1
2022,7,24,9,30,668,4.1000000000000005,0,33.5
2022,7,24,10,30,800,3.9000000000000004,0,35.300000000000004
2022,7,24,11,30,917,4,0,36.7
2022,7,24,12,30,999,4.2,0,37.800000000000004
2022,7,24,13,30,979,4.4,0,38.400000000000006
2022,7,24,14,30,907,4.6000000000000005,0,38.7
2022,7,24,15,30,733,4.800000000000001,0,38.5
2022,7,24,16,30,558,4.9,0,37.9
2022,7,24,17,30,360,4.800000000000001,3,36.800000000000004
2022,7,24,18,30,206,4.1000000000000005,0,34.9
2022,7,24,19,30,31,3.4000000000000004,0,33
2022,7,24,20,30,0,3.6,0,31.700000000000003
2022,7,24,21,30,0,3.9000000000000004,0,30.900000000000002
2022,7,24,22,30,0,3.7,0,30
2022,7,24,23,30,0,3.5,0,29.1
2022,7,25,0,30,0,3.6,0,28.400000000000002
2022,7,25,1,30,0,3.8000000000000003,0,27.700000000000003
2022,7,25,2,30,0,4,0,26.900000000000002
2022,7,25,3,30,0,3.8000000000000003,0,26.1
2022,7,25,4,30,0,3.3000000000000003,0,25.400000000000002
2022,7,25,5,30,0,3.4000000000000004,0,25.200000000000003
2022,7,25,6,30,65,4.4,0,26.3
2022,7,25,7,30,258,5,0,28.6
2022,7,25,8,30,472,5,0,31.400000000000002
2022,7,25,9,30,672,4.800000000000001,0,33.800000000000004
2022,7,25,10,30,835,4.800000000000001,0,35.800000000000004
2022,7,25,11,30,949,4.800000000000001,0,37.300000000000004
2022,7,25,12,30,1004,4.9,0,38.400000000000006
2022,7,25,13,30,996,4.9,0,39
2022,7,25,14,30,925,5,0,39.400000000000006
2022,7,25,15,30,798,5.1000000000000005,0,39.2
2022,7,25,16,30,625,5.1000000000000005,0,38.6
2022,7,25,17,30,420,5.1000000000000005,0,37.5
2022,7,25,18,30,207,4.4,0,35.5
2022,7,25,19,30,31,3.7,0,33.2
2022,7,25,20,30,0,3.6,0,31.700000000000003
2022,7,25,21,30,0,3.7,0,30.5
2022,7,25,22,30,0,3.7,0,29.6
2022,7,25,23,30,0,3.8000000000000003,0,28.700000000000003
2022,7,26,0,30,0,3.7,0,28
2022,7,26,1,30,0,3.5,0,27.200000000000003
2022,7,26,2,30,0,3.3000000000000003,0,26.5
2022,7,26,3,30,0,3,0,25.700000000000003
2022,7,26,4,30,0,3,0,25
2022,7,26,5,30,0,3.4000000000000004,0,24.8
2022,7,26,6,30,65,4.7,0,25.8
2022,7,26,7,30,259,5.5,0,28
2022,7,26,8,30,474,5.5,0,30.700000000000003
2022,7,26,9,30,675,5.300000000000001,0,33.2
2022,7,26,10,30,838,5.1000000000000005,0,35.300000000000004
2022,7,26,11,30,953,4.800000000000001,0,37
2022,7,26,12,30,1008,4.6000000000000005,0,38.2
2022,7,26,13,30,1000,4.4,0,39.1
2022,7,26,14,30,929,4.2,0,39.5
2022,7,26,15,30,800,4.2,0,39.400000000000006
2022,7,26,16,30,625,4.3,0,38.800000000000004
2022,7,26,17,30,419,4.3,0,37.7
2022,7,26,18,30,204,3.5,0,35.5
2022,7,26,19,30,29,2.9000000000000004,0,33.300000000000004
2022,7,26,20,30,0,3.3000000000000003,0,32.1
2022,7,26,21,30,0,3.7,0,31.400000000000002
2022,7,26,22,30,0,3.8000000000000003,0,30.5
2022,7,26,23,30,0,3.6,0,29.6
2022,7,27,0,30,0,3.5,0,28.8
2022,7,27,1,30,0,3.5,0,28.1
2022,7,27,2,30,0,3.7,0,27.3
2022,7,27,3,30,0,3.8000000000000003,0,26.6
2022,7,27,4,30,0,3.8000000000000003,0,25.700000000000003
2022,7,27,5,30,0,4.1000000000000005,0,25.3
2022,7,27,6,30,61,5,0,26.400000000000002
2022,7,27,7,30,251,5.4,0,28.8
2022,7,27,8,30,466,4.9,0,31.8
2022,7,27,9,30,667,4.1000000000000005,0,34.5
2022,7,27,10,30,832,3.6,0,36.6
2022,7,27,11,30,948,3.4000000000000004,0,38.2
2022,7,27,12,30,1004,3.6,0,39.2
2022,7,27,13,30,996,3.8000000000000003,0,39.800000000000004
2022,7,27,14,30,924,4.1000000000000005,0,40
2022,7,27,15,30,751,4.3,7,39.800000000000004
2022,7,27,16,30,481,4.5,7,39.1
2022,7,27,17,30,411,4.5,0,37.800000000000004
2022,7,27,18,30,197,3.8000000000000003,0,35.9
2022,7,27,19,30,25,3.3000000000000003,0,34
2022,7,27,20,30,0,3.5,0,32.800000000000004
2022,7,27,21,30,0,3.5,0,31.700000000000003
2022,7,27,22,30,0,3.2,0,30.6
2022,7,27,23,30,0,3.1,0,29.6
2022,7,28,0,30,0,3.1,0,28.6
2022,7,28,1,30,0,3.3000000000000003,0,27.700000000000003
2022,7,28,2,30,0,3.5,0,26.8
2022,7,28,3,30,0,3.5,0,25.900000000000002
2022,7,28,4,30,0,3.2,0,25.1
2022,7,28,5,30,0,3.4000000000000004,0,24.900000000000002
2022,7,28,6,30,61,4.4,0,26
2022,7,28,7,30,252,4.9,0,28.400000000000002
2022,7,28,8,30,465,4.5,0,31.3
2022,7,28,9,30,664,3.9000000000000004,0,33.800000000000004
2022,7,28,10,30,828,3.7,0,35.7
2022,7,28,11,30,943,3.8000000000000003,0,37
2022,7,28,12,30,998,4.1000000000000005,0,38
2022,7,28,13,30,981,4.4,0,38.6
2022,7,28,14,30,841,4.6000000000000005,0,38.800000000000004
2022,7,28,15,30,538,4.7,3,38.6
2022,7,28,16,30,594,4.800000000000001,0,37.9
2022,7,28,17,30,355,4.7,0,36.800000000000004
2022,7,28,18,30,188,4.1000000000000005,0,35.2
2022,7,28,19,30,25,3.6,0,33.7
2022,7,28,20,30,0,3.7,0,32.7
2022,7,28,21,30,0,3.7,0,31.8
2022,7,28,22,30,0,3.5,0,30.700000000000003
2022,7,28,23,30,0,3.2,0,29.700000000000003
2022,7,29,0,30,0,3,0,28.8
2022,7,29,1,30,0,3,0,27.900000000000002
2022,7,29,2,30,0,3,0,27.200000000000003
2022,7,29,3,30,0,2.9000000000000004,0,26.5
2022,7,29,4,30,0,2.7,0,25.8
2022,7,29,5,30,0,2.8000000000000003,0,25.700000000000003
2022,7,29,6,30,58,3.7,0,26.900000000000002
2022,7,29,7,30,245,4.3,0,29.400000000000002
2022,7,29,8,30,456,3.8000000000000003,0,32.1
2022,7,29,9,30,653,3.1,0,34.5
2022,7,29,10,30,815,3.1,0,36.2
2022,7,29,11,30,881,3.6,0,37.4
2022,7,29,12,30,804,4.1000000000000005,3,38
2022,7,29,13,30,723,4.5,8,38
2022,7,29,14,30,631,4.800000000000001,8,37.7
2022,7,29,15,30,491,4.800000000000001,8,37.4
2022,7,29,16,30,440,4.800000000000001,8,36.9
2022,7,29,17,30,361,4.5,0,36.1
2022,7,29,18,30,168,3.9000000000000004,8,34.800000000000004
2022,7,29,19,30,20,3.3000000000000003,7,33.5
2022,7,29,20,30,0,3.1,3,32.300000000000004
2022,7,29,21,30,0,2.9000000000000004,3,31.200000000000003
2022,7,29,22,30,0,2.8000000000000003,3,30.200000000000003
2022,7,29,23,30,0,2.8000000000000003,0,29.200000000000003
2022,7,30,0,30,0,2.8000000000000003,0,28.3
2022,7,30,1,30,0,2.8000000000000003,7,27.5
2022,7,30,2,30,0,2.9000000000000004,8,26.8
2022,7,30,3,30,0,2.9000000000000004,8,26.1
2022,7,30,4,30,0,2.7,7,25.400000000000002
2022,7,30,5,30,0,2.9000000000000004,7,25.1
2022,7,30,6,30,45,3.9000000000000004,7,26.200000000000003
2022,7,30,7,30,201,4.5,8,28.5
2022,7,30,8,30,378,4.4,8,31.3
2022,7,30,9,30,610,4.1000000000000005,7,33.9
2022,7,30,10,30,822,3.9000000000000004,0,36
2022,7,30,11,30,937,3.8000000000000003,0,37.5
2022,7,30,12,30,969,3.8000000000000003,0,38.400000000000006
2022,7,30,13,30,962,3.7,0,38.7
2022,7,30,14,30,905,3.7,0,38.7
2022,7,30,15,30,786,3.7,0,38.400000000000006
2022,7,30,16,30,601,3.7,0,38
2022,7,30,17,30,407,3.7,0,37.2
2022,7,30,18,30,185,3,0,35.300000000000004
2022,7,30,19,30,24,2.4000000000000004,0,33.300000000000004
2022,7,30,20,30,0,2.8000000000000003,0,32.2
2022,7,30,21,30,0,3.4000000000000004,0,31.6
2022,7,30,22,30,0,3.8000000000000003,0,30.900000000000002
2022,7,30,23,30,0,3.8000000000000003,0,30
2022,7,31,0,30,0,3.7,0,29
2022,7,31,1,30,0,3.8000000000000003,7,28.200000000000003
2022,7,31,2,30,0,4.1000000000000005,7,27.400000000000002
2022,7,31,3,30,0,4.2,3,26.6
2022,7,31,4,30,0,4.2,8,25.8
2022,7,31,5,30,0,4.3,7,25.5
2022,7,31,6,30,55,5.1000000000000005,0,26.400000000000002
2022,7,31,7,30,244,6,0,28.8
2022,7,31,8,30,456,6.1000000000000005,0,31.6
2022,7,31,9,30,660,5.800000000000001,0,34.2
2022,7,31,10,30,808,5.4,0,36.300000000000004
2022,7,31,11,30,943,5,0,37.9
2022,7,31,12,30,826,4.6000000000000005,7,39.1
2022,7,31,13,30,689,4.3,6,39.800000000000004
2022,7,31,14,30,628,4.1000000000000005,6,40
2022,7,31,15,30,598,4,7,39.900000000000006
2022,7,31,16,30,471,4,7,39.2
2022,7,31,17,30,332,3.9000000000000004,7,38
2022,7,31,18,30,186,3.2,8,35.7
2022,7,31,19,30,18,3,8,33.4
2022,7,31,20,30,0,3.7,0,32.2
2022,7,31,21,30,0,4.3,0,31.200000000000003
2022,7,31,22,30,0,4.4,0,30.1
2022,7,31,23,30,0,4.3,0,29
2022,8,1,0,30,0,4.1000000000000005,0,28.1
2022,8,1,1,30,0,3.8000000000000003,0,27.3
2022,8,1,2,30,0,3.7,0,26.6
2022,8,1,3,30,0,3.7,0,25.900000000000002
2022,8,1,4,30,0,3.6,0,25.200000000000003
2022,8,1,5,30,0,3.7,0,24.900000000000002
2022,8,1,6,30,54,4.6000000000000005,0,26.1
2022,8,1,7,30,233,5.4,0,28.700000000000003
2022,8,1,8,30,456,5.1000000000000005,0,31.700000000000003
2022,8,1,9,30,656,4.3,0,34.300000000000004
2022,8,1,10,30,822,3.8000000000000003,0,36.4
2022,8,1,11,30,938,3.7,0,37.9
2022,8,1,12,30,995,3.8000000000000003,0,39
2022,8,1,13,30,987,4.1000000000000005,0,39.5
2022,8,1,14,30,914,4.3,0,39.7
2022,8,1,15,30,784,4.5,0,39.300000000000004
2022,8,1,16,30,608,4.7,0,38.5
2022,8,1,17,30,402,4.7,0,37.2
2022,8,1,18,30,190,4,0,35.300000000000004
2022,8,1,19,30,21,3.4000000000000004,0,33.300000000000004
2022,8,1,20,30,0,3.4000000000000004,0,32.1
2022,8,1,21,30,0,3.3000000000000003,0,31.200000000000003
2022,8,1,22,30,0,3.1,0,30.3
2022,8,1,23,30,0,3,8,29.5
2022,8,2,0,30,0,2.9000000000000004,5,28.900000000000002
2022,8,2,1,30,0,2.8000000000000003,5,28.3
2022,8,2,2,30,0,2.8000000000000003,4,27.6
2022,8,2,3,30,0,2.9000000000000004,5,26.900000000000002
2022,8,2,4,30,0,3,5,26.200000000000003
2022,8,2,5,30,0,3.3000000000000003,8,25.8
2022,8,2,6,30,53,4.5,0,26.5
2022,8,2,7,30,241,5.300000000000001,0,28.5
2022,8,2,8,30,455,5.2,0,30.900000000000002
2022,8,2,9,30,654,4.9,0,33.4
2022,8,2,10,30,819,4.800000000000001,0,35.4
2022,8,2,11,30,933,4.7,0,37
2022,8,2,12,30,988,4.6000000000000005,0,38.300000000000004
2022,8,2,13,30,980,4.6000000000000005,0,39.1
2022,8,2,14,30,907,4.7,0,39.5
2022,8,2,15,30,776,4.6000000000000005,0,39.400000000000006
2022,8,2,16,30,601,4.6000000000000005,0,38.7
2022,8,2,17,30,396,4.5,0,37.5
2022,8,2,18,30,183,4,0,35.7
2022,8,2,19,30,18,3.7,0,33.800000000000004
2022,8,2,20,30,0,4.2,0,32.7
2022,8,2,21,30,0,4.3,0,31.700000000000003
2022,8,2,22,30,0,4,0,30.700000000000003
2022,8,2,23,30,0,3.7,0,29.700000000000003
2022,8,3,0,30,0,3.5,0,28.900000000000002
2022,8,3,1,30,0,3.5,0,28.1
2022,8,3,2,30,0,3.8000000000000003,0,27.3
2022,8,3,3,30,0,4.2,0,26.6
2022,8,3,4,30,0,4.4,0,25.700000000000003
2022,8,3,5,30,0,4.6000000000000005,0,25.3
2022,8,3,6,30,50,5.5,0,26.1
2022,8,3,7,30,236,6,0,28.400000000000002
2022,8,3,8,30,450,5.6000000000000005,0,31.5
2022,8,3,9,30,650,4.9,0,34.5
2022,8,3,10,30,815,4.2,0,37
2022,8,3,11,30,929,3.8000000000000003,0,38.800000000000004
2022,8,3,12,30,985,3.8000000000000003,0,40.1
2022,8,3,13,30,976,4,0,40.7
2022,8,3,14,30,904,4.2,0,41
2022,8,3,15,30,774,4.1000000000000005,0,40.800000000000004
2022,8,3,16,30,597,4,0,40.1
2022,8,3,17,30,390,3.9000000000000004,0,39
2022,8,3,18,30,178,3.1,0,36.9
2022,8,3,19,30,17,2.8000000000000003,0,34.9
2022,8,3,20,30,0,3.5,0,33.800000000000004
2022,8,3,21,30,0,4.1000000000000005,0,32.9
2022,8,3,22,30,0,4.2,0,31.900000000000002
2022,8,3,23,30,0,3.8000000000000003,0,30.900000000000002
2022,8,4,0,30,0,3.4000000000000004,0,29.900000000000002
2022,8,4,1,30,0,3.2,0,29
2022,8,4,2,30,0,2.9000000000000004,0,28.200000000000003
2022,8,4,3,30,0,2.6,0,27.400000000000002
2022,8,4,4,30,0,2.3000000000000003,0,26.6
2022,8,4,5,30,0,2.5,0,26.3
2022,8,4,6,30,47,3.4000000000000004,0,27.3
2022,8,4,7,30,230,3.7,0,29.5
2022,8,4,8,30,444,3.1,0,32.5
2022,8,4,9,30,643,2.5,0,35.4
2022,8,4,10,30,806,2.6,0,37.7
2022,8,4,11,30,921,3,0,39.1
2022,8,4,12,30,874,3.4000000000000004,8,40.1
2022,8,4,13,30,911,3.7,7,40.6
2022,8,4,14,30,894,4,0,40.800000000000004
2022,8,4,15,30,763,4,0,40.5
2022,8,4,16,30,536,3.9000000000000004,0,39.800000000000004
2022,8,4,17,30,342,3.7,3,38.6
2022,8,4,18,30,157,2.9000000000000004,0,36.5
2022,8,4,19,30,15,2.4000000000000004,0,34.4
2022,8,4,20,30,0,2.8000000000000003,0,33.2
2022,8,4,21,30,0,3.2,7,32.300000000000004
2022,8,4,22,30,0,3.3000000000000003,6,31.5
2022,8,4,23,30,0,3.5,7,30.8
2022,8,5,0,30,0,3.4000000000000004,6,30.200000000000003
2022,8,5,1,30,0,2.9000000000000004,7,29.400000000000002
2022,8,5,2,30,0,2.6,8,28.6
2022,8,5,3,30,0,2.6,0,27.900000000000002
2022,8,5,4,30,0,2.5,0,27
2022,8,5,5,30,0,2.8000000000000003,0,26.700000000000003
2022,8,5,6,30,42,3.8000000000000003,0,27.6
2022,8,5,7,30,219,4.5,0,29.700000000000003
2022,8,5,8,30,428,4.2,0,32.5
2022,8,5,9,30,626,3.4000000000000004,0,35
2022,8,5,10,30,790,2.9000000000000004,0,37
2022,8,5,11,30,915,2.9000000000000004,0,38.5
2022,8,5,12,30,983,3.2,0,39.7
2022,8,5,13,30,974,3.6,0,40.400000000000006
2022,8,5,14,30,884,4,0,40.5
2022,8,5,15,30,760,4.3,0,40.2
2022,8,5,16,30,554,4.5,0,39.400000000000006
2022,8,5,17,30,335,4.5,0,38.2
2022,8,5,18,30,170,4,0,36.5
2022,8,5,19,30,14,3.5,0,34.7
2022,8,5,20,30,0,3.6,0,33.300000000000004
2022,8,5,21,30,0,3.7,0,32.1
2022,8,5,22,30,0,3.7,0,30.900000000000002
2022,8,5,23,30,0,3.5,0,29.700000000000003
2022,8,6,0,30,0,3.2,0,28.6
2022,8,6,1,30,0,2.9000000000000004,0,27.6
2022,8,6,2,30,0,2.7,0,26.8
2022,8,6,3,30,0,2.5,0,26.1
2022,8,6,4,30,0,2.5,0,25.400000000000002
2022,8,6,5,30,0,2.8000000000000003,0,25.200000000000003
2022,8,6,6,30,45,3.8000000000000003,0,26.200000000000003
2022,8,6,7,30,229,4.6000000000000005,0,28.6
2022,8,6,8,30,447,4.3,0,31.700000000000003
2022,8,6,9,30,651,4,0,34.300000000000004
2022,8,6,10,30,818,4,0,36.1
2022,8,6,11,30,933,4.2,0,37.4
2022,8,6,12,30,937,4.3,0,38.300000000000004
2022,8,6,13,30,590,4.5,3,38.7
2022,8,6,14,30,637,4.800000000000001,3,38.6
2022,8,6,15,30,546,5,3,37.9
2022,8,6,16,30,391,5.2,3,36.800000000000004
2022,8,6,17,30,277,5.1000000000000005,8,35.5
2022,8,6,18,30,116,4.800000000000001,3,34
2022,8,6,19,30,10,4.3,0,32.7
2022,8,6,20,30,0,4,0,31.700000000000003
2022,8,6,21,30,0,3.8000000000000003,0,30.700000000000003
2022,8,6,22,30,0,3.5,0,29.700000000000003
2022,8,6,23,30,0,3.2,0,28.700000000000003
2022,8,7,0,30,0,3.2,0,27.900000000000002
2022,8,7,1,30,0,3.3000000000000003,0,27.1
2022,8,7,2,30,0,3.3000000000000003,0,26.3
2022,8,7,3,30,0,3.3000000000000003,0,25.6
2022,8,7,4,30,0,3.1,3,24.900000000000002
2022,8,7,5,30,0,3.4000000000000004,0,24.5
2022,8,7,6,30,42,4.3,0,25.3
2022,8,7,7,30,220,4.9,0,27.400000000000002
2022,8,7,8,30,431,4.7,0,30
2022,8,7,9,30,630,4.4,0,32.4
2022,8,7,10,30,793,4.2,0,34.2
2022,8,7,11,30,789,4.3,0,35.300000000000004
2022,8,7,12,30,677,4.3,3,35.9
2022,8,7,13,30,753,4.4,3,36.1
2022,8,7,14,30,725,4.4,7,36
2022,8,7,15,30,658,4.3,0,35.6
2022,8,7,16,30,553,4.2,0,35.2
2022,8,7,17,30,300,3.9000000000000004,0,34.5
2022,8,7,18,30,141,3,0,33.1
2022,8,7,19,30,13,2.3000000000000003,0,31.6
2022,8,7,20,30,0,2.7,0,30.8
2022,8,7,21,30,0,3.4000000000000004,0,30.200000000000003
2022,8,7,22,30,0,3.7,0,29.5
2022,8,7,23,30,0,3.6,0,28.6
2022,8,8,0,30,0,3.5,0,27.8
2022,8,8,1,30,0,3.7,0,27.1
2022,8,8,2,30,0,3.9000000000000004,3,26.400000000000002
2022,8,8,3,30,0,4,0,25.700000000000003
2022,8,8,4,30,0,3.9000000000000004,0,25
2022,8,8,5,30,0,3.8000000000000003,0,24.700000000000003
2022,8,8,6,30,43,4.4,0,25.5
2022,8,8,7,30,227,4.7,0,27.700000000000003
2022,8,8,8,30,441,4.2,0,30.400000000000002
2022,8,8,9,30,642,3.7,0,32.7
2022,8,8,10,30,807,3.5,0,34.6
2022,8,8,11,30,884,3.5,0,36
2022,8,8,12,30,714,3.5,8,37
2022,8,8,13,30,552,3.5,8,37.5
2022,8,8,14,30,587,3.4000000000000004,8,37.6
2022,8,8,15,30,408,3.3000000000000003,7,37.300000000000004
2022,8,8,16,30,354,3.4000000000000004,7,36.7
2022,8,8,17,30,318,3.3000000000000003,7,35.7
2022,8,8,18,30,138,2.8000000000000003,7,34.2
2022,8,8,19,30,8,2.3000000000000003,7,32.6
2022,8,8,20,30,0,2.2,3,31.400000000000002
2022,8,8,21,30,0,1.8,5,30.400000000000002
2022,8,8,22,30,0,1.5,3,29.700000000000003
2022,8,8,23,30,0,1.3,0,29
2022,8,9,0,30,0,1.3,0,28.1
2022,8,9,1,30,0,1.3,0,27.400000000000002
2022,8,9,2,30,0,1.2000000000000002,0,26.8
2022,8,9,3,30,0,1.2000000000000002,0,26
2022,8,9,4,30,0,1.2000000000000002,0,25.200000000000003
2022,8,9,5,30,0,1.5,8,25
2022,8,9,6,30,41,2.3000000000000003,0,26
2022,8,9,7,30,229,2.8000000000000003,0,28.200000000000003
2022,8,9,8,30,391,2.3000000000000003,8,30.900000000000002
2022,8,9,9,30,498,1.4000000000000001,8,33.4
2022,8,9,10,30,803,1.4000000000000001,0,35.2
2022,8,9,11,30,845,2.1,7,36.2
2022,8,9,12,30,490,2.7,8,36.5
2022,8,9,13,30,612,3,7,36.300000000000004
2022,8,9,14,30,650,3.2,7,36
2022,8,9,15,30,638,3.2,8,35.9
2022,8,9,16,30,492,3.3000000000000003,0,35.5
2022,8,9,17,30,136,3.2,7,34.800000000000004
2022,8,9,18,30,27,2.5,9,33.300000000000004
2022,8,9,19,30,4,2.1,6,31.8
2022,8,9,20,30,0,2.5,6,31
2022,8,9,21,30,0,2.9000000000000004,6,30.400000000000002
2022,8,9,22,30,0,3.1,7,29.8
2022,8,9,23,30,0,3.1,8,29.1
2022,8,10,0,30,0,2.9000000000000004,8,28.400000000000002
2022,8,10,1,30,0,2.7,8,27.6
2022,8,10,2,30,0,2.6,8,26.900000000000002
2022,8,10,3,30,0,2.4000000000000004,5,26.3
2022,8,10,4,30,0,2.1,8,25.8
2022,8,10,5,30,0,2,5,25.5
2022,8,10,6,30,11,2.3000000000000003,4,26.3
2022,8,10,7,30,48,2.7,4,28.3
2022,8,10,8,30,59,2.5,4,30.400000000000002
2022,8,10,9,30,214,2.2,5,31.8
2022,8,10,10,30,380,2.3000000000000003,4,32.4
2022,8,10,11,30,787,2.6,3,32.7
2022,8,10,12,30,900,2.9000000000000004,0,33
2022,8,10,13,30,731,2.9000000000000004,7,33.1
2022,8,10,14,30,389,2.8000000000000003,6,33.1
2022,8,10,15,30,262,2.7,6,33.1
2022,8,10,16,30,177,2.5,6,32.800000000000004
2022,8,10,17,30,219,2.3000000000000003,7,32.2
2022,8,10,18,30,153,1.6,0,30.900000000000002
2022,8,10,19,30,9,1.2000000000000002,0,29.700000000000003
2022,8,10,20,30,0,1.4000000000000001,8,29
2022,8,10,21,30,0,1.5,0,28.200000000000003
2022,8,10,22,30,0,1.5,0,27.3
2022,8,10,23,30,0,1.5,0,26.5
2022,8,11,0,30,0,1.5,0,25.8
2022,8,11,1,30,0,1.5,0,25.200000000000003
2022,8,11,2,30,0,1.4000000000000001,8,24.700000000000003
2022,8,11,3,30,0,1.3,8,24.3
2022,8,11,4,30,0,1.1,3,24
2022,8,11,5,30,0,1.1,3,24
2022,8,11,6,30,38,1.3,0,25.400000000000002
2022,8,11,7,30,221,1.1,0,28
2022,8,11,8,30,437,1.3,0,30.700000000000003
2022,8,11,9,30,640,2.2,0,32.6
2022,8,11,10,30,807,2.7,0,34.1
2022,8,11,11,30,911,3,0,35.2
2022,8,11,12,30,974,3.3000000000000003,0,36
2022,8,11,13,30,946,3.5,0,36.6
2022,8,11,14,30,876,3.6,0,36.7
2022,8,11,15,30,745,3.7,0,36.6
2022,8,11,16,30,565,3.8000000000000003,0,36
2022,8,11,17,30,380,3.6,0,34.800000000000004
2022,8,11,18,30,165,2.6,0,32.5
2022,8,11,19,30,10,1.9000000000000001,0,30.1
2022,8,11,20,30,0,2.1,0,28.8
2022,8,11,21,30,0,2.2,3,27.900000000000002
2022,8,11,22,30,0,2.2,0,27.200000000000003
2022,8,11,23,30,0,1.9000000000000001,0,26.5
2022,8,12,0,30,0,1.4000000000000001,0,25.8
2022,8,12,1,30,0,0.9,0,25
2022,8,12,2,30,0,0.6000000000000001,0,24.5
2022,8,12,3,30,0,0.5,0,24.1
2022,8,12,4,30,0,0.5,0,23.700000000000003
2022,8,12,5,30,0,0.8,0,23.6
2022,8,12,6,30,39,1.5,0,25.1
2022,8,12,7,30,227,2.5,0,28.3
2022,8,12,8,30,446,3.1,0,31.3
2022,8,12,9,30,651,3.5,0,33.300000000000004
2022,8,12,10,30,822,3.9000000000000004,0,34.7
2022,8,12,11,30,939,4.2,0,35.9
2022,8,12,12,30,995,4.3,0,36.7
2022,8,12,13,30,983,4.3,0,37.1
2022,8,12,14,30,907,4.3,0,37.2
2022,8,12,15,30,771,4.4,0,36.800000000000004
2022,8,12,16,30,588,4.4,0,36
2022,8,12,17,30,375,4.2,0,34.6
2022,8,12,18,30,159,3.4000000000000004,0,32.5
2022,8,12,19,30,8,3,0,30.6
2022,8,12,20,30,0,3.1,0,29.700000000000003
2022,8,12,21,30,0,3,0,28.900000000000002
2022,8,12,22,30,0,2.8000000000000003,0,28.1
2022,8,12,23,30,0,2.5,0,27.400000000000002
2022,8,13,0,30,0,2.3000000000000003,0,26.700000000000003
2022,8,13,1,30,0,2.2,0,26
2022,8,13,2,30,0,2.2,3,25.5
2022,8,13,3,30,0,2.1,0,24.900000000000002
2022,8,13,4,30,0,2,0,24.400000000000002
2022,8,13,5,30,0,2.1,3,24.3
2022,8,13,6,30,35,2.6,0,25.700000000000003
2022,8,13,7,30,217,3,0,28.5
2022,8,13,8,30,434,2.7,0,31.3
2022,8,13,9,30,637,2.1,0,33.4
2022,8,13,10,30,657,1.9000000000000001,3,34.9
2022,8,13,11,30,845,2.2,3,36
2022,8,13,12,30,803,2.4000000000000004,3,36.9
2022,8,13,13,30,626,2.6,3,37.5
2022,8,13,14,30,863,2.7,0,37.6
2022,8,13,15,30,683,2.9000000000000004,0,37.4
2022,8,13,16,30,541,3.1,0,36.7
2022,8,13,17,30,365,3.2,0,35.5
2022,8,13,18,30,106,2.7,3,33.7
2022,8,13,19,30,5,2.4000000000000004,3,32.1
2022,8,13,20,30,0,2.8000000000000003,0,31.200000000000003
2022,8,13,21,30,0,3.1,0,30.400000000000002
2022,8,13,22,30,0,3.1,0,29.5
2022,8,13,23,30,0,2.8000000000000003,0,28.6
2022,8,14,0,30,0,2.5,0,27.8
2022,8,14,1,30,0,2.2,0,27
2022,8,14,2,30,0,1.9000000000000001,0,26.200000000000003
2022,8,14,3,30,0,1.6,0,25.5
2022,8,14,4,30,0,1.4000000000000001,0,24.8
2022,8,14,5,30,0,1.6,0,24.6
2022,8,14,6,30,36,2.2,0,26.200000000000003
2022,8,14,7,30,220,2.5,0,29.3
2022,8,14,8,30,436,2.4000000000000004,0,32.300000000000004
2022,8,14,9,30,639,2.4000000000000004,0,34.300000000000004
2022,8,14,10,30,591,2.8000000000000003,3,35.800000000000004
2022,8,14,11,30,655,3.1,3,37
2022,8,14,12,30,923,3.3000000000000003,0,37.9
2022,8,14,13,30,931,3.5,0,38.400000000000006
2022,8,14,14,30,894,3.6,0,38.5
2022,8,14,15,30,761,3.8000000000000003,0,38.2
2022,8,14,16,30,580,4,0,37.300000000000004
2022,8,14,17,30,368,4,0,36
2022,8,14,18,30,154,3.4000000000000004,0,33.800000000000004
2022,8,14,19,30,6,3.1,0,31.8
2022,8,14,20,30,0,3.5,0,30.700000000000003
2022,8,14,21,30,0,3.7,0,29.8
2022,8,14,22,30,0,3.5,0,29
2022,8,14,23,30,0,3.2,0,28.1
2022,8,15,0,30,0,2.9000000000000004,0,27.3
2022,8,15,1,30,0,2.8000000000000003,0,26.5
2022,8,15,2,30,0,2.6,0,25.8
2022,8,15,3,30,0,2.5,0,25.1
2022,8,15,4,30,0,2.3000000000000003,7,24.400000000000002
2022,8,15,5,30,0,2.4000000000000004,8,24.1
2022,8,15,6,30,35,2.9000000000000004,0,24.6
2022,8,15,7,30,221,3.4000000000000004,0,26.200000000000003
2022,8,15,8,30,439,3.6,0,28.400000000000002
2022,8,15,9,30,591,3.8000000000000003,0,30.6
2022,8,15,10,30,776,4.1000000000000005,0,32.4
2022,8,15,11,30,864,4.4,0,33.6
2022,8,15,12,30,685,4.800000000000001,6,34
2022,8,15,13,30,693,5.1000000000000005,7,33.5
2022,8,15,14,30,741,5.300000000000001,8,32.4
2022,8,15,15,30,641,5.2,7,31.5
2022,8,15,16,30,399,4.9,7,30.8
2022,8,15,17,30,327,4.4,8,30.200000000000003
2022,8,15,18,30,80,3.5,7,29.400000000000002
2022,8,15,19,30,3,2.6,7,28.700000000000003
2022,8,15,20,30,0,2.3000000000000003,8,28.1
2022,8,15,21,30,0,2.5,0,27.5
2022,8,15,22,30,0,2.7,8,26.700000000000003
2022,8,15,23,30,0,2.7,0,25.900000000000002
2022,8,16,0,30,0,2.6,7,25.200000000000003
2022,8,16,1,30,0,2.3000000000000003,7,24.5
2022,8,16,2,30,0,2,8,23.900000000000002
2022,8,16,3,30,0,1.4000000000000001,7,23.400000000000002
2022,8,16,4,30,0,0.9,7,23
2022,8,16,5,30,0,1,7,23
2022,8,16,6,30,13,1.6,7,23.700000000000003
2022,8,16,7,30,59,2.4000000000000004,7,25.400000000000002
2022,8,16,8,30,285,2.9000000000000004,7,27.400000000000002
2022,8,16,9,30,480,3.3000000000000003,8,29.3
2022,8,16,10,30,598,3.7,7,31
2022,8,16,11,30,646,4,7,32.300000000000004
2022,8,16,12,30,792,4.2,8,33.2
2022,8,16,13,30,811,4.3,8,33.6
2022,8,16,14,30,642,4.1000000000000005,7,33.5
2022,8,16,15,30,595,3.8000000000000003,7,33.2
2022,8,16,16,30,473,3.4000000000000004,8,32.9
2022,8,16,17,30,265,2.6,7,32.300000000000004
2022,8,16,18,30,61,1.4000000000000001,6,30.900000000000002
2022,8,16,19,30,3,0.8,7,29.5
2022,8,16,20,30,0,0.9,7,28.700000000000003
2022,8,16,21,30,0,1.2000000000000002,8,27.900000000000002
2022,8,16,22,30,0,1.4000000000000001,8,27
2022,8,16,23,30,0,1.6,7,26.3
2022,8,17,0,30,0,1.7000000000000002,7,25.700000000000003
2022,8,17,1,30,0,1.6,8,25.200000000000003
2022,8,17,2,30,0,1.4000000000000001,8,24.8
2022,8,17,3,30,0,1.1,8,24.400000000000002
2022,8,17,4,30,0,0.8,0,24
2022,8,17,5,30,0,0.8,8,23.8
2022,8,17,6,30,28,1.1,0,24.700000000000003
2022,8,17,7,30,208,1.3,0,26.400000000000002
2022,8,17,8,30,399,1.1,0,28.3
2022,8,17,9,30,490,1.1,7,30.1
2022,8,17,10,30,626,1.6,8,31.8
2022,8,17,11,30,842,2.2,0,33
2022,8,17,12,30,926,2.6,0,33.6
2022,8,17,13,30,880,2.8000000000000003,7,33.300000000000004
2022,8,17,14,30,835,3,0,32.2
2022,8,17,15,30,680,3.5,0,30.8
2022,8,17,16,30,434,3.9000000000000004,8,29.1
2022,8,17,17,30,217,4.1000000000000005,8,27.200000000000003
2022,8,17,18,30,125,3.7,7,25.6
2022,8,17,19,30,2,3,8,24.6
2022,8,17,20,30,0,2.1,7,24.200000000000003
2022,8,17,21,30,0,1.3,7,23.900000000000002
2022,8,17,22,30,0,1,6,23.5
2022,8,17,23,30,0,1.1,6,23.1
2022,8,18,0,30,0,1.3,6,22.6
2022,8,18,1,30,0,1.4000000000000001,6,22.3
2022,8,18,2,30,0,1.4000000000000001,7,22
2022,8,18,3,30,0,1.4000000000000001,7,21.700000000000003
2022,8,18,4,30,0,1.4000000000000001,8,21.400000000000002
2022,8,18,5,30,0,1.7000000000000002,8,21.3
2022,8,18,6,30,13,2.6,5,22.400000000000002
2022,8,18,7,30,58,3,5,24.700000000000003
2022,8,18,8,30,171,2.5,5,27.5
2022,8,18,9,30,260,2,4,29.700000000000003
2022,8,18,10,30,548,1.7000000000000002,3,31.5
2022,8,18,11,30,718,1.7000000000000002,8,32.800000000000004
2022,8,18,12,30,950,2,0,33.6
2022,8,18,13,30,942,2.3000000000000003,0,33.9
2022,8,18,14,30,865,2.5,0,33.7
2022,8,18,15,30,730,2.8000000000000003,0,33.1
2022,8,18,16,30,551,3,0,32.300000000000004
2022,8,18,17,30,299,3,0,31.1
2022,8,18,18,30,135,2.3000000000000003,0,29.3
2022,8,18,19,30,2,1.8,0,27.700000000000003
2022,8,18,20,30,0,2.1,8,26.8
2022,8,18,21,30,0,2.3000000000000003,3,26.1
2022,8,18,22,30,0,2.4000000000000004,3,25.400000000000002
2022,8,18,23,30,0,2.3000000000000003,4,24.700000000000003
2022,8,19,0,30,0,2.2,3,24.1
2022,8,19,1,30,0,2,5,23.5
2022,8,19,2,30,0,1.6,4,22.900000000000002
2022,8,19,3,30,0,1.2000000000000002,3,22.400000000000002
2022,8,19,4,30,0,0.9,5,21.900000000000002
2022,8,19,5,30,0,1,5,21.900000000000002
2022,8,19,6,30,16,1.4000000000000001,3,23.200000000000003
2022,8,19,7,30,202,1.4000000000000001,0,25.700000000000003
2022,8,19,8,30,419,1,0,28.200000000000003
2022,8,19,9,30,620,1,0,30
2022,8,19,10,30,784,1.4000000000000001,0,31.5
2022,8,19,11,30,862,1.7000000000000002,0,32.6
2022,8,19,12,30,733,2,3,33.4
2022,8,19,13,30,730,2.2,3,33.800000000000004
2022,8,19,14,30,860,2.5,0,33.4
2022,8,19,15,30,652,2.9000000000000004,0,32.6
2022,8,19,16,30,507,3.4000000000000004,0,31.5
2022,8,19,17,30,108,3.7,7,30.3
2022,8,19,18,30,67,3.5,7,28.8
2022,8,19,19,30,1,3.4000000000000004,7,27.5
2022,8,19,20,30,0,3.2,8,26.6
2022,8,19,21,30,0,2.8000000000000003,8,26
2022,8,19,22,30,0,2.3000000000000003,0,25.5
2022,8,19,23,30,0,2.1,7,25.1
2022,8,20,0,30,0,2,8,24.700000000000003
2022,8,20,1,30,0,1.9000000000000001,8,24.200000000000003
2022,8,20,2,30,0,1.9000000000000001,5,23.8
2022,8,20,3,30,0,2,8,23.5
2022,8,20,4,30,0,2.2,5,23.200000000000003
2022,8,20,5,30,0,2.3000000000000003,8,23
2022,8,20,6,30,14,2.8000000000000003,8,23.200000000000003
2022,8,20,7,30,84,3.4000000000000004,8,23.900000000000002
2022,8,20,8,30,161,3.7,8,25.400000000000002
2022,8,20,9,30,245,3.7,7,27.3
2022,8,20,10,30,452,3.7,7,29
2022,8,20,11,30,684,3.7,7,30
2022,8,20,12,30,716,3.7,7,30.200000000000003
2022,8,20,13,30,603,3.6,7,29.900000000000002
2022,8,20,14,30,570,3.4000000000000004,7,29.3
2022,8,20,15,30,119,3,6,28.6
2022,8,20,16,30,99,2.5,6,27.8
2022,8,20,17,30,74,2.1,8,26.700000000000003
2022,8,20,18,30,104,2.1,8,25.5
2022,8,20,19,30,1,2.4000000000000004,6,24.700000000000003
2022,8,20,20,30,0,2.5,6,24.200000000000003
2022,8,20,21,30,0,2.2,6,23.900000000000002
2022,8,20,22,30,0,1.9000000000000001,6,23.700000000000003
2022,8,20,23,30,0,1.6,6,23.5
2022,8,21,0,30,0,1.3,6,23.3
2022,8,21,1,30,0,1.2000000000000002,6,23.200000000000003
2022,8,21,2,30,0,1.4000000000000001,7,23
2022,8,21,3,30,0,1.8,6,22.8
2022,8,21,4,30,0,2.2,6,22.6
2022,8,21,5,30,0,2.4000000000000004,6,22.5
2022,8,21,6,30,13,3,7,22.900000000000002
2022,8,21,7,30,37,3.8000000000000003,7,23.8
2022,8,21,8,30,57,4.3,8,25.200000000000003
2022,8,21,9,30,337,4.2,7,26.700000000000003
2022,8,21,10,30,528,3.8000000000000003,8,27.8
2022,8,21,11,30,339,3.4000000000000004,5,28.6
2022,8,21,12,30,508,3,4,29.1
2022,8,21,13,30,762,2.6,7,29.5
2022,8,21,14,30,683,2.4000000000000004,8,29.6
2022,8,21,15,30,702,2.2,0,29.6
2022,8,21,16,30,464,2,8,29.400000000000002
2022,8,21,17,30,111,1.6,7,28.700000000000003
2022,8,21,18,30,17,1.3,9,27.200000000000003
2022,8,21,19,30,1,1.2000000000000002,7,26
2022,8,21,20,30,0,1.3,8,25.5
2022,8,21,21,30,0,1.2000000000000002,8,25
2022,8,21,22,30,0,1.1,3,24.5
2022,8,21,23,30,0,1,0,24
2022,8,22,0,30,0,1,0,23.400000000000002
2022,8,22,1,30,0,1.4000000000000001,0,22.8
2022,8,22,2,30,0,2,3,22.1
2022,8,22,3,30,0,2.6,3,21.6
2022,8,22,4,30,0,2.9000000000000004,0,21.200000000000003
2022,8,22,5,30,0,3.1,0,20.8
2022,8,22,6,30,9,3.4000000000000004,3,21.200000000000003
2022,8,22,7,30,188,3.8000000000000003,0,22.6
2022,8,22,8,30,410,3.8000000000000003,0,24.400000000000002
2022,8,22,9,30,242,3.7,3,26
2022,8,22,10,30,144,3.5,3,27.5
2022,8,22,11,30,240,3.4000000000000004,3,28.8
2022,8,22,12,30,306,3.4000000000000004,3,29.8
2022,8,22,13,30,334,3.6,3,30.200000000000003
2022,8,22,14,30,392,3.8000000000000003,3,29.900000000000002
2022,8,22,15,30,449,4,3,29.200000000000003
2022,8,22,16,30,287,4.1000000000000005,3,28.1
2022,8,22,17,30,257,4,0,26.700000000000003
2022,8,22,18,30,100,3.7,8,25.200000000000003
2022,8,22,19,30,0,3.5,3,23.8
2022,8,22,20,30,0,3.2,3,22.900000000000002
2022,8,22,21,30,0,2.6,3,22.200000000000003
2022,8,22,22,30,0,1.8,3,21.700000000000003
2022,8,22,23,30,0,1.4000000000000001,3,21.3
2022,8,23,0,30,0,1.1,3,20.900000000000002
2022,8,23,1,30,0,1.1,3,20.6
2022,8,23,2,30,0,1.2000000000000002,7,20.400000000000002
2022,8,23,3,30,0,1.4000000000000001,3,20.3
2022,8,23,4,30,0,1.7000000000000002,3,20.200000000000003
2022,8,23,5,30,0,2,3,20.3
2022,8,23,6,30,8,2.5,3,21.200000000000003
2022,8,23,7,30,68,2.9000000000000004,3,23.3
2022,8,23,8,30,180,3.1,3,25.5
2022,8,23,9,30,383,3.3000000000000003,3,27.3
2022,8,23,10,30,231,3.5,3,28.6
2022,8,23,11,30,342,3.7,3,29.6
2022,8,23,12,30,355,3.8000000000000003,3,30.5
2022,8,23,13,30,570,3.9000000000000004,3,30.8
2022,8,23,14,30,706,3.9000000000000004,3,30.8
2022,8,23,15,30,536,3.9000000000000004,3,30.5
2022,8,23,16,30,440,3.8000000000000003,3,29.900000000000002
2022,8,23,17,30,289,3.5,0,28.8
2022,8,23,18,30,124,2.7,0,26.900000000000002
2022,8,23,19,30,0,2.1,0,25.1
2022,8,23,20,30,0,2.2,0,24.3
2022,8,23,21,30,0,2.1,0,23.5
2022,8,23,22,30,0,2,0,22.8
2022,8,23,23,30,0,1.7000000000000002,0,22.1
2022,8,24,0,30,0,1.4000000000000001,0,21.6
2022,8,24,1,30,0,1.2000000000000002,0,21.200000000000003
2022,8,24,2,30,0,1,0,20.700000000000003
2022,8,24,3,30,0,0.9,8,20.3
2022,8,24,4,30,0,0.8,0,20
2022,8,24,5,30,0,1,0,20
2022,8,24,6,30,23,1.6,0,21.1
2022,8,24,7,30,196,2.3000000000000003,0,23.6
2022,8,24,8,30,351,2.8000000000000003,8,25.900000000000002
2022,8,24,9,30,553,3.2,0,27.700000000000003
2022,8,24,10,30,728,3.5,0,29.1
2022,8,24,11,30,685,3.7,8,30.1
2022,8,24,12,30,769,3.8000000000000003,8,30.700000000000003
2022,8,24,13,30,690,3.9000000000000004,7,30.8
2022,8,24,14,30,676,3.9000000000000004,8,30.400000000000002
2022,8,24,15,30,667,4,0,29.700000000000003
2022,8,24,16,30,535,3.9000000000000004,0,28.900000000000002
2022,8,24,17,30,321,3.7,7,27.8
2022,8,24,18,30,113,3,0,26.400000000000002
2022,8,24,19,30,0,2.5,7,25.3
2022,8,24,20,30,0,2.2,8,24.700000000000003
2022,8,24,21,30,0,2.1,0,24.1
2022,8,24,22,30,0,2,8,23.700000000000003
2022,8,24,23,30,0,2,0,23.3
2022,8,25,0,30,0,2,0,22.900000000000002
2022,8,25,1,30,0,2,3,22.5
2022,8,25,2,30,0,1.9000000000000001,0,22.200000000000003
2022,8,25,3,30,0,1.8,0,21.8
2022,8,25,4,30,0,1.6,0,21.5
2022,8,25,5,30,0,1.7000000000000002,0,21.400000000000002
2022,8,25,6,30,23,2.4000000000000004,0,22.5
2022,8,25,7,30,199,2.9000000000000004,0,24.700000000000003
2022,8,25,8,30,373,3,0,27
2022,8,25,9,30,619,2.9000000000000004,0,28.900000000000002
2022,8,25,10,30,747,2.8000000000000003,0,30.400000000000002
2022,8,25,11,30,870,2.7,0,31.6
2022,8,25,12,30,931,2.8000000000000003,0,32.4
2022,8,25,13,30,938,3,0,33
2022,8,25,14,30,859,3.1,0,33.2
2022,8,25,15,30,719,3.1,0,32.9
2022,8,25,16,30,432,3,3,32.4
2022,8,25,17,30,325,2.5,0,31.200000000000003
2022,8,25,18,30,115,1.7000000000000002,0,29.200000000000003
2022,8,25,19,30,0,1.4000000000000001,0,27.700000000000003
2022,8,25,20,30,0,1.6,0,27
2022,8,25,21,30,0,1.7000000000000002,3,26.200000000000003
2022,8,25,22,30,0,1.6,3,25.5
2022,8,25,23,30,0,1.5,3,24.8
2022,8,26,0,30,0,1.3,3,24.200000000000003
2022,8,26,1,30,0,1.2000000000000002,0,23.5
2022,8,26,2,30,0,1.2000000000000002,0,23
2022,8,26,3,30,0,1.1,0,22.6
2022,8,26,4,30,0,1.1,0,22.1
2022,8,26,5,30,0,1.2000000000000002,0,21.900000000000002
2022,8,26,6,30,21,1.8,0,23.1
2022,8,26,7,30,193,2.4000000000000004,0,25.6
2022,8,26,8,30,410,2.1,0,28.1
2022,8,26,9,30,614,1.9000000000000001,0,30.200000000000003
2022,8,26,10,30,773,2,0,31.700000000000003
2022,8,26,11,30,611,2.2,7,32.7
2022,8,26,12,30,931,2.4000000000000004,0,33.300000000000004
2022,8,26,13,30,640,2.5,3,33.4
2022,8,26,14,30,353,2.5,5,33.5
2022,8,26,15,30,686,2.6,0,33.4
2022,8,26,16,30,440,2.7,3,33.1
2022,8,26,17,30,309,2.4000000000000004,0,32
2022,8,26,18,30,104,1.7000000000000002,0,29.900000000000002
2022,8,26,19,30,0,1.6,0,28.200000000000003
2022,8,26,20,30,0,1.9000000000000001,0,27.6
2022,8,26,21,30,0,2.2,0,26.900000000000002
2022,8,26,22,30,0,2.3000000000000003,0,26.3
2022,8,26,23,30,0,2.4000000000000004,0,25.6
2022,8,27,0,30,0,2.4000000000000004,0,25
2022,8,27,1,30,0,2.5,0,24.400000000000002
2022,8,27,2,30,0,2.6,0,23.900000000000002
2022,8,27,3,30,0,2.4000000000000004,0,23.400000000000002
2022,8,27,4,30,0,2,0,22.900000000000002
2022,8,27,5,30,0,1.8,0,22.700000000000003
2022,8,27,6,30,18,2.4000000000000004,0,23.900000000000002
2022,8,27,7,30,190,3.5,0,26.700000000000003
2022,8,27,8,30,408,4,0,29.6
2022,8,27,9,30,613,4,0,31.700000000000003
2022,8,27,10,30,781,3.8000000000000003,0,33.4
2022,8,27,11,30,896,3.8000000000000003,0,34.7
2022,8,27,12,30,918,3.8000000000000003,0,35.7
2022,8,27,13,30,630,3.8000000000000003,3,36.2
2022,8,27,14,30,822,3.7,0,36.300000000000004
2022,8,27,15,30,485,3.7,3,36
2022,8,27,16,30,241,3.6,3,35.2
2022,8,27,17,30,313,3.2,0,33.7
2022,8,27,18,30,107,2.7,0,31.400000000000002
2022,8,27,19,30,0,2.9000000000000004,0,29.700000000000003
2022,8,27,20,30,0,3.7,0,28.900000000000002
2022,8,27,21,30,0,4.1000000000000005,0,28.200000000000003
2022,8,27,22,30,0,4.3,0,27.400000000000002
2022,8,27,23,30,0,4.2,0,26.8
2022,8,28,0,30,0,3.9000000000000004,0,26.1
2022,8,28,1,30,0,3.8000000000000003,0,25.5
2022,8,28,2,30,0,3.7,0,24.900000000000002
2022,8,28,3,30,0,3.6,0,24.400000000000002
2022,8,28,4,30,0,3.4000000000000004,0,23.900000000000002
2022,8,28,5,30,0,3.4000000000000004,0,23.5
2022,8,28,6,30,18,4.1000000000000005,0,24.1
2022,8,28,7,30,189,5,0,26.3
2022,8,28,8,30,403,5.1000000000000005,0,29.3
2022,8,28,9,30,605,4.5,0,31.900000000000002
2022,8,28,10,30,771,4,0,34.1
2022,8,28,11,30,886,3.7,0,35.7
2022,8,28,12,30,938,3.6,0,36.7
2022,8,28,13,30,923,3.6,0,37.4
2022,8,28,14,30,839,3.8000000000000003,0,37.5
2022,8,28,15,30,693,4,0,37
2022,8,28,16,30,411,4.1000000000000005,0,35.9
2022,8,28,17,30,276,4.1000000000000005,8,34.2
2022,8,28,18,30,44,4,6,31.900000000000002
2022,8,28,19,30,0,4.3,6,30.1
2022,8,28,20,30,0,4.4,7,28.900000000000002
2022,8,28,21,30,0,4.1000000000000005,8,27.8
2022,8,28,22,30,0,3.7,7,26.8
2022,8,28,23,30,0,3.2,7,26
2022,8,29,0,30,0,2.8000000000000003,7,25.200000000000003
2022,8,29,1,30,0,2.4000000000000004,8,24.5
2022,8,29,2,30,0,2,0,23.900000000000002
2022,8,29,3,30,0,1.9000000000000001,0,23.400000000000002
2022,8,29,4,30,0,1.9000000000000001,0,22.900000000000002
2022,8,29,5,30,0,2.2,0,22.700000000000003
2022,8,29,6,30,18,3.2,0,23.3
2022,8,29,7,30,182,4.5,0,25.3
2022,8,29,8,30,289,4.9,3,27.6
2022,8,29,9,30,600,4.7,0,29.700000000000003
2022,8,29,10,30,770,4.5,0,31.400000000000002
2022,8,29,11,30,867,4.3,0,32.7
2022,8,29,12,30,883,4,0,33.5
2022,8,29,13,30,838,3.7,0,34
2022,8,29,14,30,839,3.4000000000000004,0,34.1
2022,8,29,15,30,628,3.3000000000000003,0,33.9
2022,8,29,16,30,164,3.2,7,33.2
2022,8,29,17,30,194,2.6,7,31.700000000000003
2022,8,29,18,30,53,2.2,6,29.3
2022,8,29,19,30,0,2.7,6,27.700000000000003
2022,8,29,20,30,0,2.8000000000000003,6,26.8
2022,8,29,21,30,0,1.8,7,25.700000000000003
2022,8,29,22,30,0,0.8,6,24.700000000000003
2022,8,29,23,30,0,0.5,6,24
2022,8,30,0,30,0,0.5,6,23.3
2022,8,30,1,30,0,0.9,7,22.700000000000003
2022,8,30,2,30,0,1.3,7,22.3
2022,8,30,3,30,0,1.4000000000000001,7,22.200000000000003
2022,8,30,4,30,0,1.3,7,22
2022,8,30,5,30,0,1.6,7,21.900000000000002
2022,8,30,6,30,6,2.1,5,22.1
2022,8,30,7,30,38,2.9000000000000004,4,22.8
2022,8,30,8,30,123,3.6,4,24.200000000000003
2022,8,30,9,30,177,3.9000000000000004,4,25.8
2022,8,30,10,30,413,3.6,5,27.400000000000002
2022,8,30,11,30,355,3.2,8,28.700000000000003
2022,8,30,12,30,235,3.2,8,29.5
2022,8,30,13,30,446,3.2,5,29.8
2022,8,30,14,30,640,3.2,3,29.3
2022,8,30,15,30,319,3.2,5,28.400000000000002
2022,8,30,16,30,152,3.2,5,27.3
2022,8,30,17,30,68,3.1,3,26.200000000000003
2022,8,30,18,30,40,2.8000000000000003,3,25.1
2022,8,30,19,30,0,2.8000000000000003,8,24.3
2022,8,30,20,30,0,2.8000000000000003,8,23.8
2022,8,30,21,30,0,2.6,7,23.400000000000002
2022,8,30,22,30,0,2.3000000000000003,7,23
2022,8,30,23,30,0,2,7,22.700000000000003
2022,8,31,0,30,0,1.9000000000000001,8,22.3
2022,8,31,1,30,0,1.9000000000000001,8,21.900000000000002
2022,8,31,2,30,0,1.9000000000000001,3,21.5
2022,8,31,3,30,0,1.9000000000000001,8,21.200000000000003
2022,8,31,4,30,0,1.7000000000000002,8,21.1
2022,8,31,5,30,0,1.7000000000000002,8,21
2022,8,31,6,30,9,2,8,21.200000000000003
2022,8,31,7,30,41,2.3000000000000003,4,22
2022,8,31,8,30,149,2.4000000000000004,5,23.200000000000003
2022,8,31,9,30,301,2.5,7,24.5
2022,8,31,10,30,391,2.5,7,25.6
2022,8,31,11,30,541,2.5,7,26.3
2022,8,31,12,30,543,2.4000000000000004,6,26.700000000000003
2022,8,31,13,30,607,2.4000000000000004,7,27.1
2022,8,31,14,30,425,2.5,6,27.400000000000002
2022,8,31,15,30,411,2.5,8,27.6
2022,8,31,16,30,159,2.5,4,27.400000000000002
2022,8,31,17,30,161,2,8,26.5
2022,8,31,18,30,38,1.2000000000000002,8,24.900000000000002
2022,8,31,19,30,0,1,8,23.700000000000003
2022,8,31,20,30,0,1.2000000000000002,8,23
2022,8,31,21,30,0,1.2000000000000002,0,22.400000000000002
2022,8,31,22,30,0,1.2000000000000002,0,21.900000000000002
2022,8,31,23,30,0,1.1,0,21.5
2022,9,1,0,30,0,1,8,21
2022,9,1,1,30,0,0.8,8,20.6
2022,9,1,2,30,0,0.7000000000000001,7,20.3
2022,9,1,3,30,0,0.6000000000000001,8,20.1
2022,9,1,4,30,0,0.4,7,20.3
2022,9,1,5,30,0,0.30000000000000004,8,20.5
2022,9,1,6,30,5,0.30000000000000004,4,21.200000000000003
2022,9,1,7,30,38,0.8,4,22.8
2022,9,1,8,30,136,1.6,8,24.8
2022,9,1,9,30,223,2.5,7,26.6
2022,9,1,10,30,366,2.9000000000000004,8,28
2022,9,1,11,30,389,3.1,7,28.900000000000002
2022,9,1,12,30,406,3,8,29.200000000000003
2022,9,1,13,30,424,2.9000000000000004,7,28.900000000000002
2022,9,1,14,30,174,2.7,7,28.1
2022,9,1,15,30,104,2.4000000000000004,8,27.3
2022,9,1,16,30,188,2.2,8,26.6
2022,9,1,17,30,168,1.8,8,25.700000000000003
2022,9,1,18,30,42,1.3,8,24.5
2022,9,1,19,30,0,1.1,7,23.6
2022,9,1,20,30,0,1.2000000000000002,8,23.1
2022,9,1,21,30,0,1.3,8,22.700000000000003
2022,9,1,22,30,0,1.4000000000000001,5,22.400000000000002
2022,9,1,23,30,0,1.5,8,22
2022,9,2,0,30,0,1.4000000000000001,8,21.6
2022,9,2,1,30,0,1.3,4,21.3
2022,9,2,2,30,0,1.2000000000000002,3,21
2022,9,2,3,30,0,1,5,20.700000000000003
2022,9,2,4,30,0,0.8,8,20.5
2022,9,2,5,30,0,0.8,8,20.3
2022,9,2,6,30,9,1.2000000000000002,8,21.200000000000003
2022,9,2,7,30,64,1.9000000000000001,8,23.3
2022,9,2,8,30,158,2.5,8,25.5
2022,9,2,9,30,272,2.7,8,27.200000000000003
2022,9,2,10,30,562,2.6,8,28.5
2022,9,2,11,30,646,2.4000000000000004,8,29.6
2022,9,2,12,30,694,2.3000000000000003,7,30.3
2022,9,2,13,30,610,2.4000000000000004,8,30.5
2022,9,2,14,30,645,2.6,8,30.400000000000002
2022,9,2,15,30,368,2.8000000000000003,8,29.8
2022,9,2,16,30,119,3,7,29.1
2022,9,2,17,30,132,2.9000000000000004,6,27.8
2022,9,2,18,30,24,2.5,6,26.1
2022,9,2,19,30,0,2.4000000000000004,7,24.8
2022,9,2,20,30,0,2.3000000000000003,8,24.1
2022,9,2,21,30,0,2,8,23.5
2022,9,2,22,30,0,1.6,7,23
2022,9,2,23,30,0,1.2000000000000002,7,22.5
2022,9,3,0,30,0,0.9,7,22.1
2022,9,3,1,30,0,0.8,8,21.8
2022,9,3,2,30,0,0.6000000000000001,7,21.6
2022,9,3,3,30,0,0.4,7,21.6
2022,9,3,4,30,0,0.4,7,21.400000000000002
2022,9,3,5,30,0,0.7000000000000001,7,21
2022,9,3,6,30,9,1.4000000000000001,7,21.5
2022,9,3,7,30,78,2,7,23.3
2022,9,3,8,30,268,2.2,8,25.6
2022,9,3,9,30,512,2.6,0,28
2022,9,3,10,30,489,2.9000000000000004,8,29.700000000000003
2022,9,3,11,30,701,3.2,8,30.900000000000002
2022,9,3,12,30,803,3.3000000000000003,0,31.6
2022,9,3,13,30,585,3.3000000000000003,8,31.8
2022,9,3,14,30,488,3.5,7,31.700000000000003
2022,9,3,15,30,316,3.8000000000000003,8,31.400000000000002
2022,9,3,16,30,362,3.9000000000000004,8,30.700000000000003
2022,9,3,17,30,285,3.5,0,29.3
2022,9,3,18,30,70,2.7,8,27.400000000000002
2022,9,3,19,30,0,2.6,8,25.8
2022,9,3,20,30,0,2.5,0,24.8
2022,9,3,21,30,0,2.2,0,23.900000000000002
2022,9,3,22,30,0,1.8,0,23.1
2022,9,3,23,30,0,1.6,5,22.400000000000002
2022,9,4,0,30,0,1.4000000000000001,0,21.900000000000002
2022,9,4,1,30,0,1.3,0,21.400000000000002
2022,9,4,2,30,0,1.2000000000000002,0,20.900000000000002
2022,9,4,3,30,0,1.2000000000000002,0,20.5
2022,9,4,4,30,0,1.2000000000000002,0,20.1
2022,9,4,5,30,0,1.2000000000000002,0,19.900000000000002
2022,9,4,6,30,12,1.9000000000000001,0,21
2022,9,4,7,30,181,2.4000000000000004,0,23.900000000000002
2022,9,4,8,30,401,2.2,0,27.200000000000003
2022,9,4,9,30,607,2.4000000000000004,0,29.700000000000003
2022,9,4,10,30,775,2.7,0,31.400000000000002
2022,9,4,11,30,890,3,0,32.6
2022,9,4,12,30,940,3.1,0,33.5
2022,9,4,13,30,923,3.2,0,33.9
2022,9,4,14,30,840,3.1,0,34
2022,9,4,15,30,697,3.1,0,33.6
2022,9,4,16,30,508,3,0,32.800000000000004
2022,9,4,17,30,292,2.4000000000000004,0,30.8
2022,9,4,18,30,82,1.8,0,28
2022,9,4,19,30,0,1.9000000000000001,0,26
2022,9,4,20,30,0,2.3000000000000003,0,25.1
2022,9,4,21,30,0,2.6,0,24.400000000000002
2022,9,4,22,30,0,2.7,0,23.700000000000003
2022,9,4,23,30,0,2.8000000000000003,0,23
2022,9,5,0,30,0,2.9000000000000004,0,22.400000000000002
2022,9,5,1,30,0,3,0,21.8
2022,9,5,2,30,0,3.1,0,21.3
2022,9,5,3,30,0,3.1,0,20.8
2022,9,5,4,30,0,3,0,20.3
2022,9,5,5,30,0,2.8000000000000003,0,20
2022,9,5,6,30,12,3.1,0,20.8
2022,9,5,7,30,180,3.4000000000000004,0,23.5
2022,9,5,8,30,297,3.3000000000000003,3,27.3
2022,9,5,9,30,606,3.1,0,30.400000000000002
2022,9,5,10,30,718,2.4000000000000004,0,32.300000000000004
2022,9,5,11,30,851,2,0,33.7
2022,9,5,12,30,926,1.7000000000000002,0,34.5
2022,9,5,13,30,741,1.6,8,35
2022,9,5,14,30,685,1.6,7,35.1
2022,9,5,15,30,691,1.6,0,34.800000000000004
2022,9,5,16,30,391,1.7000000000000002,8,33.800000000000004
2022,9,5,17,30,92,1.6,8,31.900000000000002
2022,9,5,18,30,40,1.7000000000000002,5,29.3
2022,9,5,19,30,0,2.3000000000000003,3,27.6
2022,9,5,20,30,0,3,3,26.6
2022,9,5,21,30,0,3.4000000000000004,0,25.5
2022,9,5,22,30,0,3.6,0,24.6
2022,9,5,23,30,0,3.7,0,23.8
2022,9,6,0,30,0,3.7,0,23.200000000000003
2022,9,6,1,30,0,3.6,0,22.700000000000003
2022,9,6,2,30,0,3.4000000000000004,0,22.1
2022,9,6,3,30,0,3.2,0,21.700000000000003
2022,9,6,4,30,0,3,0,21.200000000000003
2022,9,6,5,30,0,2.8000000000000003,3,20.8
2022,9,6,6,30,6,3.1,3,21.400000000000002
2022,9,6,7,30,177,3.3000000000000003,0,24
2022,9,6,8,30,396,3.1,0,27.6
2022,9,6,9,30,602,2.7,0,30.700000000000003
2022,9,6,10,30,770,2,0,32.800000000000004
2022,9,6,11,30,883,1.2000000000000002,0,34.2
2022,9,6,12,30,933,0.7000000000000001,0,35.2
2022,9,6,13,30,891,0.5,0,35.800000000000004
2022,9,6,14,30,743,0.5,0,35.9
2022,9,6,15,30,547,0.8,8,35.7
2022,9,6,16,30,479,1.2000000000000002,0,34.9
2022,9,6,17,30,280,1.2000000000000002,0,33
2022,9,6,18,30,74,1.2000000000000002,0,30.1
2022,9,6,19,30,0,1.6,0,27.900000000000002
2022,9,6,20,30,0,1.8,0,26.700000000000003
2022,9,6,21,30,0,1.7000000000000002,0,25.5
2022,9,6,22,30,0,1.5,0,24.5
2022,9,6,23,30,0,1.2000000000000002,0,23.700000000000003
2022,9,7,0,30,0,1,0,23.1
2022,9,7,1,30,0,0.9,0,22.5
2022,9,7,2,30,0,0.9,0,21.900000000000002
2022,9,7,3,30,0,0.9,0,21.3
2022,9,7,4,30,0,0.8,0,20.6
2022,9,7,5,30,0,0.9,0,20.1
2022,9,7,6,30,11,1.6,0,21
2022,9,7,7,30,177,2.7,0,23.8
2022,9,7,8,30,400,3.5,0,27.200000000000003
2022,9,7,9,30,610,4,0,29.8
2022,9,7,10,30,783,4.1000000000000005,0,31.400000000000002
2022,9,7,11,30,898,4.1000000000000005,0,32.7
2022,9,7,12,30,949,4.1000000000000005,0,33.6
2022,9,7,13,30,929,4.1000000000000005,0,34.2
2022,9,7,14,30,840,4.1000000000000005,0,34.300000000000004
2022,9,7,15,30,692,4.2,0,34
2022,9,7,16,30,497,4.2,0,33
2022,9,7,17,30,276,3.3000000000000003,0,30.900000000000002
2022,9,7,18,30,69,2.1,0,27.900000000000002
2022,9,7,19,30,0,1.9000000000000001,0,26
2022,9,7,20,30,0,2,0,25.200000000000003
2022,9,7,21,30,0,2,0,24.400000000000002
2022,9,7,22,30,0,1.7000000000000002,0,23.700000000000003
2022,9,7,23,30,0,1.4000000000000001,0,22.900000000000002
2022,9,8,0,30,0,1.2000000000000002,0,22.3
2022,9,8,1,30,0,1.1,0,21.900000000000002
2022,9,8,2,30,0,1,0,21.400000000000002
2022,9,8,3,30,0,0.9,0,21
2022,9,8,4,30,0,0.8,0,20.700000000000003
2022,9,8,5,30,0,0.6000000000000001,0,20.400000000000002
2022,9,8,6,30,10,0.7000000000000001,0,21
2022,9,8,7,30,172,0.9,0,23.3
2022,9,8,8,30,390,1.2000000000000002,0,26.8
2022,9,8,9,30,597,1.6,0,29.6
2022,9,8,10,30,762,1.8,0,31.200000000000003
2022,9,8,11,30,884,1.8,0,32.5
2022,9,8,12,30,937,1.7000000000000002,0,33.5
2022,9,8,13,30,919,1.7000000000000002,0,34.1
2022,9,8,14,30,809,1.7000000000000002,0,34.2
2022,9,8,15,30,664,1.8,0,33.9
2022,9,8,16,30,445,1.9000000000000001,8,33.1
2022,9,8,17,30,197,1.5,7,31.1
2022,9,8,18,30,55,1.1,8,28.1
2022,9,8,19,30,0,1.2000000000000002,0,25.900000000000002
2022,9,8,20,30,0,1.5,0,24.900000000000002
2022,9,8,21,30,0,1.7000000000000002,0,24.1
2022,9,8,22,30,0,1.9000000000000001,0,23.400000000000002
2022,9,8,23,30,0,1.9000000000000001,0,22.8
2022,9,9,0,30,0,1.8,0,22.1
2022,9,9,1,30,0,1.6,8,21.400000000000002
2022,9,9,2,30,0,1.5,0,20.900000000000002
2022,9,9,3,30,0,1.3,0,20.400000000000002
2022,9,9,4,30,0,1.1,0,19.900000000000002
2022,9,9,5,30,0,1,0,19.400000000000002
2022,9,9,6,30,10,1.2000000000000002,0,20.200000000000003
2022,9,9,7,30,173,1.5,0,22.6
2022,9,9,8,30,393,1.7000000000000002,0,26.700000000000003
2022,9,9,9,30,598,2.1,0,30.6
2022,9,9,10,30,771,2.4000000000000004,0,32.5
2022,9,9,11,30,885,2.7,0,33.800000000000004
2022,9,9,12,30,935,2.9000000000000004,0,34.800000000000004
2022,9,9,13,30,888,3.1,0,35.4
2022,9,9,14,30,800,3.1,0,35.5
2022,9,9,15,30,666,3.1,0,35.2
2022,9,9,16,30,484,3,0,34.300000000000004
2022,9,9,17,30,250,2.3000000000000003,0,32.1
2022,9,9,18,30,60,1.8,0,29
2022,9,9,19,30,0,2.2,0,27.1
2022,9,9,20,30,0,2.7,0,26.3
2022,9,9,21,30,0,3,0,25.5
2022,9,9,22,30,0,3.2,0,24.6
2022,9,9,23,30,0,3.3000000000000003,8,23.8
2022,9,10,0,30,0,3.1,0,23.1
2022,9,10,1,30,0,2.8000000000000003,0,22.400000000000002
2022,9,10,2,30,0,2.2,0,21.8
2022,9,10,3,30,0,1.7000000000000002,0,21.1
2022,9,10,4,30,0,1.4000000000000001,0,20.5
2022,9,10,5,30,0,1.2000000000000002,0,20.1
2022,9,10,6,30,9,1.7000000000000002,0,20.900000000000002
2022,9,10,7,30,166,2.3000000000000003,0,23.700000000000003
2022,9,10,8,30,382,2.2,0,27
2022,9,10,9,30,587,1.9000000000000001,0,29.700000000000003
2022,9,10,10,30,752,1.9000000000000001,0,31.700000000000003
2022,9,10,11,30,862,2.2,0,33.1
2022,9,10,12,30,865,2.5,0,34.1
2022,9,10,13,30,890,2.8000000000000003,0,34.6
2022,9,10,14,30,804,3.1,0,34.6
2022,9,10,15,30,437,3.4000000000000004,3,34.2
2022,9,10,16,30,408,3.5,0,33.2
2022,9,10,17,30,246,3.1,0,31.5
2022,9,10,18,30,53,2.9000000000000004,0,29.6
2022,9,10,19,30,0,3.5,0,28.3
2022,9,10,20,30,0,4.1000000000000005,0,27.3
2022,9,10,21,30,0,4.1000000000000005,0,26
2022,9,10,22,30,0,3.9000000000000004,7,24.8
2022,9,10,23,30,0,3.7,8,23.8
2022,9,11,0,30,0,3.8000000000000003,3,22.8
2022,9,11,1,30,0,4,0,21.700000000000003
2022,9,11,2,30,0,4.2,0,20.700000000000003
2022,9,11,3,30,0,4.4,0,19.700000000000003
2022,9,11,4,30,0,4.3,0,18.8
2022,9,11,5,30,0,4.2,0,18
2022,9,11,6,30,3,4.5,7,17.7
2022,9,11,7,30,99,4.9,0,18.2
2022,9,11,8,30,177,4.7,3,19.5
2022,9,11,9,30,297,4.2,8,21.400000000000002
2022,9,11,10,30,583,3.6,7,23.400000000000002
2022,9,11,11,30,613,3.1,8,25
2022,9,11,12,30,563,2.8000000000000003,8,26
2022,9,11,13,30,473,2.8000000000000003,8,26.3
2022,9,11,14,30,575,2.8000000000000003,8,26
2022,9,11,15,30,509,2.8000000000000003,8,25.3
2022,9,11,16,30,290,2.6,5,24.6
2022,9,11,17,30,174,2.2,8,23.700000000000003
2022,9,11,18,30,51,1.9000000000000001,0,22.400000000000002
2022,9,11,19,30,0,1.7000000000000002,0,21.3
2022,9,11,20,30,0,1.5,8,20.6
2022,9,11,21,30,0,1.2000000000000002,8,20
2022,9,11,22,30,0,1,3,19.6
2022,9,11,23,30,0,0.9,0,19.200000000000003
2022,9,12,0,30,0,1,0,18.8
2022,9,12,1,30,0,1,3,18.5
2022,9,12,2,30,0,1.1,3,18.1
2022,9,12,3,30,0,1.2000000000000002,4,17.900000000000002
2022,9,12,4,30,0,1.2000000000000002,4,17.7
2022,9,12,5,30,0,1.3,3,17.6
2022,9,12,6,30,2,2.1,4,18.5
2022,9,12,7,30,44,3.1,4,20.900000000000002
2022,9,12,8,30,318,3.6,3,24
2022,9,12,9,30,562,3.5,0,26.8
2022,9,12,10,30,681,3.1,0,28.900000000000002
2022,9,12,11,30,766,2.8000000000000003,8,30.5
2022,9,12,12,30,885,2.6,0,31.700000000000003
2022,9,12,13,30,880,2.4000000000000004,0,32.5
2022,9,12,14,30,790,2.3000000000000003,0,32.800000000000004
2022,9,12,15,30,653,2.3000000000000003,0,32.7
2022,9,12,16,30,463,2.4000000000000004,0,32
2022,9,12,17,30,248,1.9000000000000001,0,30.1
2022,9,12,18,30,52,1.4000000000000001,0,27.5
2022,9,12,19,30,0,1.7000000000000002,0,25.8
2022,9,12,20,30,0,2.1,0,25.1
2022,9,12,21,30,0,2.4000000000000004,0,24.3
2022,9,12,22,30,0,2.4000000000000004,0,23.5
2022,9,12,23,30,0,2.4000000000000004,0,22.8
2022,9,13,0,30,0,2.4000000000000004,0,22
2022,9,13,1,30,0,2.2,0,21.3
2022,9,13,2,30,0,2.1,0,20.700000000000003
2022,9,13,3,30,0,2,0,20.200000000000003
2022,9,13,4,30,0,1.8,0,19.700000000000003
2022,9,13,5,30,0,1.7000000000000002,0,19.400000000000002
2022,9,13,6,30,6,2.2,0,20.3
2022,9,13,7,30,162,3,0,23.1
2022,9,13,8,30,374,3.4000000000000004,0,26.6
2022,9,13,9,30,584,3.5,0,29.400000000000002
2022,9,13,10,30,752,3.4000000000000004,0,31.200000000000003
2022,9,13,11,30,867,3.5,0,32.6
2022,9,13,12,30,917,3.7,0,33.5
2022,9,13,13,30,896,3.9000000000000004,0,34
2022,9,13,14,30,807,4,0,34
2022,9,13,15,30,659,4.2,0,33.5
2022,9,13,16,30,450,4.2,0,32.5
2022,9,13,17,30,244,3.7,0,30.700000000000003
2022,9,13,18,30,46,3.1,0,28.400000000000002
2022,9,13,19,30,0,3.4000000000000004,0,27
2022,9,13,20,30,0,3.7,8,26.1
2022,9,13,21,30,0,3.4000000000000004,8,25.3
2022,9,13,22,30,0,3.2,8,24.5
2022,9,13,23,30,0,2.9000000000000004,0,23.8
2022,9,14,0,30,0,2.7,0,23.1
2022,9,14,1,30,0,2.5,8,22.5
2022,9,14,2,30,0,2.4000000000000004,0,22
2022,9,14,3,30,0,2.4000000000000004,0,21.6
2022,9,14,4,30,0,2.4000000000000004,0,21
2022,9,14,5,30,0,2.4000000000000004,0,20.400000000000002
2022,9,14,6,30,4,3.1,7,20.700000000000003
2022,9,14,7,30,151,4.5,0,22.6
2022,9,14,8,30,365,5.6000000000000005,0,25.200000000000003
2022,9,14,9,30,569,5.9,0,27.5
2022,9,14,10,30,732,5.9,0,29.5
2022,9,14,11,30,783,5.9,0,31
2022,9,14,12,30,780,5.800000000000001,8,31.900000000000002
2022,9,14,13,30,686,5.6000000000000005,8,32.1
2022,9,14,14,30,585,5.300000000000001,8,31.5
2022,9,14,15,30,477,4.800000000000001,3,30.400000000000002
2022,9,14,16,30,299,3.9000000000000004,7,29.1
2022,9,14,17,30,95,2.8000000000000003,7,27.5
2022,9,14,18,30,15,2.2,7,26.1
2022,9,14,19,30,0,2.3000000000000003,7,25.200000000000003
2022,9,14,20,30,0,2.6,7,24.700000000000003
2022,9,14,21,30,0,2.7,7,24
2022,9,14,22,30,0,2.5,7,23.3
2022,9,14,23,30,0,2.3000000000000003,0,22.5
2022,9,15,0,30,0,2.1,0,21.900000000000002
2022,9,15,1,30,0,2,0,21.200000000000003
2022,9,15,2,30,0,2,0,20.6
2022,9,15,3,30,0,2.2,0,20.200000000000003
2022,9,15,4,30,0,2.4000000000000004,0,19.900000000000002
2022,9,15,5,30,0,2.6,0,19.5
2022,9,15,6,30,5,3.2,0,20
2022,9,15,7,30,153,4.5,0,22.1
2022,9,15,8,30,366,5.2,0,24.8
2022,9,15,9,30,569,5.1000000000000005,0,27.1
2022,9,15,10,30,733,4.800000000000001,0,29.1
2022,9,15,11,30,847,4.6000000000000005,0,30.700000000000003
2022,9,15,12,30,897,4.4,0,31.8
2022,9,15,13,30,874,4.3,0,32.300000000000004
2022,9,15,14,30,785,4.2,0,32.4
2022,9,15,15,30,639,4.1000000000000005,0,32.1
2022,9,15,16,30,447,4,0,31.400000000000002
2022,9,15,17,30,232,3.4000000000000004,0,29.900000000000002
2022,9,15,18,30,40,2.8000000000000003,0,27.700000000000003
2022,9,15,19,30,0,3.3000000000000003,0,26.400000000000002
2022,9,15,20,30,0,4,0,25.5
2022,9,15,21,30,0,4.2,3,24.5
2022,9,15,22,30,0,4,0,23.6
2022,9,15,23,30,0,3.7,0,22.8
2022,9,16,0,30,0,3.3000000000000003,0,22
2022,9,16,1,30,0,3.1,0,21.400000000000002
2022,9,16,2,30,0,3.1,0,21
2022,9,16,3,30,0,2.9000000000000004,3,20.700000000000003
2022,9,16,4,30,0,2.6,5,20.400000000000002
2022,9,16,5,30,0,2.5,5,20
2022,9,16,6,30,2,3,5,20.6
2022,9,16,7,30,90,4.2,3,22.900000000000002
2022,9,16,8,30,150,5,5,26.1
2022,9,16,9,30,561,5.1000000000000005,0,28.900000000000002
2022,9,16,10,30,721,4.800000000000001,0,31.200000000000003
2022,9,16,11,30,756,4.4,0,33.1
2022,9,16,12,30,899,4,0,34.300000000000004
2022,9,16,13,30,877,3.8000000000000003,0,34.9
2022,9,16,14,30,756,3.7,0,35
2022,9,16,15,30,640,3.8000000000000003,0,34.6
2022,9,16,16,30,449,3.9000000000000004,0,33.6
2022,9,16,17,30,233,3.5,0,31.8
2022,9,16,18,30,39,3.2,0,29.400000000000002
2022,9,16,19,30,0,3.8000000000000003,0,27.8
2022,9,16,20,30,0,4.3,0,26.900000000000002
2022,9,16,21,30,0,4.4,0,26
2022,9,16,22,30,0,4.3,0,25.1
2022,9,16,23,30,0,4.1000000000000005,0,24.200000000000003
2022,9,17,0,30,0,4,0,23.6
2022,9,17,1,30,0,3.9000000000000004,0,23
2022,9,17,2,30,0,3.8000000000000003,0,22.5
2022,9,17,3,30,0,3.6,0,22
2022,9,17,4,30,0,3.7,0,21.6
2022,9,17,5,30,0,3.9000000000000004,0,21.3
2022,9,17,6,30,6,4.4,0,21.700000000000003
2022,9,17,7,30,161,5.2,0,23.700000000000003
2022,9,17,8,30,380,5.800000000000001,0,26.5
2022,9,17,9,30,587,5.800000000000001,0,29.1
2022,9,17,10,30,754,5.5,0,31.200000000000003
2022,9,17,11,30,865,5.2,0,32.800000000000004
2022,9,17,12,30,911,4.9,0,33.9
2022,9,17,13,30,888,4.7,0,34.6
2022,9,17,14,30,799,4.6000000000000005,0,34.7
2022,9,17,15,30,648,4.6000000000000005,0,34.300000000000004
2022,9,17,16,30,453,4.6000000000000005,0,33.300000000000004
2022,9,17,17,30,233,4,0,31.400000000000002
2022,9,17,18,30,37,3.4000000000000004,0,29
2022,9,17,19,30,0,3.6,0,27.5
2022,9,17,20,30,0,3.8000000000000003,0,26.700000000000003
2022,9,17,21,30,0,3.6,0,25.700000000000003
2022,9,17,22,30,0,3.2,0,24.8
2022,9,17,23,30,0,2.8000000000000003,0,23.900000000000002
2022,9,18,0,30,0,2.7,0,23.200000000000003
2022,9,18,1,30,0,2.8000000000000003,0,22.6
2022,9,18,2,30,0,3,0,22.200000000000003
2022,9,18,3,30,0,3,0,21.700000000000003
2022,9,18,4,30,0,3.1,0,21.200000000000003
2022,9,18,5,30,0,3.2,0,20.900000000000002
2022,9,18,6,30,5,3.9000000000000004,0,21.400000000000002
2022,9,18,7,30,151,5.1000000000000005,0,23.200000000000003
2022,9,18,8,30,367,5.7,0,25.900000000000002
2022,9,18,9,30,573,5.7,0,28.6
2022,9,18,10,30,738,5.4,0,30.8
2022,9,18,11,30,851,5.2,0,32.7
2022,9,18,12,30,899,4.9,0,34
2022,9,18,13,30,874,4.800000000000001,0,34.800000000000004
2022,9,18,14,30,784,4.800000000000001,0,35
2022,9,18,15,30,634,4.7,0,34.7
2022,9,18,16,30,441,4.6000000000000005,0,33.7
2022,9,18,17,30,224,4,0,31.900000000000002
2022,9,18,18,30,34,3.3000000000000003,0,29.6
2022,9,18,19,30,0,3.3000000000000003,0,28
2022,9,18,20,30,0,3.4000000000000004,0,27
2022,9,18,21,30,0,3.3000000000000003,0,26.1
2022,9,18,22,30,0,3.2,0,25.200000000000003
2022,9,18,23,30,0,3,0,24.3
2022,9,19,0,30,0,2.8000000000000003,0,23.5
2022,9,19,1,30,0,2.6,0,22.8
2022,9,19,2,30,0,2.3000000000000003,0,22.1
2022,9,19,3,30,0,2,0,21.5
2022,9,19,4,30,0,1.8,0,21
2022,9,19,5,30,0,1.7000000000000002,0,20.700000000000003
2022,9,19,6,30,5,2.5,0,21.400000000000002
2022,9,19,7,30,154,3.8000000000000003,0,23.700000000000003
2022,9,19,8,30,371,4.6000000000000005,0,26.6
2022,9,19,9,30,575,4.800000000000001,0,29.200000000000003
2022,9,19,10,30,740,4.800000000000001,0,31.3
2022,9,19,11,30,852,4.7,0,32.9
2022,9,19,12,30,884,4.6000000000000005,0,33.9
2022,9,19,13,30,811,4.4,0,34.6
2022,9,19,14,30,783,4.3,0,34.7
2022,9,19,15,30,627,4.1000000000000005,0,34.4
2022,9,19,16,30,344,3.9000000000000004,3,33.6
2022,9,19,17,30,199,2.9000000000000004,0,31.5
2022,9,19,18,30,30,1.9000000000000001,0,28.8
2022,9,19,19,30,0,1.9000000000000001,0,27.200000000000003
2022,9,19,20,30,0,2.3000000000000003,0,26.5
2022,9,19,21,30,0,2.6,0,25.900000000000002
2022,9,19,22,30,0,2.9000000000000004,0,25.200000000000003
2022,9,19,23,30,0,3,0,24.6
2022,9,20,0,30,0,3,0,24
2022,9,20,1,30,0,2.9000000000000004,0,23.5
2022,9,20,2,30,0,2.6,0,22.900000000000002
2022,9,20,3,30,0,2.4000000000000004,0,22.5
2022,9,20,4,30,0,2.4000000000000004,0,22
2022,9,20,5,30,0,2.3000000000000003,0,21.6
2022,9,20,6,30,3,2.9000000000000004,0,22
2022,9,20,7,30,150,4.1000000000000005,0,24.1
2022,9,20,8,30,367,4.800000000000001,0,26.8
2022,9,20,9,30,572,4.7,0,29.400000000000002
2022,9,20,10,30,738,4.5,0,31.5
2022,9,20,11,30,849,4.4,0,33
2022,9,20,12,30,853,4.3,0,34.1
2022,9,20,13,30,719,4.3,0,34.800000000000004
2022,9,20,14,30,699,4.2,0,34.9
2022,9,20,15,30,501,4.2,0,34.7
2022,9,20,16,30,438,4,0,33.800000000000004
2022,9,20,17,30,219,3.1,0,31.700000000000003
2022,9,20,18,30,28,2.1,0,29
2022,9,20,19,30,0,2.2,0,27.5
2022,9,20,20,30,0,2.5,0,26.8
2022,9,20,21,30,0,2.8000000000000003,0,26.1
2022,9,20,22,30,0,3,0,25.400000000000002
2022,9,20,23,30,0,3,0,24.700000000000003
2022,9,21,0,30,0,3,0,24
2022,9,21,1,30,0,3,0,23.3
2022,9,21,2,30,0,3,0,22.700000000000003
2022,9,21,3,30,0,2.9000000000000004,0,22
2022,9,21,4,30,0,2.8000000000000003,0,21.400000000000002
2022,9,21,5,30,0,2.6,0,20.900000000000002
2022,9,21,6,30,3,3,0,21.200000000000003
2022,9,21,7,30,153,3.9000000000000004,0,23.400000000000002
2022,9,21,8,30,372,4.5,0,26.700000000000003
2022,9,21,9,30,578,4.4,0,29.5
2022,9,21,10,30,743,4.3,0,31.5
2022,9,21,11,30,854,4.2,0,33
2022,9,21,12,30,898,4.1000000000000005,0,34
2022,9,21,13,30,873,4,0,34.7
2022,9,21,14,30,781,3.8000000000000003,0,34.9
2022,9,21,15,30,630,3.7,0,34.6
2022,9,21,16,30,434,3.4000000000000004,0,33.800000000000004
2022,9,21,17,30,215,2.5,0,31.6
2022,9,21,18,30,26,1.6,0,28.700000000000003
2022,9,21,19,30,0,1.7000000000000002,0,27
2022,9,21,20,30,0,1.8,0,26.200000000000003
2022,9,21,21,30,0,1.9000000000000001,0,25.400000000000002
2022,9,21,22,30,0,1.9000000000000001,0,24.6
2022,9,21,23,30,0,1.9000000000000001,0,23.900000000000002
2022,9,22,0,30,0,1.9000000000000001,0,23.200000000000003
2022,9,22,1,30,0,2,0,22.6
2022,9,22,2,30,0,2.1,0,22
2022,9,22,3,30,0,2.1,0,21.5
2022,9,22,4,30,0,2,0,20.900000000000002
2022,9,22,5,30,0,1.7000000000000002,0,20.3
2022,9,22,6,30,3,2,0,20.700000000000003
2022,9,22,7,30,149,2.2,0,23.1
2022,9,22,8,30,367,1.9000000000000001,0,26.5
2022,9,22,9,30,572,1.5,0,29.200000000000003
2022,9,22,10,30,737,1.6,0,31.1
2022,9,22,11,30,846,2.1,0,32.5
2022,9,22,12,30,853,2.4000000000000004,0,33.4
2022,9,22,13,30,759,2.6,0,34
2022,9,22,14,30,755,2.8000000000000003,0,34.2
2022,9,22,15,30,624,2.9000000000000004,0,34
2022,9,22,16,30,427,2.9000000000000004,0,33.2
2022,9,22,17,30,171,2.2,3,30.900000000000002
2022,9,22,18,30,24,1.6,0,28
2022,9,22,19,30,0,1.8,0,26.3
2022,9,22,20,30,0,2.1,0,25.400000000000002
2022,9,22,21,30,0,2.4000000000000004,0,24.5
2022,9,22,22,30,0,2.5,0,23.700000000000003
2022,9,22,23,30,0,2.5,0,22.700000000000003
2022,9,23,0,30,0,2.3000000000000003,0,21.8
2022,9,23,1,30,0,2.1,0,20.8
2022,9,23,2,30,0,1.9000000000000001,0,20
2022,9,23,3,30,0,1.8,0,19.3
2022,9,23,4,30,0,1.7000000000000002,0,18.8
2022,9,23,5,30,0,1.7000000000000002,0,18.3
2022,9,23,6,30,2,2.3000000000000003,0,19.200000000000003
2022,9,23,7,30,149,3,0,21.900000000000002
2022,9,23,8,30,370,3.7,0,25.8
2022,9,23,9,30,579,4.4,0,29.200000000000003
2022,9,23,10,30,747,4.5,0,31
2022,9,23,11,30,858,4.5,0,32.300000000000004
2022,9,23,12,30,904,4.5,0,33.2
2022,9,23,13,30,879,4.3,0,33.7
2022,9,23,14,30,784,4.2,0,33.800000000000004
2022,9,23,15,30,630,4.1000000000000005,0,33.4
2022,9,23,16,30,430,3.9000000000000004,0,32.300000000000004
2022,9,23,17,30,208,3,0,29.8
2022,9,23,18,30,21,2.1,0,26.6
2022,9,23,19,30,0,2.3000000000000003,0,24.900000000000002
2022,9,23,20,30,0,2.7,0,24.200000000000003
2022,9,23,21,30,0,3,0,23.5
2022,9,23,22,30,0,3.1,0,22.700000000000003
2022,9,23,23,30,0,3.1,0,21.900000000000002
2022,9,24,0,30,0,3.1,0,21.200000000000003
2022,9,24,1,30,0,2.9000000000000004,0,20.5
2022,9,24,2,30,0,2.7,0,19.8
2022,9,24,3,30,0,2.6,0,19.3
2022,9,24,4,30,0,2.6,0,18.8
2022,9,24,5,30,0,2.6,0,18.400000000000002
2022,9,24,6,30,2,3,0,18.900000000000002
2022,9,24,7,30,147,3.7,0,21.200000000000003
2022,9,24,8,30,366,4.4,0,24.900000000000002
2022,9,24,9,30,574,4.6000000000000005,0,28.5
2022,9,24,10,30,741,4.1000000000000005,0,31
2022,9,24,11,30,851,3.6,0,32.6
2022,9,24,12,30,894,3.3000000000000003,0,33.800000000000004
2022,9,24,13,30,866,3.1,0,34.5
2022,9,24,14,30,772,2.9000000000000004,0,34.7
2022,9,24,15,30,619,2.8000000000000003,0,34.4
2022,9,24,16,30,420,2.7,0,33.4
2022,9,24,17,30,199,2,0,30.700000000000003
2022,9,24,18,30,18,1.5,0,27.400000000000002
2022,9,24,19,30,0,1.9000000000000001,0,26
2022,9,24,20,30,0,2.3000000000000003,0,25.3
2022,9,24,21,30,0,2.7,0,24.8
2022,9,24,22,30,0,3,0,24.1
2022,9,24,23,30,0,3.1,0,23.400000000000002
2022,9,25,0,30,0,3.1,0,22.6
2022,9,25,1,30,0,2.9000000000000004,0,21.900000000000002
2022,9,25,2,30,0,2.6,0,21.200000000000003
2022,9,25,3,30,0,2,0,20.700000000000003
2022,9,25,4,30,0,1.4000000000000001,0,20.200000000000003
2022,9,25,5,30,0,1,0,20
2022,9,25,6,30,2,1,0,20.400000000000002
2022,9,25,7,30,127,1,0,22.1
2022,9,25,8,30,184,1,3,25.200000000000003
2022,9,25,9,30,183,1.2000000000000002,5,28.3
2022,9,25,10,30,113,1.9000000000000001,5,30.5
2022,9,25,11,30,332,2.7,5,32.1
2022,9,25,12,30,246,3.2,5,33.2
2022,9,25,13,30,185,3.5,5,33.9
2022,9,25,14,30,530,3.6,8,33.9
2022,9,25,15,30,530,3.8000000000000003,8,33.4
2022,9,25,16,30,376,3.8000000000000003,0,32.2
2022,9,25,17,30,143,3.3000000000000003,8,30.5
2022,9,25,18,30,10,2.8000000000000003,0,28.8
2022,9,25,19,30,0,2.7,0,27.700000000000003
2022,9,25,20,30,0,2.9000000000000004,8,26.8
2022,9,25,21,30,0,3.1,5,25.900000000000002
2022,9,25,22,30,0,3.3000000000000003,0,24.8
2022,9,25,23,30,0,3.3000000000000003,0,23.6
2022,9,26,0,30,0,3.5,0,22.400000000000002
2022,9,26,1,30,0,3.7,0,21.5
2022,9,26,2,30,0,3.8000000000000003,0,20.6
2022,9,26,3,30,0,3.7,0,19.8
2022,9,26,4,30,0,3.4000000000000004,0,19
2022,9,26,5,30,0,3,0,18.2
2022,9,26,6,30,2,3.1,0,18.2
2022,9,26,7,30,140,3.9000000000000004,0,19.900000000000002
2022,9,26,8,30,357,4.6000000000000005,0,22.700000000000003
2022,9,26,9,30,460,4.5,3,25.5
2022,9,26,10,30,730,4.2,0,27.6
2022,9,26,11,30,839,3.9000000000000004,0,29.400000000000002
2022,9,26,12,30,882,3.4000000000000004,0,30.6
2022,9,26,13,30,856,3.1,0,31.5
2022,9,26,14,30,765,2.9000000000000004,0,31.700000000000003
2022,9,26,15,30,611,2.9000000000000004,0,31.400000000000002
2022,9,26,16,30,414,2.8000000000000003,0,30.400000000000002
2022,9,26,17,30,194,2,0,27.8
2022,9,26,18,30,16,1.4000000000000001,0,24.400000000000002
2022,9,26,19,30,0,1.6,0,22.700000000000003
2022,9,26,20,30,0,1.8,0,21.700000000000003
2022,9,26,21,30,0,2,0,20.8
2022,9,26,22,30,0,2.2,0,20
2022,9,26,23,30,0,2.1,0,19.200000000000003
2022,9,27,0,30,0,2,0,18.400000000000002
2022,9,27,1,30,0,1.8,0,17.7
2022,9,27,2,30,0,1.6,0,17
2022,9,27,3,30,0,1.4000000000000001,0,16.400000000000002
2022,9,27,4,30,0,1.3,0,15.9
2022,9,27,5,30,0,1.2000000000000002,0,15.5
2022,9,27,6,30,2,1.6,0,16.2
2022,9,27,7,30,85,2.2,3,18.7
2022,9,27,8,30,260,2.6,3,22.6
2022,9,27,9,30,513,2.6,0,26.8
2022,9,27,10,30,730,2.1,0,29.5
2022,9,27,11,30,840,1.9000000000000001,0,31.1
2022,9,27,12,30,883,1.9000000000000001,0,32.1
2022,9,27,13,30,856,1.9000000000000001,0,32.6
2022,9,27,14,30,760,2,0,32.7
2022,9,27,15,30,606,2.2,0,32.2
2022,9,27,16,30,408,2.4000000000000004,0,31.3
2022,9,27,17,30,188,1.9000000000000001,0,28.400000000000002
2022,9,27,18,30,13,1.5,0,25.1
2022,9,27,19,30,0,2.1,0,23.5
2022,9,27,20,30,0,2.7,0,22.700000000000003
2022,9,27,21,30,0,3.2,0,21.900000000000002
2022,9,27,22,30,0,3.4000000000000004,0,21
2022,9,27,23,30,0,3.2,0,20
2022,9,28,0,30,0,3,0,19.1
2022,9,28,1,30,0,2.6,0,18.3
2022,9,28,2,30,0,2.2,0,17.400000000000002
2022,9,28,3,30,0,1.9000000000000001,0,16.7
2022,9,28,4,30,0,1.7000000000000002,0,16.2
2022,9,28,5,30,0,1.5,0,15.700000000000001
2022,9,28,6,30,0,1.7000000000000002,0,16.5
2022,9,28,7,30,138,2.1,0,19.200000000000003
2022,9,28,8,30,356,2.3000000000000003,0,23.3
2022,9,28,9,30,562,2.6,0,27.5
2022,9,28,10,30,726,3,0,30.1
2022,9,28,11,30,834,3,0,31.6
2022,9,28,12,30,876,3.1,0,32.6
2022,9,28,13,30,848,3.1,0,33
2022,9,28,14,30,753,3.1,0,32.9
2022,9,28,15,30,512,3.1,3,32.5
2022,9,28,16,30,282,2.8000000000000003,3,31.400000000000002
2022,9,28,17,30,181,2,0,28.5
2022,9,28,18,30,11,1.4000000000000001,0,25.1
2022,9,28,19,30,0,1.7000000000000002,0,23.5
2022,9,28,20,30,0,2,0,22.6
2022,9,28,21,30,0,2.3000000000000003,0,21.700000000000003
2022,9,28,22,30,0,2.7,0,20.900000000000002
2022,9,28,23,30,0,3.1,0,20.200000000000003
2022,9,29,0,30,0,3.3000000000000003,0,19.5
2022,9,29,1,30,0,3.4000000000000004,0,18.8
2022,9,29,2,30,0,3.3000000000000003,0,18.1
2022,9,29,3,30,0,3,0,17.5
2022,9,29,4,30,0,2.6,0,17
2022,9,29,5,30,0,2.2,0,16.5
2022,9,29,6,30,0,2.4000000000000004,0,17.1
2022,9,29,7,30,134,2.8000000000000003,0,19.400000000000002
2022,9,29,8,30,350,3,0,23.400000000000002
2022,9,29,9,30,556,3.3000000000000003,0,27.400000000000002
2022,9,29,10,30,720,3.1,0,29.900000000000002
2022,9,29,11,30,829,2.7,0,31.400000000000002
2022,9,29,12,30,871,2.6,0,32.5
2022,9,29,13,30,845,2.6,0,33
2022,9,29,14,30,746,2.6,0,33
2022,9,29,15,30,587,2.6,0,32.4
2022,9,29,16,30,388,2.5,0,31.3
2022,9,29,17,30,171,1.8,0,28.400000000000002
2022,9,29,18,30,9,1.4000000000000001,0,25.1
2022,9,29,19,30,0,1.7000000000000002,0,23.5
2022,9,29,20,30,0,2,0,22.6
2022,9,29,21,30,0,2.2,0,21.700000000000003
2022,9,29,22,30,0,2.2,0,20.8
2022,9,29,23,30,0,2,0,19.900000000000002
2022,9,30,0,30,0,1.8,0,19.1
2022,9,30,1,30,0,1.6,0,18.400000000000002
2022,9,30,2,30,0,1.5,0,17.8
2022,9,30,3,30,0,1.5,0,17.2
2022,9,30,4,30,0,1.4000000000000001,0,16.7
2022,9,30,5,30,0,1.3,0,16.2
2022,9,30,6,30,0,1.5,0,16.8
2022,9,30,7,30,128,1.9000000000000001,0,19.200000000000003
2022,9,30,8,30,328,2,0,23.1
2022,9,30,9,30,549,2.2,0,27.3
2022,9,30,10,30,713,2.4000000000000004,0,29.900000000000002
2022,9,30,11,30,824,2.7,0,31.200000000000003
2022,9,30,12,30,868,2.9000000000000004,0,32
2022,9,30,13,30,837,3.2,0,32.1
2022,9,30,14,30,741,3.3000000000000003,0,31.8
2022,9,30,15,30,587,3.3000000000000003,0,31.5
2022,9,30,16,30,388,3.1,0,30.700000000000003
2022,9,30,17,30,171,2.2,0,28.1
2022,9,30,18,30,7,1.6,0,25
2022,9,30,19,30,0,1.9000000000000001,0,23.8
2022,9,30,20,30,0,2.3000000000000003,0,23.200000000000003
2022,9,30,21,30,0,2.5,0,22.3
2022,9,30,22,30,0,2.5,0,21.400000000000002
2022,9,30,23,30,0,2.4000000000000004,0,20.5
2022,10,1,0,30,0,2.1,0,19.6
2022,10,1,1,30,0,1.7000000000000002,0,18.6
2022,10,1,2,30,0,1.4000000000000001,3,17.7
2022,10,1,3,30,0,1.3,0,17
2022,10,1,4,30,0,1.2000000000000002,0,16.5
2022,10,1,5,30,0,1.2000000000000002,0,16.1
2022,10,1,6,30,0,1.7000000000000002,0,16.7
2022,10,1,7,30,127,2.4000000000000004,0,19
2022,10,1,8,30,341,3,0,22.900000000000002
2022,10,1,9,30,544,3.2,0,26.6
2022,10,1,10,30,707,3,0,29
2022,10,1,11,30,813,3.2,0,30.700000000000003
2022,10,1,12,30,854,3.5,0,31.8
2022,10,1,13,30,825,3.7,0,32.4
2022,10,1,14,30,729,3.8000000000000003,0,32.5
2022,10,1,15,30,574,3.9000000000000004,0,32
2022,10,1,16,30,369,3.8000000000000003,0,30.900000000000002
2022,10,1,17,30,162,2.9000000000000004,0,28.3
2022,10,1,18,30,6,2.3000000000000003,0,25.400000000000002
2022,10,1,19,30,0,2.8000000000000003,0,24
2022,10,1,20,30,0,3.3000000000000003,0,23
2022,10,1,21,30,0,3.4000000000000004,0,21.8
2022,10,1,22,30,0,3.4000000000000004,0,20.700000000000003
2022,10,1,23,30,0,3.2,0,19.6
2022,10,2,0,30,0,3,0,18.7
2022,10,2,1,30,0,2.5,0,17.7
2022,10,2,2,30,0,1.9000000000000001,0,16.8
2022,10,2,3,30,0,1.6,0,16.2
2022,10,2,4,30,0,1.3,8,15.700000000000001
2022,10,2,5,30,0,1.2000000000000002,0,15.4
2022,10,2,6,30,0,1.5,0,15.8
2022,10,2,7,30,121,1.9000000000000001,0,17.900000000000002
2022,10,2,8,30,333,2,0,21.400000000000002
2022,10,2,9,30,537,2,0,25.1
2022,10,2,10,30,700,2.3000000000000003,0,27.6
2022,10,2,11,30,812,2.7,0,29.1
2022,10,2,12,30,858,3,0,30.200000000000003
2022,10,2,13,30,829,3.2,0,30.8
2022,10,2,14,30,733,3.3000000000000003,0,30.900000000000002
2022,10,2,15,30,579,3.3000000000000003,0,30.5
2022,10,2,16,30,380,3.3000000000000003,0,29.5
2022,10,2,17,30,163,2.4000000000000004,0,26.900000000000002
2022,10,2,18,30,6,1.8,0,23.900000000000002
2022,10,2,19,30,0,2.2,0,22.400000000000002
2022,10,2,20,30,0,2.7,0,21.5
2022,10,2,21,30,0,2.9000000000000004,0,20.400000000000002
2022,10,2,22,30,0,2.8000000000000003,0,19.200000000000003
2022,10,2,23,30,0,2.5,0,18.1
2022,10,3,0,30,0,2.1,0,17
2022,10,3,1,30,0,1.7000000000000002,0,16
2022,10,3,2,30,0,1.4000000000000001,0,15.200000000000001
2022,10,3,3,30,0,1.2000000000000002,0,14.600000000000001
2022,10,3,4,30,0,1.1,0,14.100000000000001
2022,10,3,5,30,0,1,0,13.700000000000001
2022,10,3,6,30,0,1.2000000000000002,0,14.3
2022,10,3,7,30,126,1.6,0,16.8
2022,10,3,8,30,342,2.5,0,20.700000000000003
2022,10,3,9,30,548,3,0,24.1
2022,10,3,10,30,712,2.9000000000000004,0,26.200000000000003
2022,10,3,11,30,819,2.9000000000000004,0,27.8
2022,10,3,12,30,858,2.9000000000000004,0,28.900000000000002
2022,10,3,13,30,828,3,0,29.700000000000003
2022,10,3,14,30,724,3.1,0,29.900000000000002
2022,10,3,15,30,425,3.2,8,29.5
2022,10,3,16,30,368,3.1,0,28.5
2022,10,3,17,30,126,2.2,8,25.6
2022,10,3,18,30,3,1.5,8,22.400000000000002
2022,10,3,19,30,0,1.8,8,20.900000000000002
2022,10,3,20,30,0,1.9000000000000001,0,19.900000000000002
2022,10,3,21,30,0,1.9000000000000001,8,19
2022,10,3,22,30,0,1.8,8,18
2022,10,3,23,30,0,1.6,0,17.1
2022,10,4,0,30,0,1.5,8,16.400000000000002
2022,10,4,1,30,0,1.4000000000000001,8,15.8
2022,10,4,2,30,0,1.3,0,15.5
2022,10,4,3,30,0,1.2000000000000002,8,15.200000000000001
2022,10,4,4,30,0,1.1,0,15
2022,10,4,5,30,0,1.1,0,14.700000000000001
2022,10,4,6,30,0,1.4000000000000001,0,15.3
2022,10,4,7,30,114,2,0,17.400000000000002
2022,10,4,8,30,327,3,0,20.900000000000002
2022,10,4,9,30,527,3.8000000000000003,0,24.1
2022,10,4,10,30,688,3.7,0,26.3
2022,10,4,11,30,796,3.4000000000000004,0,28
2022,10,4,12,30,840,3.2,0,29.200000000000003
2022,10,4,13,30,809,3.2,0,30
2022,10,4,14,30,712,3.3000000000000003,0,30.200000000000003
2022,10,4,15,30,557,3.3000000000000003,0,29.900000000000002
2022,10,4,16,30,361,3.3000000000000003,0,29
2022,10,4,17,30,148,2.5,0,26.6
2022,10,4,18,30,3,1.9000000000000001,0,23.900000000000002
2022,10,4,19,30,0,2.3000000000000003,0,22.8
2022,10,4,20,30,0,2.7,0,22.1
2022,10,4,21,30,0,2.9000000000000004,0,21.400000000000002
2022,10,4,22,30,0,2.7,0,20.5
2022,10,4,23,30,0,2.4000000000000004,0,19.6
2022,10,5,0,30,0,2.1,0,18.7
2022,10,5,1,30,0,1.9000000000000001,0,18
2022,10,5,2,30,0,1.7000000000000002,0,17.400000000000002
2022,10,5,3,30,0,1.5,0,16.8
2022,10,5,4,30,0,1.3,0,16.3
2022,10,5,5,30,0,1.2000000000000002,5,15.9
2022,10,5,6,30,0,1.5,0,16.3
2022,10,5,7,30,113,2.3000000000000003,0,18.400000000000002
2022,10,5,8,30,299,3.3000000000000003,0,21.900000000000002
2022,10,5,9,30,458,3.8000000000000003,0,25.1
2022,10,5,10,30,647,3.7,0,27.1
2022,10,5,11,30,768,3.6,0,28.5
2022,10,5,12,30,820,3.5,0,29.3
2022,10,5,13,30,706,3.2,0,29.5
2022,10,5,14,30,481,2.8000000000000003,8,29.3
2022,10,5,15,30,249,2.5,8,28.8
2022,10,5,16,30,151,1.9000000000000001,3,28
2022,10,5,17,30,133,1.3,0,26
2022,10,5,18,30,1,1.2000000000000002,8,23.8
2022,10,5,19,30,0,1.5,8,22.5
2022,10,5,20,30,0,1.8,8,21.6
2022,10,5,21,30,0,2,5,20.6
2022,10,5,22,30,0,2.1,8,19.400000000000002
2022,10,5,23,30,0,1.8,8,18.1
2022,10,6,0,30,0,1.3,0,17
2022,10,6,1,30,0,1,0,16.2
2022,10,6,2,30,0,0.8,0,15.9
2022,10,6,3,30,0,0.7000000000000001,0,15.700000000000001
2022,10,6,4,30,0,0.7000000000000001,0,15.3
2022,10,6,5,30,0,0.9,0,14.8
2022,10,6,6,30,0,1.4000000000000001,0,15.200000000000001
2022,10,6,7,30,112,2.2,0,17.3
2022,10,6,8,30,272,2.2,0,20.900000000000002
2022,10,6,9,30,516,1.5,0,24.5
2022,10,6,10,30,614,1.2000000000000002,0,26.8
2022,10,6,11,30,739,1.4000000000000001,0,28.1
2022,10,6,12,30,470,1.6,7,28.900000000000002
2022,10,6,13,30,341,1.6,8,29.1
2022,10,6,14,30,227,1.6,8,28.900000000000002
2022,10,6,15,30,296,1.6,8,28.400000000000002
2022,10,6,16,30,131,1.4000000000000001,5,27.700000000000003
2022,10,6,17,30,98,0.9,8,26.400000000000002
2022,10,6,18,30,1,0.6000000000000001,8,25.1
2022,10,6,19,30,0,0.6000000000000001,8,24.200000000000003
2022,10,6,20,30,0,0.7000000000000001,8,23.3
2022,10,6,21,30,0,0.8,4,22.5
2022,10,6,22,30,0,0.9,5,21.6
2022,10,6,23,30,0,1,3,20.8
2022,10,7,0,30,0,1.1,0,20.1
2022,10,7,1,30,0,1.1,0,19.400000000000002
2022,10,7,2,30,0,1.1,8,18.7
2022,10,7,3,30,0,1,8,18.1
2022,10,7,4,30,0,0.9,5,17.7
2022,10,7,5,30,0,0.8,5,17.400000000000002
2022,10,7,6,30,0,0.7000000000000001,4,17.7
2022,10,7,7,30,38,0.9,5,19.3
2022,10,7,8,30,170,1.5,5,22.6
2022,10,7,9,30,309,2.3000000000000003,5,26.1
2022,10,7,10,30,661,2.7,0,28
2022,10,7,11,30,758,2.8000000000000003,0,29.1
2022,10,7,12,30,656,2.7,8,29.5
2022,10,7,13,30,186,2.6,8,29.1
2022,10,7,14,30,375,2.3000000000000003,8,28.200000000000003
2022,10,7,15,30,138,2,8,27
2022,10,7,16,30,52,1.8,8,25.700000000000003
2022,10,7,17,30,92,1.9000000000000001,8,23.8
2022,10,7,18,30,1,2.7,5,21.900000000000002
2022,10,7,19,30,0,3.7,5,20.400000000000002
2022,10,7,20,30,0,4.3,8,19.200000000000003
2022,10,7,21,30,0,4.3,8,18.1
2022,10,7,22,30,0,4.3,5,17.3
2022,10,7,23,30,0,4.2,4,16.6
2022,10,8,0,30,0,3.8000000000000003,5,15.9
2022,10,8,1,30,0,3.5,3,15.3
2022,10,8,2,30,0,3.4000000000000004,4,14.5
2022,10,8,3,30,0,3.4000000000000004,4,13.8
2022,10,8,4,30,0,3.3000000000000003,4,13.200000000000001
2022,10,8,5,30,0,3.2,5,12.700000000000001
2022,10,8,6,30,0,3.4000000000000004,5,12.5
2022,10,8,7,30,44,3.9000000000000004,5,13.200000000000001
2022,10,8,8,30,177,4.1000000000000005,8,15.100000000000001
2022,10,8,9,30,332,3.7,7,17.5
2022,10,8,10,30,640,3.1,0,20.1
2022,10,8,11,30,588,2.5,8,22.6
2022,10,8,12,30,509,2.2,4,24.5
2022,10,8,13,30,560,2,8,25.6
2022,10,8,14,30,507,2,8,25.700000000000003
2022,10,8,15,30,361,2.1,5,25.1
2022,10,8,16,30,70,2.1,5,24
2022,10,8,17,30,43,1.6,5,22.200000000000003
2022,10,8,18,30,0,1.4000000000000001,5,20.400000000000002
2022,10,8,19,30,0,2.1,5,19.3
2022,10,8,20,30,0,2.5,8,18.5
2022,10,8,21,30,0,2.6,8,17.7
2022,10,8,22,30,0,2.5,8,17
2022,10,8,23,30,0,2.3000000000000003,8,16.5
2022,10,9,0,30,0,2.1,4,16
2022,10,9,1,30,0,2.1,4,15.600000000000001
2022,10,9,2,30,0,2.1,5,15.3
2022,10,9,3,30,0,2.2,5,14.9
2022,10,9,4,30,0,2.3000000000000003,8,14.600000000000001
2022,10,9,5,30,0,2.3000000000000003,8,14.4
2022,10,9,6,30,0,2.3000000000000003,8,14.3
2022,10,9,7,30,63,2.5,8,15
2022,10,9,8,30,154,2.8000000000000003,8,16.8
2022,10,9,9,30,309,2.8000000000000003,8,19.400000000000002
2022,10,9,10,30,485,2.8000000000000003,8,22.200000000000003
2022,10,9,11,30,603,2.8000000000000003,8,24.5
2022,10,9,12,30,549,2.6,8,25.900000000000002
2022,10,9,13,30,426,2.4000000000000004,8,26.400000000000002
2022,10,9,14,30,169,2.1,8,26.1
2022,10,9,15,30,273,1.7000000000000002,8,25.3
2022,10,9,16,30,146,1.1,5,24.3
2022,10,9,17,30,83,0.8,8,22.8
2022,10,9,18,30,0,1,8,21.3
2022,10,9,19,30,0,1.3,8,20.5
2022,10,9,20,30,0,1.5,8,20
2022,10,9,21,30,0,1.6,6,19.5
2022,10,9,22,30,0,1.5,7,19
2022,10,9,23,30,0,1.4000000000000001,7,18.6
2022,10,10,0,30,0,1.2000000000000002,8,18.1
2022,10,10,1,30,0,1.2000000000000002,5,17.6
2022,10,10,2,30,0,1.2000000000000002,5,17.2
2022,10,10,3,30,0,1.2000000000000002,8,16.8
2022,10,10,4,30,0,1.4000000000000001,8,16.5
2022,10,10,5,30,0,1.5,7,16.3
2022,10,10,6,30,0,1.9000000000000001,6,16.3
2022,10,10,7,30,10,2.6,6,16.8
2022,10,10,8,30,25,3.4000000000000004,6,18
2022,10,10,9,30,24,4.1000000000000005,6,19.5
2022,10,10,10,30,227,4.4,7,21
2022,10,10,11,30,345,4.4,8,22.1
2022,10,10,12,30,379,4.2,5,22.6
2022,10,10,13,30,619,3.9000000000000004,8,22.8
2022,10,10,14,30,616,3.7,0,22.900000000000002
2022,10,10,15,30,510,3.5,0,22.700000000000003
2022,10,10,16,30,309,3.1,0,22.1
2022,10,10,17,30,116,2.5,0,20.700000000000003
2022,10,10,18,30,0,2.7,7,19.700000000000003
2022,10,10,19,30,0,3.1,7,19.3
2022,10,10,20,30,0,3.4000000000000004,6,18.900000000000002
2022,10,10,21,30,0,3.6,6,18.5
2022,10,10,22,30,0,3.7,7,18.1
2022,10,10,23,30,0,3.6,7,17.6
2022,10,11,0,30,0,3.4000000000000004,0,17
2022,10,11,1,30,0,3.3000000000000003,8,16.5
2022,10,11,2,30,0,3.1,7,16
2022,10,11,3,30,0,2.8000000000000003,7,15.5
2022,10,11,4,30,0,2.6,7,15.100000000000001
2022,10,11,5,30,0,2.6,7,14.700000000000001
2022,10,11,6,30,0,2.8000000000000003,8,14.700000000000001
2022,10,11,7,30,89,3.7,0,16.2
2022,10,11,8,30,280,4.6000000000000005,0,19
2022,10,11,9,30,501,4.9,0,22
2022,10,11,10,30,660,4.7,0,24.5
2022,10,11,11,30,764,4.6000000000000005,0,26.400000000000002
2022,10,11,12,30,802,4.6000000000000005,0,27.6
2022,10,11,13,30,772,4.7,0,28.5
2022,10,11,14,30,676,4.7,0,28.8
2022,10,11,15,30,523,4.7,0,28.700000000000003
2022,10,11,16,30,327,4.1000000000000005,0,27.700000000000003
2022,10,11,17,30,120,2.9000000000000004,0,25.200000000000003
2022,10,11,18,30,0,2.3000000000000003,0,22.8
2022,10,11,19,30,0,2.8000000000000003,0,22
2022,10,11,20,30,0,3.4000000000000004,0,21.5
2022,10,11,21,30,0,3.9000000000000004,0,20.900000000000002
2022,10,11,22,30,0,3.9000000000000004,0,20.200000000000003
2022,10,11,23,30,0,3.6,7,19.3
2022,10,12,0,30,0,3.5,0,18.6
2022,10,12,1,30,0,3.4000000000000004,0,17.900000000000002
2022,10,12,2,30,0,3.4000000000000004,0,17.400000000000002
2022,10,12,3,30,0,3.3000000000000003,0,16.900000000000002
2022,10,12,4,30,0,3.1,0,16.3
2022,10,12,5,30,0,2.8000000000000003,0,15.600000000000001
2022,10,12,6,30,0,2.7,0,15.4
2022,10,12,7,30,107,3,0,16.8
2022,10,12,8,30,320,3.6,0,19.5
2022,10,12,9,30,524,3.9000000000000004,0,22
2022,10,12,10,30,686,3.8000000000000003,0,24
2022,10,12,11,30,791,3.6,0,25.900000000000002
2022,10,12,12,30,828,3.5,0,27.400000000000002
2022,10,12,13,30,796,3.3000000000000003,0,28.5
2022,10,12,14,30,696,3.1,0,28.900000000000002
2022,10,12,15,30,538,2.8000000000000003,0,28.6
2022,10,12,16,30,337,2.2,0,27.3
2022,10,12,17,30,122,1.5,0,23.900000000000002
2022,10,12,18,30,0,1.3,0,20.700000000000003
2022,10,12,19,30,0,1.4000000000000001,0,19.3
2022,10,12,20,30,0,1.5,0,18.3
2022,10,12,21,30,0,1.5,0,17.5
2022,10,12,22,30,0,1.6,0,16.6
2022,10,12,23,30,0,1.6,0,15.9
2022,10,13,0,30,0,1.5,0,15.100000000000001
2022,10,13,1,30,0,1.5,0,14.4
2022,10,13,2,30,0,1.4000000000000001,0,13.8
2022,10,13,3,30,0,1.3,0,13.100000000000001
2022,10,13,4,30,0,1.2000000000000002,0,12.4
2022,10,13,5,30,0,1.2000000000000002,0,11.700000000000001
2022,10,13,6,30,0,1.4000000000000001,0,11.600000000000001
2022,10,13,7,30,107,2.1,0,13.100000000000001
2022,10,13,8,30,323,2.6,0,16.1
2022,10,13,9,30,527,2.7,0,19.5
2022,10,13,10,30,690,2.5,0,22.5
2022,10,13,11,30,792,2.1,0,24.5
2022,10,13,12,30,830,1.7000000000000002,0,25.900000000000002
2022,10,13,13,30,797,1.6,0,26.700000000000003
2022,10,13,14,30,694,1.6,0,27
2022,10,13,15,30,533,1.8,0,26.700000000000003
2022,10,13,16,30,332,1.8,0,25.400000000000002
2022,10,13,17,30,118,1.6,0,22.1
2022,10,13,18,30,0,1.8,0,19
2022,10,13,19,30,0,2.3000000000000003,0,17.7
2022,10,13,20,30,0,2.4000000000000004,0,16.7
2022,10,13,21,30,0,2.3000000000000003,0,15.600000000000001
2022,10,13,22,30,0,2.1,0,14.700000000000001
2022,10,13,23,30,0,1.8,0,13.9
2022,10,14,0,30,0,1.6,0,13.100000000000001
2022,10,14,1,30,0,1.5,0,12.5
2022,10,14,2,30,0,1.3,0,12
2022,10,14,3,30,0,1.2000000000000002,0,11.5
2022,10,14,4,30,0,1.2000000000000002,0,11.100000000000001
2022,10,14,5,30,0,1.2000000000000002,0,10.700000000000001
2022,10,14,6,30,0,1.4000000000000001,0,11.100000000000001
2022,10,14,7,30,100,2.2,0,13.200000000000001
2022,10,14,8,30,310,2.7,0,16.8
2022,10,14,9,30,510,3.5,0,21.200000000000003
2022,10,14,10,30,670,4.4,0,25
2022,10,14,11,30,772,4.3,0,27.400000000000002
2022,10,14,12,30,806,4.3,0,29
2022,10,14,13,30,759,4.3,0,29.900000000000002
2022,10,14,14,30,566,4.4,8,30.1
2022,10,14,15,30,364,4.2,7,29.6
2022,10,14,16,30,258,3.4000000000000004,8,27.900000000000002
2022,10,14,17,30,108,2.3000000000000003,0,25.200000000000003
2022,10,14,18,30,0,2.1,8,23
2022,10,14,19,30,0,2.5,8,22.3
2022,10,14,20,30,0,2.9000000000000004,8,21.8
2022,10,14,21,30,0,3,8,21.200000000000003
2022,10,14,22,30,0,3,8,20.6
2022,10,14,23,30,0,2.9000000000000004,0,20
2022,10,15,0,30,0,2.7,0,19.400000000000002
2022,10,15,1,30,0,2.5,0,18.900000000000002
2022,10,15,2,30,0,2.3000000000000003,0,18.5
2022,10,15,3,30,0,2.1,0,18.1
2022,10,15,4,30,0,2,7,17.900000000000002
2022,10,15,5,30,0,1.9000000000000001,8,17.6
2022,10,15,6,30,0,2.1,0,17.7
2022,10,15,7,30,66,3,8,18.8
2022,10,15,8,30,269,4.1000000000000005,0,20.8
2022,10,15,9,30,406,4.800000000000001,7,23.3
2022,10,15,10,30,627,5,0,26
2022,10,15,11,30,640,4.9,8,28.6
2022,10,15,12,30,786,4.6000000000000005,0,30.8
2022,10,15,13,30,737,4.3,0,32.2
2022,10,15,14,30,583,4,8,32.5
2022,10,15,15,30,488,3.7,0,32.1
2022,10,15,16,30,290,3.1,0,30.6
2022,10,15,17,30,90,2.6,0,27.8
2022,10,15,18,30,0,3.1,8,25.700000000000003
2022,10,15,19,30,0,3.8000000000000003,7,24.8
2022,10,15,20,30,0,3.8000000000000003,6,23.700000000000003
2022,10,15,21,30,0,3.7,6,22.700000000000003
2022,10,15,22,30,0,3.4000000000000004,6,21.900000000000002
2022,10,15,23,30,0,2.7,5,21.1
2022,10,16,0,30,0,2.2,5,20.400000000000002
2022,10,16,1,30,0,1.7000000000000002,8,19.700000000000003
2022,10,16,2,30,0,1.3,7,19
2022,10,16,3,30,0,0.9,8,18.7
2022,10,16,4,30,0,0.6000000000000001,8,18.5
2022,10,16,5,30,0,0.8,6,18.1
2022,10,16,6,30,0,1.5,7,18.1
2022,10,16,7,30,21,2.3000000000000003,7,19
2022,10,16,8,30,80,2.6,8,20.5
2022,10,16,9,30,91,2.4000000000000004,7,21.900000000000002
2022,10,16,10,30,62,2.2,7,22.900000000000002
2022,10,16,11,30,101,2.3000000000000003,7,23.400000000000002
2022,10,16,12,30,107,2.9000000000000004,8,23.400000000000002
2022,10,16,13,30,89,3.8000000000000003,8,22.6
2022,10,16,14,30,109,4.800000000000001,8,21.3
2022,10,16,15,30,129,5.800000000000001,7,19.8
2022,10,16,16,30,60,6.4,7,18.2
2022,10,16,17,30,29,6.5,8,16.6
2022,10,16,18,30,0,6.300000000000001,5,15.200000000000001
2022,10,16,19,30,0,6.1000000000000005,5,14.200000000000001
2022,10,16,20,30,0,5.9,8,13.600000000000001
2022,10,16,21,30,0,5.7,4,13.200000000000001
2022,10,16,22,30,0,5.4,8,13
2022,10,16,23,30,0,4.7,8,12.8
2022,10,17,0,30,0,4.1000000000000005,8,12.600000000000001
2022,10,17,1,30,0,4.1000000000000005,8,12.5
2022,10,17,2,30,0,4.5,0,12.4
2022,10,17,3,30,0,4.6000000000000005,0,12.3
2022,10,17,4,30,0,4.5,7,12.200000000000001
2022,10,17,5,30,0,4.2,7,12.200000000000001
2022,10,17,6,30,0,4.1000000000000005,7,12.100000000000001
2022,10,17,7,30,13,4.7,8,12.8
2022,10,17,8,30,77,5.6000000000000005,8,14.5
2022,10,17,9,30,298,6.4,8,16.3
2022,10,17,10,30,235,6.4,8,17.6
2022,10,17,11,30,324,5.4,8,18
2022,10,17,12,30,314,5,8,17.8
2022,10,17,13,30,561,5.300000000000001,8,17.6
2022,10,17,14,30,643,5.1000000000000005,0,17.5
2022,10,17,15,30,487,4.4,0,17.1
2022,10,17,16,30,277,3.6,0,16.400000000000002
2022,10,17,17,30,62,2.4000000000000004,3,15.200000000000001
2022,10,17,18,30,0,1.5,3,14.200000000000001
2022,10,17,19,30,0,1.2000000000000002,3,13.8
2022,10,17,20,30,0,1,3,13.5
2022,10,17,21,30,0,0.9,3,13.200000000000001
2022,10,17,22,30,0,0.9,3,12.8
2022,10,17,23,30,0,0.9,4,12.5
2022,10,18,0,30,0,0.9,4,12
2022,10,18,1,30,0,1,4,11.5
2022,10,18,2,30,0,0.9,4,11.200000000000001
2022,10,18,3,30,0,0.8,4,11
2022,10,18,4,30,0,0.7000000000000001,4,10.9
2022,10,18,5,30,0,0.7000000000000001,4,10.700000000000001
2022,10,18,6,30,0,0.7000000000000001,4,10.8
2022,10,18,7,30,68,1,3,11.9
2022,10,18,8,30,144,1.4000000000000001,5,13.9
2022,10,18,9,30,321,1.4000000000000001,3,16.1
2022,10,18,10,30,553,1.4000000000000001,0,18
2022,10,18,11,30,726,1.3,0,19.5
2022,10,18,12,30,797,1.1,0,20.5
2022,10,18,13,30,763,0.9,0,21
2022,10,18,14,30,662,0.7000000000000001,0,21.1
2022,10,18,15,30,502,0.7000000000000001,0,20.700000000000003
2022,10,18,16,30,304,0.5,0,19.8
2022,10,18,17,30,93,0.5,0,18.1
2022,10,18,18,30,0,0.6000000000000001,3,16.3
2022,10,18,19,30,0,0.8,0,14.9
2022,10,18,20,30,0,0.9,0,13.600000000000001
2022,10,18,21,30,0,1,0,12.5
2022,10,18,22,30,0,1,0,11.700000000000001
2022,10,18,23,30,0,1,0,11
2022,10,19,0,30,0,1,3,10.4
2022,10,19,1,30,0,1,3,9.9
2022,10,19,2,30,0,1,0,9.4
2022,10,19,3,30,0,1,0,8.9
2022,10,19,4,30,0,1.1,0,8.3
2022,10,19,5,30,0,1.2000000000000002,0,7.9
2022,10,19,6,30,0,1.5,0,8.1
2022,10,19,7,30,90,2.4000000000000004,0,10.100000000000001
2022,10,19,8,30,302,3.1,0,13.700000000000001
2022,10,19,9,30,504,3.4000000000000004,0,17.5
2022,10,19,10,30,665,3.5,0,20.200000000000003
2022,10,19,11,30,769,3.5,0,21.8
2022,10,19,12,30,805,3.4000000000000004,0,22.900000000000002
2022,10,19,13,30,771,3.3000000000000003,0,23.5
2022,10,19,14,30,671,3.1,0,23.700000000000003
2022,10,19,15,30,513,2.9000000000000004,0,23.400000000000002
2022,10,19,16,30,311,2.2,0,22
2022,10,19,17,30,99,1.5,0,18.7
2022,10,19,18,30,0,1.4000000000000001,0,15.8
2022,10,19,19,30,0,1.7000000000000002,0,14.8
2022,10,19,20,30,0,2,0,14.200000000000001
2022,10,19,21,30,0,2.3000000000000003,0,13.700000000000001
2022,10,19,22,30,0,2.6,0,13.3
2022,10,19,23,30,0,2.9000000000000004,0,13
2022,10,20,0,30,0,3.1,3,12.5
2022,10,20,1,30,0,3.1,0,11.9
2022,10,20,2,30,0,3,0,11.200000000000001
2022,10,20,3,30,0,3,0,10.5
2022,10,20,4,30,0,2.9000000000000004,0,9.9
2022,10,20,5,30,0,2.8000000000000003,0,9.3
2022,10,20,6,30,0,2.9000000000000004,0,9.200000000000001
2022,10,20,7,30,92,3.3000000000000003,0,10.700000000000001
2022,10,20,8,30,305,3.2,0,14
2022,10,20,9,30,508,3.3000000000000003,0,18.5
2022,10,20,10,30,669,3.3000000000000003,0,22.900000000000002
2022,10,20,11,30,772,2.7,0,25.900000000000002
2022,10,20,12,30,806,2,0,27.6
2022,10,20,13,30,770,1.7000000000000002,0,28.400000000000002
2022,10,20,14,30,667,1.5,0,28.700000000000003
2022,10,20,15,30,506,1.3,0,28.200000000000003
2022,10,20,16,30,304,0.8,0,26.6
2022,10,20,17,30,93,0.7000000000000001,0,24.1
2022,10,20,18,30,0,0.9,0,21.700000000000003
2022,10,20,19,30,0,1.1,0,19.700000000000003
2022,10,20,20,30,0,1.3,0,17.7
2022,10,20,21,30,0,1.5,0,16.1
2022,10,20,22,30,0,1.6,0,15.100000000000001
2022,10,20,23,30,0,1.9000000000000001,0,14.4
2022,10,21,0,30,0,2.1,0,13.700000000000001
2022,10,21,1,30,0,2.2,0,13.100000000000001
2022,10,21,2,30,0,2.3000000000000003,0,12.4
2022,10,21,3,30,0,2.2,0,11.700000000000001
2022,10,21,4,30,0,2.1,0,11.100000000000001
2022,10,21,5,30,0,2.1,0,10.5
2022,10,21,6,30,0,2.3000000000000003,0,10.600000000000001
2022,10,21,7,30,91,3.1,0,12.5
2022,10,21,8,30,303,3.5,0,15.9
2022,10,21,9,30,504,3.7,0,19.900000000000002
2022,10,21,10,30,664,4.5,0,24
2022,10,21,11,30,765,5,0,26.900000000000002
2022,10,21,12,30,798,5.4,0,28.400000000000002
2022,10,21,13,30,763,5.5,0,29.1
2022,10,21,14,30,661,5.4,0,29.200000000000003
2022,10,21,15,30,502,5,0,28.900000000000002
2022,10,21,16,30,301,3.6,0,26.900000000000002
2022,10,21,17,30,91,2.3000000000000003,0,23.1
2022,10,21,18,30,0,2.2,0,20.3
2022,10,21,19,30,0,2.7,0,19.700000000000003
2022,10,21,20,30,0,3.5,0,19.3
2022,10,21,21,30,0,4,0,18.6
2022,10,21,22,30,0,4.2,0,17.7
2022,10,21,23,30,0,4.1000000000000005,0,16.8
2022,10,22,0,30,0,4.1000000000000005,0,16.400000000000002
2022,10,22,1,30,0,4,0,16.1
2022,10,22,2,30,0,3.9000000000000004,0,15.600000000000001
2022,10,22,3,30,0,3.8000000000000003,3,15.200000000000001
2022,10,22,4,30,0,3.8000000000000003,0,14.9
2022,10,22,5,30,0,3.7,0,14.9
2022,10,22,6,30,0,3.7,0,15.3
2022,10,22,7,30,73,4.1000000000000005,0,16.8
2022,10,22,8,30,183,4.3,8,19.6
2022,10,22,9,30,281,4.3,7,23.1
2022,10,22,10,30,499,4.5,8,26.700000000000003
2022,10,22,11,30,680,4.9,0,29.5
2022,10,22,12,30,644,5.300000000000001,8,31.1
2022,10,22,13,30,539,5.6000000000000005,7,31.6
2022,10,22,14,30,522,5.7,8,31.5
2022,10,22,15,30,301,5.4,7,30.900000000000002
2022,10,22,16,30,128,4.5,7,29.400000000000002
2022,10,22,17,30,58,3.7,8,27
2022,10,22,18,30,0,3.9000000000000004,8,24.8
2022,10,22,19,30,0,4.7,7,23.400000000000002
2022,10,22,20,30,0,5.2,7,22
2022,10,22,21,30,0,5.4,7,20.8
2022,10,22,22,30,0,5.4,0,19.900000000000002
2022,10,22,23,30,0,5.4,0,19.3
2022,10,23,0,30,0,5.4,8,18.8
2022,10,23,1,30,0,5.2,0,18.2
2022,10,23,2,30,0,5,0,17.7
2022,10,23,3,30,0,4.800000000000001,0,17.2
2022,10,23,4,30,0,4.7,8,16.8
2022,10,23,5,30,0,4.7,0,16.400000000000002
2022,10,23,6,30,0,4.7,0,16.2
2022,10,23,7,30,76,5,0,17.1
2022,10,23,8,30,272,5.6000000000000005,0,19.700000000000003
2022,10,23,9,30,465,6.2,0,23.1
2022,10,23,10,30,619,6.4,0,26.200000000000003
2022,10,23,11,30,718,6.6000000000000005,0,28.8
2022,10,23,12,30,753,6.7,0,30.5
2022,10,23,13,30,719,6.7,0,31.3
2022,10,23,14,30,620,6.7,0,31.400000000000002
2022,10,23,15,30,466,6.5,0,30.700000000000003
2022,10,23,16,30,249,6.1000000000000005,0,28.8
2022,10,23,17,30,75,6.2,0,25.8
2022,10,23,18,30,0,6.6000000000000005,0,23
2022,10,23,19,30,0,6.9,8,21.200000000000003
2022,10,23,20,30,0,6.5,0,20
2022,10,23,21,30,0,5.9,0,19.400000000000002
2022,10,23,22,30,0,5.4,0,18.900000000000002
2022,10,23,23,30,0,5.300000000000001,5,18.5
2022,10,24,0,30,0,5.300000000000001,5,18.400000000000002
2022,10,24,1,30,0,5,8,18.6
2022,10,24,2,30,0,4.7,5,18.8
2022,10,24,3,30,0,4.800000000000001,5,18.6
2022,10,24,4,30,0,4.1000000000000005,8,17.7
2022,10,24,5,30,0,2.2,7,16.5
2022,10,24,6,30,0,1.2000000000000002,8,15.700000000000001
2022,10,24,7,30,49,2.4000000000000004,8,16.900000000000002
2022,10,24,8,30,118,4,5,19.5
2022,10,24,9,30,438,4.9,0,22.3
2022,10,24,10,30,635,5.7,0,24.400000000000002
2022,10,24,11,30,733,6.6000000000000005,0,25.6
2022,10,24,12,30,743,7.4,0,26
2022,10,24,13,30,320,8.3,8,25.1
2022,10,24,14,30,431,9.1,8,22.5
2022,10,24,15,30,298,9.4,8,19.700000000000003
2022,10,24,16,30,170,8.9,8,18
2022,10,24,17,30,40,7.7,8,16.3
2022,10,24,18,30,0,6.2,0,14.4
2022,10,24,19,30,0,5.2,0,12.9
2022,10,24,20,30,0,4.9,0,11.5
2022,10,24,21,30,0,4.9,0,10.100000000000001
2022,10,24,22,30,0,4.7,0,9.1
2022,10,24,23,30,0,4.5,0,8.4
2022,10,25,0,30,0,4.2,0,7.7
2022,10,25,1,30,0,4,0,7.1000000000000005
2022,10,25,2,30,0,3.9000000000000004,0,6.6000000000000005
2022,10,25,3,30,0,3.7,0,6.4
2022,10,25,4,30,0,3.3000000000000003,0,6.2
2022,10,25,5,30,0,3,0,6
2022,10,25,6,30,0,3,0,6
2022,10,25,7,30,82,3.3000000000000003,0,7.300000000000001
2022,10,25,8,30,292,3.5,0,10.700000000000001
2022,10,25,9,30,496,3.6,0,14.8
2022,10,25,10,30,658,3.3000000000000003,0,17.900000000000002
2022,10,25,11,30,760,2.9000000000000004,0,19.900000000000002
2022,10,25,12,30,795,2.5,0,21.400000000000002
2022,10,25,13,30,760,2.3000000000000003,0,22.3
2022,10,25,14,30,657,2.2,0,22.700000000000003
2022,10,25,15,30,496,2.1,0,22.3
2022,10,25,16,30,293,1.4000000000000001,0,20.700000000000003
2022,10,25,17,30,81,1,0,17.8
2022,10,25,18,30,0,1.2000000000000002,0,15.3
2022,10,25,19,30,0,1.3,0,13.600000000000001
2022,10,25,20,30,0,1.3,0,12.4
2022,10,25,21,30,0,1.3,0,11.4
2022,10,25,22,30,0,1.4000000000000001,0,10.700000000000001
2022,10,25,23,30,0,1.4000000000000001,0,10
2022,10,26,0,30,0,1.4000000000000001,0,9.3
2022,10,26,1,30,0,1.4000000000000001,0,8.700000000000001
2022,10,26,2,30,0,1.3,0,8.1
2022,10,26,3,30,0,1.3,0,7.6000000000000005
2022,10,26,4,30,0,1.2000000000000002,0,7.2
2022,10,26,5,30,0,1.2000000000000002,0,6.800000000000001
2022,10,26,6,30,0,1.2000000000000002,0,6.6000000000000005
2022,10,26,7,30,76,1.9000000000000001,0,8.4
2022,10,26,8,30,284,2.5,0,11.700000000000001
2022,10,26,9,30,485,3.6,0,15.700000000000001
2022,10,26,10,30,645,4.800000000000001,0,19.6
2022,10,26,11,30,744,5,0,22.200000000000003
2022,10,26,12,30,778,5,0,23.900000000000002
2022,10,26,13,30,742,4.9,0,24.8
2022,10,26,14,30,641,4.800000000000001,0,25.1
2022,10,26,15,30,481,4.5,0,24.8
2022,10,26,16,30,280,3.4000000000000004,0,22.8
2022,10,26,17,30,74,2.2,0,18.8
2022,10,26,18,30,0,2.4000000000000004,0,16.2
2022,10,26,19,30,0,3.3000000000000003,0,15.600000000000001
2022,10,26,20,30,0,4.2,0,15.100000000000001
2022,10,26,21,30,0,4.4,0,14.3
2022,10,26,22,30,0,4.1000000000000005,0,13.4
2022,10,26,23,30,0,3.7,0,12.600000000000001
2022,10,27,0,30,0,3.5,0,12
2022,10,27,1,30,0,3.4000000000000004,0,11.4
2022,10,27,2,30,0,3.3000000000000003,0,11.100000000000001
2022,10,27,3,30,0,3.1,0,10.8
2022,10,27,4,30,0,3.1,0,10.600000000000001
2022,10,27,5,30,0,3.4000000000000004,0,10.700000000000001
2022,10,27,6,30,0,3.6,0,10.9
2022,10,27,7,30,59,4.1000000000000005,0,11.700000000000001
2022,10,27,8,30,268,5.1000000000000005,0,13.8
2022,10,27,9,30,463,5.800000000000001,0,16.5
2022,10,27,10,30,620,5.6000000000000005,0,19.6
2022,10,27,11,30,571,5.300000000000001,0,22.8
2022,10,27,12,30,755,5,0,25.400000000000002
2022,10,27,13,30,720,4.7,0,26.8
2022,10,27,14,30,621,4.5,0,27.200000000000003
2022,10,27,15,30,462,4.2,0,26.8
2022,10,27,16,30,197,3,8,24.700000000000003
2022,10,27,17,30,61,1.9000000000000001,0,20.900000000000002
2022,10,27,18,30,0,2.1,8,18.5
2022,10,27,19,30,0,2.7,8,18
2022,10,27,20,30,0,3.3000000000000003,0,17.400000000000002
2022,10,27,21,30,0,3.3000000000000003,7,16.400000000000002
2022,10,27,22,30,0,3,6,15.5
2022,10,27,23,30,0,2.6,6,14.5
2022,10,28,0,30,0,2.6,7,13.4
2022,10,28,1,30,0,3,8,12.200000000000001
2022,10,28,2,30,0,3.3000000000000003,8,11.200000000000001
2022,10,28,3,30,0,3.3000000000000003,4,10.3
2022,10,28,4,30,0,3.3000000000000003,8,9.600000000000001
2022,10,28,5,30,0,3.5,5,9
2022,10,28,6,30,0,4.2,8,9
2022,10,28,7,30,17,5.2,7,9.8
2022,10,28,8,30,32,6.5,6,10.9
2022,10,28,9,30,198,7.2,8,11.600000000000001
2022,10,28,10,30,253,6.800000000000001,8,12.3
2022,10,28,11,30,184,6.300000000000001,4,13
2022,10,28,12,30,230,6,5,13.5
2022,10,28,13,30,352,5.800000000000001,3,13.700000000000001
2022,10,28,14,30,180,5.6000000000000005,3,13.8
2022,10,28,15,30,45,5.300000000000001,4,13.700000000000001
2022,10,28,16,30,25,4.9,4,13.200000000000001
2022,10,28,17,30,14,4.2,4,12.3
2022,10,28,18,30,0,3.6,4,11.4
2022,10,28,19,30,0,3.2,4,10.600000000000001
2022,10,28,20,30,0,2.9000000000000004,4,9.9
2022,10,28,21,30,0,2.8000000000000003,0,9.4
2022,10,28,22,30,0,2.7,0,9
2022,10,28,23,30,0,2.5,0,8.6
2022,10,29,0,30,0,2.5,0,8.200000000000001
2022,10,29,1,30,0,2.6,0,7.9
2022,10,29,2,30,0,2.7,0,7.6000000000000005
2022,10,29,3,30,0,2.8000000000000003,0,7.300000000000001
2022,10,29,4,30,0,2.8000000000000003,0,7
2022,10,29,5,30,0,2.8000000000000003,0,6.6000000000000005
2022,10,29,6,30,0,2.8000000000000003,0,6.4
2022,10,29,7,30,65,3.2,0,7.5
2022,10,29,8,30,263,3.4000000000000004,0,10.3
2022,10,29,9,30,461,3.6,0,13.8
2022,10,29,10,30,618,3.4000000000000004,0,16.400000000000002
2022,10,29,11,30,718,2.9000000000000004,0,18.1
2022,10,29,12,30,752,2.6,0,19.400000000000002
2022,10,29,13,30,718,2.4000000000000004,0,20.200000000000003
2022,10,29,14,30,616,2.4000000000000004,0,20.400000000000002
2022,10,29,15,30,458,2.3000000000000003,0,20.1
2022,10,29,16,30,262,1.7000000000000002,0,18.8
2022,10,29,17,30,64,1,0,16.400000000000002
2022,10,29,18,30,0,1,0,14.600000000000001
2022,10,29,19,30,0,1,0,13.600000000000001
2022,10,29,20,30,0,1.1,0,12.5
2022,10,29,21,30,0,1,0,11.8
2022,10,29,22,30,0,0.9,0,11.600000000000001
2022,10,29,23,30,0,0.7000000000000001,0,11.5
2022,10,30,0,30,0,0.6000000000000001,0,11.100000000000001
2022,10,30,1,30,0,0.8,0,10.3
2022,10,30,2,30,0,1.1,0,9.200000000000001
2022,10,30,3,30,0,1.1,0,8.1
2022,10,30,4,30,0,1.2000000000000002,0,7.4
2022,10,30,5,30,0,1.2000000000000002,0,6.9
2022,10,30,6,30,0,1.2000000000000002,0,6.800000000000001
2022,10,30,7,30,64,1.8,0,8.6
2022,10,30,8,30,262,2.1,0,11.9
2022,10,30,9,30,459,1.9000000000000001,0,16
2022,10,30,10,30,613,1.8,0,19.700000000000003
2022,10,30,11,30,713,1.6,0,21.700000000000003
2022,10,30,12,30,744,1.3,0,23
2022,10,30,13,30,709,1.1,0,23.700000000000003
2022,10,30,14,30,598,0.9,0,23.8
2022,10,30,15,30,428,0.6000000000000001,0,23.3
2022,10,30,16,30,239,0.5,0,21.8
2022,10,30,17,30,58,0.8,0,19.1
2022,10,30,18,30,0,1.2000000000000002,0,16.6
2022,10,30,19,30,0,1.3,0,14.9
2022,10,30,20,30,0,1.4000000000000001,8,13.9
2022,10,30,21,30,0,1.5,8,13.100000000000001
2022,10,30,22,30,0,1.5,8,12.4
2022,10,30,23,30,0,1.5,8,12
2022,10,31,0,30,0,1.4000000000000001,7,11.8
2022,10,31,1,30,0,1.3,4,11.600000000000001
2022,10,31,2,30,0,1.2000000000000002,8,11.200000000000001
2022,10,31,3,30,0,1.1,8,10.8
2022,10,31,4,30,0,1,8,10.4
2022,10,31,5,30,0,1,0,10.200000000000001
2022,10,31,6,30,0,0.9,7,10.100000000000001
2022,10,31,7,30,37,1.1,8,11.4
2022,10,31,8,30,207,1.1,0,13.600000000000001
2022,10,31,9,30,370,1.3,7,16.5
2022,10,31,10,30,463,1.9000000000000001,8,19.400000000000002
2022,10,31,11,30,441,2.3000000000000003,7,21.200000000000003
2022,10,31,12,30,497,2.6,7,22.1
2022,10,31,13,30,582,2.7,8,22.5
2022,10,31,14,30,592,2.8000000000000003,0,22.6
2022,10,31,15,30,408,2.8000000000000003,0,22.1
2022,10,31,16,30,147,2.1,7,20.400000000000002
2022,10,31,17,30,36,1.6,7,18.1
2022,10,31,18,30,0,1.8,8,16.7
2022,10,31,19,30,0,2,7,16.2
2022,10,31,20,30,0,2.1,0,15.700000000000001
2022,10,31,21,30,0,2,0,15.100000000000001
2022,10,31,22,30,0,1.7000000000000002,0,14.3
2022,10,31,23,30,0,1.5,0,13.700000000000001
2022,11,1,0,30,0,1.3,0,13.4
2022,11,1,1,30,0,1.2000000000000002,0,13.100000000000001
2022,11,1,2,30,0,1.2000000000000002,0,12.8
2022,11,1,3,30,0,1.2000000000000002,8,12.700000000000001
2022,11,1,4,30,0,1.3,3,12.5
2022,11,1,5,30,0,1.3,8,12.200000000000001
2022,11,1,6,30,0,1.3,0,12
2022,11,1,7,30,49,1.8,0,13.100000000000001
2022,11,1,8,30,225,2.5,0,15.9
2022,11,1,9,30,418,2.6,0,18.8
2022,11,1,10,30,570,2.7,0,21.1
2022,11,1,11,30,673,3.2,0,22.6
2022,11,1,12,30,713,3.6,0,23.3
2022,11,1,13,30,680,3.8000000000000003,0,23.700000000000003
2022,11,1,14,30,583,3.8000000000000003,0,23.700000000000003
2022,11,1,15,30,431,3.7,0,23.3
2022,11,1,16,30,241,3.2,0,22
2022,11,1,17,30,51,2.6,0,19.400000000000002
2022,11,1,18,30,0,2.9000000000000004,0,17.6
2022,11,1,19,30,0,3.5,0,16.900000000000002
2022,11,1,20,30,0,3.6,0,16.3
2022,11,1,21,30,0,3.6,0,15.8
2022,11,1,22,30,0,3.5,0,15.100000000000001
2022,11,1,23,30,0,3.2,0,14.200000000000001
2022,11,2,0,30,0,3,0,13.3
2022,11,2,1,30,0,2.8000000000000003,0,12.600000000000001
2022,11,2,2,30,0,2.5,0,11.9
2022,11,2,3,30,0,2.3000000000000003,0,11.5
2022,11,2,4,30,0,2.4000000000000004,0,11.600000000000001
2022,11,2,5,30,0,2.4000000000000004,0,11.600000000000001
2022,11,2,6,30,0,2.6,0,11.700000000000001
2022,11,2,7,30,37,3.5,0,12.5
2022,11,2,8,30,133,4.7,3,14.5
2022,11,2,9,30,149,5.4,3,17.2
2022,11,2,10,30,339,5.4,3,19.900000000000002
2022,11,2,11,30,681,5.4,0,22.200000000000003
2022,11,2,12,30,714,5.4,0,24.1
2022,11,2,13,30,672,5.300000000000001,0,25.200000000000003
2022,11,2,14,30,505,5.2,8,25.700000000000003
2022,11,2,15,30,408,5,0,25.3
2022,11,2,16,30,236,4.3,0,23.8
2022,11,2,17,30,39,3.4000000000000004,8,21
2022,11,2,18,30,0,3.6,0,18.8
2022,11,2,19,30,0,4.2,0,17.5
2022,11,2,20,30,0,4.3,0,16.2
2022,11,2,21,30,0,4.3,0,15.3
2022,11,2,22,30,0,4.3,0,14.600000000000001
2022,11,2,23,30,0,4.3,3,14.3
2022,11,3,0,30,0,4.3,0,14.3
2022,11,3,1,30,0,4.1000000000000005,0,14.4
2022,11,3,2,30,0,4,0,14.5
2022,11,3,3,30,0,3.9000000000000004,0,14.600000000000001
2022,11,3,4,30,0,4.4,0,14.9
2022,11,3,5,30,0,5.300000000000001,0,15.200000000000001
2022,11,3,6,30,0,5.5,0,15.3
2022,11,3,7,30,51,5.9,0,15.9
2022,11,3,8,30,207,6.5,0,17.5
2022,11,3,9,30,422,6.800000000000001,0,20
2022,11,3,10,30,591,6.9,0,22.900000000000002
2022,11,3,11,30,691,7,0,25.5
2022,11,3,12,30,723,7.1000000000000005,0,27.400000000000002
2022,11,3,13,30,688,7.1000000000000005,0,28.6
2022,11,3,14,30,586,7,0,28.8
2022,11,3,15,30,420,6.6000000000000005,0,28.1
2022,11,3,16,30,221,5.800000000000001,0,26.200000000000003
2022,11,3,17,30,38,4.9,8,23.1
2022,11,3,18,30,0,4.7,0,20.700000000000003
2022,11,3,19,30,0,5.2,0,19.400000000000002
2022,11,3,20,30,0,5.9,0,18.8
2022,11,3,21,30,0,6.4,0,18.7
2022,11,3,22,30,0,6.5,0,18.7
2022,11,3,23,30,0,6.6000000000000005,0,18.6
2022,11,4,0,30,0,6.6000000000000005,0,18.3
2022,11,4,1,30,0,6.2,7,17.7
2022,11,4,2,30,0,5.4,8,16.900000000000002
2022,11,4,3,30,0,4.5,8,16
2022,11,4,4,30,0,3.9000000000000004,7,15.100000000000001
2022,11,4,5,30,0,3.7,0,14.4
2022,11,4,6,30,0,3.6,0,13.600000000000001
2022,11,4,7,30,51,4.1000000000000005,0,13.8
2022,11,4,8,30,243,5.300000000000001,0,15.8
2022,11,4,9,30,437,7,0,18.400000000000002
2022,11,4,10,30,596,8.3,0,19.900000000000002
2022,11,4,11,30,536,8.9,3,20.200000000000003
2022,11,4,12,30,672,9.1,0,20
2022,11,4,13,30,610,9,3,19.5
2022,11,4,14,30,614,8.5,0,19
2022,11,4,15,30,454,8,0,18.1
2022,11,4,16,30,251,6.800000000000001,0,16.8
2022,11,4,17,30,53,4.6000000000000005,0,14.3
2022,11,4,18,30,0,2.8000000000000003,0,11.9
2022,11,4,19,30,0,2.3000000000000003,0,10.700000000000001
2022,11,4,20,30,0,2.3000000000000003,0,9.9
2022,11,4,21,30,0,2.5,0,9.4
2022,11,4,22,30,0,2.9000000000000004,0,8.8
2022,11,4,23,30,0,3.2,0,8.3
2022,11,5,0,30,0,3.4000000000000004,0,7.7
2022,11,5,1,30,0,3.5,0,7.1000000000000005
2022,11,5,2,30,0,3.4000000000000004,0,6.6000000000000005
2022,11,5,3,30,0,3.2,0,6.1000000000000005
2022,11,5,4,30,0,3,0,5.5
2022,11,5,5,30,0,2.7,0,5
2022,11,5,6,30,0,2.8000000000000003,0,4.800000000000001
2022,11,5,7,30,53,3.5,0,5.9
2022,11,5,8,30,248,4.1000000000000005,0,8.9
2022,11,5,9,30,442,4.6000000000000005,0,12.9
2022,11,5,10,30,598,5.5,0,16.6
2022,11,5,11,30,696,6.1000000000000005,0,19.200000000000003
2022,11,5,12,30,730,6.4,0,21.1
2022,11,5,13,30,695,6.5,0,22.3
2022,11,5,14,30,591,6.4,0,22.900000000000002
2022,11,5,15,30,435,5.9,0,22.6
2022,11,5,16,30,225,4.4,0,20.8
2022,11,5,17,30,33,2.9000000000000004,7,17.400000000000002
2022,11,5,18,30,0,2.7,7,15.100000000000001
2022,11,5,19,30,0,3.2,8,14.700000000000001
2022,11,5,20,30,0,3.6,7,14.3
2022,11,5,21,30,0,4,7,13.700000000000001
2022,11,5,22,30,0,4.3,8,13
2022,11,5,23,30,0,4.3,7,12.200000000000001
2022,11,6,0,30,0,4.2,8,11.3
2022,11,6,1,30,0,4.1000000000000005,7,10.600000000000001
2022,11,6,2,30,0,4,0,9.9
2022,11,6,3,30,0,3.8000000000000003,0,9.4
2022,11,6,4,30,0,3.6,8,9
2022,11,6,5,30,0,3.4000000000000004,0,8.700000000000001
2022,11,6,6,30,0,3.2,8,8.6
2022,11,6,7,30,35,3.6,8,9.8
2022,11,6,8,30,184,3.6,3,12.700000000000001
2022,11,6,9,30,429,3.1,0,16.900000000000002
2022,11,6,10,30,581,3,0,21.5
2022,11,6,11,30,679,3.1,0,24.900000000000002
2022,11,6,12,30,712,3,0,26.6
2022,11,6,13,30,677,2.8000000000000003,0,27.6
2022,11,6,14,30,579,2.4000000000000004,0,27.900000000000002
2022,11,6,15,30,426,1.8,0,27.5
2022,11,6,16,30,234,0.9,0,25.8
2022,11,6,17,30,45,0.7000000000000001,0,23.1
2022,11,6,18,30,0,1,0,20.6
2022,11,6,19,30,0,1.2000000000000002,0,18.7
2022,11,6,20,30,0,1.3,0,17.3
2022,11,6,21,30,0,1.4000000000000001,0,16
2022,11,6,22,30,0,1.4000000000000001,0,14.8
2022,11,6,23,30,0,1.4000000000000001,0,13.8
2022,11,7,0,30,0,1.7000000000000002,0,13
2022,11,7,1,30,0,2.1,8,11.8
2022,11,7,2,30,0,2.2,0,10.8
2022,11,7,3,30,0,2.2,0,10.200000000000001
2022,11,7,4,30,0,2.3000000000000003,0,10.100000000000001
2022,11,7,5,30,0,2.4000000000000004,0,9.9
2022,11,7,6,30,0,2.1,0,9.4
2022,11,7,7,30,42,2.5,0,10.3
2022,11,7,8,30,226,2.8000000000000003,0,12.9
2022,11,7,9,30,412,2.7,0,16.2
2022,11,7,10,30,516,2.8000000000000003,0,19.6
2022,11,7,11,30,543,3.2,0,22.6
2022,11,7,12,30,673,3.5,0,24.700000000000003
2022,11,7,13,30,647,3.7,0,25.8
2022,11,7,14,30,548,4,0,26.3
2022,11,7,15,30,398,4.1000000000000005,0,26.1
2022,11,7,16,30,212,3.6,0,24.900000000000002
2022,11,7,17,30,25,3,8,23.200000000000003
2022,11,7,18,30,0,3.5,8,21.900000000000002
2022,11,7,19,30,0,4,8,21.200000000000003
2022,11,7,20,30,0,4.4,8,20.5
2022,11,7,21,30,0,4.3,0,19.8
2022,11,7,22,30,0,4.2,0,19.1
2022,11,7,23,30,0,4.3,0,18.8
2022,11,8,0,30,0,4.2,8,18.5
2022,11,8,1,30,0,4.1000000000000005,8,18.5
2022,11,8,2,30,0,4.2,8,18.5
2022,11,8,3,30,0,4.1000000000000005,8,18.5
2022,11,8,4,30,0,4.1000000000000005,8,18.400000000000002
2022,11,8,5,30,0,4,8,18.1
2022,11,8,6,30,0,3.8000000000000003,8,17.900000000000002
2022,11,8,7,30,20,4.1000000000000005,8,18.3
2022,11,8,8,30,54,4.7,8,19.5
2022,11,8,9,30,74,5.4,7,21
2022,11,8,10,30,108,5.800000000000001,8,22.5
2022,11,8,11,30,239,5.9,7,24
2022,11,8,12,30,389,6,7,25.3
2022,11,8,13,30,468,5.9,7,26
2022,11,8,14,30,358,5.800000000000001,7,25.900000000000002
2022,11,8,15,30,305,5.7,7,25.3
2022,11,8,16,30,174,5.1000000000000005,8,24.200000000000003
2022,11,8,17,30,31,4.2,8,22.6
2022,11,8,18,30,0,3.6,8,21.200000000000003
2022,11,8,19,30,0,3.5,0,20.1
2022,11,8,20,30,0,3.6,0,19.200000000000003
2022,11,8,21,30,0,3.7,0,18.5
2022,11,8,22,30,0,3.8000000000000003,0,17.8
2022,11,8,23,30,0,3.9000000000000004,0,17.2
2022,11,9,0,30,0,3.8000000000000003,0,16.7
2022,11,9,1,30,0,3.7,0,16.400000000000002
2022,11,9,2,30,0,3.9000000000000004,0,16.5
2022,11,9,3,30,0,4.6000000000000005,0,17.1
2022,11,9,4,30,0,4.800000000000001,0,17.5
2022,11,9,5,30,0,4.4,0,17.6
2022,11,9,6,30,0,4.1000000000000005,0,17.6
2022,11,9,7,30,31,4.6000000000000005,0,18.3
2022,11,9,8,30,155,6,0,20.1
2022,11,9,9,30,365,7.1000000000000005,0,22.200000000000003
2022,11,9,10,30,529,7.300000000000001,0,24.1
2022,11,9,11,30,635,7.300000000000001,0,25.700000000000003
2022,11,9,12,30,674,7.2,0,26.8
2022,11,9,13,30,642,7.1000000000000005,0,27.5
2022,11,9,14,30,545,7,0,27.6
2022,11,9,15,30,394,6.800000000000001,0,27
2022,11,9,16,30,209,6.300000000000001,0,25.6
2022,11,9,17,30,29,5.5,8,23.700000000000003
2022,11,9,18,30,0,5,7,22
2022,11,9,19,30,0,4.9,0,20.8
2022,11,9,20,30,0,5.2,0,20
2022,11,9,21,30,0,5.4,0,19.400000000000002
2022,11,9,22,30,0,5.300000000000001,0,19
2022,11,9,23,30,0,5.300000000000001,0,18.5
2022,11,10,0,30,0,5,0,18.1
2022,11,10,1,30,0,4.800000000000001,0,17.8
2022,11,10,2,30,0,4.800000000000001,0,17.7
2022,11,10,3,30,0,5,0,17.6
2022,11,10,4,30,0,4.9,0,17.400000000000002
2022,11,10,5,30,0,4.6000000000000005,0,17
2022,11,10,6,30,0,4.1000000000000005,0,16.5
2022,11,10,7,30,36,4.1000000000000005,0,16.6
2022,11,10,8,30,219,4.5,0,18.2
2022,11,10,9,30,411,4.4,0,20.8
2022,11,10,10,30,512,4.1000000000000005,0,23.5
2022,11,10,11,30,656,3.9000000000000004,0,25.3
2022,11,10,12,30,702,3.8000000000000003,0,26.3
2022,11,10,13,30,659,3.8000000000000003,0,26.700000000000003
2022,11,10,14,30,574,3.7,0,26.5
2022,11,10,15,30,420,3.1,0,25.6
2022,11,10,16,30,227,1.9000000000000001,0,23.200000000000003
2022,11,10,17,30,39,1.2000000000000002,0,20.3
2022,11,10,18,30,0,1.1,0,19
2022,11,10,19,30,0,1,0,18.7
2022,11,10,20,30,0,0.8,8,18.2
2022,11,10,21,30,0,0.8,0,17.3
2022,11,10,22,30,0,0.9,0,16.2
2022,11,10,23,30,0,1,0,14.9
2022,11,11,0,30,0,1.2000000000000002,0,13.4
2022,11,11,1,30,0,1.8,0,12
2022,11,11,2,30,0,2.8000000000000003,0,10.8
2022,11,11,3,30,0,4,0,9.8
2022,11,11,4,30,0,4.800000000000001,0,9.1
2022,11,11,5,30,0,5.4,4,8.6
2022,11,11,6,30,0,5.800000000000001,0,8
2022,11,11,7,30,28,6.2,0,7.7
2022,11,11,8,30,108,6.5,3,8
2022,11,11,9,30,125,6.5,3,9
2022,11,11,10,30,223,6.2,4,10.100000000000001
2022,11,11,11,30,351,5.9,3,11
2022,11,11,12,30,368,5.7,3,11.700000000000001
2022,11,11,13,30,407,5.7,3,12.200000000000001
2022,11,11,14,30,540,5.7,0,12.200000000000001
2022,11,11,15,30,422,5.6000000000000005,0,11.700000000000001
2022,11,11,16,30,229,5.1000000000000005,0,10.600000000000001
2022,11,11,17,30,39,4,0,8.5
2022,11,11,18,30,0,3.4000000000000004,0,6.6000000000000005
2022,11,11,19,30,0,3.3000000000000003,0,5.300000000000001
2022,11,11,20,30,0,3,0,4.1000000000000005
2022,11,11,21,30,0,2.3000000000000003,0,3.1
2022,11,11,22,30,0,1.8,0,2.3000000000000003
2022,11,11,23,30,0,1.3,8,1.8
2022,11,12,0,30,0,1,8,1.5
2022,11,12,1,30,0,0.8,8,1.5
2022,11,12,2,30,0,0.8,8,1.3
2022,11,12,3,30,0,0.9,8,1.1
2022,11,12,4,30,0,1,8,0.8
2022,11,12,5,30,0,1,0,0.4
2022,11,12,6,30,0,1,0,0.1
2022,11,12,7,30,37,1.4000000000000001,0,1
2022,11,12,8,30,211,1.7000000000000002,0,3.2
2022,11,12,9,30,411,1.5,0,5.5
2022,11,12,10,30,583,1.4000000000000001,0,7.7
2022,11,12,11,30,684,1.3,0,9.600000000000001
2022,11,12,12,30,718,1.4000000000000001,0,11.200000000000001
2022,11,12,13,30,684,1.6,0,12.3
2022,11,12,14,30,583,1.7000000000000002,0,12.9
2022,11,12,15,30,425,1.9000000000000001,0,12.700000000000001
2022,11,12,16,30,228,1.6,0,11.100000000000001
2022,11,12,17,30,36,1.3,0,8.1
2022,11,12,18,30,0,1.4000000000000001,0,6
2022,11,12,19,30,0,1.7000000000000002,0,5.300000000000001
2022,11,12,20,30,0,2,0,4.7
2022,11,12,21,30,0,2.3000000000000003,0,4.2
2022,11,12,22,30,0,2.5,0,3.6
2022,11,12,23,30,0,2.6,0,3
2022,11,13,0,30,0,2.6,8,2.4000000000000004
2022,11,13,1,30,0,2.5,0,1.9000000000000001
2022,11,13,2,30,0,2.4000000000000004,0,1.4000000000000001
2022,11,13,3,30,0,2.4000000000000004,0,1
2022,11,13,4,30,0,2.4000000000000004,0,0.7000000000000001
2022,11,13,5,30,0,2.6,0,0.5
2022,11,13,6,30,0,2.8000000000000003,0,0.4
2022,11,13,7,30,32,3.4000000000000004,0,1.2000000000000002
2022,11,13,8,30,176,4.3,0,3.8000000000000003
2022,11,13,9,30,311,5.300000000000001,5,7.1000000000000005
2022,11,13,10,30,523,5.800000000000001,0,9.700000000000001
2022,11,13,11,30,542,5.7,8,11.100000000000001
2022,11,13,12,30,512,5.5,8,11.9
2022,11,13,13,30,391,5.4,7,12.5
2022,11,13,14,30,355,5.2,7,12.700000000000001
2022,11,13,15,30,234,4.800000000000001,7,12.5
2022,11,13,16,30,106,4,7,11.700000000000001
2022,11,13,17,30,19,3.2,8,10.3
2022,11,13,18,30,0,3.2,8,9.200000000000001
2022,11,13,19,30,0,3.6,7,8.700000000000001
2022,11,13,20,30,0,3.7,8,8.200000000000001
2022,11,13,21,30,0,3.7,0,7.5
2022,11,13,22,30,0,3.4000000000000004,0,6.6000000000000005
2022,11,13,23,30,0,3.2,0,5.6000000000000005
2022,11,14,0,30,0,3.1,0,5
2022,11,14,1,30,0,3.1,0,4.5
2022,11,14,2,30,0,3,0,4.1000000000000005
2022,11,14,3,30,0,2.9000000000000004,0,3.8000000000000003
2022,11,14,4,30,0,2.8000000000000003,0,3.5
2022,11,14,5,30,0,2.6,0,3
2022,11,14,6,30,0,2.6,4,2.8000000000000003
2022,11,14,7,30,8,3.2,4,3.8000000000000003
2022,11,14,8,30,54,4.4,8,6.9
2022,11,14,9,30,195,5.6000000000000005,8,11
2022,11,14,10,30,144,6.9,5,13.700000000000001
2022,11,14,11,30,660,7.5,0,14.3
2022,11,14,12,30,691,7.6000000000000005,0,13.9
2022,11,14,13,30,656,7.6000000000000005,0,13.100000000000001
2022,11,14,14,30,556,7.300000000000001,0,12
2022,11,14,15,30,402,6.7,0,10.700000000000001
2022,11,14,16,30,212,6,0,9
2022,11,14,17,30,30,4.7,0,6.9
2022,11,14,18,30,0,3.6,0,5.1000000000000005
2022,11,14,19,30,0,3.1,0,3.7
2022,11,14,20,30,0,2.7,0,2.6
2022,11,14,21,30,0,2.2,0,1.6
2022,11,14,22,30,0,1.8,0,0.7000000000000001
2022,11,14,23,30,0,1.5,0,0
2022,11,15,0,30,0,1.3,0,-0.7000000000000001
2022,11,15,1,30,0,1.2000000000000002,0,-1.2000000000000002
2022,11,15,2,30,0,1.4000000000000001,0,-1.6
2022,11,15,3,30,0,1.6,0,-2
2022,11,15,4,30,0,1.7000000000000002,0,-2.3000000000000003
2022,11,15,5,30,0,1.7000000000000002,8,-2.7
2022,11,15,6,30,0,1.8,0,-2.9000000000000004
2022,11,15,7,30,30,2.6,0,-2
2022,11,15,8,30,215,3.4000000000000004,0,0.8
2022,11,15,9,30,327,3.6,4,3.9000000000000004
2022,11,15,10,30,562,3.7,0,6.5
2022,11,15,11,30,626,3.6,0,8.6
2022,11,15,12,30,595,3.4000000000000004,8,10.100000000000001
2022,11,15,13,30,610,3.2,0,11.100000000000001
2022,11,15,14,30,557,3,0,11.4
2022,11,15,15,30,354,2.9000000000000004,8,11
2022,11,15,16,30,89,2.3000000000000003,7,9.600000000000001
2022,11,15,17,30,15,1.7000000000000002,7,7.7
2022,11,15,18,30,0,1.6,7,6.300000000000001
2022,11,15,19,30,0,1.7000000000000002,8,5.6000000000000005
2022,11,15,20,30,0,1.9000000000000001,7,5.300000000000001
2022,11,15,21,30,0,2,8,4.800000000000001
2022,11,15,22,30,0,1.7000000000000002,8,3.9000000000000004
2022,11,15,23,30,0,1.5,8,2.7
2022,11,16,0,30,0,1.3,8,1.8
2022,11,16,1,30,0,1.1,8,1.2000000000000002
2022,11,16,2,30,0,1,8,1
2022,11,16,3,30,0,0.9,8,1.1
2022,11,16,4,30,0,0.9,7,1.3
2022,11,16,5,30,0,0.9,7,1.4000000000000001
2022,11,16,6,30,0,0.8,7,1.4000000000000001
2022,11,16,7,30,10,1.3,7,2.3000000000000003
2022,11,16,8,30,91,2.1,8,4.2
2022,11,16,9,30,156,2.6,8,6.300000000000001
2022,11,16,10,30,274,2.9000000000000004,8,8
2022,11,16,11,30,175,3,7,9.5
2022,11,16,12,30,329,3,8,10.5
2022,11,16,13,30,319,3,5,11.100000000000001
2022,11,16,14,30,305,2.9000000000000004,5,11.200000000000001
2022,11,16,15,30,99,2.7,4,10.8
2022,11,16,16,30,45,2,4,9.600000000000001
2022,11,16,17,30,9,1.1,4,7.5
2022,11,16,18,30,0,1,4,6.2
2022,11,16,19,30,0,1,4,5.800000000000001
2022,11,16,20,30,0,1,4,5.300000000000001
2022,11,16,21,30,0,1,0,4.800000000000001
2022,11,16,22,30,0,1,0,4.3
2022,11,16,23,30,0,1,0,3.7
2022,11,17,0,30,0,1,0,3
2022,11,17,1,30,0,1.1,0,2.2
2022,11,17,2,30,0,1.2000000000000002,0,1.3
2022,11,17,3,30,0,1.3,0,0.8
2022,11,17,4,30,0,1.3,4,0.30000000000000004
2022,11,17,5,30,0,1.3,4,-0.1
2022,11,17,6,30,0,1.3,0,-0.4
2022,11,17,7,30,26,1.9000000000000001,0,1
2022,11,17,8,30,204,2.8000000000000003,0,4.2
2022,11,17,9,30,399,3.7,0,7.7
2022,11,17,10,30,555,4.3,0,10.600000000000001
2022,11,17,11,30,656,4.2,0,12.4
2022,11,17,12,30,691,4.2,0,13.600000000000001
2022,11,17,13,30,658,4.1000000000000005,0,14.3
2022,11,17,14,30,559,4,0,14.5
2022,11,17,15,30,404,3.6,0,14.200000000000001
2022,11,17,16,30,211,2.4000000000000004,0,12
2022,11,17,17,30,29,1.4000000000000001,0,8.6
2022,11,17,18,30,0,1.5,0,6.6000000000000005
2022,11,17,19,30,0,1.9000000000000001,0,5.9
2022,11,17,20,30,0,2.3000000000000003,0,5.4
2022,11,17,21,30,0,2.6,0,4.7
2022,11,17,22,30,0,2.7,0,3.9000000000000004
2022,11,17,23,30,0,2.4000000000000004,0,2.9000000000000004
2022,11,18,0,30,0,1.9000000000000001,0,2
2022,11,18,1,30,0,1.4000000000000001,0,1.3
2022,11,18,2,30,0,1.1,8,0.9
2022,11,18,3,30,0,1.2000000000000002,8,0.7000000000000001
2022,11,18,4,30,0,2,8,0.6000000000000001
2022,11,18,5,30,0,3.1,8,0.30000000000000004
2022,11,18,6,30,0,4,8,-0.30000000000000004
2022,11,18,7,30,13,4.800000000000001,8,-0.4
2022,11,18,8,30,108,5.300000000000001,8,0.30000000000000004
2022,11,18,9,30,213,5.2,7,1.5
2022,11,18,10,30,311,4.800000000000001,7,2.8000000000000003
2022,11,18,11,30,406,4.5,7,4
2022,11,18,12,30,403,4,6,5
2022,11,18,13,30,383,3.7,7,5.6000000000000005
2022,11,18,14,30,138,3.5,4,5.7
2022,11,18,15,30,104,3.5,4,5.4
2022,11,18,16,30,55,3.5,7,4.5
2022,11,18,17,30,15,3.7,7,3.3000000000000003
2022,11,18,18,30,0,4,0,2.3000000000000003
2022,11,18,19,30,0,4.3,0,1.5
2022,11,18,20,30,0,4.2,4,0.8
2022,11,18,21,30,0,3.9000000000000004,4,0.30000000000000004
2022,11,18,22,30,0,3.6,0,-0.1
2022,11,18,23,30,0,3.2,0,-0.4
2022,11,19,0,30,0,2.8000000000000003,0,-0.7000000000000001
2022,11,19,1,30,0,2.6,0,-0.9
2022,11,19,2,30,0,2.5,0,-1
2022,11,19,3,30,0,2.5,0,-1.1
2022,11,19,4,30,0,2.6,0,-1.1
2022,11,19,5,30,0,2.6,0,-1.2000000000000002
2022,11,19,6,30,0,2.6,4,-1.2000000000000002
2022,11,19,7,30,4,2.8000000000000003,5,-0.9
2022,11,19,8,30,24,3.2,4,0
2022,11,19,9,30,147,3.5,4,1.6
2022,11,19,10,30,221,3.7,4,3.4000000000000004
2022,11,19,11,30,279,3.8000000000000003,5,5.2
2022,11,19,12,30,405,3.7,5,6.7
2022,11,19,13,30,269,3.5,5,7.6000000000000005
2022,11,19,14,30,216,3.3000000000000003,4,8
2022,11,19,15,30,141,3.1,4,7.800000000000001
2022,11,19,16,30,168,2.3000000000000003,0,6.6000000000000005
2022,11,19,17,30,25,1.4000000000000001,0,4.2
2022,11,19,18,30,0,1,0,2.4000000000000004
2022,11,19,19,30,0,1,0,1.7000000000000002
2022,11,19,20,30,0,1,4,1.4000000000000001
2022,11,19,21,30,0,0.8,4,1.4000000000000001
2022,11,19,22,30,0,0.6000000000000001,4,1.4000000000000001
2022,11,19,23,30,0,0.4,4,1.4000000000000001
2022,11,20,0,30,0,0.4,0,1
2022,11,20,1,30,0,0.7000000000000001,0,0.2
2022,11,20,2,30,0,0.9,0,-0.7000000000000001
2022,11,20,3,30,0,1,0,-1.1
2022,11,20,4,30,0,1,0,-1.2000000000000002
2022,11,20,5,30,0,0.9,0,-1.1
2022,11,20,6,30,0,0.8,5,-0.7000000000000001
2022,11,20,7,30,5,0.6000000000000001,5,0.5
2022,11,20,8,30,36,0.8,8,2.8000000000000003
2022,11,20,9,30,106,1.4000000000000001,5,5.4
2022,11,20,10,30,141,2,5,7.300000000000001
2022,11,20,11,30,315,2.2,5,8.6
2022,11,20,12,30,218,2.4000000000000004,5,9.600000000000001
2022,11,20,13,30,357,2.6,5,10.100000000000001
2022,11,20,14,30,203,2.7,5,10.200000000000001
2022,11,20,15,30,131,2.7,4,9.700000000000001
2022,11,20,16,30,46,2.3000000000000003,4,8.4
2022,11,20,17,30,8,1.9000000000000001,4,6.2
2022,11,20,18,30,0,2.2,4,4.7
2022,11,20,19,30,0,2.7,4,3.9000000000000004
2022,11,20,20,30,0,2.7,0,3.1
2022,11,20,21,30,0,2.4000000000000004,0,2.2
2022,11,20,22,30,0,2.1,0,1.4000000000000001
2022,11,20,23,30,0,2,0,0.9
2022,11,21,0,30,0,2.1,0,0.9
2022,11,21,1,30,0,2.4000000000000004,0,1.1
2022,11,21,2,30,0,2.4000000000000004,0,1.2000000000000002
2022,11,21,3,30,0,2.3000000000000003,0,1.4000000000000001
2022,11,21,4,30,0,2.3000000000000003,0,1.4000000000000001
2022,11,21,5,30,0,2.1,0,1.5
2022,11,21,6,30,0,1.9000000000000001,0,1.5
2022,11,21,7,30,18,1.8,0,1.8
2022,11,21,8,30,147,2,0,2.7
2022,11,21,9,30,224,1.9000000000000001,4,4.6000000000000005
2022,11,21,10,30,287,1.8,4,7.300000000000001
2022,11,21,11,30,631,1.9000000000000001,0,10
2022,11,21,12,30,670,1.9000000000000001,0,12.100000000000001
2022,11,21,13,30,638,1.9000000000000001,0,13.5
2022,11,21,14,30,541,1.8,0,14.200000000000001
2022,11,21,15,30,390,1.5,0,14.100000000000001
2022,11,21,16,30,203,1.1,0,12.4
2022,11,21,17,30,26,1,0,9.600000000000001
2022,11,21,18,30,0,1.3,0,7.300000000000001
2022,11,21,19,30,0,1.4000000000000001,0,6.1000000000000005
2022,11,21,20,30,0,1.6,0,5.300000000000001
2022,11,21,21,30,0,1.8,0,4.6000000000000005
2022,11,21,22,30,0,1.8,0,3.9000000000000004
2022,11,21,23,30,0,1.8,0,3.1
2022,11,22,0,30,0,1.8,0,2.5
2022,11,22,1,30,0,2,0,2.2
2022,11,22,2,30,0,2.2,0,2.4000000000000004
2022,11,22,3,30,0,2.4000000000000004,0,2.7
2022,11,22,4,30,0,2.3000000000000003,0,2.8000000000000003
2022,11,22,5,30,0,2.2,0,2.7
2022,11,22,6,30,0,1.9000000000000001,0,2.4000000000000004
2022,11,22,7,30,18,1.6,0,2.3000000000000003
2022,11,22,8,30,180,1.6,0,3
2022,11,22,9,30,360,1.9000000000000001,0,4.800000000000001
2022,11,22,10,30,536,2.3000000000000003,0,7.9
2022,11,22,11,30,636,2.7,0,11.4
2022,11,22,12,30,671,3.2,0,14.4
2022,11,22,13,30,635,3.4000000000000004,0,16.400000000000002
2022,11,22,14,30,538,3.4000000000000004,0,17.1
2022,11,22,15,30,223,3,7,16.6
2022,11,22,16,30,185,2,0,14.100000000000001
2022,11,22,17,30,20,1.5,0,11
2022,11,22,18,30,0,1.8,8,9.5
2022,11,22,19,30,0,2.3000000000000003,0,9
2022,11,22,20,30,0,2.6,0,8.200000000000001
2022,11,22,21,30,0,2.7,0,7.300000000000001
2022,11,22,22,30,0,2.8000000000000003,0,6.800000000000001
2022,11,22,23,30,0,3.1,0,6.800000000000001
2022,11,23,0,30,0,3.1,0,6.800000000000001
2022,11,23,1,30,0,3.1,0,6.800000000000001
2022,11,23,2,30,0,3,0,6.9
2022,11,23,3,30,0,2.9000000000000004,0,6.9
2022,11,23,4,30,0,2.7,0,6.9
2022,11,23,5,30,0,2.7,8,6.9
2022,11,23,6,30,0,2.6,8,6.9
2022,11,23,7,30,6,2.8000000000000003,8,7
2022,11,23,8,30,41,3.1,8,7.5
2022,11,23,9,30,156,3.4000000000000004,8,8.4
2022,11,23,10,30,202,3.5,8,10.100000000000001
2022,11,23,11,30,275,3.6,8,12.200000000000001
2022,11,23,12,30,384,3.8000000000000003,7,14.200000000000001
2022,11,23,13,30,502,4.1000000000000005,8,15.9
2022,11,23,14,30,403,4.3,8,16.900000000000002
2022,11,23,15,30,339,4.2,0,17
2022,11,23,16,30,171,3.2,0,15.4
2022,11,23,17,30,21,2.2,0,12.4
2022,11,23,18,30,0,2.4000000000000004,0,10.600000000000001
2022,11,23,19,30,0,3,0,10
2022,11,23,20,30,0,3.4000000000000004,0,9.3
2022,11,23,21,30,0,3.5,0,8.8
2022,11,23,22,30,0,3.6,0,8.8
2022,11,23,23,30,0,3.6,8,8.9
2022,11,24,0,30,0,3.5,0,9
2022,11,24,1,30,0,3.4000000000000004,0,9
2022,11,24,2,30,0,3,8,8.8
2022,11,24,3,30,0,2.6,8,8.4
2022,11,24,4,30,0,2.1,0,7.9
2022,11,24,5,30,0,1.7000000000000002,0,7.2
2022,11,24,6,30,0,1.6,0,6.7
2022,11,24,7,30,13,2.1,0,6.7
2022,11,24,8,30,41,3.1,3,7.5
2022,11,24,9,30,155,3.9000000000000004,3,9
2022,11,24,10,30,340,4.4,3,11
2022,11,24,11,30,607,4.6000000000000005,0,13
2022,11,24,12,30,615,4.6000000000000005,0,14.4
2022,11,24,13,30,609,4.6000000000000005,0,15
2022,11,24,14,30,458,4.6000000000000005,0,14.8
2022,11,24,15,30,257,4.7,0,14.200000000000001
2022,11,24,16,30,30,4.3,5,12.8
2022,11,24,17,30,11,4,5,11.200000000000001
2022,11,24,18,30,0,4.3,5,10.200000000000001
2022,11,24,19,30,0,4.9,0,9.700000000000001
2022,11,24,20,30,0,5.5,0,9.3
2022,11,24,21,30,0,6.1000000000000005,7,9
2022,11,24,22,30,0,6.5,8,8.6
2022,11,24,23,30,0,6.5,7,7.9
2022,11,25,0,30,0,6.300000000000001,7,7
2022,11,25,1,30,0,5.9,7,6.2
2022,11,25,2,30,0,5.6000000000000005,7,5.5
2022,11,25,3,30,0,5.4,7,5.1000000000000005
2022,11,25,4,30,0,5.300000000000001,8,4.9
2022,11,25,5,30,0,5.300000000000001,6,4.9
2022,11,25,6,30,0,5.4,7,4.800000000000001
2022,11,25,7,30,2,5.9,6,4.9
2022,11,25,8,30,109,6.4,8,5
2022,11,25,9,30,58,6.2,7,5
2022,11,25,10,30,52,6,8,5.2
2022,11,25,11,30,79,6,4,5.800000000000001
2022,11,25,12,30,113,5.800000000000001,4,6.1000000000000005
2022,11,25,13,30,103,5.4,4,6.1000000000000005
2022,11,25,14,30,103,5,4,5.9
2022,11,25,15,30,89,4.6000000000000005,7,5.4
2022,11,25,16,30,94,4.1000000000000005,7,4.6000000000000005
2022,11,25,17,30,4,3.5,7,3.9000000000000004
2022,11,25,18,30,0,3.2,8,3.2
2022,11,25,19,30,0,3.2,7,2.7
2022,11,25,20,30,0,3,7,2.6
2022,11,25,21,30,0,2.8000000000000003,0,2.5
2022,11,25,22,30,0,2.7,0,2.4000000000000004
2022,11,25,23,30,0,2.5,8,2.3000000000000003
2022,11,26,0,30,0,2.2,7,2.4000000000000004
2022,11,26,1,30,0,2,7,2.5
2022,11,26,2,30,0,1.5,6,2.5
2022,11,26,3,30,0,1.3,6,2.4000000000000004
2022,11,26,4,30,0,1.5,7,2.4000000000000004
2022,11,26,5,30,0,1.8,0,2.3000000000000003
2022,11,26,6,30,0,2.1,4,2.3000000000000003
2022,11,26,7,30,4,2.8000000000000003,8,2.5
2022,11,26,8,30,38,3.8000000000000003,4,3.3000000000000003
2022,11,26,9,30,70,4.9,4,4.800000000000001
2022,11,26,10,30,448,5.6000000000000005,0,6.5
2022,11,26,11,30,266,5.9,7,8
2022,11,26,12,30,205,5.800000000000001,8,9.1
2022,11,26,13,30,235,5.800000000000001,8,10.100000000000001
2022,11,26,14,30,427,5.9,0,11.100000000000001
2022,11,26,15,30,327,5.4,0,11.600000000000001
2022,11,26,16,30,190,3.5,0,10.100000000000001
2022,11,26,17,30,21,2.3000000000000003,0,7.5
2022,11,26,18,30,0,2.8000000000000003,0,6.5
2022,11,26,19,30,0,3.4000000000000004,0,6.300000000000001
2022,11,26,20,30,0,3.8000000000000003,0,5.7
2022,11,26,21,30,0,3.8000000000000003,0,5.1000000000000005
2022,11,26,22,30,0,3.7,0,4.4
2022,11,26,23,30,0,3.3000000000000003,0,3.6
2022,11,27,0,30,0,3,0,2.9000000000000004
2022,11,27,1,30,0,2.8000000000000003,0,2.4000000000000004
2022,11,27,2,30,0,2.5,0,2
2022,11,27,3,30,0,2.3000000000000003,0,1.5
2022,11,27,4,30,0,2,0,1.2000000000000002
2022,11,27,5,30,0,1.9000000000000001,0,0.9
2022,11,27,6,30,0,1.8,0,0.8
2022,11,27,7,30,11,2.4000000000000004,0,2.1
2022,11,27,8,30,170,3.1,0,4.9
2022,11,27,9,30,337,3.3000000000000003,0,7.800000000000001
2022,11,27,10,30,507,2.9000000000000004,0,10.700000000000001
2022,11,27,11,30,607,1.9000000000000001,0,12.8
2022,11,27,12,30,647,1.2000000000000002,0,14.200000000000001
2022,11,27,13,30,617,1.6,0,15.100000000000001
2022,11,27,14,30,525,2.4000000000000004,0,15.5
2022,11,27,15,30,378,2.8000000000000003,0,15
2022,11,27,16,30,193,2,0,12.8
2022,11,27,17,30,21,1.2000000000000002,0,10.100000000000001
2022,11,27,18,30,0,1.1,0,9.3
2022,11,27,19,30,0,1,0,9
2022,11,27,20,30,0,1.1,0,7.800000000000001
2022,11,27,21,30,0,1.3,0,6.300000000000001
2022,11,27,22,30,0,1.4000000000000001,0,5.1000000000000005
2022,11,27,23,30,0,1.5,0,4.3
2022,11,28,0,30,0,1.8,0,4
2022,11,28,1,30,0,2.1,0,3.7
2022,11,28,2,30,0,2.4000000000000004,0,3.5
2022,11,28,3,30,0,2.5,0,3.1
2022,11,28,4,30,0,2.6,0,2.5
2022,11,28,5,30,0,2.8000000000000003,0,2.1
2022,11,28,6,30,0,3.1,0,1.8
2022,11,28,7,30,11,3.8000000000000003,0,2.4000000000000004
2022,11,28,8,30,163,4.3,0,4.5
2022,11,28,9,30,310,4.3,3,7.9
2022,11,28,10,30,526,4.800000000000001,0,12.100000000000001
2022,11,28,11,30,629,5.6000000000000005,0,16
2022,11,28,12,30,628,6,0,18.8
2022,11,28,13,30,584,6.300000000000001,0,20.6
2022,11,28,14,30,538,5.9,0,21.200000000000003
2022,11,28,15,30,384,4.5,0,20.200000000000003
2022,11,28,16,30,196,3.1,0,17.1
2022,11,28,17,30,21,2.9000000000000004,0,13.700000000000001
2022,11,28,18,30,0,3.4000000000000004,0,12.200000000000001
2022,11,28,19,30,0,3.9000000000000004,8,11.600000000000001
2022,11,28,20,30,0,4.2,0,10.9
2022,11,28,21,30,0,4.4,0,10.4
2022,11,28,22,30,0,4.6000000000000005,0,9.9
2022,11,28,23,30,0,4.800000000000001,0,9.4
2022,11,29,0,30,0,4.7,0,8.8
2022,11,29,1,30,0,4.5,0,8.1
2022,11,29,2,30,0,4.4,0,7.6000000000000005
2022,11,29,3,30,0,4.3,0,7.2
2022,11,29,4,30,0,4.2,0,7
2022,11,29,5,30,0,4.1000000000000005,0,6.9
2022,11,29,6,30,0,4.1000000000000005,0,6.800000000000001
2022,11,29,7,30,8,4.5,0,7.6000000000000005
2022,11,29,8,30,163,4.9,0,9.9
2022,11,29,9,30,349,5,0,13.4
2022,11,29,10,30,504,5.9,0,17.5
2022,11,29,11,30,607,7,0,20.700000000000003
2022,11,29,12,30,646,7.300000000000001,0,22.200000000000003
2022,11,29,13,30,621,7.300000000000001,0,22.8
2022,11,29,14,30,525,6.9,0,22.8
2022,11,29,15,30,376,5.800000000000001,0,22
2022,11,29,16,30,191,3.9000000000000004,0,19
2022,11,29,17,30,20,2.7,0,15.200000000000001
2022,11,29,18,30,0,2.5,0,13.200000000000001
2022,11,29,19,30,0,2.7,0,12.200000000000001
2022,11,29,20,30,0,3.8000000000000003,0,11.3
2022,11,29,21,30,0,5.800000000000001,0,9.200000000000001
2022,11,29,22,30,0,6.7,0,5.9
2022,11,29,23,30,0,6.2,0,2.9000000000000004
2022,11,30,0,30,0,5.6000000000000005,0,1.1
2022,11,30,1,30,0,5.1000000000000005,0,-0.1
2022,11,30,2,30,0,4.7,0,-1.1
2022,11,30,3,30,0,4.4,0,-1.8
2022,11,30,4,30,0,3.9000000000000004,0,-2.3000000000000003
2022,11,30,5,30,0,3.2,0,-2.8000000000000003
2022,11,30,6,30,0,2.7,0,-3.2
2022,11,30,7,30,8,2.8000000000000003,0,-3
2022,11,30,8,30,164,3.3000000000000003,0,-1.6
2022,11,30,9,30,349,3.4000000000000004,0,0.5
2022,11,30,10,30,468,3.4000000000000004,0,2.8000000000000003
2022,11,30,11,30,551,3.4000000000000004,0,5
2022,11,30,12,30,616,3.5,0,6.6000000000000005
2022,11,30,13,30,583,3.5,0,7.7
2022,11,30,14,30,417,3.6,8,8.200000000000001
2022,11,30,15,30,299,3.6,3,8
2022,11,30,16,30,162,3,0,6.800000000000001
2022,11,30,17,30,12,2.1,5,5.1000000000000005
2022,11,30,18,30,0,2.1,0,4.1000000000000005
2022,11,30,19,30,0,2.4000000000000004,7,3.7
2022,11,30,20,30,0,2.5,0,3.2
2022,11,30,21,30,0,2.5,0,2.9000000000000004
2022,11,30,22,30,0,2.5,0,2.5
2022,11,30,23,30,0,2.5,0,2.3000000000000003
2022,12,1,0,30,0,2.5,8,2
2022,12,1,1,30,0,2.3000000000000003,7,1.8
2022,12,1,2,30,0,2,7,1.7000000000000002
2022,12,1,3,30,0,1.9000000000000001,7,1.6
2022,12,1,4,30,0,1.9000000000000001,7,1.6
2022,12,1,5,30,0,2,7,1.5
2022,12,1,6,30,0,2.3000000000000003,7,1.6
2022,12,1,7,30,3,2.8000000000000003,8,2
2022,12,1,8,30,90,3.6,8,3.6
2022,12,1,9,30,318,4.6000000000000005,0,6.2
2022,12,1,10,30,477,5.300000000000001,0,9.1
2022,12,1,11,30,576,5.4,0,11.600000000000001
2022,12,1,12,30,615,5.5,0,13.600000000000001
2022,12,1,13,30,590,5.4,0,15
2022,12,1,14,30,502,5.300000000000001,0,15.700000000000001
2022,12,1,15,30,361,4.9,0,15.700000000000001
2022,12,1,16,30,182,3.4000000000000004,0,13.600000000000001
2022,12,1,17,30,19,2.2,0,10.600000000000001
2022,12,1,18,30,0,2.6,0,9.200000000000001
2022,12,1,19,30,0,3.1,0,8.6
2022,12,1,20,30,0,3.5,0,7.9
2022,12,1,21,30,0,3.9000000000000004,0,7.2
2022,12,1,22,30,0,4,0,6.6000000000000005
2022,12,1,23,30,0,4,0,6.300000000000001
2022,12,2,0,30,0,4.1000000000000005,0,6.4
2022,12,2,1,30,0,4,7,6.6000000000000005
2022,12,2,2,30,0,4,0,6.800000000000001
2022,12,2,3,30,0,4.1000000000000005,7,7.1000000000000005
2022,12,2,4,30,0,4.1000000000000005,7,7.2
2022,12,2,5,30,0,4,7,7.300000000000001
2022,12,2,6,30,0,4.1000000000000005,7,7.2
2022,12,2,7,30,4,4.5,7,7.4
2022,12,2,8,30,80,5.1000000000000005,7,8.9
2022,12,2,9,30,232,5.4,7,12.100000000000001
2022,12,2,10,30,357,5.6000000000000005,8,16.3
2022,12,2,11,30,537,6.2,0,20.400000000000002
2022,12,2,12,30,636,7.1000000000000005,0,23.400000000000002
2022,12,2,13,30,580,7.4,0,25
2022,12,2,14,30,506,7,0,25.3
2022,12,2,15,30,370,5.800000000000001,0,24.5
2022,12,2,16,30,188,4,0,21.400000000000002
2022,12,2,17,30,20,3,0,17.8
2022,12,2,18,30,0,2.8000000000000003,7,15.9
2022,12,2,19,30,0,2.6,0,14.9
2022,12,2,20,30,0,2.3000000000000003,0,13.9
2022,12,2,21,30,0,2,7,12.9
2022,12,2,22,30,0,1.7000000000000002,7,12.100000000000001
2022,12,2,23,30,0,1.6,7,11.5
2022,12,3,0,30,0,2.2,7,10.9
2022,12,3,1,30,0,4.1000000000000005,8,9.9
2022,12,3,2,30,0,6.2,0,7.9
2022,12,3,3,30,0,6.7,0,5.4
2022,12,3,4,30,0,6.1000000000000005,0,3.9000000000000004
2022,12,3,5,30,0,5.5,7,3.2
2022,12,3,6,30,0,5,7,2.7
2022,12,3,7,30,6,4.9,0,2.8000000000000003
2022,12,3,8,30,145,5.300000000000001,0,4
2022,12,3,9,30,331,5.5,0,5.9
2022,12,3,10,30,481,5,0,7.800000000000001
2022,12,3,11,30,581,4.4,0,9.600000000000001
2022,12,3,12,30,619,3.8000000000000003,0,11
2022,12,3,13,30,591,3.4000000000000004,0,11.9
2022,12,3,14,30,495,3.1,0,12.200000000000001
2022,12,3,15,30,357,2.9000000000000004,0,11.9
2022,12,3,16,30,166,2.1,0,10.4
2022,12,3,17,30,13,1.4000000000000001,8,8
2022,12,3,18,30,0,1.3,7,6.7
2022,12,3,19,30,0,1.4000000000000001,7,6.6000000000000005
2022,12,3,20,30,0,1.5,7,6.7
2022,12,3,21,30,0,1.5,8,6.300000000000001
2022,12,3,22,30,0,1.3,7,5.7
2022,12,3,23,30,0,1.1,5,5.1000000000000005
2022,12,4,0,30,0,0.8,8,4.6000000000000005
2022,12,4,1,30,0,0.7000000000000001,8,4.3
2022,12,4,2,30,0,0.7000000000000001,5,4.2
2022,12,4,3,30,0,0.7000000000000001,8,4
2022,12,4,4,30,0,0.7000000000000001,8,3.8000000000000003
2022,12,4,5,30,0,0.8,4,3.7
2022,12,4,6,30,0,1,8,3.6
2022,12,4,7,30,2,1.7000000000000002,8,4.5
2022,12,4,8,30,108,2.6,8,6.5
2022,12,4,9,30,231,3.1,8,9.5
2022,12,4,10,30,353,3.7,8,12.9
2022,12,4,11,30,478,3.9000000000000004,0,15.600000000000001
2022,12,4,12,30,536,3.8000000000000003,0,17.5
2022,12,4,13,30,566,3.6,0,18.900000000000002
2022,12,4,14,30,432,3.3000000000000003,0,19.5
2022,12,4,15,30,296,2.8000000000000003,8,19.200000000000003
2022,12,4,16,30,157,1.8,8,16.900000000000002
2022,12,4,17,30,11,1.3,7,14
2022,12,4,18,30,0,1.4000000000000001,7,12.700000000000001
2022,12,4,19,30,0,1.5,7,12.200000000000001
2022,12,4,20,30,0,1.8,7,11.9
2022,12,4,21,30,0,2.2,7,12
2022,12,4,22,30,0,2.7,8,12.100000000000001
2022,12,4,23,30,0,3.2,8,11.9
2022,12,5,0,30,0,3.7,0,11.600000000000001
2022,12,5,1,30,0,4.1000000000000005,7,11.4
2022,12,5,2,30,0,4.1000000000000005,6,11.4
2022,12,5,3,30,0,4,7,11.5
2022,12,5,4,30,0,3.9000000000000004,7,11.600000000000001
2022,12,5,5,30,0,3.9000000000000004,7,11.8
2022,12,5,6,30,0,3.8000000000000003,8,12
2022,12,5,7,30,1,4,5,12.4
2022,12,5,8,30,78,4.3,8,13.600000000000001
2022,12,5,9,30,315,4.6000000000000005,0,15.9
2022,12,5,10,30,466,5.1000000000000005,0,19
2022,12,5,11,30,565,5.5,0,21.700000000000003
2022,12,5,12,30,603,5.5,0,23.3
2022,12,5,13,30,528,5.2,0,23.900000000000002
2022,12,5,14,30,480,4.800000000000001,0,24
2022,12,5,15,30,331,4.3,0,23.5
2022,12,5,16,30,174,3.6,0,21.900000000000002
2022,12,5,17,30,18,3,0,19.900000000000002
2022,12,5,18,30,0,2.9000000000000004,0,18.8
2022,12,5,19,30,0,3.3000000000000003,0,18.5
2022,12,5,20,30,0,3.5,8,18.2
2022,12,5,21,30,0,3.5,0,17.7
2022,12,5,22,30,0,3.3000000000000003,8,17.2
2022,12,5,23,30,0,3,0,16.6
2022,12,6,0,30,0,2.8000000000000003,0,15.9
2022,12,6,1,30,0,2.6,0,15.100000000000001
2022,12,6,2,30,0,2.6,0,14.5
2022,12,6,3,30,0,2.8000000000000003,8,14.100000000000001
2022,12,6,4,30,0,3,8,14
2022,12,6,5,30,0,3,5,13.9
2022,12,6,6,30,0,2.8000000000000003,7,13.8
2022,12,6,7,30,1,2.8000000000000003,7,14.100000000000001
2022,12,6,8,30,29,3,7,15.3
2022,12,6,9,30,62,3.1,7,17.2
2022,12,6,10,30,84,3.1,7,20
2022,12,6,11,30,37,3.4000000000000004,7,22.6
2022,12,6,12,30,96,3.6,7,23.900000000000002
2022,12,6,13,30,84,3.7,8,24.1
2022,12,6,14,30,180,3.5,7,23.5
2022,12,6,15,30,121,2.8000000000000003,7,22
2022,12,6,16,30,65,2.3000000000000003,7,20
2022,12,6,17,30,7,2.5,7,18.5
2022,12,6,18,30,0,2.8000000000000003,7,17.8
2022,12,6,19,30,0,3,7,17.400000000000002
2022,12,6,20,30,0,3.1,7,17.1
2022,12,6,21,30,0,3.4000000000000004,8,16.900000000000002
2022,12,6,22,30,0,3.6,7,16.6
2022,12,6,23,30,0,3.9000000000000004,7,16.400000000000002
2022,12,7,0,30,0,4.2,7,16.3
2022,12,7,1,30,0,4,8,16.2
2022,12,7,2,30,0,3.4000000000000004,8,15.8
2022,12,7,3,30,0,2.6,7,15.5
2022,12,7,4,30,0,2,7,15.200000000000001
2022,12,7,5,30,0,1.7000000000000002,4,15.100000000000001
2022,12,7,6,30,0,1.5,4,15
2022,12,7,7,30,0,1.6,4,15.200000000000001
2022,12,7,8,30,16,2.1,5,15.9
2022,12,7,9,30,121,2.6,8,17
2022,12,7,10,30,171,3,8,18.6
2022,12,7,11,30,305,3.4000000000000004,8,20.200000000000003
2022,12,7,12,30,306,3.5,8,21.400000000000002
2022,12,7,13,30,481,3.3000000000000003,0,22
2022,12,7,14,30,289,2.9000000000000004,7,22
2022,12,7,15,30,173,2.1,8,21.5
2022,12,7,16,30,91,1.2000000000000002,8,20.1
2022,12,7,17,30,7,0.9,5,18.400000000000002
2022,12,7,18,30,0,0.9,8,17.400000000000002
2022,12,7,19,30,0,0.9,4,16.7
2022,12,7,20,30,0,0.9,5,16.2
2022,12,7,21,30,0,0.9,4,15.600000000000001
2022,12,7,22,30,0,1,4,15
2022,12,7,23,30,0,1.1,4,14.600000000000001
2022,12,8,0,30,0,1.2000000000000002,4,14.4
2022,12,8,1,30,0,1.4000000000000001,8,14.4
2022,12,8,2,30,0,1.5,4,14.4
2022,12,8,3,30,0,1.5,4,14.3
2022,12,8,4,30,0,1.4000000000000001,3,14.100000000000001
2022,12,8,5,30,0,1.4000000000000001,3,13.8
2022,12,8,6,30,0,1.4000000000000001,5,13.600000000000001
2022,12,8,7,30,1,1.9000000000000001,3,13.9
2022,12,8,8,30,62,2.6,3,15.200000000000001
2022,12,8,9,30,109,2.9000000000000004,3,17.3
2022,12,8,10,30,314,3.2,0,19.8
2022,12,8,11,30,364,3.4000000000000004,3,22
2022,12,8,12,30,596,3.5,0,23.3
2022,12,8,13,30,575,3.5,0,24
2022,12,8,14,30,491,3.3000000000000003,0,24
2022,12,8,15,30,355,2.4000000000000004,0,23.1
2022,12,8,16,30,181,1.3,0,21
2022,12,8,17,30,20,0.8,0,19.1
2022,12,8,18,30,0,0.7000000000000001,0,18.1
2022,12,8,19,30,0,0.8,0,17
2022,12,8,20,30,0,1,0,15.600000000000001
2022,12,8,21,30,0,1,0,14.5
2022,12,8,22,30,0,1,0,13.600000000000001
2022,12,8,23,30,0,0.9,0,12.9
2022,12,9,0,30,0,0.8,0,12.4
2022,12,9,1,30,0,0.7000000000000001,0,12.100000000000001
2022,12,9,2,30,0,0.6000000000000001,8,11.9
2022,12,9,3,30,0,0.7000000000000001,0,11.8
2022,12,9,4,30,0,1,7,11.5
2022,12,9,5,30,0,1.5,8,11.100000000000001
2022,12,9,6,30,0,1.8,7,10.700000000000001
2022,12,9,7,30,1,2.3000000000000003,7,10.600000000000001
2022,12,9,8,30,24,2.6,8,11.100000000000001
2022,12,9,9,30,45,2.6,4,12.200000000000001
2022,12,9,10,30,54,2.4000000000000004,8,13.5
2022,12,9,11,30,27,2.4000000000000004,8,14.8
2022,12,9,12,30,95,2.4000000000000004,8,16.1
2022,12,9,13,30,75,2.4000000000000004,8,17.400000000000002
2022,12,9,14,30,145,2.6,7,18.400000000000002
2022,12,9,15,30,96,2.4000000000000004,8,18.5
2022,12,9,16,30,107,1.7000000000000002,8,17.5
2022,12,9,17,30,9,1.4000000000000001,7,16.3
2022,12,9,18,30,0,1.8,7,15.8
2022,12,9,19,30,0,2.4000000000000004,7,15.600000000000001
2022,12,9,20,30,0,2.6,7,15.3
2022,12,9,21,30,0,2.5,7,15
2022,12,9,22,30,0,2.4000000000000004,7,14.700000000000001
2022,12,9,23,30,0,2.1,7,14.5
2022,12,10,0,30,0,1.7000000000000002,7,14.100000000000001
2022,12,10,1,30,0,1.3,7,13.700000000000001
2022,12,10,2,30,0,1.1,7,13.3
2022,12,10,3,30,0,0.9,7,12.9
2022,12,10,4,30,0,0.8,7,12.700000000000001
2022,12,10,5,30,0,0.8,7,12.700000000000001
2022,12,10,6,30,0,0.6000000000000001,8,12.700000000000001
2022,12,10,7,30,0,0.6000000000000001,5,13.100000000000001
2022,12,10,8,30,33,0.9,5,14
2022,12,10,9,30,30,1.2000000000000002,8,15.5
2022,12,10,10,30,88,1.4000000000000001,5,17.7
2022,12,10,11,30,100,1.7000000000000002,8,19.5
2022,12,10,12,30,218,2,5,20.400000000000002
2022,12,10,13,30,236,2.4000000000000004,7,20.400000000000002
2022,12,10,14,30,229,2.8000000000000003,8,19.8
2022,12,10,15,30,198,3,8,18.7
2022,12,10,16,30,58,3,8,16.900000000000002
2022,12,10,17,30,4,3,5,14.8
2022,12,10,18,30,0,3.2,4,13.100000000000001
2022,12,10,19,30,0,3.1,0,11.600000000000001
2022,12,10,20,30,0,2.7,0,10.4
2022,12,10,21,30,0,2.2,0,9.4
2022,12,10,22,30,0,1.9000000000000001,0,8.5
2022,12,10,23,30,0,1.8,0,7.9
2022,12,11,0,30,0,1.7000000000000002,0,7.300000000000001
2022,12,11,1,30,0,1.5,0,6.800000000000001
2022,12,11,2,30,0,1.3,0,6.5
2022,12,11,3,30,0,1.3,0,6.5
2022,12,11,4,30,0,1.2000000000000002,0,6.300000000000001
2022,12,11,5,30,0,1.1,0,6.2
2022,12,11,6,30,0,0.9,0,6.300000000000001
2022,12,11,7,30,2,0.9,0,7
2022,12,11,8,30,127,0.9,0,8.700000000000001
2022,12,11,9,30,278,1,0,11.5
2022,12,11,10,30,285,1.9000000000000001,0,14.8
2022,12,11,11,30,394,3,0,17.5
2022,12,11,12,30,394,3.5,0,19.200000000000003
2022,12,11,13,30,372,3.7,0,20.1
2022,12,11,14,30,335,3.7,0,20.400000000000002
2022,12,11,15,30,297,3.3000000000000003,0,19.900000000000002
2022,12,11,16,30,178,2.2,0,17.7
2022,12,11,17,30,19,1.4000000000000001,0,14.8
2022,12,11,18,30,0,1.5,0,13.200000000000001
2022,12,11,19,30,0,1.8,0,12.5
2022,12,11,20,30,0,2.2,0,12
2022,12,11,21,30,0,2.8000000000000003,0,11.8
2022,12,11,22,30,0,3.3000000000000003,0,11.600000000000001
2022,12,11,23,30,0,3.5,0,11.4
2022,12,12,0,30,0,3.5,0,11.200000000000001
2022,12,12,1,30,0,3.4000000000000004,0,11.3
2022,12,12,2,30,0,3.2,0,11.3
2022,12,12,3,30,0,3.1,0,11.5
2022,12,12,4,30,0,3.7,0,12.100000000000001
2022,12,12,5,30,0,4.2,0,12.700000000000001
2022,12,12,6,30,0,4.5,0,13.100000000000001
2022,12,12,7,30,0,5.1000000000000005,0,13.600000000000001
2022,12,12,8,30,118,6.1000000000000005,0,14.600000000000001
2022,12,12,9,30,296,7.300000000000001,0,16.3
2022,12,12,10,30,463,7.9,0,18.5
2022,12,12,11,30,574,8,0,20.6
2022,12,12,12,30,621,7.800000000000001,0,22.1
2022,12,12,13,30,601,7.300000000000001,0,22.900000000000002
2022,12,12,14,30,515,6.6000000000000005,0,23.1
2022,12,12,15,30,373,5.300000000000001,0,22.3
2022,12,12,16,30,191,3.6,0,19.3
2022,12,12,17,30,21,3,0,16
2022,12,12,18,30,0,3.5,0,14.700000000000001
2022,12,12,19,30,0,3.9000000000000004,0,14
2022,12,12,20,30,0,3.6,0,13
2022,12,12,21,30,0,3,0,12.100000000000001
2022,12,12,22,30,0,2.7,0,11.3
2022,12,12,23,30,0,2.6,3,10.5
2022,12,13,0,30,0,2.6,3,9.600000000000001
2022,12,13,1,30,0,2.7,0,8.9
2022,12,13,2,30,0,2.8000000000000003,0,8.200000000000001
2022,12,13,3,30,0,2.8000000000000003,0,7.5
2022,12,13,4,30,0,2.7,0,6.9
2022,12,13,5,30,0,2.7,0,6.6000000000000005
2022,12,13,6,30,0,2.8000000000000003,0,6.300000000000001
2022,12,13,7,30,0,3.3000000000000003,0,6.9
2022,12,13,8,30,126,4.2,0,8.8
2022,12,13,9,30,309,5.5,0,11.600000000000001
2022,12,13,10,30,466,6.800000000000001,0,13.8
2022,12,13,11,30,574,7.5,0,15.100000000000001
2022,12,13,12,30,620,8.1,0,15.8
2022,12,13,13,30,600,8.3,0,16
2022,12,13,14,30,518,8.1,0,15.700000000000001
2022,12,13,15,30,377,7.300000000000001,0,15.100000000000001
2022,12,13,16,30,197,5.5,0,13.200000000000001
2022,12,13,17,30,23,3.7,0,10.4
2022,12,13,18,30,0,3.2,0,8.6
2022,12,13,19,30,0,3.2,0,7.7
2022,12,13,20,30,0,3.2,0,6.800000000000001
2022,12,13,21,30,0,3.5,0,6.300000000000001
2022,12,13,22,30,0,3.8000000000000003,0,6
2022,12,13,23,30,0,3.7,0,5.6000000000000005
2022,12,14,0,30,0,3.4000000000000004,4,5
2022,12,14,1,30,0,3.3000000000000003,4,4.5
2022,12,14,2,30,0,3.4000000000000004,4,4.1000000000000005
2022,12,14,3,30,0,3.3000000000000003,4,3.4000000000000004
2022,12,14,4,30,0,3.1,8,2.5
2022,12,14,5,30,0,3.1,0,1.7000000000000002
2022,12,14,6,30,0,3.4000000000000004,0,1.4000000000000001
2022,12,14,7,30,0,4,0,1.9000000000000001
2022,12,14,8,30,129,4.800000000000001,0,4
2022,12,14,9,30,316,5.800000000000001,0,7
2022,12,14,10,30,471,6.800000000000001,0,9.200000000000001
2022,12,14,11,30,580,7,0,10.4
2022,12,14,12,30,629,6.9,0,11.4
2022,12,14,13,30,607,6.5,0,12
2022,12,14,14,30,520,6,0,12.3
2022,12,14,15,30,378,4.9,0,12
2022,12,14,16,30,197,3,0,9.700000000000001
2022,12,14,17,30,23,1.5,0,6.9
2022,12,14,18,30,0,1.2000000000000002,0,6.1000000000000005
2022,12,14,19,30,0,0.9,0,6.1000000000000005
2022,12,14,20,30,0,0.9,0,5.6000000000000005
2022,12,14,21,30,0,1.1,0,4.5
2022,12,14,22,30,0,1.3,0,3.2
2022,12,14,23,30,0,1.5,0,2.2
2022,12,15,0,30,0,1.7000000000000002,0,1.5
2022,12,15,1,30,0,1.8,0,0.9
2022,12,15,2,30,0,1.8,0,0.30000000000000004
2022,12,15,3,30,0,1.7000000000000002,0,-0.30000000000000004
2022,12,15,4,30,0,1.5,0,-0.9
2022,12,15,5,30,0,1.4000000000000001,0,-1.5
2022,12,15,6,30,0,1.3,0,-1.9000000000000001
2022,12,15,7,30,0,1.5,0,-1
2022,12,15,8,30,128,2,0,1.6
2022,12,15,9,30,315,2,0,4.9
2022,12,15,10,30,471,1.8,0,8.6
2022,12,15,11,30,579,2.4000000000000004,0,11.600000000000001
2022,12,15,12,30,624,3.2,0,13.200000000000001
2022,12,15,13,30,602,3.5,0,13.8
2022,12,15,14,30,515,3.5,0,13.8
2022,12,15,15,30,374,2.9000000000000004,0,13.200000000000001
2022,12,15,16,30,195,1.8,0,10.700000000000001
2022,12,15,17,30,23,1.1,0,8.3
2022,12,15,18,30,0,0.9,0,7.800000000000001
2022,12,15,19,30,0,0.7000000000000001,0,7.5
2022,12,15,20,30,0,0.7000000000000001,0,6.6000000000000005
2022,12,15,21,30,0,1,0,5.2
2022,12,15,22,30,0,1.3,0,3.7
2022,12,15,23,30,0,1.4000000000000001,0,2.2
2022,12,16,0,30,0,1.4000000000000001,0,1.1
2022,12,16,1,30,0,1.3,0,0.30000000000000004
2022,12,16,2,30,0,1.2000000000000002,0,-0.30000000000000004
2022,12,16,3,30,0,1.1,0,-0.7000000000000001
2022,12,16,4,30,0,1,0,-1.2000000000000002
2022,12,16,5,30,0,1,8,-1.7000000000000002
2022,12,16,6,30,0,1.5,0,-2.3000000000000003
2022,12,16,7,30,0,2.4000000000000004,0,-2.1
2022,12,16,8,30,122,3.1,0,-0.5
2022,12,16,9,30,309,3.2,0,2
2022,12,16,10,30,467,3,0,4.5
2022,12,16,11,30,574,3,0,6.6000000000000005
2022,12,16,12,30,548,3.2,0,8.200000000000001
2022,12,16,13,30,561,3.5,0,9
2022,12,16,14,30,420,3.6,8,9.1
2022,12,16,15,30,160,3.2,8,8.700000000000001
2022,12,16,16,30,161,2.1,8,6.6000000000000005
2022,12,16,17,30,16,1.2000000000000002,8,3.9000000000000004
2022,12,16,18,30,0,1.2000000000000002,7,2.6
2022,12,16,19,30,0,1.2000000000000002,8,1.6
2022,12,16,20,30,0,1.2000000000000002,7,0.7000000000000001
2022,12,16,21,30,0,1.2000000000000002,7,-0.2
2022,12,16,22,30,0,1.2000000000000002,5,-0.8
2022,12,16,23,30,0,1.2000000000000002,8,-1.1
2022,12,17,0,30,0,1,0,-1.1
2022,12,17,1,30,0,0.8,0,-1
2022,12,17,2,30,0,0.8,0,-1.2000000000000002
2022,12,17,3,30,0,0.9,0,-1.7000000000000002
2022,12,17,4,30,0,1.1,0,-2.4000000000000004
2022,12,17,5,30,0,1.1,0,-2.9000000000000004
2022,12,17,6,30,0,1.2000000000000002,0,-3.3000000000000003
2022,12,17,7,30,0,1.2000000000000002,0,-2.5
2022,12,17,8,30,128,1.7000000000000002,0,-0.1
2022,12,17,9,30,319,2,0,3.3000000000000003
2022,12,17,10,30,481,2.1,0,6.6000000000000005
2022,12,17,11,30,591,2.5,0,8.8
2022,12,17,12,30,633,2.9000000000000004,0,10.3
2022,12,17,13,30,612,3.1,0,11.3
2022,12,17,14,30,527,3.2,0,11.700000000000001
2022,12,17,15,30,385,2.7,0,11.200000000000001
2022,12,17,16,30,204,1.8,0,8.5
2022,12,17,17,30,28,1.4000000000000001,0,5.1000000000000005
2022,12,17,18,30,0,1.5,0,3.6
2022,12,17,19,30,0,1.7000000000000002,0,2.9000000000000004
2022,12,17,20,30,0,1.9000000000000001,0,2.2
2022,12,17,21,30,0,2.2,0,1.7000000000000002
2022,12,17,22,30,0,2.3000000000000003,0,1.2000000000000002
2022,12,17,23,30,0,2.3000000000000003,0,0.7000000000000001
2022,12,18,0,30,0,2.2,0,0.5
2022,12,18,1,30,0,2.2,0,0.5
2022,12,18,2,30,0,2.1,0,0.1
2022,12,18,3,30,0,2,8,-0.6000000000000001
2022,12,18,4,30,0,1.9000000000000001,8,-1.1
2022,12,18,5,30,0,2.1,7,-1.3
2022,12,18,6,30,0,2.4000000000000004,0,-1.2000000000000002
2022,12,18,7,30,0,3.1,0,0
2022,12,18,8,30,69,3.9000000000000004,8,2.1
2022,12,18,9,30,192,4.9,7,4.7
2022,12,18,10,30,385,6.1000000000000005,0,6.9
2022,12,18,11,30,469,6.4,8,8.4
2022,12,18,12,30,454,6.4,8,9.5
2022,12,18,13,30,334,6.2,7,10.5
2022,12,18,14,30,416,5.9,8,11.200000000000001
2022,12,18,15,30,244,5.300000000000001,0,11.4
2022,12,18,16,30,119,4.1000000000000005,8,10.100000000000001
2022,12,18,17,30,22,3.6,0,8.4
2022,12,18,18,30,0,3.9000000000000004,0,7.5
2022,12,18,19,30,0,3.9000000000000004,8,6.5
2022,12,18,20,30,0,3.7,8,5.300000000000001
2022,12,18,21,30,0,3.6,8,4.2
2022,12,18,22,30,0,3.6,0,3.4000000000000004
2022,12,18,23,30,0,3.7,0,2.7
2022,12,19,0,30,0,3.8000000000000003,0,2.3000000000000003
2022,12,19,1,30,0,4,0,2.1
2022,12,19,2,30,0,4,0,2
2022,12,19,3,30,0,3.8000000000000003,0,2
2022,12,19,4,30,0,3.5,0,1.7000000000000002
2022,12,19,5,30,0,3.4000000000000004,0,1.4000000000000001
2022,12,19,6,30,0,3.4000000000000004,0,1.3
2022,12,19,7,30,0,3.8000000000000003,0,1.8
2022,12,19,8,30,113,4,0,3.8000000000000003
2022,12,19,9,30,219,3.7,0,7.2
2022,12,19,10,30,452,4,0,11.4
2022,12,19,11,30,560,4.6000000000000005,0,15.100000000000001
2022,12,19,12,30,607,5,0,17.3
2022,12,19,13,30,591,5.1000000000000005,0,18.1
2022,12,19,14,30,508,5,0,18.1
2022,12,19,15,30,371,4.3,0,17.1
2022,12,19,16,30,195,2.7,0,13.700000000000001
2022,12,19,17,30,27,1.9000000000000001,0,9.8
2022,12,19,18,30,0,1.8,0,8
2022,12,19,19,30,0,1.8,0,6.800000000000001
2022,12,19,20,30,0,1.7000000000000002,0,5.7
2022,12,19,21,30,0,1.9000000000000001,0,4.7
2022,12,19,22,30,0,2.3000000000000003,0,3.8000000000000003
2022,12,19,23,30,0,2.6,0,3
2022,12,20,0,30,0,2.9000000000000004,0,2.2
2022,12,20,1,30,0,3,0,1.6
2022,12,20,2,30,0,3,0,1
2022,12,20,3,30,0,2.8000000000000003,0,0.2
2022,12,20,4,30,0,2.5,0,-0.5
2022,12,20,5,30,0,2.3000000000000003,0,-1.2000000000000002
2022,12,20,6,30,0,2.2,0,-1.8
2022,12,20,7,30,0,2.6,0,-1.4000000000000001
2022,12,20,8,30,116,3.3000000000000003,0,0.6000000000000001
2022,12,20,9,30,300,3.6,0,3
2022,12,20,10,30,395,3.7,0,5.1000000000000005
2022,12,20,11,30,156,3.4000000000000004,4,6.9
2022,12,20,12,30,140,3,4,8.4
2022,12,20,13,30,179,2.6,4,9.3
2022,12,20,14,30,159,2.3000000000000003,4,9.700000000000001
2022,12,20,15,30,185,2.3000000000000003,4,9.3
2022,12,20,16,30,84,1.8,4,7.300000000000001
2022,12,20,17,30,14,1.4000000000000001,8,4.4
2022,12,20,18,30,0,1.7000000000000002,7,3.1
2022,12,20,19,30,0,2.1,7,2.8000000000000003
2022,12,20,20,30,0,2.2,7,2.5
2022,12,20,21,30,0,2.1,8,2
2022,12,20,22,30,0,2,8,1.5
2022,12,20,23,30,0,2.2,7,1.2000000000000002
2022,12,21,0,30,0,2.6,7,1.3
2022,12,21,1,30,0,2.8000000000000003,8,1.4000000000000001
2022,12,21,2,30,0,2.5,7,1.3
2022,12,21,3,30,0,2.4000000000000004,7,1.5
2022,12,21,4,30,0,2.7,7,1.7000000000000002
2022,12,21,5,30,0,2.8000000000000003,7,1.9000000000000001
2022,12,21,6,30,0,2.6,7,2.1
2022,12,21,7,30,0,2.3000000000000003,7,2.5
2022,12,21,8,30,28,2.6,7,3.1
2022,12,21,9,30,10,3.5,8,4
2022,12,21,10,30,39,4.2,7,5.2
2022,12,21,11,30,53,4.6000000000000005,8,7
2022,12,21,12,30,313,4.800000000000001,7,9.3
2022,12,21,13,30,465,4.9,7,11.600000000000001
2022,12,21,14,30,520,4.9,0,13.200000000000001
2022,12,21,15,30,385,4.3,0,13.5
2022,12,21,16,30,205,2.8000000000000003,0,10.9
2022,12,21,17,30,30,2.1,0,7.6000000000000005
2022,12,21,18,30,0,2.5,0,6.5
2022,12,21,19,30,0,3,0,6.300000000000001
2022,12,21,20,30,0,3.4000000000000004,0,6
2022,12,21,21,30,0,3.7,0,5.5
2022,12,21,22,30,0,3.8000000000000003,0,4.9
2022,12,21,23,30,0,3.9000000000000004,0,4.3
2022,12,22,0,30,0,3.9000000000000004,0,3.7
2022,12,22,1,30,0,3.6,0,2.9000000000000004
2022,12,22,2,30,0,3.1,0,2
2022,12,22,3,30,0,2.7,0,1.1
2022,12,22,4,30,0,2.4000000000000004,0,0.2
2022,12,22,5,30,0,2.2,0,-0.7000000000000001
2022,12,22,6,30,0,3,0,-1.6
2022,12,22,7,30,0,5.1000000000000005,0,-2.6
2022,12,22,8,30,68,7,0,-3.7
2022,12,22,9,30,185,7.800000000000001,7,-4.9
2022,12,22,10,30,255,7.9,7,-5.6000000000000005
2022,12,22,11,30,348,7.7,7,-5.7
2022,12,22,12,30,418,7.5,7,-5.300000000000001
2022,12,22,13,30,472,7.5,8,-4.9
2022,12,22,14,30,526,7.4,0,-4.7
2022,12,22,15,30,387,7.2,0,-5.1000000000000005
2022,12,22,16,30,207,6.800000000000001,0,-6.1000000000000005
2022,12,22,17,30,31,6.4,0,-7.5
2022,12,22,18,30,0,6.4,0,-8.6
2022,12,22,19,30,0,6.5,0,-9.5
2022,12,22,20,30,0,6.6000000000000005,0,-10.100000000000001
2022,12,22,21,30,0,6.6000000000000005,0,-10.600000000000001
2022,12,22,22,30,0,6.4,0,-10.9
2022,12,22,23,30,0,6.1000000000000005,0,-11.100000000000001
2022,12,23,0,30,0,5.6000000000000005,0,-11.100000000000001
2022,12,23,1,30,0,5.1000000000000005,0,-11
2022,12,23,2,30,0,4.800000000000001,0,-10.8
2022,12,23,3,30,0,4.6000000000000005,7,-10.4
2022,12,23,4,30,0,4.5,8,-10
2022,12,23,5,30,0,4.4,7,-9.600000000000001
2022,12,23,6,30,0,4.2,7,-9.3
2022,12,23,7,30,0,4.1000000000000005,7,-8.9
2022,12,23,8,30,40,4.1000000000000005,7,-8.200000000000001
2022,12,23,9,30,206,3.9000000000000004,7,-7.300000000000001
2022,12,23,10,30,314,3.8000000000000003,7,-6.300000000000001
2022,12,23,11,30,423,3.6,7,-5.4
2022,12,23,12,30,480,3.4000000000000004,7,-4.800000000000001
2022,12,23,13,30,500,3.2,7,-4.4
2022,12,23,14,30,404,3.1,7,-4.3
2022,12,23,15,30,304,3.1,8,-4.3
2022,12,23,16,30,203,3,0,-4.5
2022,12,23,17,30,19,2.6,7,-5
2022,12,23,18,30,0,2.2,0,-5.2
2022,12,23,19,30,0,2.2,8,-5.2
2022,12,23,20,30,0,2.2,8,-5.1000000000000005
2022,12,23,21,30,0,2.3000000000000003,7,-5
2022,12,23,22,30,0,2.3000000000000003,7,-5
2022,12,23,23,30,0,2.2,8,-5.1000000000000005
2022,12,24,0,30,0,2,8,-5.300000000000001
2022,12,24,1,30,0,1.8,0,-5.5
2022,12,24,2,30,0,1.5,8,-5.800000000000001
2022,12,24,3,30,0,1.2000000000000002,4,-6.1000000000000005
2022,12,24,4,30,0,1,0,-6.5
2022,12,24,5,30,0,1,0,-7
2022,12,24,6,30,0,0.9,0,-7.300000000000001
2022,12,24,7,30,0,1.5,0,-6.9
2022,12,24,8,30,109,2.5,0,-5.300000000000001
2022,12,24,9,30,294,2.9000000000000004,0,-3.1
2022,12,24,10,30,454,3,0,-1
2022,12,24,11,30,565,3,0,0.7000000000000001
2022,12,24,12,30,617,2.8000000000000003,0,1.9000000000000001
2022,12,24,13,30,602,2.5,0,2.7
2022,12,24,14,30,521,2.1,0,3.1
2022,12,24,15,30,385,1.7000000000000002,0,2.8000000000000003
2022,12,24,16,30,208,1.2000000000000002,0,0.9
2022,12,24,17,30,32,1.1,0,-1.3
2022,12,24,18,30,0,1.2000000000000002,0,-2.1
2022,12,24,19,30,0,1.2000000000000002,0,-2.4000000000000004
2022,12,24,20,30,0,1.3,0,-2.5
2022,12,24,21,30,0,1.4000000000000001,0,-2.6
2022,12,24,22,30,0,1.5,0,-2.6
2022,12,24,23,30,0,1.6,0,-2.7
2022,12,25,0,30,0,1.7000000000000002,0,-2.7
2022,12,25,1,30,0,1.8,0,-2.8000000000000003
2022,12,25,2,30,0,2,0,-2.9000000000000004
2022,12,25,3,30,0,2.2,0,-3
2022,12,25,4,30,0,2.3000000000000003,0,-3.2
2022,12,25,5,30,0,2.1,0,-3.4000000000000004
2022,12,25,6,30,0,1.8,0,-3.8000000000000003
2022,12,25,7,30,0,1.9000000000000001,0,-3.3000000000000003
2022,12,25,8,30,110,2.4000000000000004,0,-1.3
2022,12,25,9,30,296,2.4000000000000004,0,1.7000000000000002
2022,12,25,10,30,458,2.2,0,5.2
2022,12,25,11,30,570,2.2,0,7.7
2022,12,25,12,30,619,2.4000000000000004,0,9.200000000000001
2022,12,25,13,30,510,2.6,8,10.100000000000001
2022,12,25,14,30,420,2.5,7,10.100000000000001
2022,12,25,15,30,296,2,7,8
2022,12,25,16,30,198,1.8,0,4.4
2022,12,25,17,30,31,2.1,0,1.8
2022,12,25,18,30,0,2.3000000000000003,0,0.8
2022,12,25,19,30,0,2.6,7,0.6000000000000001
2022,12,25,20,30,0,3,7,0.7000000000000001
2022,12,25,21,30,0,3.4000000000000004,7,0.7000000000000001
2022,12,25,22,30,0,3.9000000000000004,0,0.5
2022,12,25,23,30,0,4.2,0,0.2
2022,12,26,0,30,0,4.2,0,-0.30000000000000004
2022,12,26,1,30,0,4,0,-0.8
2022,12,26,2,30,0,3.5,0,-1.2000000000000002
2022,12,26,3,30,0,2.8000000000000003,0,-1.7000000000000002
2022,12,26,4,30,0,2.4000000000000004,0,-1.9000000000000001
2022,12,26,5,30,0,2.3000000000000003,0,-1.9000000000000001
2022,12,26,6,30,0,2.5,0,-1.7000000000000002
2022,12,26,7,30,0,3.4000000000000004,0,-0.7000000000000001
2022,12,26,8,30,105,4.2,0,1.6
2022,12,26,9,30,286,4.7,0,4.9
2022,12,26,10,30,445,5.9,0,8.6
2022,12,26,11,30,531,6.9,0,11.3
2022,12,26,12,30,505,6.5,8,12.5
2022,12,26,13,30,590,5.4,0,13.100000000000001
2022,12,26,14,30,514,4.4,0,13.100000000000001
2022,12,26,15,30,381,2.9000000000000004,0,12
2022,12,26,16,30,207,1.8,0,8.4
2022,12,26,17,30,36,1.7000000000000002,0,5.1000000000000005
2022,12,26,18,30,0,1.7000000000000002,0,3.9000000000000004
2022,12,26,19,30,0,1.7000000000000002,0,3.3000000000000003
2022,12,26,20,30,0,1.6,0,2.7
2022,12,26,21,30,0,1.4000000000000001,7,2.1
2022,12,26,22,30,0,1.2000000000000002,7,1.5
2022,12,26,23,30,0,1.2000000000000002,0,0.7000000000000001
2022,12,27,0,30,0,1.2000000000000002,0,-0.4
2022,12,27,1,30,0,1.4000000000000001,0,-1.3
2022,12,27,2,30,0,1.7000000000000002,0,-1.5
2022,12,27,3,30,0,1.8,0,-1.5
2022,12,27,4,30,0,1.9000000000000001,0,-1.5
2022,12,27,5,30,0,2,0,-1.4000000000000001
2022,12,27,6,30,0,2.2,0,-1.3
2022,12,27,7,30,0,2.9000000000000004,0,0
2022,12,27,8,30,105,3.8000000000000003,0,2.7
2022,12,27,9,30,255,4.2,0,6.1000000000000005
2022,12,27,10,30,303,5.6000000000000005,7,10
2022,12,27,11,30,414,7,7,13.200000000000001
2022,12,27,12,30,519,7.2,8,15
2022,12,27,13,30,449,7,7,16.1
2022,12,27,14,30,472,6.6000000000000005,0,16.7
2022,12,27,15,30,358,5.6000000000000005,8,16.400000000000002
2022,12,27,16,30,208,4,0,13.5
2022,12,27,17,30,36,3.5,0,10.3
2022,12,27,18,30,0,4.3,0,9.3
2022,12,27,19,30,0,5,0,8.700000000000001
2022,12,27,20,30,0,5.300000000000001,7,7.800000000000001
2022,12,27,21,30,0,5.4,7,7.1000000000000005
2022,12,27,22,30,0,5.4,7,6.4
2022,12,27,23,30,0,5.300000000000001,7,5.800000000000001
2022,12,28,0,30,0,5.2,0,5.4
2022,12,28,1,30,0,5.1000000000000005,0,5.1000000000000005
2022,12,28,2,30,0,5,0,4.800000000000001
2022,12,28,3,30,0,4.9,0,4.4
2022,12,28,4,30,0,4.9,0,4
2022,12,28,5,30,0,5,7,3.6
2022,12,28,6,30,0,5.1000000000000005,7,3.4000000000000004
2022,12,28,7,30,0,5.4,7,3.8000000000000003
2022,12,28,8,30,43,5.7,6,5.800000000000001
2022,12,28,9,30,178,5.6000000000000005,7,9.600000000000001
2022,12,28,10,30,251,5.7,6,14.3
2022,12,28,11,30,310,6.4,6,18.8
2022,12,28,12,30,374,7,6,21.700000000000003
2022,12,28,13,30,449,7,7,23
2022,12,28,14,30,338,6.6000000000000005,7,23.1
2022,12,28,15,30,227,5.1000000000000005,6,21.900000000000002
2022,12,28,16,30,90,3.3000000000000003,6,18.1
2022,12,28,17,30,23,2.6,7,14.4
2022,12,28,18,30,0,2.7,6,13.200000000000001
2022,12,28,19,30,0,3.2,6,12.9
2022,12,28,20,30,0,3.6,7,12.5
2022,12,28,21,30,0,3.5,8,11.5
2022,12,28,22,30,0,3.3000000000000003,5,10.600000000000001
2022,12,28,23,30,0,3.3000000000000003,7,10.200000000000001
2022,12,29,0,30,0,3.5,6,10.5
2022,12,29,1,30,0,3.5,7,10.8
2022,12,29,2,30,0,3.4000000000000004,6,10.600000000000001
2022,12,29,3,30,0,3.2,7,10.3
2022,12,29,4,30,0,2.9000000000000004,6,9.9
2022,12,29,5,30,0,2.6,7,9.4
2022,12,29,6,30,0,2.4000000000000004,6,8.9
2022,12,29,7,30,0,2.5,7,9.1
2022,12,29,8,30,49,3.2,7,10.5
2022,12,29,9,30,164,3.6,7,12.3
2022,12,29,10,30,276,3.7,7,14.100000000000001
2022,12,29,11,30,386,3.8000000000000003,7,15.5
2022,12,29,12,30,443,3.7,7,16.5
2022,12,29,13,30,466,3.3000000000000003,7,17.2
2022,12,29,14,30,403,2.8000000000000003,7,17.6
2022,12,29,15,30,331,1.7000000000000002,8,17.1
2022,12,29,16,30,145,1,7,15.3
2022,12,29,17,30,26,1,7,13.200000000000001
2022,12,29,18,30,0,1.1,7,11.8
2022,12,29,19,30,0,1.1,7,10.8
2022,12,29,20,30,0,1.2000000000000002,7,9.8
2022,12,29,21,30,0,1.2000000000000002,7,8.700000000000001
2022,12,29,22,30,0,1.2000000000000002,7,7.9
2022,12,29,23,30,0,1.1,0,7.800000000000001
2022,12,30,0,30,0,0.9,0,7.7
2022,12,30,1,30,0,0.9,0,7.1000000000000005
2022,12,30,2,30,0,1.1,7,5.800000000000001
2022,12,30,3,30,0,1.2000000000000002,7,4.5
2022,12,30,4,30,0,1.3,7,3.2
2022,12,30,5,30,0,1.3,6,2.2
2022,12,30,6,30,0,1.2000000000000002,6,1.6
2022,12,30,7,30,0,1.2000000000000002,7,2.2
2022,12,30,8,30,54,1.3,7,4.1000000000000005
2022,12,30,9,30,175,1.2000000000000002,7,6.5
2022,12,30,10,30,201,1.6,7,9.1
2022,12,30,11,30,306,2.5,7,11.5
2022,12,30,12,30,498,3.3000000000000003,8,13.3
2022,12,30,13,30,486,3.6,0,14.5
2022,12,30,14,30,159,3.7,5,15.3
2022,12,30,15,30,123,3.1,5,15.200000000000001
2022,12,30,16,30,127,2.1,5,12.700000000000001
2022,12,30,17,30,39,1.5,0,9.4
2022,12,30,18,30,0,1.7000000000000002,0,8
2022,12,30,19,30,0,1.8,0,7.300000000000001
2022,12,30,20,30,0,2,0,6.7
2022,12,30,21,30,0,2.1,0,6.300000000000001
2022,12,30,22,30,0,2.3000000000000003,0,6
2022,12,30,23,30,0,2.5,0,5.7
2022,12,31,0,30,0,2.8000000000000003,0,5.6000000000000005
2022,12,31,1,30,0,3.1,0,5.4
2022,12,31,2,30,0,3.4000000000000004,0,5.1000000000000005
2022,12,31,3,30,0,3.7,0,4.9
2022,12,31,4,30,0,4,0,4.800000000000001
2022,12,31,5,30,0,4.2,7,4.800000000000001
2022,12,31,6,30,0,4.3,0,4.6000000000000005
2022,12,31,7,30,0,4.7,0,5.1000000000000005
2022,12,31,8,30,70,5,8,7.2
2022,12,31,9,30,186,5.4,7,10.8
2022,12,31,10,30,344,6.1000000000000005,7,14.700000000000001
2022,12,31,11,30,422,6.5,8,17.400000000000002
2022,12,31,12,30,486,6.4,0,19
2022,12,31,13,30,519,6.300000000000001,0,20.3
2022,12,31,14,30,343,6.2,7,21.200000000000003
2022,12,31,15,30,261,5.4,7,20.900000000000002
2022,12,31,16,30,171,3.8000000000000003,8,18.2
2022,12,31,17,30,30,2.9000000000000004,7,16
2022,12,31,18,30,0,1.6,4,13.4
2022,12,31,19,30,0,1.8,7,12.8
2022,12,31,20,30,0,1.8,7,12.5
2022,12,31,21,30,0,1.2000000000000002,7,12.100000000000001
2022,12,31,22,30,0,1,6,11.8
2022,12,31,23,30,0,1.9000000000000001,6,11.600000000000001
