Source,Location ID,City,State,Country,Latitude,Longitude,Time Zone,Elevation,Local Time Zone,Clearsky DHI Units,Clearsky DNI Units,Clearsky GHI Units,Dew Point Units,DHI Units,DNI Units,GHI Units,Solar Zenith Angle Units,Temperature Units,Pressure Units,Relative Humidity Units,Precipitable Water Units,Wind Direction Units,Wind Speed Units,Cloud Type -15,Cloud Type 0,Cloud Type 1,Cloud Type 2,Cloud Type 3,Cloud Type 4,Cloud Type 5,Cloud Type 6,Cloud Type 7,Cloud Type 8,Cloud Type 9,Cloud Type 10,Cloud Type 11,Cloud Type 12,Fill Flag 0,Fill Flag 1,Fill Flag 2,Fill Flag 3,Fill Flag 4,Fill Flag 5,Surface Albedo Units,Version
NSRDB,556771,-,-,-,31.13,-102.22,-6,758,-6,w/m2,w/m2,w/m2,c,w/m2,w/m2,w/m2,Degree,c,mbar,%,cm,Degrees,m/s,N/A,Clear,Probably Clear,Fog,Water,Super-Cooled Water,Mixed,Opaque Ice,Cirrus,Overlapping,Overshooting,Unknown,Dust,Smoke,N/A,Missing Image,Low Irradiance,Exceeds Clearsky,Missing CLoud Properties,Rayleigh Violation,N/A,4.0.1
Year,Month,Day,Hour,Minute,GHI,Wind Speed,Cloud Type,Temperature
2023,1,1,0,30,0,3.4000000000000004,7,10.3
2023,1,1,1,30,0,3.3000000000000003,7,10
2023,1,1,2,30,0,3,6,9.600000000000001
2023,1,1,3,30,0,2.7,7,9
2023,1,1,4,30,0,2.4000000000000004,7,8.6
2023,1,1,5,30,0,2.2,7,8.4
2023,1,1,6,30,0,2,6,8.4
2023,1,1,7,30,0,1.9000000000000001,8,9.200000000000001
2023,1,1,8,30,70,2.6,8,11.9
2023,1,1,9,30,218,3.1,8,15.200000000000001
2023,1,1,10,30,350,2.9000000000000004,8,18.6
2023,1,1,11,30,429,3.1,8,22
2023,1,1,12,30,488,3.6,8,24.200000000000003
2023,1,1,13,30,496,4.2,8,25.3
2023,1,1,14,30,440,4.7,8,25.6
2023,1,1,15,30,331,4.2,8,24.700000000000003
2023,1,1,16,30,210,2.9000000000000004,8,21.5
2023,1,1,17,30,40,2.4000000000000004,8,18
2023,1,1,18,30,0,2.6,7,16.2
2023,1,1,19,30,0,3,7,15.4
2023,1,1,20,30,0,3.7,7,14.700000000000001
2023,1,1,21,30,0,4.2,7,14
2023,1,1,22,30,0,4.4,7,13.3
2023,1,1,23,30,0,4.5,8,12.700000000000001
2023,1,2,0,30,0,4.3,0,12.100000000000001
2023,1,2,1,30,0,4.1000000000000005,0,11.5
2023,1,2,2,30,0,3.7,0,10.9
2023,1,2,3,30,0,3.3000000000000003,0,10.3
2023,1,2,4,30,0,2.9000000000000004,0,10
2023,1,2,5,30,0,2.7,7,10
2023,1,2,6,30,0,2.7,6,10.200000000000001
2023,1,2,7,30,0,2.7,6,11
2023,1,2,8,30,48,3.2,6,12.600000000000001
2023,1,2,9,30,139,3.7,8,14.9
2023,1,2,10,30,456,4.4,0,18.1
2023,1,2,11,30,577,5.4,0,21.3
2023,1,2,12,30,635,6,0,23
2023,1,2,13,30,625,6.300000000000001,0,23.3
2023,1,2,14,30,545,6.800000000000001,0,22.5
2023,1,2,15,30,413,7.4,0,20.5
2023,1,2,16,30,237,7.5,0,17.5
2023,1,2,17,30,57,6.6000000000000005,0,14.700000000000001
2023,1,2,18,30,0,5.6000000000000005,0,13.200000000000001
2023,1,2,19,30,0,5.1000000000000005,0,12.4
2023,1,2,20,30,0,4.800000000000001,0,11.9
2023,1,2,21,30,0,4.7,8,11.5
2023,1,2,22,30,0,4.6000000000000005,7,11.100000000000001
2023,1,2,23,30,0,4.4,8,10.3
2023,1,3,0,30,0,4.1000000000000005,0,9.1
2023,1,3,1,30,0,3.9000000000000004,7,7.9
2023,1,3,2,30,0,3.6,7,6.9
2023,1,3,3,30,0,3.5,7,6.300000000000001
2023,1,3,4,30,0,3.4000000000000004,0,6
2023,1,3,5,30,0,3.5,7,6.1000000000000005
2023,1,3,6,30,0,3.6,6,6.5
2023,1,3,7,30,0,3.6,9,7.2
2023,1,3,8,30,22,4,9,8.8
2023,1,3,9,30,79,5,9,11.200000000000001
2023,1,3,10,30,140,6.4,9,13.9
2023,1,3,11,30,189,7.300000000000001,7,15.5
2023,1,3,12,30,377,7.800000000000001,8,16.5
2023,1,3,13,30,293,7.9,6,17.1
2023,1,3,14,30,294,7.6000000000000005,6,17.2
2023,1,3,15,30,296,6.800000000000001,7,16.8
2023,1,3,16,30,237,5.1000000000000005,0,15.100000000000001
2023,1,3,17,30,57,3.5,0,12.4
2023,1,3,18,30,0,3.2,0,10.700000000000001
2023,1,3,19,30,0,3.5,3,10
2023,1,3,20,30,0,3.8000000000000003,0,9.4
2023,1,3,21,30,0,3.9000000000000004,0,8.8
2023,1,3,22,30,0,3.8000000000000003,0,8
2023,1,3,23,30,0,3.8000000000000003,0,7.300000000000001
2023,1,4,0,30,0,4,0,6.800000000000001
2023,1,4,1,30,0,4.1000000000000005,8,6.300000000000001
2023,1,4,2,30,0,4.2,0,5.9
2023,1,4,3,30,0,4.4,0,5.6000000000000005
2023,1,4,4,30,0,4.5,0,5.7
2023,1,4,5,30,0,4.3,0,6
2023,1,4,6,30,0,3.9000000000000004,7,6.1000000000000005
2023,1,4,7,30,0,3.8000000000000003,7,6.6000000000000005
2023,1,4,8,30,48,4.5,7,8.6
2023,1,4,9,30,231,5.6000000000000005,7,11.600000000000001
2023,1,4,10,30,468,6.4,0,14.3
2023,1,4,11,30,591,6.4,0,16.2
2023,1,4,12,30,651,6,0,17.400000000000002
2023,1,4,13,30,645,5.7,0,18.2
2023,1,4,14,30,570,5.300000000000001,0,18.7
2023,1,4,15,30,435,4.4,0,18.400000000000002
2023,1,4,16,30,257,2.8000000000000003,0,15.600000000000001
2023,1,4,17,30,67,1.9000000000000001,0,12
2023,1,4,18,30,0,2,0,10.4
2023,1,4,19,30,0,2.4000000000000004,0,9.8
2023,1,4,20,30,0,2.9000000000000004,0,9.3
2023,1,4,21,30,0,3.2,0,8.6
2023,1,4,22,30,0,3.1,0,7.6000000000000005
2023,1,4,23,30,0,2.9000000000000004,0,6.5
2023,1,5,0,30,0,2.7,0,5.5
2023,1,5,1,30,0,2.4000000000000004,0,4.6000000000000005
2023,1,5,2,30,0,2.1,0,3.7
2023,1,5,3,30,0,1.8,0,3
2023,1,5,4,30,0,1.8,0,2.4000000000000004
2023,1,5,5,30,0,1.7000000000000002,0,1.9000000000000001
2023,1,5,6,30,0,1.6,0,1.4000000000000001
2023,1,5,7,30,0,1.9000000000000001,0,2.1
2023,1,5,8,30,93,2.2,0,4.3
2023,1,5,9,30,249,1.6,0,7.300000000000001
2023,1,5,10,30,459,0.9,0,10.8
2023,1,5,11,30,580,1.3,0,14.3
2023,1,5,12,30,640,2.2,0,17.2
2023,1,5,13,30,634,2.7,0,19
2023,1,5,14,30,560,2.8000000000000003,0,20
2023,1,5,15,30,427,2.3000000000000003,0,19.700000000000003
2023,1,5,16,30,253,1.6,0,17.1
2023,1,5,17,30,67,1.8,0,13.600000000000001
2023,1,5,18,30,0,2.3000000000000003,0,11.8
2023,1,5,19,30,0,2.8000000000000003,0,11
2023,1,5,20,30,0,3.1,0,10.4
2023,1,5,21,30,0,3.3000000000000003,0,9.700000000000001
2023,1,5,22,30,0,3.4000000000000004,0,9.1
2023,1,5,23,30,0,3.4000000000000004,0,8.700000000000001
2023,1,6,0,30,0,3.5,0,8.3
2023,1,6,1,30,0,3.5,0,8
2023,1,6,2,30,0,3.5,0,7.7
2023,1,6,3,30,0,3.5,0,7.5
2023,1,6,4,30,0,3.4000000000000004,0,7.300000000000001
2023,1,6,5,30,0,3.3000000000000003,0,7.2
2023,1,6,6,30,0,3.3000000000000003,0,7.1000000000000005
2023,1,6,7,30,0,3.6,8,8.1
2023,1,6,8,30,65,4.3,8,10.700000000000001
2023,1,6,9,30,193,4.5,3,14.200000000000001
2023,1,6,10,30,455,4.800000000000001,0,18.1
2023,1,6,11,30,577,5.4,0,21.8
2023,1,6,12,30,637,5.5,0,24.6
2023,1,6,13,30,628,5.1000000000000005,0,26.200000000000003
2023,1,6,14,30,481,4.3,3,26.900000000000002
2023,1,6,15,30,426,2.7,0,25.700000000000003
2023,1,6,16,30,250,1.4000000000000001,0,22.200000000000003
2023,1,6,17,30,64,1.3,0,19
2023,1,6,18,30,0,1.4000000000000001,7,17.3
2023,1,6,19,30,0,1.4000000000000001,7,16
2023,1,6,20,30,0,1.3,7,14.700000000000001
2023,1,6,21,30,0,1.2000000000000002,0,13.5
2023,1,6,22,30,0,1.1,0,12.4
2023,1,6,23,30,0,1,0,11.100000000000001
2023,1,7,0,30,0,1.1,0,9.5
2023,1,7,1,30,0,1.4000000000000001,0,7.800000000000001
2023,1,7,2,30,0,2.1,0,6.800000000000001
2023,1,7,3,30,0,2.9000000000000004,5,6.300000000000001
2023,1,7,4,30,0,3.3000000000000003,0,5.6000000000000005
2023,1,7,5,30,0,3.2,3,4.800000000000001
2023,1,7,6,30,0,3,0,4.2
2023,1,7,7,30,0,3.3000000000000003,5,4.3
2023,1,7,8,30,62,3.4000000000000004,5,5.800000000000001
2023,1,7,9,30,289,3,0,8.6
2023,1,7,10,30,358,2.6,8,11.9
2023,1,7,11,30,398,2.2,8,14.700000000000001
2023,1,7,12,30,444,1.9000000000000001,8,16.5
2023,1,7,13,30,570,1.9000000000000001,0,17.6
2023,1,7,14,30,561,2.2,0,18.1
2023,1,7,15,30,424,2.4000000000000004,0,17.7
2023,1,7,16,30,188,1.8,3,15.3
2023,1,7,17,30,54,1.4000000000000001,8,12.100000000000001
2023,1,7,18,30,0,1.5,0,10.5
2023,1,7,19,30,0,1.6,8,9.8
2023,1,7,20,30,0,1.4000000000000001,8,9.5
2023,1,7,21,30,0,1.3,7,9.5
2023,1,7,22,30,0,1.3,6,9.1
2023,1,7,23,30,0,1.3,8,8.3
2023,1,8,0,30,0,1.1,0,7.300000000000001
2023,1,8,1,30,0,0.8,0,6.2
2023,1,8,2,30,0,0.7000000000000001,0,5.300000000000001
2023,1,8,3,30,0,0.6000000000000001,0,4.800000000000001
2023,1,8,4,30,0,0.6000000000000001,0,4.5
2023,1,8,5,30,0,0.7000000000000001,0,4.2
2023,1,8,6,30,0,0.7000000000000001,0,3.8000000000000003
2023,1,8,7,30,0,0.8,0,4.2
2023,1,8,8,30,105,1.1,0,6.1000000000000005
2023,1,8,9,30,300,1,0,9.200000000000001
2023,1,8,10,30,471,0.7000000000000001,0,12.5
2023,1,8,11,30,594,0.6000000000000001,0,15.200000000000001
2023,1,8,12,30,656,0.8,0,17.400000000000002
2023,1,8,13,30,651,0.9,0,19
2023,1,8,14,30,578,1,0,19.900000000000002
2023,1,8,15,30,442,1,0,19.700000000000003
2023,1,8,16,30,254,1.1,0,17.5
2023,1,8,17,30,51,1.5,8,14.700000000000001
2023,1,8,18,30,0,2.2,7,13.4
2023,1,8,19,30,0,2.9000000000000004,7,13.100000000000001
2023,1,8,20,30,0,3.4000000000000004,7,12.5
2023,1,8,21,30,0,3.4000000000000004,8,11.600000000000001
2023,1,8,22,30,0,3.2,0,10.5
2023,1,8,23,30,0,3.1,0,9.600000000000001
2023,1,9,0,30,0,2.9000000000000004,0,8.9
2023,1,9,1,30,0,2.7,0,8.4
2023,1,9,2,30,0,2.6,0,8.3
2023,1,9,3,30,0,2.4000000000000004,8,8.200000000000001
2023,1,9,4,30,0,2.1,5,7.7
2023,1,9,5,30,0,1.9000000000000001,0,7.1000000000000005
2023,1,9,6,30,0,1.8,0,6.6000000000000005
2023,1,9,7,30,0,1.9000000000000001,0,7.4
2023,1,9,8,30,98,2.4000000000000004,0,10.100000000000001
2023,1,9,9,30,289,2.8000000000000003,0,13.5
2023,1,9,10,30,460,2.9000000000000004,0,16.900000000000002
2023,1,9,11,30,586,3.1,0,19.8
2023,1,9,12,30,649,3.3000000000000003,0,21.900000000000002
2023,1,9,13,30,645,3.4000000000000004,0,23.1
2023,1,9,14,30,576,3.3000000000000003,0,23.5
2023,1,9,15,30,445,2.4000000000000004,0,22.700000000000003
2023,1,9,16,30,268,1.3,0,20.200000000000003
2023,1,9,17,30,78,0.7000000000000001,0,18
2023,1,9,18,30,0,0.4,0,17.400000000000002
2023,1,9,19,30,0,0.5,0,16.8
2023,1,9,20,30,0,1.1,0,15.100000000000001
2023,1,9,21,30,0,1.5,0,12.700000000000001
2023,1,9,22,30,0,1.7000000000000002,0,11
2023,1,9,23,30,0,1.8,0,10.200000000000001
2023,1,10,0,30,0,1.9000000000000001,0,9.5
2023,1,10,1,30,0,1.9000000000000001,0,8.8
2023,1,10,2,30,0,1.8,0,8.200000000000001
2023,1,10,3,30,0,1.8,0,7.6000000000000005
2023,1,10,4,30,0,1.8,0,7.1000000000000005
2023,1,10,5,30,0,1.8,0,6.7
2023,1,10,6,30,0,1.9000000000000001,0,6.4
2023,1,10,7,30,0,2.1,0,7.7
2023,1,10,8,30,99,2.8000000000000003,0,11.100000000000001
2023,1,10,9,30,291,3.2,0,15
2023,1,10,10,30,463,3.3000000000000003,0,18.900000000000002
2023,1,10,11,30,588,4,0,22.8
2023,1,10,12,30,653,4.5,0,25.5
2023,1,10,13,30,649,4.6000000000000005,0,26.700000000000003
2023,1,10,14,30,579,4.4,0,27
2023,1,10,15,30,448,3.3000000000000003,0,25.700000000000003
2023,1,10,16,30,273,2,0,22
2023,1,10,17,30,77,1.7000000000000002,0,17.900000000000002
2023,1,10,18,30,0,1.8,0,15.8
2023,1,10,19,30,0,1.9000000000000001,8,14.600000000000001
2023,1,10,20,30,0,1.9000000000000001,7,13.5
2023,1,10,21,30,0,2,7,12.600000000000001
2023,1,10,22,30,0,1.9000000000000001,7,12
2023,1,10,23,30,0,1.8,8,11.600000000000001
2023,1,11,0,30,0,1.7000000000000002,7,11.4
2023,1,11,1,30,0,1.6,6,11.200000000000001
2023,1,11,2,30,0,1.5,7,10.8
2023,1,11,3,30,0,1.7000000000000002,7,10
2023,1,11,4,30,0,1.8,0,9
2023,1,11,5,30,0,1.8,0,8.200000000000001
2023,1,11,6,30,0,2,0,7.800000000000001
2023,1,11,7,30,0,2.3000000000000003,0,9.1
2023,1,11,8,30,103,3.2,0,12.200000000000001
2023,1,11,9,30,299,3.8000000000000003,0,15.9
2023,1,11,10,30,303,4.6000000000000005,8,19.900000000000002
2023,1,11,11,30,303,6,6,23.6
2023,1,11,12,30,550,6.9,8,25.400000000000002
2023,1,11,13,30,633,7.300000000000001,0,25.900000000000002
2023,1,11,14,30,475,7.6000000000000005,8,25.8
2023,1,11,15,30,385,7.300000000000001,8,24.900000000000002
2023,1,11,16,30,211,6.6000000000000005,8,22.6
2023,1,11,17,30,62,5.7,8,19.5
2023,1,11,18,30,0,5.4,7,17.400000000000002
2023,1,11,19,30,0,5.4,7,16
2023,1,11,20,30,0,5.4,0,14.5
2023,1,11,21,30,0,5.2,0,12.9
2023,1,11,22,30,0,5.1000000000000005,0,11.600000000000001
2023,1,11,23,30,0,5,0,10.600000000000001
2023,1,12,0,30,0,4.9,0,9.9
2023,1,12,1,30,0,5,0,9.4
2023,1,12,2,30,0,5,8,8.700000000000001
2023,1,12,3,30,0,4.7,8,7.7
2023,1,12,4,30,0,4.3,0,6.7
2023,1,12,5,30,0,3.9000000000000004,7,5.7
2023,1,12,6,30,0,3.6,8,4.7
2023,1,12,7,30,0,3.8000000000000003,7,4.7
2023,1,12,8,30,69,4.800000000000001,7,6.2
2023,1,12,9,30,247,5.300000000000001,8,8.3
2023,1,12,10,30,341,5,8,10.4
2023,1,12,11,30,546,4.5,0,12.200000000000001
2023,1,12,12,30,631,4.1000000000000005,0,13.600000000000001
2023,1,12,13,30,640,3.9000000000000004,0,14.5
2023,1,12,14,30,570,3.7,0,14.9
2023,1,12,15,30,462,3.6,0,14.700000000000001
2023,1,12,16,30,283,2.6,0,12.8
2023,1,12,17,30,88,1.5,0,9.9
2023,1,12,18,30,0,1.4000000000000001,0,8.1
2023,1,12,19,30,0,1.3,0,7.6000000000000005
2023,1,12,20,30,0,1.2000000000000002,0,7.1000000000000005
2023,1,12,21,30,0,1,0,6.9
2023,1,12,22,30,0,0.7000000000000001,0,6.800000000000001
2023,1,12,23,30,0,0.5,0,6.800000000000001
2023,1,13,0,30,0,0.5,0,6.6000000000000005
2023,1,13,1,30,0,0.6000000000000001,0,6.300000000000001
2023,1,13,2,30,0,0.8,0,5.7
2023,1,13,3,30,0,1,0,4.9
2023,1,13,4,30,0,1.2000000000000002,0,4
2023,1,13,5,30,0,1.3,0,3.2
2023,1,13,6,30,0,1.4000000000000001,0,2.5
2023,1,13,7,30,0,1.4000000000000001,0,3.2
2023,1,13,8,30,106,2.1,0,6.1000000000000005
2023,1,13,9,30,303,2.8000000000000003,0,10
2023,1,13,10,30,479,3,0,13.3
2023,1,13,11,30,606,3.2,0,15.4
2023,1,13,12,30,672,3.3000000000000003,0,16.7
2023,1,13,13,30,669,3.4000000000000004,0,17.5
2023,1,13,14,30,595,3.5,0,17.8
2023,1,13,15,30,458,3.3000000000000003,0,17.400000000000002
2023,1,13,16,30,280,2.6,0,14.700000000000001
2023,1,13,17,30,86,2.3000000000000003,0,11.100000000000001
2023,1,13,18,30,0,3.1,0,9.4
2023,1,13,19,30,0,3.7,0,8.8
2023,1,13,20,30,0,3.8000000000000003,0,8.1
2023,1,13,21,30,0,3.9000000000000004,0,7.4
2023,1,13,22,30,0,3.9000000000000004,0,6.800000000000001
2023,1,13,23,30,0,3.8000000000000003,0,6.2
2023,1,14,0,30,0,3.4000000000000004,0,5.5
2023,1,14,1,30,0,3,7,4.9
2023,1,14,2,30,0,2.9000000000000004,0,4.5
2023,1,14,3,30,0,2.9000000000000004,7,4.2
2023,1,14,4,30,0,3,0,3.8000000000000003
2023,1,14,5,30,0,3,0,3.5
2023,1,14,6,30,0,3.2,0,3.2
2023,1,14,7,30,0,3.8000000000000003,0,3.9000000000000004
2023,1,14,8,30,100,4.5,0,6.1000000000000005
2023,1,14,9,30,270,4.7,0,9.5
2023,1,14,10,30,468,5.1000000000000005,0,13.600000000000001
2023,1,14,11,30,595,5.4,0,17.1
2023,1,14,12,30,660,5.6000000000000005,0,19.8
2023,1,14,13,30,658,5.7,0,21.700000000000003
2023,1,14,14,30,585,5.5,0,22.900000000000002
2023,1,14,15,30,454,4.7,0,22.700000000000003
2023,1,14,16,30,276,3.7,0,19.900000000000002
2023,1,14,17,30,85,3.9000000000000004,0,16.400000000000002
2023,1,14,18,30,0,4.800000000000001,0,14.5
2023,1,14,19,30,0,5.6000000000000005,0,13.3
2023,1,14,20,30,0,6,0,12
2023,1,14,21,30,0,6.2,0,10.8
2023,1,14,22,30,0,6.2,0,9.8
2023,1,14,23,30,0,5.9,0,9
2023,1,15,0,30,0,5.4,0,8.3
2023,1,15,1,30,0,4.5,0,7.7
2023,1,15,2,30,0,3.6,3,7.2
2023,1,15,3,30,0,2.9000000000000004,0,6.800000000000001
2023,1,15,4,30,0,2.6,8,6.7
2023,1,15,5,30,0,2.4000000000000004,7,6.6000000000000005
2023,1,15,6,30,0,2.4000000000000004,7,6.7
2023,1,15,7,30,0,2.7,9,7.9
2023,1,15,8,30,54,3.6,7,10.100000000000001
2023,1,15,9,30,128,4,8,12.4
2023,1,15,10,30,165,4,6,14.100000000000001
2023,1,15,11,30,202,4.1000000000000005,6,15.8
2023,1,15,12,30,156,4.7,6,18.900000000000002
2023,1,15,13,30,253,5.5,6,22
2023,1,15,14,30,326,4.9,6,22.700000000000003
2023,1,15,15,30,395,3.8000000000000003,8,22
2023,1,15,16,30,154,2.7,6,19.400000000000002
2023,1,15,17,30,37,2,6,16.3
2023,1,15,18,30,0,1.9000000000000001,6,15.100000000000001
2023,1,15,19,30,0,1.8,9,14.4
2023,1,15,20,30,0,1.8,9,13.3
2023,1,15,21,30,0,2.1,7,11.9
2023,1,15,22,30,0,2.3000000000000003,7,10.8
2023,1,15,23,30,0,2.4000000000000004,0,9.9
2023,1,16,0,30,0,2.5,8,9.4
2023,1,16,1,30,0,3,7,9.3
2023,1,16,2,30,0,3.6,7,9.5
2023,1,16,3,30,0,3.7,7,9.600000000000001
2023,1,16,4,30,0,3.7,4,9.8
2023,1,16,5,30,0,3.6,8,10.100000000000001
2023,1,16,6,30,0,3.1,4,9.700000000000001
2023,1,16,7,30,0,3.2,7,10.200000000000001
2023,1,16,8,30,41,3.9000000000000004,6,12.5
2023,1,16,9,30,96,4.7,6,16
2023,1,16,10,30,344,5.800000000000001,7,19.1
2023,1,16,11,30,550,6.5,0,20.700000000000003
2023,1,16,12,30,500,6.800000000000001,8,21.3
2023,1,16,13,30,522,7,8,21.6
2023,1,16,14,30,441,7,7,21.700000000000003
2023,1,16,15,30,266,6.7,7,21.200000000000003
2023,1,16,16,30,84,5.2,6,19.400000000000002
2023,1,16,17,30,38,3.2,6,16.3
2023,1,16,18,30,0,2.5,7,14.200000000000001
2023,1,16,19,30,0,2.5,8,13.5
2023,1,16,20,30,0,2.4000000000000004,8,12.8
2023,1,16,21,30,0,2.3000000000000003,8,12.200000000000001
2023,1,16,22,30,0,2.3000000000000003,0,11.5
2023,1,16,23,30,0,2.3000000000000003,8,10.8
2023,1,17,0,30,0,2.2,0,10.100000000000001
2023,1,17,1,30,0,2.1,0,9.700000000000001
2023,1,17,2,30,0,1.9000000000000001,0,9.4
2023,1,17,3,30,0,1.6,7,9.4
2023,1,17,4,30,0,1.5,8,9.5
2023,1,17,5,30,0,1.4000000000000001,8,9.8
2023,1,17,6,30,0,1.3,0,10
2023,1,17,7,30,0,1.4000000000000001,0,10.9
2023,1,17,8,30,66,2,8,13.100000000000001
2023,1,17,9,30,184,2.9000000000000004,8,15.8
2023,1,17,10,30,349,3.6,8,18.6
2023,1,17,11,30,402,4.3,8,21.1
2023,1,17,12,30,463,4.6000000000000005,8,22.5
2023,1,17,13,30,498,4.7,8,23.200000000000003
2023,1,17,14,30,448,4.7,7,23.400000000000002
2023,1,17,15,30,310,4,7,22.8
2023,1,17,16,30,209,2.4000000000000004,7,20.200000000000003
2023,1,17,17,30,41,1.4000000000000001,6,17.1
2023,1,17,18,30,0,1.4000000000000001,5,15.700000000000001
2023,1,17,19,30,0,1.4000000000000001,4,14.9
2023,1,17,20,30,0,1.4000000000000001,5,13.9
2023,1,17,21,30,0,1.7000000000000002,8,13.200000000000001
2023,1,17,22,30,0,2.8000000000000003,7,13
2023,1,17,23,30,0,4.1000000000000005,7,12.700000000000001
2023,1,18,0,30,0,4.6000000000000005,5,12.100000000000001
2023,1,18,1,30,0,4.6000000000000005,5,11.4
2023,1,18,2,30,0,4.2,5,10.5
2023,1,18,3,30,0,3.8000000000000003,5,9.200000000000001
2023,1,18,4,30,0,3.7,0,7.800000000000001
2023,1,18,5,30,0,3.7,0,6.9
2023,1,18,6,30,0,3.9000000000000004,0,6.4
2023,1,18,7,30,0,4.6000000000000005,0,7
2023,1,18,8,30,111,5.5,0,9.3
2023,1,18,9,30,312,6.7,0,12.100000000000001
2023,1,18,10,30,492,8,0,14
2023,1,18,11,30,622,8.8,0,15
2023,1,18,12,30,684,9.5,0,15.700000000000001
2023,1,18,13,30,682,9.9,0,15.9
2023,1,18,14,30,611,10,0,15.8
2023,1,18,15,30,478,9.700000000000001,0,15.100000000000001
2023,1,18,16,30,298,8.700000000000001,0,13.700000000000001
2023,1,18,17,30,101,7.1000000000000005,0,11.9
2023,1,18,18,30,0,6.1000000000000005,0,10.5
2023,1,18,19,30,0,5.800000000000001,0,9.600000000000001
2023,1,18,20,30,0,5.5,0,8.8
2023,1,18,21,30,0,5.1000000000000005,0,7.9
2023,1,18,22,30,0,4.6000000000000005,0,7
2023,1,18,23,30,0,4.4,0,6.2
2023,1,19,0,30,0,4.2,0,5.5
2023,1,19,1,30,0,3.9000000000000004,0,4.800000000000001
2023,1,19,2,30,0,3.5,0,4
2023,1,19,3,30,0,3.2,0,3.3000000000000003
2023,1,19,4,30,0,3.1,0,2.7
2023,1,19,5,30,0,2.9000000000000004,0,2.4000000000000004
2023,1,19,6,30,0,2.6,4,2.2
2023,1,19,7,30,0,2.7,4,2.6
2023,1,19,8,30,67,2.8000000000000003,8,4.1000000000000005
2023,1,19,9,30,288,2.2,0,6.6000000000000005
2023,1,19,10,30,461,1.5,0,10.100000000000001
2023,1,19,11,30,621,1.3,0,13
2023,1,19,12,30,687,1.7000000000000002,0,14.700000000000001
2023,1,19,13,30,674,1.9000000000000001,0,15.600000000000001
2023,1,19,14,30,617,1.8,0,16
2023,1,19,15,30,484,1.4000000000000001,0,16
2023,1,19,16,30,305,0.8,0,14.8
2023,1,19,17,30,91,0.8,8,12.600000000000001
2023,1,19,18,30,0,1.2000000000000002,8,10.600000000000001
2023,1,19,19,30,0,1.6,5,9.1
2023,1,19,20,30,0,2.1,5,8
2023,1,19,21,30,0,2.8000000000000003,0,7.4
2023,1,19,22,30,0,3.4000000000000004,0,6.9
2023,1,19,23,30,0,3.4000000000000004,0,6.2
2023,1,20,0,30,0,3,0,5.4
2023,1,20,1,30,0,2.6,8,4.800000000000001
2023,1,20,2,30,0,2.5,5,4.5
2023,1,20,3,30,0,2.4000000000000004,8,4.2
2023,1,20,4,30,0,2.4000000000000004,5,3.9000000000000004
2023,1,20,5,30,0,2.5,5,3.6
2023,1,20,6,30,0,2.6,0,3.4000000000000004
2023,1,20,7,30,0,3.4000000000000004,0,4.4
2023,1,20,8,30,104,4.3,0,6.9
2023,1,20,9,30,303,5.1000000000000005,0,10.4
2023,1,20,10,30,481,6,0,14
2023,1,20,11,30,612,6,0,16.7
2023,1,20,12,30,682,5.5,0,18.7
2023,1,20,13,30,685,5.1000000000000005,0,19.900000000000002
2023,1,20,14,30,616,4.9,0,20.5
2023,1,20,15,30,484,5,0,20.200000000000003
2023,1,20,16,30,304,4.5,0,18.1
2023,1,20,17,30,105,4.3,0,15
2023,1,20,18,30,0,4.9,0,13
2023,1,20,19,30,0,5.5,0,12
2023,1,20,20,30,0,5.7,0,10.9
2023,1,20,21,30,0,5.4,0,9.9
2023,1,20,22,30,0,4.4,0,8.700000000000001
2023,1,20,23,30,0,3.1,0,7.5
2023,1,21,0,30,0,2.2,0,6.5
2023,1,21,1,30,0,2,0,5.800000000000001
2023,1,21,2,30,0,2.1,0,5.1000000000000005
2023,1,21,3,30,0,2.1,0,4.2
2023,1,21,4,30,0,2.2,0,3.3000000000000003
2023,1,21,5,30,0,2.2,0,2.4000000000000004
2023,1,21,6,30,0,2.3000000000000003,0,1.6
2023,1,21,7,30,0,3,0,2.1
2023,1,21,8,30,116,3.8000000000000003,0,4.3
2023,1,21,9,30,322,4,0,7.5
2023,1,21,10,30,505,4.6000000000000005,0,10.9
2023,1,21,11,30,641,5,0,13
2023,1,21,12,30,710,5.300000000000001,0,14.100000000000001
2023,1,21,13,30,708,5.5,0,14.700000000000001
2023,1,21,14,30,638,5.5,0,14.8
2023,1,21,15,30,506,5.300000000000001,0,14.4
2023,1,21,16,30,323,3.8000000000000003,0,12.5
2023,1,21,17,30,117,2.2,0,9
2023,1,21,18,30,0,1.8,0,6.7
2023,1,21,19,30,0,1.7000000000000002,0,5.9
2023,1,21,20,30,0,1.7000000000000002,0,5.2
2023,1,21,21,30,0,1.8,0,4.4
2023,1,21,22,30,0,2,0,3.5
2023,1,21,23,30,0,2,0,2.4000000000000004
2023,1,22,0,30,0,1.6,0,1.2000000000000002
2023,1,22,1,30,0,1.3,0,0.2
2023,1,22,2,30,0,1,0,-0.30000000000000004
2023,1,22,3,30,0,0.8,0,-0.5
2023,1,22,4,30,0,0.8,0,-0.7000000000000001
2023,1,22,5,30,0,0.9,0,-1.2000000000000002
2023,1,22,6,30,0,1.1,0,-1.7000000000000002
2023,1,22,7,30,0,1.6,0,-0.8
2023,1,22,8,30,113,2.3000000000000003,0,2
2023,1,22,9,30,316,2.5,0,5.2
2023,1,22,10,30,500,2.7,0,8.200000000000001
2023,1,22,11,30,635,3.2,0,10.700000000000001
2023,1,22,12,30,705,3.5,0,12.5
2023,1,22,13,30,707,3.2,0,13.5
2023,1,22,14,30,637,2.7,0,14
2023,1,22,15,30,505,2.1,0,13.8
2023,1,22,16,30,323,1.3,0,12.100000000000001
2023,1,22,17,30,119,1.1,0,8.9
2023,1,22,18,30,0,1.5,0,6.4
2023,1,22,19,30,0,1.8,0,5.300000000000001
2023,1,22,20,30,0,2.3000000000000003,0,4.7
2023,1,22,21,30,0,2.8000000000000003,0,4.4
2023,1,22,22,30,0,3.4000000000000004,0,4.1000000000000005
2023,1,22,23,30,0,3.8000000000000003,0,3.5
2023,1,23,0,30,0,3.9000000000000004,0,2.8000000000000003
2023,1,23,1,30,0,4,0,2
2023,1,23,2,30,0,4.1000000000000005,0,1.5
2023,1,23,3,30,0,4.5,0,1.1
2023,1,23,4,30,0,4.9,0,0.8
2023,1,23,5,30,0,5.2,0,0.6000000000000001
2023,1,23,6,30,0,5.4,0,0.4
2023,1,23,7,30,0,5.9,0,1
2023,1,23,8,30,114,7.300000000000001,0,3.5
2023,1,23,9,30,317,9.3,0,6.9
2023,1,23,10,30,495,10.4,0,9.8
2023,1,23,11,30,627,10.5,0,12.100000000000001
2023,1,23,12,30,670,10.3,0,13.700000000000001
2023,1,23,13,30,645,10.100000000000001,0,14.700000000000001
2023,1,23,14,30,599,9.9,0,14.8
2023,1,23,15,30,469,9.600000000000001,0,14.100000000000001
2023,1,23,16,30,195,8.9,3,12.8
2023,1,23,17,30,91,8.3,0,11.100000000000001
2023,1,23,18,30,0,8.3,0,9.9
2023,1,23,19,30,0,8.6,0,9.3
2023,1,23,20,30,0,8.6,3,9
2023,1,23,21,30,0,8.3,3,8.8
2023,1,23,22,30,0,8,5,8.4
2023,1,23,23,30,0,7.6000000000000005,5,7.7
2023,1,24,0,30,0,7,5,6.9
2023,1,24,1,30,0,6.2,8,6.300000000000001
2023,1,24,2,30,0,5.6000000000000005,5,6
2023,1,24,3,30,0,5.1000000000000005,8,5.800000000000001
2023,1,24,4,30,0,4.4,8,5.9
2023,1,24,5,30,0,3.3000000000000003,8,6
2023,1,24,6,30,0,2.3000000000000003,0,6.1000000000000005
2023,1,24,7,30,0,2.6,4,6.300000000000001
2023,1,24,8,30,36,4.2,8,7
2023,1,24,9,30,136,6.7,8,8.3
2023,1,24,10,30,137,8.9,4,9.5
2023,1,24,11,30,189,9.9,4,10
2023,1,24,12,30,158,10,5,10
2023,1,24,13,30,215,9.8,5,9.700000000000001
2023,1,24,14,30,127,9.200000000000001,5,9.200000000000001
2023,1,24,15,30,158,8.3,4,8.8
2023,1,24,16,30,179,6.800000000000001,4,8.200000000000001
2023,1,24,17,30,69,4.7,4,6.5
2023,1,24,18,30,0,3,0,4.7
2023,1,24,19,30,0,2.1,4,3.5
2023,1,24,20,30,0,1.7000000000000002,0,2.6
2023,1,24,21,30,0,1.5,0,1.9000000000000001
2023,1,24,22,30,0,1.5,0,1.2000000000000002
2023,1,24,23,30,0,1.4000000000000001,0,0.6000000000000001
2023,1,25,0,30,0,1.3,0,0
2023,1,25,1,30,0,1.3,0,-0.6000000000000001
2023,1,25,2,30,0,1.3,0,-1
2023,1,25,3,30,0,1.5,0,-1.4000000000000001
2023,1,25,4,30,0,1.8,0,-1.7000000000000002
2023,1,25,5,30,0,2.2,0,-1.9000000000000001
2023,1,25,6,30,0,2.5,0,-2
2023,1,25,7,30,0,3.2,0,-0.9
2023,1,25,8,30,117,3.8000000000000003,0,1.8
2023,1,25,9,30,323,4.3,0,5
2023,1,25,10,30,506,4.800000000000001,0,7.5
2023,1,25,11,30,640,4.9,0,9.200000000000001
2023,1,25,12,30,711,4.800000000000001,0,10.4
2023,1,25,13,30,713,4.5,0,11.100000000000001
2023,1,25,14,30,643,4.2,0,11.3
2023,1,25,15,30,508,3.8000000000000003,0,11
2023,1,25,16,30,291,2.7,0,9.4
2023,1,25,17,30,124,1.5,0,6.4
2023,1,25,18,30,0,1.4000000000000001,0,4.2
2023,1,25,19,30,0,1.7000000000000002,0,3.3000000000000003
2023,1,25,20,30,0,2,0,2.7
2023,1,25,21,30,0,2.2,0,2
2023,1,25,22,30,0,2.4000000000000004,0,1.4000000000000001
2023,1,25,23,30,0,2.3000000000000003,8,0.6000000000000001
2023,1,26,0,30,0,2.1,0,-0.1
2023,1,26,1,30,0,1.8,0,-0.9
2023,1,26,2,30,0,1.5,0,-1.6
2023,1,26,3,30,0,1.3,0,-2.1
2023,1,26,4,30,0,1.2000000000000002,0,-2.6
2023,1,26,5,30,0,1.1,0,-2.9000000000000004
2023,1,26,6,30,0,1,0,-3.1
2023,1,26,7,30,0,1.3,0,-1.9000000000000001
2023,1,26,8,30,116,1.7000000000000002,0,0.6000000000000001
2023,1,26,9,30,320,2.4000000000000004,0,4.2
2023,1,26,10,30,506,3,0,7.5
2023,1,26,11,30,642,2.9000000000000004,0,9.200000000000001
2023,1,26,12,30,716,2.6,0,10.3
2023,1,26,13,30,718,2.1,0,10.9
2023,1,26,14,30,649,1.6,0,11.100000000000001
2023,1,26,15,30,517,1.3,0,10.8
2023,1,26,16,30,335,1,0,9.5
2023,1,26,17,30,129,0.8,0,7.6000000000000005
2023,1,26,18,30,0,1.1,0,6
2023,1,26,19,30,0,1.2000000000000002,0,5
2023,1,26,20,30,0,1.3,0,4
2023,1,26,21,30,0,1.3,0,3
2023,1,26,22,30,0,1.4000000000000001,0,1.9000000000000001
2023,1,26,23,30,0,1.5,0,1
2023,1,27,0,30,0,1.6,8,0.30000000000000004
2023,1,27,1,30,0,1.7000000000000002,7,-0.2
2023,1,27,2,30,0,1.8,7,-0.5
2023,1,27,3,30,0,1.9000000000000001,0,-0.8
2023,1,27,4,30,0,1.9000000000000001,0,-1.2000000000000002
2023,1,27,5,30,0,1.8,0,-1.6
2023,1,27,6,30,0,1.8,0,-1.8
2023,1,27,7,30,0,2.3000000000000003,0,-0.1
2023,1,27,8,30,125,3.1,0,3.3000000000000003
2023,1,27,9,30,334,3.4000000000000004,0,7.1000000000000005
2023,1,27,10,30,521,3.4000000000000004,0,10.600000000000001
2023,1,27,11,30,658,3.5,0,13
2023,1,27,12,30,730,3.4000000000000004,0,14.5
2023,1,27,13,30,733,3.4000000000000004,0,15.4
2023,1,27,14,30,664,3.1,0,16
2023,1,27,15,30,529,2.7,0,16
2023,1,27,16,30,341,1.8,0,14
2023,1,27,17,30,113,1.5,8,10.600000000000001
2023,1,27,18,30,0,2.3000000000000003,7,8.6
2023,1,27,19,30,0,3.5,0,8
2023,1,27,20,30,0,4.3,7,7.4
2023,1,27,21,30,0,4.5,7,6.5
2023,1,27,22,30,0,4.3,7,5.4
2023,1,27,23,30,0,4,7,4.5
2023,1,28,0,30,0,3.7,0,3.7
2023,1,28,1,30,0,3.5,7,3
2023,1,28,2,30,0,3.5,7,2.7
2023,1,28,3,30,0,3.5,7,3
2023,1,28,4,30,0,3.3000000000000003,7,3.3000000000000003
2023,1,28,5,30,0,3,0,3.3000000000000003
2023,1,28,6,30,0,3,7,3.2
2023,1,28,7,30,0,3.5,8,4.1000000000000005
2023,1,28,8,30,43,4,6,6.6000000000000005
2023,1,28,9,30,182,4.2,8,10.200000000000001
2023,1,28,10,30,341,4.3,8,14.4
2023,1,28,11,30,457,4.7,7,18.3
2023,1,28,12,30,543,5,8,20.700000000000003
2023,1,28,13,30,551,5.2,7,21.8
2023,1,28,14,30,456,4.7,7,21.5
2023,1,28,15,30,369,3.2,7,20.3
2023,1,28,16,30,226,1.8,7,17.6
2023,1,28,17,30,124,1.5,0,14.600000000000001
2023,1,28,18,30,0,1.6,0,12.9
2023,1,28,19,30,0,1.6,8,12
2023,1,28,20,30,0,1.7000000000000002,8,11.200000000000001
2023,1,28,21,30,0,1.7000000000000002,0,10.700000000000001
2023,1,28,22,30,0,1.8,6,10.600000000000001
2023,1,28,23,30,0,1.7000000000000002,7,10.5
2023,1,29,0,30,0,1.6,7,10.200000000000001
2023,1,29,1,30,0,1.5,6,9.9
2023,1,29,2,30,0,1.4000000000000001,6,9.600000000000001
2023,1,29,3,30,0,1.4000000000000001,9,9.3
2023,1,29,4,30,0,1.4000000000000001,7,8.9
2023,1,29,5,30,0,1.4000000000000001,5,8.6
2023,1,29,6,30,0,1.3,5,8.4
2023,1,29,7,30,0,1.3,6,9.4
2023,1,29,8,30,29,1.5,7,11.600000000000001
2023,1,29,9,30,68,1.7000000000000002,8,13.9
2023,1,29,10,30,35,1.9000000000000001,5,16.3
2023,1,29,11,30,383,2.4000000000000004,5,18.8
2023,1,29,12,30,683,2.6,0,20.900000000000002
2023,1,29,13,30,698,2.5,0,22.200000000000003
2023,1,29,14,30,633,2.4000000000000004,0,22.700000000000003
2023,1,29,15,30,504,2.4000000000000004,0,22.6
2023,1,29,16,30,329,1.9000000000000001,0,20.700000000000003
2023,1,29,17,30,131,1.8,0,17
2023,1,29,18,30,0,2.7,0,14.5
2023,1,29,19,30,0,3.7,0,13.200000000000001
2023,1,29,20,30,0,4.6000000000000005,0,11.700000000000001
2023,1,29,21,30,0,5.2,0,10.200000000000001
2023,1,29,22,30,0,5.4,0,8.9
2023,1,29,23,30,0,5.300000000000001,0,8
2023,1,30,0,30,0,4.9,0,7.300000000000001
2023,1,30,1,30,0,4.2,0,6.6000000000000005
2023,1,30,2,30,0,3.4000000000000004,0,5.7
2023,1,30,3,30,0,3.5,0,4.4
2023,1,30,4,30,0,4.3,0,2.6
2023,1,30,5,30,0,4.6000000000000005,0,0.9
2023,1,30,6,30,0,4.5,7,-0.4
2023,1,30,7,30,0,4.3,8,-0.8
2023,1,30,8,30,45,4.1000000000000005,8,-0.5
2023,1,30,9,30,310,3.7,0,0.1
2023,1,30,10,30,370,3.5,0,0.8
2023,1,30,11,30,327,3.3000000000000003,0,1.8
2023,1,30,12,30,244,3,8,2.5
2023,1,30,13,30,403,2.9000000000000004,0,2.8000000000000003
2023,1,30,14,30,192,3,8,3.2
2023,1,30,15,30,131,3.2,7,3.3000000000000003
2023,1,30,16,30,66,3.3000000000000003,7,2.6
2023,1,30,17,30,35,3.6,7,1.4000000000000001
2023,1,30,18,30,0,4,7,0.30000000000000004
2023,1,30,19,30,0,3.9000000000000004,7,-0.2
2023,1,30,20,30,0,3.9000000000000004,7,-0.6000000000000001
2023,1,30,21,30,0,4.1000000000000005,7,-0.9
2023,1,30,22,30,0,4.1000000000000005,7,-1.1
2023,1,30,23,30,0,3.9000000000000004,8,-1.3
2023,1,31,0,30,0,3.7,8,-1.6
2023,1,31,1,30,0,3.7,8,-1.8
2023,1,31,2,30,0,3.5,8,-2
2023,1,31,3,30,0,3.6,7,-2.1
2023,1,31,4,30,0,3.8000000000000003,7,-2.4000000000000004
2023,1,31,5,30,0,4,7,-2.6
2023,1,31,6,30,0,4.1000000000000005,7,-2.9000000000000004
2023,1,31,7,30,0,4.2,7,-3
2023,1,31,8,30,16,4.1000000000000005,8,-2.8000000000000003
2023,1,31,9,30,19,3.8000000000000003,7,-2.2
2023,1,31,10,30,33,3.5,8,-1.4000000000000001
2023,1,31,11,30,98,3.3000000000000003,7,-0.5
2023,1,31,12,30,86,3.2,8,0.4
2023,1,31,13,30,126,3.1,7,1.1
2023,1,31,14,30,104,2.8000000000000003,8,1.4000000000000001
2023,1,31,15,30,103,2.7,8,1.1
2023,1,31,16,30,54,2.6,7,0.4
2023,1,31,17,30,32,2.7,8,-0.5
2023,1,31,18,30,1,3,8,-1.4000000000000001
2023,1,31,19,30,0,3.4000000000000004,8,-2.1
2023,1,31,20,30,0,3.5,7,-2.7
2023,1,31,21,30,0,3.4000000000000004,7,-3
2023,1,31,22,30,0,3.2,7,-3.1
2023,1,31,23,30,0,2.9000000000000004,8,-3.3000000000000003
2023,2,1,0,30,0,2.4000000000000004,7,-3.4000000000000004
2023,2,1,1,30,0,2,7,-3.5
2023,2,1,2,30,0,2,5,-3.6
2023,2,1,3,30,0,2.3000000000000003,7,-3.6
2023,2,1,4,30,0,2.5,7,-3.6
2023,2,1,5,30,0,2.3000000000000003,7,-3.5
2023,2,1,6,30,0,2,7,-3.3000000000000003
2023,2,1,7,30,0,1.9000000000000001,8,-3
2023,2,1,8,30,14,2.2,5,-2.4000000000000004
2023,2,1,9,30,13,2.1,8,-1.5
2023,2,1,10,30,22,1.6,6,-0.4
2023,2,1,11,30,66,1.3,6,0.8
2023,2,1,12,30,73,1.2000000000000002,5,1.9000000000000001
2023,2,1,13,30,97,1.1,7,2.9000000000000004
2023,2,1,14,30,198,0.7000000000000001,5,3.5
2023,2,1,15,30,82,0.5,6,3.8000000000000003
2023,2,1,16,30,86,0.9,5,3.6
2023,2,1,17,30,30,1,5,2.7
2023,2,1,18,30,0,1.1,5,1.9000000000000001
2023,2,1,19,30,0,1.7000000000000002,5,1.5
2023,2,1,20,30,0,2.2,4,0.7000000000000001
2023,2,1,21,30,0,2.4000000000000004,4,-0.2
2023,2,1,22,30,0,2.3000000000000003,5,-0.6000000000000001
2023,2,1,23,30,0,2.1,4,-0.7000000000000001
2023,2,2,0,30,0,2,4,-0.8
2023,2,2,1,30,0,2.1,4,-0.9
2023,2,2,2,30,0,2,5,-0.8
2023,2,2,3,30,0,1.6,3,-0.6000000000000001
2023,2,2,4,30,0,1.1,0,-0.4
2023,2,2,5,30,0,0.7000000000000001,0,-0.30000000000000004
2023,2,2,6,30,0,0.5,4,0
2023,2,2,7,30,0,0.9,5,0.7000000000000001
2023,2,2,8,30,83,1.5,5,1.7000000000000002
2023,2,2,9,30,69,2.3000000000000003,5,2.8000000000000003
2023,2,2,10,30,161,3.2,5,4.1000000000000005
2023,2,2,11,30,294,3.9000000000000004,5,5.5
2023,2,2,12,30,478,4.4,4,7.300000000000001
2023,2,2,13,30,632,4.7,0,9.200000000000001
2023,2,2,14,30,661,4.7,0,10.8
2023,2,2,15,30,535,4.4,0,11.600000000000001
2023,2,2,16,30,358,3,0,10.5
2023,2,2,17,30,153,1.8,0,7.300000000000001
2023,2,2,18,30,3,1.6,0,4.9
2023,2,2,19,30,0,1.6,0,3.9000000000000004
2023,2,2,20,30,0,1.6,0,2.9000000000000004
2023,2,2,21,30,0,1.6,0,2
2023,2,2,22,30,0,1.5,0,1.4000000000000001
2023,2,2,23,30,0,1.4000000000000001,0,1
2023,2,3,0,30,0,1.3,0,0.9
2023,2,3,1,30,0,1.2000000000000002,0,0.9
2023,2,3,2,30,0,1,0,0.9
2023,2,3,3,30,0,0.9,0,0.8
2023,2,3,4,30,0,0.9,0,0.5
2023,2,3,5,30,0,1,0,0.2
2023,2,3,6,30,0,1,0,0
2023,2,3,7,30,0,1.1,0,1.3
2023,2,3,8,30,141,1,0,4
2023,2,3,9,30,352,1,0,7.300000000000001
2023,2,3,10,30,539,1.2000000000000002,0,10.600000000000001
2023,2,3,11,30,677,1.4000000000000001,0,12.8
2023,2,3,12,30,751,1.6,0,13.9
2023,2,3,13,30,755,1.9000000000000001,0,14.700000000000001
2023,2,3,14,30,687,2.1,0,15
2023,2,3,15,30,554,2.4000000000000004,0,14.700000000000001
2023,2,3,16,30,369,2.1,0,12.700000000000001
2023,2,3,17,30,158,1.6,0,9
2023,2,3,18,30,3,1.9000000000000001,0,6.4
2023,2,3,19,30,0,2.1,0,5.4
2023,2,3,20,30,0,2.3000000000000003,0,4.6000000000000005
2023,2,3,21,30,0,2.4000000000000004,0,3.8000000000000003
2023,2,3,22,30,0,2.3000000000000003,0,3
2023,2,3,23,30,0,2.4000000000000004,0,2.3000000000000003
2023,2,4,0,30,0,2.4000000000000004,0,1.6
2023,2,4,1,30,0,2.3000000000000003,0,1
2023,2,4,2,30,0,2.2,8,0.4
2023,2,4,3,30,0,2.2,7,0
2023,2,4,4,30,0,2.3000000000000003,8,-0.1
2023,2,4,5,30,0,2.5,7,0.30000000000000004
2023,2,4,6,30,0,2.6,7,0.2
2023,2,4,7,30,0,3.2,7,1.1
2023,2,4,8,30,111,4.1000000000000005,7,3.8000000000000003
2023,2,4,9,30,312,4.7,0,7.300000000000001
2023,2,4,10,30,507,5.2,0,11.200000000000001
2023,2,4,11,30,679,5.1000000000000005,0,14.600000000000001
2023,2,4,12,30,752,4.800000000000001,0,17.3
2023,2,4,13,30,752,4.5,0,19.3
2023,2,4,14,30,685,4,0,20.400000000000002
2023,2,4,15,30,551,3.1,0,20.5
2023,2,4,16,30,367,1.8,0,18.5
2023,2,4,17,30,157,1.1,0,15.4
2023,2,4,18,30,3,1.3,0,13.200000000000001
2023,2,4,19,30,0,1.6,0,11.4
2023,2,4,20,30,0,1.8,0,9.8
2023,2,4,21,30,0,2.1,0,8.5
2023,2,4,22,30,0,2.3000000000000003,0,7.4
2023,2,4,23,30,0,2.3000000000000003,0,6.6000000000000005
2023,2,5,0,30,0,2.2,0,5.9
2023,2,5,1,30,0,2,0,5.2
2023,2,5,2,30,0,2,0,4.5
2023,2,5,3,30,0,2,0,3.9000000000000004
2023,2,5,4,30,0,2,0,3.2
2023,2,5,5,30,0,2,0,2.6
2023,2,5,6,30,0,2,0,2.3000000000000003
2023,2,5,7,30,0,2.8000000000000003,0,4.3
2023,2,5,8,30,146,3.6,0,8
2023,2,5,9,30,362,3.6,0,11.700000000000001
2023,2,5,10,30,552,3.2,0,15.600000000000001
2023,2,5,11,30,691,2.9000000000000004,0,19.200000000000003
2023,2,5,12,30,765,2.8000000000000003,0,22.200000000000003
2023,2,5,13,30,769,2.8000000000000003,0,24.200000000000003
2023,2,5,14,30,700,2.7,0,25.1
2023,2,5,15,30,565,2.1,0,24.700000000000003
2023,2,5,16,30,379,1.4000000000000001,0,21.900000000000002
2023,2,5,17,30,165,1.7000000000000002,0,17.3
2023,2,5,18,30,5,2.4000000000000004,0,14.4
2023,2,5,19,30,0,3.3000000000000003,0,13.5
2023,2,5,20,30,0,4.1000000000000005,0,12.9
2023,2,5,21,30,0,4.7,0,12
2023,2,5,22,30,0,5.1000000000000005,0,10.9
2023,2,5,23,30,0,5.2,0,9.9
2023,2,6,0,30,0,5.1000000000000005,0,9.200000000000001
2023,2,6,1,30,0,4.9,0,8.6
2023,2,6,2,30,0,4.6000000000000005,0,8.4
2023,2,6,3,30,0,4.3,0,8.4
2023,2,6,4,30,0,4,0,8.3
2023,2,6,5,30,0,3.8000000000000003,8,8.4
2023,2,6,6,30,0,3.8000000000000003,8,8.6
2023,2,6,7,30,1,4.1000000000000005,8,9.700000000000001
2023,2,6,8,30,90,4.4,8,11.9
2023,2,6,9,30,242,4.3,8,14.700000000000001
2023,2,6,10,30,464,4.2,0,18.6
2023,2,6,11,30,543,4.5,3,22.8
2023,2,6,12,30,739,4.7,0,25.900000000000002
2023,2,6,13,30,669,4.7,8,27.400000000000002
2023,2,6,14,30,596,4.800000000000001,8,27.8
2023,2,6,15,30,557,4.4,0,27.1
2023,2,6,16,30,372,3.5,0,24.1
2023,2,6,17,30,162,3.2,0,19.8
2023,2,6,18,30,6,4.2,0,17.400000000000002
2023,2,6,19,30,0,5.300000000000001,0,16.3
2023,2,6,20,30,0,5.800000000000001,0,14.9
2023,2,6,21,30,0,5.5,0,13.600000000000001
2023,2,6,22,30,0,4.4,0,12.200000000000001
2023,2,6,23,30,0,3,0,10.8
2023,2,7,0,30,0,2.4000000000000004,0,9.9
2023,2,7,1,30,0,2.4000000000000004,0,9.3
2023,2,7,2,30,0,2.7,0,8.9
2023,2,7,3,30,0,2.8000000000000003,0,8.4
2023,2,7,4,30,0,2.8000000000000003,3,7.800000000000001
2023,2,7,5,30,0,3,8,7.1000000000000005
2023,2,7,6,30,0,3.6,7,6.800000000000001
2023,2,7,7,30,1,4.5,8,7.4
2023,2,7,8,30,46,5.300000000000001,8,9
2023,2,7,9,30,68,5.5,8,10.4
2023,2,7,10,30,109,5.2,8,11.600000000000001
2023,2,7,11,30,224,4.800000000000001,3,12.5
2023,2,7,12,30,331,4.3,3,13.100000000000001
2023,2,7,13,30,524,3.8000000000000003,5,13.4
2023,2,7,14,30,491,3.6,3,13.3
2023,2,7,15,30,335,3.7,5,12.8
2023,2,7,16,30,133,3.9000000000000004,7,11.700000000000001
2023,2,7,17,30,101,4,0,9.9
2023,2,7,18,30,3,4.4,7,8.3
2023,2,7,19,30,0,4.6000000000000005,8,7.2
2023,2,7,20,30,0,4.1000000000000005,4,6.2
2023,2,7,21,30,0,3.4000000000000004,4,5.300000000000001
2023,2,7,22,30,0,2.8000000000000003,4,4.4
2023,2,7,23,30,0,2.4000000000000004,4,3.6
2023,2,8,0,30,0,2.4000000000000004,4,3
2023,2,8,1,30,0,2.8000000000000003,4,2.6
2023,2,8,2,30,0,3.4000000000000004,4,2.4000000000000004
2023,2,8,3,30,0,3.8000000000000003,4,2.3000000000000003
2023,2,8,4,30,0,3.8000000000000003,0,2.1
2023,2,8,5,30,0,3.6,4,1.9000000000000001
2023,2,8,6,30,0,3.6,4,1.9000000000000001
2023,2,8,7,30,1,4.1000000000000005,0,2.9000000000000004
2023,2,8,8,30,114,5.1000000000000005,5,5.800000000000001
2023,2,8,9,30,360,5.800000000000001,0,9
2023,2,8,10,30,550,6.300000000000001,0,11.100000000000001
2023,2,8,11,30,693,6.4,0,12.5
2023,2,8,12,30,768,6.5,0,13.600000000000001
2023,2,8,13,30,775,6.5,0,14.5
2023,2,8,14,30,710,6.5,0,14.9
2023,2,8,15,30,576,6.2,0,15.100000000000001
2023,2,8,16,30,390,4.800000000000001,0,14.200000000000001
2023,2,8,17,30,177,2.9000000000000004,0,11.100000000000001
2023,2,8,18,30,7,2,0,8.4
2023,2,8,19,30,0,2.1,0,7.6000000000000005
2023,2,8,20,30,0,2.5,0,7.1000000000000005
2023,2,8,21,30,0,3.1,0,6.800000000000001
2023,2,8,22,30,0,3.4000000000000004,0,6.300000000000001
2023,2,8,23,30,0,3.4000000000000004,0,5.7
2023,2,9,0,30,0,3.4000000000000004,0,5.2
2023,2,9,1,30,0,3.4000000000000004,0,4.7
2023,2,9,2,30,0,3.4000000000000004,0,4.3
2023,2,9,3,30,0,3.2,0,3.7
2023,2,9,4,30,0,3,0,3.2
2023,2,9,5,30,0,2.8000000000000003,0,2.9000000000000004
2023,2,9,6,30,0,2.6,0,2.9000000000000004
2023,2,9,7,30,2,3.1,0,4.9
2023,2,9,8,30,151,3.5,0,8.3
2023,2,9,9,30,370,3.7,0,12
2023,2,9,10,30,560,3.9000000000000004,0,15.3
2023,2,9,11,30,699,3.6,0,17.400000000000002
2023,2,9,12,30,774,3.5,0,18.8
2023,2,9,13,30,777,3.7,0,19.5
2023,2,9,14,30,710,4.1000000000000005,0,19.6
2023,2,9,15,30,573,4.5,0,19.1
2023,2,9,16,30,388,4.7,0,17.3
2023,2,9,17,30,173,4.800000000000001,0,14.100000000000001
2023,2,9,18,30,7,5.5,0,11.100000000000001
2023,2,9,19,30,0,6.5,0,8.9
2023,2,9,20,30,0,7.300000000000001,0,6.800000000000001
2023,2,9,21,30,0,7,5,5
2023,2,9,22,30,0,5.800000000000001,4,3.8000000000000003
2023,2,9,23,30,0,5,4,2.9000000000000004
2023,2,10,0,30,0,4.3,4,2.1
2023,2,10,1,30,0,3.8000000000000003,4,1.3
2023,2,10,2,30,0,3.6,4,0.6000000000000001
2023,2,10,3,30,0,3.8000000000000003,4,0.1
2023,2,10,4,30,0,3.8000000000000003,4,-0.4
2023,2,10,5,30,0,3.7,4,-0.8
2023,2,10,6,30,0,3.7,0,-1.2000000000000002
2023,2,10,7,30,3,4.3,0,-0.2
2023,2,10,8,30,164,5.4,0,2.2
2023,2,10,9,30,385,5.9,0,4.6000000000000005
2023,2,10,10,30,577,6,0,6.300000000000001
2023,2,10,11,30,718,6.2,0,7.9
2023,2,10,12,30,794,6.5,0,9
2023,2,10,13,30,798,6.7,0,9.700000000000001
2023,2,10,14,30,729,6.6000000000000005,0,10
2023,2,10,15,30,599,6.2,0,9.8
2023,2,10,16,30,411,5.2,0,8.9
2023,2,10,17,30,191,3.2,0,6.1000000000000005
2023,2,10,18,30,9,1.9000000000000001,0,3.3000000000000003
2023,2,10,19,30,0,1.7000000000000002,0,2.2
2023,2,10,20,30,0,1.5,0,1.5
2023,2,10,21,30,0,1.3,0,1.2000000000000002
2023,2,10,22,30,0,1,0,1.2000000000000002
2023,2,10,23,30,0,0.8,0,1.3
2023,2,11,0,30,0,0.8,0,1.2000000000000002
2023,2,11,1,30,0,0.9,0,0.6000000000000001
2023,2,11,2,30,0,1.2000000000000002,0,-0.4
2023,2,11,3,30,0,1.4000000000000001,0,-1.4000000000000001
2023,2,11,4,30,0,1.5,0,-2.1
2023,2,11,5,30,0,1.4000000000000001,0,-2.3000000000000003
2023,2,11,6,30,0,1.3,0,-2
2023,2,11,7,30,3,1.3,0,-0.1
2023,2,11,8,30,173,1.2000000000000002,0,2.9000000000000004
2023,2,11,9,30,395,1.1,0,6.6000000000000005
2023,2,11,10,30,590,1.3,0,10.3
2023,2,11,11,30,732,1.5,0,12.4
2023,2,11,12,30,809,1.8,0,13.700000000000001
2023,2,11,13,30,813,2.1,0,14.600000000000001
2023,2,11,14,30,744,2.4000000000000004,0,15
2023,2,11,15,30,608,2.6,0,15
2023,2,11,16,30,411,2,0,13.4
2023,2,11,17,30,183,1.5,0,9.700000000000001
2023,2,11,18,30,8,1.8,8,7.1000000000000005
2023,2,11,19,30,0,2.2,7,6.800000000000001
2023,2,11,20,30,0,2.7,7,6.9
2023,2,11,21,30,0,3,7,6.9
2023,2,11,22,30,0,3.1,7,6.6000000000000005
2023,2,11,23,30,0,3.1,7,6.2
2023,2,12,0,30,0,3,8,5.5
2023,2,12,1,30,0,2.8000000000000003,0,4.6000000000000005
2023,2,12,2,30,0,2.6,5,3.5
2023,2,12,3,30,0,2.4000000000000004,0,2.5
2023,2,12,4,30,0,2.3000000000000003,0,1.9000000000000001
2023,2,12,5,30,0,2.2,0,1.7000000000000002
2023,2,12,6,30,0,2.4000000000000004,8,2.4000000000000004
2023,2,12,7,30,2,2.8000000000000003,8,4.1000000000000005
2023,2,12,8,30,68,3.1,8,6
2023,2,12,9,30,365,3.3000000000000003,0,8.3
2023,2,12,10,30,558,3.5,0,11.3
2023,2,12,11,30,696,3.7,0,14.200000000000001
2023,2,12,12,30,716,3.8000000000000003,0,16.7
2023,2,12,13,30,725,3.7,0,18.8
2023,2,12,14,30,356,3.7,8,20.1
2023,2,12,15,30,446,3.6,8,20.400000000000002
2023,2,12,16,30,383,3,0,18.7
2023,2,12,17,30,178,2.7,0,14.9
2023,2,12,18,30,11,3.3000000000000003,0,12.200000000000001
2023,2,12,19,30,0,3.8000000000000003,0,11.100000000000001
2023,2,12,20,30,0,3.8000000000000003,0,10.100000000000001
2023,2,12,21,30,0,3.7,8,9.1
2023,2,12,22,30,0,3.8000000000000003,7,8.3
2023,2,12,23,30,0,3.9000000000000004,7,7.7
2023,2,13,0,30,0,3.9000000000000004,7,7.2
2023,2,13,1,30,0,3.7,7,6.9
2023,2,13,2,30,0,3.5,7,6.7
2023,2,13,3,30,0,3.3000000000000003,7,6.4
2023,2,13,4,30,0,3,6,5.9
2023,2,13,5,30,0,2.9000000000000004,7,5.6000000000000005
2023,2,13,6,30,0,3.2,6,6.1000000000000005
2023,2,13,7,30,3,3.8000000000000003,7,7.2
2023,2,13,8,30,85,4.4,7,9
2023,2,13,9,30,238,4.6000000000000005,7,11.200000000000001
2023,2,13,10,30,246,5.2,7,13.5
2023,2,13,11,30,163,6,6,15.4
2023,2,13,12,30,287,6.7,6,16.400000000000002
2023,2,13,13,30,208,7.2,6,16.400000000000002
2023,2,13,14,30,158,7.6000000000000005,6,15.5
2023,2,13,15,30,80,7.9,7,14.3
2023,2,13,16,30,28,7.4,6,13
2023,2,13,17,30,61,6.7,7,12
2023,2,13,18,30,7,6.5,8,11.3
2023,2,13,19,30,0,6.2,8,11.200000000000001
2023,2,13,20,30,0,5.1000000000000005,0,11
2023,2,13,21,30,0,3.8000000000000003,8,10.600000000000001
2023,2,13,22,30,0,3.5,7,10.200000000000001
2023,2,13,23,30,0,3.9000000000000004,8,9.700000000000001
2023,2,14,0,30,0,3.5,5,8.5
2023,2,14,1,30,0,3.1,4,7
2023,2,14,2,30,0,3.8000000000000003,0,6.5
2023,2,14,3,30,0,5.2,5,6.800000000000001
2023,2,14,4,30,0,6.5,0,7.2
2023,2,14,5,30,0,7.2,0,7.300000000000001
2023,2,14,6,30,0,7.5,0,7.2
2023,2,14,7,30,6,8.1,0,7.9
2023,2,14,8,30,174,9.4,0,9.700000000000001
2023,2,14,9,30,393,10.200000000000001,0,11.8
2023,2,14,10,30,584,10.3,0,13.9
2023,2,14,11,30,729,10.100000000000001,0,16.1
2023,2,14,12,30,805,9.8,0,17.900000000000002
2023,2,14,13,30,809,9.3,0,19.1
2023,2,14,14,30,715,8.700000000000001,0,19.700000000000003
2023,2,14,15,30,504,7.9,8,19.8
2023,2,14,16,30,330,6.1000000000000005,7,18.7
2023,2,14,17,30,137,3.7,7,15.100000000000001
2023,2,14,18,30,9,2.3000000000000003,7,11.9
2023,2,14,19,30,0,2,7,11.200000000000001
2023,2,14,20,30,0,1.8,7,10.8
2023,2,14,21,30,0,2,6,10.4
2023,2,14,22,30,0,2.5,7,10
2023,2,14,23,30,0,3.1,7,9.600000000000001
2023,2,15,0,30,0,3.5,0,9.3
2023,2,15,1,30,0,3.4000000000000004,8,8.8
2023,2,15,2,30,0,3,7,8
2023,2,15,3,30,0,2.8000000000000003,7,7.1000000000000005
2023,2,15,4,30,0,2.9000000000000004,7,6.4
2023,2,15,5,30,0,3.2,0,5.800000000000001
2023,2,15,6,30,0,3.7,0,5.7
2023,2,15,7,30,6,4.6000000000000005,0,7.4
2023,2,15,8,30,182,5,0,11
2023,2,15,9,30,403,5.5,0,15.8
2023,2,15,10,30,597,6.1000000000000005,0,19.900000000000002
2023,2,15,11,30,732,6.4,0,22.200000000000003
2023,2,15,12,30,806,6.7,0,23.5
2023,2,15,13,30,806,6.9,0,24.1
2023,2,15,14,30,732,7.2,0,23.900000000000002
2023,2,15,15,30,593,7.7,0,22.6
2023,2,15,16,30,404,8,0,20
2023,2,15,17,30,187,7.9,0,16.5
2023,2,15,18,30,12,7.5,0,13.4
2023,2,15,19,30,0,7.1000000000000005,0,11.5
2023,2,15,20,30,0,7.1000000000000005,0,10
2023,2,15,21,30,0,6.9,0,8.5
2023,2,15,22,30,0,6.5,0,7.1000000000000005
2023,2,15,23,30,0,6,0,6
2023,2,16,0,30,0,5.5,8,4.800000000000001
2023,2,16,1,30,0,4.7,8,3.8000000000000003
2023,2,16,2,30,0,4.1000000000000005,8,2.7
2023,2,16,3,30,0,4.1000000000000005,7,1.7000000000000002
2023,2,16,4,30,0,4.5,7,0.8
2023,2,16,5,30,0,4.9,7,-0.2
2023,2,16,6,30,0,5,7,-1.1
2023,2,16,7,30,4,5.1000000000000005,7,-1.3
2023,2,16,8,30,60,5.2,7,-0.30000000000000004
2023,2,16,9,30,228,5,7,1.6
2023,2,16,10,30,456,4.800000000000001,8,4.1000000000000005
2023,2,16,11,30,602,4.800000000000001,8,6.5
2023,2,16,12,30,801,4.9,0,8.3
2023,2,16,13,30,811,5,0,9.5
2023,2,16,14,30,659,5.1000000000000005,0,10
2023,2,16,15,30,603,5.1000000000000005,0,10
2023,2,16,16,30,427,4.800000000000001,0,9.1
2023,2,16,17,30,207,3.3000000000000003,0,6.5
2023,2,16,18,30,16,2.3000000000000003,0,4
2023,2,16,19,30,0,2.9000000000000004,0,3.1
2023,2,16,20,30,0,3.8000000000000003,0,2.4000000000000004
2023,2,16,21,30,0,4.2,0,1.4000000000000001
2023,2,16,22,30,0,3.8000000000000003,0,0.2
2023,2,16,23,30,0,3,0,-1.1
2023,2,17,0,30,0,2.4000000000000004,0,-2.2
2023,2,17,1,30,0,2.1,0,-3.1
2023,2,17,2,30,0,1.7000000000000002,0,-3.8000000000000003
2023,2,17,3,30,0,1.3,0,-4.2
2023,2,17,4,30,0,1,0,-4.6000000000000005
2023,2,17,5,30,0,0.8,0,-4.800000000000001
2023,2,17,6,30,0,0.8,0,-4.7
2023,2,17,7,30,9,1.1,0,-3.2
2023,2,17,8,30,176,1,0,-0.4
2023,2,17,9,30,421,0.7000000000000001,0,2.3000000000000003
2023,2,17,10,30,515,0.9,8,4.7
2023,2,17,11,30,705,1.1,0,6.9
2023,2,17,12,30,796,1.3,0,8.8
2023,2,17,13,30,750,1.7000000000000002,2,10.3
2023,2,17,14,30,772,2.2,0,11.3
2023,2,17,15,30,633,2.6,0,11.4
2023,2,17,16,30,425,2.6,0,10.5
2023,2,17,17,30,178,2,8,8.1
2023,2,17,18,30,12,1.9000000000000001,8,6.2
2023,2,17,19,30,0,2.3000000000000003,0,5.2
2023,2,17,20,30,0,2.5,0,3.8000000000000003
2023,2,17,21,30,0,2.6,0,2.9000000000000004
2023,2,17,22,30,0,2.7,0,2.9000000000000004
2023,2,17,23,30,0,2.7,0,3
2023,2,18,0,30,0,2.4000000000000004,8,2.3000000000000003
2023,2,18,1,30,0,2.4000000000000004,8,1.8
2023,2,18,2,30,0,2.8000000000000003,7,1.9000000000000001
2023,2,18,3,30,0,3.4000000000000004,7,2.2
2023,2,18,4,30,0,3.4000000000000004,7,2.3000000000000003
2023,2,18,5,30,0,3,7,2.3000000000000003
2023,2,18,6,30,0,2.9000000000000004,7,2.1
2023,2,18,7,30,5,3.5,8,2.8000000000000003
2023,2,18,8,30,93,4.800000000000001,5,4.800000000000001
2023,2,18,9,30,121,5.6000000000000005,7,6.800000000000001
2023,2,18,10,30,54,5.6000000000000005,7,7.6000000000000005
2023,2,18,11,30,320,5.4,7,8.1
2023,2,18,12,30,691,5.1000000000000005,8,9.200000000000001
2023,2,18,13,30,652,4.800000000000001,7,10.4
2023,2,18,14,30,557,4.4,8,11.5
2023,2,18,15,30,485,3.9000000000000004,7,12.200000000000001
2023,2,18,16,30,300,3,7,11.8
2023,2,18,17,30,105,2.1,7,9.8
2023,2,18,18,30,12,2.4000000000000004,7,8.3
2023,2,18,19,30,0,3.2,7,8.1
2023,2,18,20,30,0,3.9000000000000004,7,8
2023,2,18,21,30,0,4.2,7,7.4
2023,2,18,22,30,0,4.2,7,6.9
2023,2,18,23,30,0,3.9000000000000004,7,6.4
2023,2,19,0,30,0,3.5,7,6.2
2023,2,19,1,30,0,3.1,7,6.1000000000000005
2023,2,19,2,30,0,2.6,7,6.1000000000000005
2023,2,19,3,30,0,2.3000000000000003,7,6.2
2023,2,19,4,30,0,2.2,7,6.6000000000000005
2023,2,19,5,30,0,2,7,6.9
2023,2,19,6,30,0,1.9000000000000001,7,7.300000000000001
2023,2,19,7,30,3,2.1,7,8.4
2023,2,19,8,30,58,2.7,7,10.200000000000001
2023,2,19,9,30,266,3.2,8,12.200000000000001
2023,2,19,10,30,380,3.2,7,14.3
2023,2,19,11,30,423,2.9000000000000004,7,16.5
2023,2,19,12,30,534,2.6,7,18.400000000000002
2023,2,19,13,30,602,2.6,7,19.8
2023,2,19,14,30,411,2.7,6,20.400000000000002
2023,2,19,15,30,176,2.5,6,20.1
2023,2,19,16,30,134,1.8,6,18.400000000000002
2023,2,19,17,30,61,1.5,6,16
2023,2,19,18,30,6,1.4000000000000001,6,14.600000000000001
2023,2,19,19,30,0,1.2000000000000002,6,14.3
2023,2,19,20,30,0,0.9,6,14.4
2023,2,19,21,30,0,0.9,6,14.200000000000001
2023,2,19,22,30,0,1.3,6,13.4
2023,2,19,23,30,0,1.8,6,12.4
2023,2,20,0,30,0,2,7,11.600000000000001
2023,2,20,1,30,0,2.2,8,11.100000000000001
2023,2,20,2,30,0,2.5,0,11
2023,2,20,3,30,0,2.7,0,10.9
2023,2,20,4,30,0,2.9000000000000004,0,10.8
2023,2,20,5,30,0,3,0,10.600000000000001
2023,2,20,6,30,0,3.3000000000000003,0,10.8
2023,2,20,7,30,12,4.2,0,12.600000000000001
2023,2,20,8,30,186,5,0,15.8
2023,2,20,9,30,400,5.5,0,19.400000000000002
2023,2,20,10,30,377,6.1000000000000005,3,22.5
2023,2,20,11,30,726,6.5,0,24.8
2023,2,20,12,30,797,6.800000000000001,0,26.400000000000002
2023,2,20,13,30,800,6.9,0,27.6
2023,2,20,14,30,731,6.9,0,28
2023,2,20,15,30,599,6.6000000000000005,0,27.8
2023,2,20,16,30,370,5.2,8,26.3
2023,2,20,17,30,186,3.3000000000000003,8,22.8
2023,2,20,18,30,14,2.5,7,19.900000000000002
2023,2,20,19,30,0,2.5,7,18.8
2023,2,20,20,30,0,2.5,7,17.900000000000002
2023,2,20,21,30,0,2.4000000000000004,7,17
2023,2,20,22,30,0,2.3000000000000003,7,16.1
2023,2,20,23,30,0,2,7,15.100000000000001
2023,2,21,0,30,0,1.8,7,14.100000000000001
2023,2,21,1,30,0,1.6,8,13.3
2023,2,21,2,30,0,1.6,8,12.700000000000001
2023,2,21,3,30,0,1.5,5,12.3
2023,2,21,4,30,0,1.5,0,12
2023,2,21,5,30,0,1.4000000000000001,0,11.8
2023,2,21,6,30,0,1.4000000000000001,3,11.700000000000001
2023,2,21,7,30,10,1.9000000000000001,0,13.9
2023,2,21,8,30,144,2.3000000000000003,8,17.5
2023,2,21,9,30,293,2.7,3,21.200000000000003
2023,2,21,10,30,308,3.6,8,24.400000000000002
2023,2,21,11,30,478,4.7,8,26.700000000000003
2023,2,21,12,30,640,5.800000000000001,8,28.3
2023,2,21,13,30,792,6.800000000000001,0,29.3
2023,2,21,14,30,739,7.5,0,29.400000000000002
2023,2,21,15,30,576,7.4,0,28.900000000000002
2023,2,21,16,30,368,6.300000000000001,8,27.5
2023,2,21,17,30,142,4.4,7,24.5
2023,2,21,18,30,18,3.5,0,21.6
2023,2,21,19,30,0,3.6,5,20.5
2023,2,21,20,30,0,3.9000000000000004,8,19.8
2023,2,21,21,30,0,4.2,5,19.1
2023,2,21,22,30,0,4.4,5,18.1
2023,2,21,23,30,0,4.6000000000000005,8,17.1
2023,2,22,0,30,0,4.6000000000000005,7,16.2
2023,2,22,1,30,0,5.1000000000000005,7,15.3
2023,2,22,2,30,0,6,5,14.4
2023,2,22,3,30,0,6.2,5,13.4
2023,2,22,4,30,0,5.5,5,12.4
2023,2,22,5,30,0,4.5,0,11.100000000000001
2023,2,22,6,30,0,3.9000000000000004,0,10.3
2023,2,22,7,30,15,4.6000000000000005,0,11.600000000000001
2023,2,22,8,30,206,6.5,0,14.600000000000001
2023,2,22,9,30,431,7.800000000000001,0,17.3
2023,2,22,10,30,625,8.1,0,19.5
2023,2,22,11,30,765,7.800000000000001,0,21.400000000000002
2023,2,22,12,30,841,7.4,0,23.1
2023,2,22,13,30,844,7,0,24.400000000000002
2023,2,22,14,30,774,6.7,0,25.400000000000002
2023,2,22,15,30,638,6.5,0,25.8
2023,2,22,16,30,447,5.1000000000000005,0,24.8
2023,2,22,17,30,224,3.1,0,21.1
2023,2,22,18,30,24,2.5,0,17.7
2023,2,22,19,30,0,2.8000000000000003,0,16.7
2023,2,22,20,30,0,3.3000000000000003,0,16
2023,2,22,21,30,0,3.8000000000000003,0,15.100000000000001
2023,2,22,22,30,0,4.1000000000000005,0,14.4
2023,2,22,23,30,0,4.4,0,13.8
2023,2,23,0,30,0,4.5,0,13.3
2023,2,23,1,30,0,4.3,0,12.700000000000001
2023,2,23,2,30,0,3.9000000000000004,0,11.9
2023,2,23,3,30,0,3.2,0,10.9
2023,2,23,4,30,0,2.7,7,9.9
2023,2,23,5,30,0,2.2,8,8.9
2023,2,23,6,30,0,1.9000000000000001,0,8.6
2023,2,23,7,30,18,2.4000000000000004,0,10.4
2023,2,23,8,30,203,3.1,0,14
2023,2,23,9,30,432,2.7,0,17.400000000000002
2023,2,23,10,30,622,1.9000000000000001,0,20
2023,2,23,11,30,761,1.3,0,21.8
2023,2,23,12,30,835,1.2000000000000002,0,23.400000000000002
2023,2,23,13,30,837,1.6,0,24.8
2023,2,23,14,30,768,2.2,0,25.6
2023,2,23,15,30,631,2.9000000000000004,0,25.700000000000003
2023,2,23,16,30,442,3.1,0,24.6
2023,2,23,17,30,210,3,8,21.200000000000003
2023,2,23,18,30,24,3.9000000000000004,0,18.1
2023,2,23,19,30,0,5.4,0,16.1
2023,2,23,20,30,0,5.9,0,13.700000000000001
2023,2,23,21,30,0,5.7,0,11.600000000000001
2023,2,23,22,30,0,5.1000000000000005,8,10.200000000000001
2023,2,23,23,30,0,4.5,0,9.3
2023,2,24,0,30,0,4.1000000000000005,0,8.5
2023,2,24,1,30,0,4,0,8.1
2023,2,24,2,30,0,3.8000000000000003,7,7.800000000000001
2023,2,24,3,30,0,3.3000000000000003,7,7.5
2023,2,24,4,30,0,3,7,7
2023,2,24,5,30,0,2.9000000000000004,0,6.6000000000000005
2023,2,24,6,30,0,2.9000000000000004,6,6.4
2023,2,24,7,30,4,3,7,7
2023,2,24,8,30,5,3.1,7,8.5
2023,2,24,9,30,165,3.1,8,10.5
2023,2,24,10,30,186,2.9000000000000004,5,12.8
2023,2,24,11,30,367,2.5,8,15.3
2023,2,24,12,30,561,2.2,7,17.7
2023,2,24,13,30,597,2.2,8,19.8
2023,2,24,14,30,605,2.4000000000000004,8,21
2023,2,24,15,30,512,2.8000000000000003,8,21.200000000000003
2023,2,24,16,30,242,3.2,7,20.200000000000003
2023,2,24,17,30,141,3.5,7,17.5
2023,2,24,18,30,15,4.1000000000000005,7,14.4
2023,2,24,19,30,0,4.5,7,12.100000000000001
2023,2,24,20,30,0,4.3,7,10.5
2023,2,24,21,30,0,3.9000000000000004,7,9.600000000000001
2023,2,24,22,30,0,3.5,7,9.1
2023,2,24,23,30,0,3.3000000000000003,7,8.700000000000001
2023,2,25,0,30,0,3.1,6,8.4
2023,2,25,1,30,0,2.9000000000000004,3,8.200000000000001
2023,2,25,2,30,0,2.7,8,7.9
2023,2,25,3,30,0,2.5,4,7.7
2023,2,25,4,30,0,2.4000000000000004,7,7.5
2023,2,25,5,30,0,2.4000000000000004,6,7.300000000000001
2023,2,25,6,30,0,2.6,6,7.1000000000000005
2023,2,25,7,30,4,2.9000000000000004,6,7.4
2023,2,25,8,30,37,3.1,7,8.3
2023,2,25,9,30,107,3.1,8,9.700000000000001
2023,2,25,10,30,60,3.2,7,11.600000000000001
2023,2,25,11,30,104,3.5,8,13.9
2023,2,25,12,30,170,4.1000000000000005,7,16.5
2023,2,25,13,30,260,4.6000000000000005,7,18.8
2023,2,25,14,30,194,4.9,8,20.400000000000002
2023,2,25,15,30,144,5,5,21.200000000000003
2023,2,25,16,30,104,4.800000000000001,5,21
2023,2,25,17,30,68,4.1000000000000005,8,19
2023,2,25,18,30,8,4,8,16.6
2023,2,25,19,30,0,4.3,8,15.100000000000001
2023,2,25,20,30,0,4.1000000000000005,7,14.200000000000001
2023,2,25,21,30,0,3.5,8,13.8
2023,2,25,22,30,0,3,7,13.5
2023,2,25,23,30,0,2.5,8,13.200000000000001
2023,2,26,0,30,0,2.2,8,12.8
2023,2,26,1,30,0,1.9000000000000001,8,12.4
2023,2,26,2,30,0,2,5,12.200000000000001
2023,2,26,3,30,0,2,7,12.200000000000001
2023,2,26,4,30,0,1.9000000000000001,7,12.3
2023,2,26,5,30,0,1.9000000000000001,7,12.3
2023,2,26,6,30,0,2.4000000000000004,7,12.4
2023,2,26,7,30,5,3.3000000000000003,8,13.3
2023,2,26,8,30,70,3.8000000000000003,8,15.4
2023,2,26,9,30,93,3.7,5,18.3
2023,2,26,10,30,93,4.2,5,21.8
2023,2,26,11,30,134,5.800000000000001,5,25.6
2023,2,26,12,30,177,7.800000000000001,8,28.900000000000002
2023,2,26,13,30,638,9.4,8,31.1
2023,2,26,14,30,698,10.3,8,32.5
2023,2,26,15,30,551,10.8,8,33.1
2023,2,26,16,30,414,10.5,0,32.5
2023,2,26,17,30,206,9.5,0,29.900000000000002
2023,2,26,18,30,28,9.200000000000001,0,25.5
2023,2,26,19,30,0,9.8,0,21.1
2023,2,26,20,30,0,9.9,0,17.6
2023,2,26,21,30,0,9.3,0,15.100000000000001
2023,2,26,22,30,0,8.1,0,13.3
2023,2,26,23,30,0,7.1000000000000005,0,11.9
2023,2,27,0,30,0,6.300000000000001,0,10.600000000000001
2023,2,27,1,30,0,5.7,0,9.5
2023,2,27,2,30,0,5.2,0,8.6
2023,2,27,3,30,0,4.6000000000000005,0,7.7
2023,2,27,4,30,0,4.2,0,6.800000000000001
2023,2,27,5,30,0,4,0,6.2
2023,2,27,6,30,0,4.1000000000000005,0,6.1000000000000005
2023,2,27,7,30,29,4.800000000000001,0,7.6000000000000005
2023,2,27,8,30,227,5.7,0,10.9
2023,2,27,9,30,455,6.300000000000001,0,14.100000000000001
2023,2,27,10,30,535,6.5,3,16.8
2023,2,27,11,30,804,6.5,0,19.1
2023,2,27,12,30,876,6.4,0,21.1
2023,2,27,13,30,878,6.2,0,22.700000000000003
2023,2,27,14,30,762,5.9,0,23.700000000000003
2023,2,27,15,30,665,5.5,0,24.1
2023,2,27,16,30,469,4.3,0,23.1
2023,2,27,17,30,244,2.7,0,19.5
2023,2,27,18,30,35,2,0,16
2023,2,27,19,30,0,2.1,0,14.3
2023,2,27,20,30,0,2.3000000000000003,4,13.4
2023,2,27,21,30,0,2.4000000000000004,0,12.4
2023,2,27,22,30,0,2.3000000000000003,0,11.4
2023,2,27,23,30,0,2.3000000000000003,0,10.600000000000001
2023,2,28,0,30,0,2.4000000000000004,0,10.200000000000001
2023,2,28,1,30,0,2.3000000000000003,0,9.8
2023,2,28,2,30,0,2.1,0,9.3
2023,2,28,3,30,0,1.9000000000000001,0,8.5
2023,2,28,4,30,0,1.8,0,7.800000000000001
2023,2,28,5,30,0,1.8,0,7.4
2023,2,28,6,30,0,1.9000000000000001,0,7.800000000000001
2023,2,28,7,30,31,2.9000000000000004,0,11
2023,2,28,8,30,228,3.7,0,15.700000000000001
2023,2,28,9,30,362,4,8,20
2023,2,28,10,30,493,4.7,8,23.6
2023,2,28,11,30,632,4.800000000000001,7,25.6
2023,2,28,12,30,738,4.7,8,26.700000000000003
2023,2,28,13,30,747,4.6000000000000005,8,27.3
2023,2,28,14,30,621,4.5,7,27.8
2023,2,28,15,30,453,4.2,7,27.8
2023,2,28,16,30,395,2.9000000000000004,8,26.1
2023,2,28,17,30,238,1.6,8,22.8
2023,2,28,18,30,21,1.4000000000000001,7,20.8
2023,2,28,19,30,0,1.3,7,20.200000000000003
2023,2,28,20,30,0,1.2000000000000002,7,19.5
2023,2,28,21,30,0,1.5,8,18.400000000000002
2023,2,28,22,30,0,1.7000000000000002,8,16.7
2023,2,28,23,30,0,1.7000000000000002,7,15.200000000000001
2023,3,1,0,30,0,1.5,8,14.600000000000001
2023,3,1,1,30,0,1.6,8,14.200000000000001
2023,3,1,2,30,0,1.9000000000000001,3,13.700000000000001
2023,3,1,3,30,0,2.2,3,13
2023,3,1,4,30,0,2.2,0,11.8
2023,3,1,5,30,0,2,5,10.4
2023,3,1,6,30,0,1.9000000000000001,5,10.200000000000001
2023,3,1,7,30,11,2.6,5,12.200000000000001
2023,3,1,8,30,26,2.9000000000000004,7,15
2023,3,1,9,30,36,2.5,7,17.7
2023,3,1,10,30,84,2.3000000000000003,7,20.8
2023,3,1,11,30,360,3.2,7,23.700000000000003
2023,3,1,12,30,512,4.6000000000000005,8,25.8
2023,3,1,13,30,668,5.6000000000000005,8,26.900000000000002
2023,3,1,14,30,164,6.1000000000000005,7,27.200000000000003
2023,3,1,15,30,409,5.800000000000001,8,26.5
2023,3,1,16,30,404,4.2,8,24.6
2023,3,1,17,30,184,2.4000000000000004,8,21.3
2023,3,1,18,30,18,1.8,4,19
2023,3,1,19,30,0,1.9000000000000001,8,17.900000000000002
2023,3,1,20,30,0,2.3000000000000003,7,16.900000000000002
2023,3,1,21,30,0,2.9000000000000004,7,16.400000000000002
2023,3,1,22,30,0,3.4000000000000004,7,16.1
2023,3,1,23,30,0,3.6,7,15.700000000000001
2023,3,2,0,30,0,3.7,6,15.5
2023,3,2,1,30,0,3.6,6,15.4
2023,3,2,2,30,0,3.2,7,14.700000000000001
2023,3,2,3,30,0,2.6,7,13.600000000000001
2023,3,2,4,30,0,2,7,12.3
2023,3,2,5,30,0,1.7000000000000002,7,11.100000000000001
2023,3,2,6,30,0,1.7000000000000002,7,11
2023,3,2,7,30,26,2.6,8,13.600000000000001
2023,3,2,8,30,200,4,8,17.900000000000002
2023,3,2,9,30,445,5.2,0,21.200000000000003
2023,3,2,10,30,663,6.2,0,23.400000000000002
2023,3,2,11,30,760,7.1000000000000005,0,24.5
2023,3,2,12,30,873,8.4,0,24.700000000000003
2023,3,2,13,30,868,10.200000000000001,0,23.5
2023,3,2,14,30,788,11.700000000000001,0,20.5
2023,3,2,15,30,647,12.200000000000001,0,17.1
2023,3,2,16,30,455,11.8,0,14.3
2023,3,2,17,30,242,11.100000000000001,0,11.9
2023,3,2,18,30,37,10.100000000000001,0,9.600000000000001
2023,3,2,19,30,0,9.1,0,8.200000000000001
2023,3,2,20,30,0,8.200000000000001,0,7.4
2023,3,2,21,30,0,7.800000000000001,5,7.1000000000000005
2023,3,2,22,30,0,7.800000000000001,5,7.2
2023,3,2,23,30,0,7.4,0,7.5
2023,3,3,0,30,0,6.5,0,7.4
2023,3,3,1,30,0,5.5,0,6.9
2023,3,3,2,30,0,5.1000000000000005,0,6.300000000000001
2023,3,3,3,30,0,5.1000000000000005,0,5.9
2023,3,3,4,30,0,5,0,5.5
2023,3,3,5,30,0,4.800000000000001,0,5.1000000000000005
2023,3,3,6,30,0,4.7,0,5
2023,3,3,7,30,35,5.1000000000000005,0,6.5
2023,3,3,8,30,247,5.6000000000000005,0,9.700000000000001
2023,3,3,9,30,475,5.7,0,13.5
2023,3,3,10,30,674,5.6000000000000005,0,16.5
2023,3,3,11,30,818,5.4,0,18.5
2023,3,3,12,30,895,5.1000000000000005,0,20
2023,3,3,13,30,896,4.800000000000001,0,21.200000000000003
2023,3,3,14,30,824,4.4,0,22
2023,3,3,15,30,684,4,0,22.200000000000003
2023,3,3,16,30,489,3,0,21.400000000000002
2023,3,3,17,30,260,1.8,0,18.5
2023,3,3,18,30,43,1.3,0,15.8
2023,3,3,19,30,0,1.4000000000000001,0,14.600000000000001
2023,3,3,20,30,0,1.5,0,13.200000000000001
2023,3,3,21,30,0,1.7000000000000002,0,11.600000000000001
2023,3,3,22,30,0,1.8,0,10.200000000000001
2023,3,3,23,30,0,1.9000000000000001,0,9.1
2023,3,4,0,30,0,1.9000000000000001,0,8.3
2023,3,4,1,30,0,1.9000000000000001,0,7.800000000000001
2023,3,4,2,30,0,2,0,7.4
2023,3,4,3,30,0,2,0,7.1000000000000005
2023,3,4,4,30,0,2.1,0,6.800000000000001
2023,3,4,5,30,0,2.1,0,6.4
2023,3,4,6,30,0,2.3000000000000003,0,6.7
2023,3,4,7,30,40,3.4000000000000004,0,9.200000000000001
2023,3,4,8,30,254,4.1000000000000005,0,12.8
2023,3,4,9,30,483,3.6,0,16.400000000000002
2023,3,4,10,30,678,2.8000000000000003,0,19.700000000000003
2023,3,4,11,30,818,2.1,0,22
2023,3,4,12,30,890,2.1,0,23.5
2023,3,4,13,30,891,2.4000000000000004,0,24.400000000000002
2023,3,4,14,30,819,2.6,0,24.8
2023,3,4,15,30,678,2.4000000000000004,0,24.700000000000003
2023,3,4,16,30,484,1.6,0,23.8
2023,3,4,17,30,256,0.7000000000000001,0,21.8
2023,3,4,18,30,43,0.9,0,18.900000000000002
2023,3,4,19,30,0,1.4000000000000001,0,16.5
2023,3,4,20,30,0,1.8,0,14.8
2023,3,4,21,30,0,2.2,0,13.600000000000001
2023,3,4,22,30,0,2.7,0,12.700000000000001
2023,3,4,23,30,0,3.3000000000000003,0,12.3
2023,3,5,0,30,0,4,0,12.3
2023,3,5,1,30,0,4.6000000000000005,0,12.3
2023,3,5,2,30,0,4.800000000000001,0,11.8
2023,3,5,3,30,0,4.3,0,10.9
2023,3,5,4,30,0,3.7,0,9.8
2023,3,5,5,30,0,3.2,0,8.9
2023,3,5,6,30,0,3.1,0,8.8
2023,3,5,7,30,43,3.8000000000000003,0,11.100000000000001
2023,3,5,8,30,260,4.3,0,15.100000000000001
2023,3,5,9,30,491,4,0,19.6
2023,3,5,10,30,615,3.8000000000000003,0,23.900000000000002
2023,3,5,11,30,664,3.7,8,27.1
2023,3,5,12,30,847,3.5,0,29
2023,3,5,13,30,851,3.5,0,30.1
2023,3,5,14,30,830,3.3000000000000003,0,30.6
2023,3,5,15,30,682,3.1,0,30.5
2023,3,5,16,30,488,2.3000000000000003,0,28.900000000000002
2023,3,5,17,30,252,1.4000000000000001,0,25.3
2023,3,5,18,30,37,1.4000000000000001,8,21.900000000000002
2023,3,5,19,30,0,1.7000000000000002,7,19.900000000000002
2023,3,5,20,30,0,2,8,18.3
2023,3,5,21,30,0,2.3000000000000003,0,16.900000000000002
2023,3,5,22,30,0,2.5,0,15.5
2023,3,5,23,30,0,2.5,0,14.100000000000001
2023,3,6,0,30,0,2.5,0,13
2023,3,6,1,30,0,2.4000000000000004,0,12.100000000000001
2023,3,6,2,30,0,2.1,0,11.3
2023,3,6,3,30,0,1.9000000000000001,0,10.8
2023,3,6,4,30,0,1.6,0,10.4
2023,3,6,5,30,0,1.6,0,10.200000000000001
2023,3,6,6,30,0,1.6,0,10.600000000000001
2023,3,6,7,30,42,2.1,0,13.200000000000001
2023,3,6,8,30,185,2.6,8,17.1
2023,3,6,9,30,445,2.6,0,21
2023,3,6,10,30,603,2.7,0,25.200000000000003
2023,3,6,11,30,696,2.8000000000000003,0,28.5
2023,3,6,12,30,738,2.8000000000000003,8,30.3
2023,3,6,13,30,843,2.6,0,31.1
2023,3,6,14,30,809,2.4000000000000004,0,31.3
2023,3,6,15,30,675,2,0,31
2023,3,6,16,30,484,1.2000000000000002,0,29.900000000000002
2023,3,6,17,30,260,0.7000000000000001,0,27.400000000000002
2023,3,6,18,30,47,0.8,0,24.700000000000003
2023,3,6,19,30,0,1,0,22.900000000000002
2023,3,6,20,30,0,1.2000000000000002,0,21.200000000000003
2023,3,6,21,30,0,1.5,0,19.3
2023,3,6,22,30,0,1.8,0,17.5
2023,3,6,23,30,0,2,0,16.1
2023,3,7,0,30,0,2.1,0,15.100000000000001
2023,3,7,1,30,0,1.9000000000000001,0,14.4
2023,3,7,2,30,0,1.7000000000000002,0,13.9
2023,3,7,3,30,0,1.6,0,13.4
2023,3,7,4,30,0,1.5,0,13.100000000000001
2023,3,7,5,30,0,1.4000000000000001,0,12.700000000000001
2023,3,7,6,30,0,1.3,0,12.8
2023,3,7,7,30,35,1.8,8,14.9
2023,3,7,8,30,192,2.4000000000000004,3,18.3
2023,3,7,9,30,290,2.5,3,21.5
2023,3,7,10,30,380,2.6,8,24.200000000000003
2023,3,7,11,30,548,2.8000000000000003,8,26.400000000000002
2023,3,7,12,30,673,3,8,28.1
2023,3,7,13,30,737,3,8,29.5
2023,3,7,14,30,670,2.8000000000000003,8,30.3
2023,3,7,15,30,500,2.1,7,30.1
2023,3,7,16,30,230,1.1,7,28.5
2023,3,7,17,30,85,0.8,7,26.1
2023,3,7,18,30,31,1.1,7,24
2023,3,7,19,30,0,1.2000000000000002,8,22.700000000000003
2023,3,7,20,30,0,1.3,7,21.700000000000003
2023,3,7,21,30,0,1.4000000000000001,0,20.400000000000002
2023,3,7,22,30,0,1.4000000000000001,7,19
2023,3,7,23,30,0,1.3,8,17.900000000000002
2023,3,8,0,30,0,1.2000000000000002,0,16.7
2023,3,8,1,30,0,1.2000000000000002,0,15.700000000000001
2023,3,8,2,30,0,1.2000000000000002,0,15.4
2023,3,8,3,30,0,1.2000000000000002,7,15.4
2023,3,8,4,30,0,1.1,8,15.200000000000001
2023,3,8,5,30,0,1.1,0,15
2023,3,8,6,30,0,1.3,7,15.200000000000001
2023,3,8,7,30,19,2,8,16.2
2023,3,8,8,30,73,2.7,8,17.8
2023,3,8,9,30,11,3,8,19.200000000000003
2023,3,8,10,30,54,3.2,8,20.5
2023,3,8,11,30,132,3.1,8,21.900000000000002
2023,3,8,12,30,307,2.8000000000000003,8,23.3
2023,3,8,13,30,425,2.3000000000000003,3,24
2023,3,8,14,30,394,2.2,7,24.200000000000003
2023,3,8,15,30,255,2.6,7,24.200000000000003
2023,3,8,16,30,148,2.9000000000000004,7,23.900000000000002
2023,3,8,17,30,120,2.9000000000000004,8,22.3
2023,3,8,18,30,31,3.3000000000000003,8,20.1
2023,3,8,19,30,0,4,0,18.400000000000002
2023,3,8,20,30,0,4,0,17.1
2023,3,8,21,30,0,3.5,0,16.1
2023,3,8,22,30,0,2.9000000000000004,0,15.3
2023,3,8,23,30,0,2.4000000000000004,7,14.700000000000001
2023,3,9,0,30,0,2.2,8,14.3
2023,3,9,1,30,0,2,8,13.9
2023,3,9,2,30,0,2,7,13.600000000000001
2023,3,9,3,30,0,2.1,7,13.5
2023,3,9,4,30,0,2.2,7,13.4
2023,3,9,5,30,0,2.1,7,13.4
2023,3,9,6,30,0,2.3000000000000003,7,13.9
2023,3,9,7,30,20,2.9000000000000004,8,15.200000000000001
2023,3,9,8,30,75,3.3000000000000003,8,17.1
2023,3,9,9,30,118,3.1,8,19.200000000000003
2023,3,9,10,30,266,2.8000000000000003,8,21.400000000000002
2023,3,9,11,30,415,2.7,8,23.3
2023,3,9,12,30,701,3.1,8,24.6
2023,3,9,13,30,644,3.8000000000000003,7,25.400000000000002
2023,3,9,14,30,529,4.2,7,25.6
2023,3,9,15,30,408,4.2,7,25
2023,3,9,16,30,370,4,7,23.8
2023,3,9,17,30,70,3.2,9,21.700000000000003
2023,3,9,18,30,35,2.4000000000000004,7,19.5
2023,3,9,19,30,0,2.1,6,18.1
2023,3,9,20,30,0,2.2,7,17
2023,3,9,21,30,0,2.4000000000000004,8,16
2023,3,9,22,30,0,2.7,0,15.100000000000001
2023,3,9,23,30,0,3.3000000000000003,0,14.100000000000001
2023,3,10,0,30,0,3.9000000000000004,0,13.200000000000001
2023,3,10,1,30,0,4.6000000000000005,0,12.4
2023,3,10,2,30,0,4.800000000000001,5,11.600000000000001
2023,3,10,3,30,0,4.6000000000000005,0,11.100000000000001
2023,3,10,4,30,0,4.3,0,10.600000000000001
2023,3,10,5,30,0,3.9000000000000004,0,10.200000000000001
2023,3,10,6,30,0,3.5,0,10.100000000000001
2023,3,10,7,30,48,3.2,0,10.700000000000001
2023,3,10,8,30,77,2.7,3,12.200000000000001
2023,3,10,9,30,73,2.2,3,13.9
2023,3,10,10,30,238,2.1,3,16
2023,3,10,11,30,272,2.7,3,18.7
2023,3,10,12,30,412,3.5,3,21.6
2023,3,10,13,30,627,4,3,24.1
2023,3,10,14,30,801,4.2,0,26
2023,3,10,15,30,664,4.3,0,27.1
2023,3,10,16,30,475,4.1000000000000005,0,27
2023,3,10,17,30,255,3.5,0,24.700000000000003
2023,3,10,18,30,50,3.5,0,22
2023,3,10,19,30,0,4.4,0,20.8
2023,3,10,20,30,0,4.9,0,20
2023,3,10,21,30,0,5.1000000000000005,0,19.1
2023,3,10,22,30,0,5.1000000000000005,0,18.2
2023,3,10,23,30,0,4.800000000000001,8,17.5
2023,3,11,0,30,0,4.3,0,16.900000000000002
2023,3,11,1,30,0,3.8000000000000003,3,16.2
2023,3,11,2,30,0,3.4000000000000004,8,15.600000000000001
2023,3,11,3,30,0,2.9000000000000004,0,15.100000000000001
2023,3,11,4,30,0,2.6,0,14.5
2023,3,11,5,30,0,2.6,8,14.100000000000001
2023,3,11,6,30,0,3.1,7,14.700000000000001
2023,3,11,7,30,32,4.1000000000000005,7,16.900000000000002
2023,3,11,8,30,201,5.1000000000000005,8,20.700000000000003
2023,3,11,9,30,400,6.800000000000001,8,24.900000000000002
2023,3,11,10,30,690,7.9,0,27.700000000000003
2023,3,11,11,30,792,7.800000000000001,0,29.3
2023,3,11,12,30,896,7.7,0,30.6
2023,3,11,13,30,893,7.9,0,31.400000000000002
2023,3,11,14,30,816,7.9,0,31.700000000000003
2023,3,11,15,30,539,7.9,8,31.3
2023,3,11,16,30,479,7.6000000000000005,0,30.200000000000003
2023,3,11,17,30,247,6.300000000000001,0,28
2023,3,11,18,30,51,4.9,0,25.200000000000003
2023,3,11,19,30,0,4.5,3,23.400000000000002
2023,3,11,20,30,0,4.4,8,22.700000000000003
2023,3,11,21,30,0,4.5,0,22.3
2023,3,11,22,30,0,4.6000000000000005,7,21.6
2023,3,11,23,30,0,4.6000000000000005,7,20.5
2023,3,12,0,30,0,4.5,8,19.3
2023,3,12,1,30,0,4.2,0,18
2023,3,12,2,30,0,4,8,16.7
2023,3,12,3,30,0,3.6,8,15.4
2023,3,12,4,30,0,3.2,8,14.4
2023,3,12,5,30,0,2.8000000000000003,0,13.5
2023,3,12,6,30,0,2.8000000000000003,0,12.9
2023,3,12,7,30,58,3.3000000000000003,0,13.700000000000001
2023,3,12,8,30,234,3.5,3,15.5
2023,3,12,9,30,490,3.3000000000000003,0,17.7
2023,3,12,10,30,671,3.6,0,20
2023,3,12,11,30,685,4.1000000000000005,8,22.400000000000002
2023,3,12,12,30,893,4.5,0,24.400000000000002
2023,3,12,13,30,892,4.5,0,25.400000000000002
2023,3,12,14,30,634,4.2,7,25.6
2023,3,12,15,30,464,3.6,6,25.1
2023,3,12,16,30,418,2.9000000000000004,8,24.1
2023,3,12,17,30,259,2.4000000000000004,8,22.3
2023,3,12,18,30,40,2.7,8,20
2023,3,12,19,30,0,3.5,7,18
2023,3,12,20,30,0,4.3,7,16
2023,3,12,21,30,0,5,7,14.200000000000001
2023,3,12,22,30,0,5.1000000000000005,7,12.8
2023,3,12,23,30,0,4.5,7,11.8
2023,3,13,0,30,0,3.9000000000000004,7,11.200000000000001
2023,3,13,1,30,0,3.7,6,10.8
2023,3,13,2,30,0,3.6,8,10.3
2023,3,13,3,30,0,3.3000000000000003,0,9.600000000000001
2023,3,13,4,30,0,3.2,0,8.9
2023,3,13,5,30,0,3.4000000000000004,0,8.4
2023,3,13,6,30,0,4.1000000000000005,0,8.3
2023,3,13,7,30,64,5,0,9.9
2023,3,13,8,30,280,5.7,0,12.8
2023,3,13,9,30,504,5.6000000000000005,0,15.600000000000001
2023,3,13,10,30,695,5.1000000000000005,0,18.1
2023,3,13,11,30,829,4.5,0,20.400000000000002
2023,3,13,12,30,899,3.8000000000000003,0,22.200000000000003
2023,3,13,13,30,895,3.4000000000000004,0,23.5
2023,3,13,14,30,816,3.5,0,24.200000000000003
2023,3,13,15,30,635,4.1000000000000005,0,24.200000000000003
2023,3,13,16,30,486,4.9,0,23.3
2023,3,13,17,30,259,5.1000000000000005,0,21.1
2023,3,13,18,30,54,4.800000000000001,0,18.5
2023,3,13,19,30,0,4.5,0,16.8
2023,3,13,20,30,0,4.2,5,15.600000000000001
2023,3,13,21,30,0,4.1000000000000005,0,14.4
2023,3,13,22,30,0,4.2,0,13.4
2023,3,13,23,30,0,4.3,0,12.4
2023,3,14,0,30,0,4.4,0,11.5
2023,3,14,1,30,0,4.4,0,10.600000000000001
2023,3,14,2,30,0,4.2,0,9.8
2023,3,14,3,30,0,4,0,9
2023,3,14,4,30,0,3.8000000000000003,7,8.4
2023,3,14,5,30,0,3.7,7,7.800000000000001
2023,3,14,6,30,0,3.7,8,7.7
2023,3,14,7,30,66,4.3,0,9.200000000000001
2023,3,14,8,30,234,4.800000000000001,0,12.200000000000001
2023,3,14,9,30,457,4.6000000000000005,0,15.200000000000001
2023,3,14,10,30,689,4,0,17.900000000000002
2023,3,14,11,30,828,3.5,0,20.200000000000003
2023,3,14,12,30,901,2.8000000000000003,0,22.3
2023,3,14,13,30,901,2,0,23.700000000000003
2023,3,14,14,30,830,1.4000000000000001,0,24.5
2023,3,14,15,30,690,1.3,0,24.700000000000003
2023,3,14,16,30,496,1.8,0,24.200000000000003
2023,3,14,17,30,270,2.3000000000000003,0,21.900000000000002
2023,3,14,18,30,57,3.3000000000000003,0,18.900000000000002
2023,3,14,19,30,0,4.9,0,17.1
2023,3,14,20,30,0,5.800000000000001,7,15.700000000000001
2023,3,14,21,30,0,5.9,0,14.5
2023,3,14,22,30,0,5.800000000000001,0,13.5
2023,3,14,23,30,0,5.9,0,12.8
2023,3,15,0,30,0,6.1000000000000005,0,12.5
2023,3,15,1,30,0,6.1000000000000005,0,12.5
2023,3,15,2,30,0,6,0,12.4
2023,3,15,3,30,0,5.9,3,12.4
2023,3,15,4,30,0,5.9,0,12.200000000000001
2023,3,15,5,30,0,5.7,0,12
2023,3,15,6,30,0,5.9,0,12.100000000000001
2023,3,15,7,30,67,6.6000000000000005,0,13.5
2023,3,15,8,30,100,7.300000000000001,3,16.3
2023,3,15,9,30,219,7.300000000000001,3,19.400000000000002
2023,3,15,10,30,357,7.1000000000000005,3,22.5
2023,3,15,11,30,675,7,0,25.3
2023,3,15,12,30,661,6.800000000000001,7,27.400000000000002
2023,3,15,13,30,679,6.800000000000001,8,28.700000000000003
2023,3,15,14,30,470,6.800000000000001,6,29.200000000000003
2023,3,15,15,30,296,6.7,9,28.700000000000003
2023,3,15,16,30,350,6.7,8,27.200000000000003
2023,3,15,17,30,74,6.800000000000001,6,24.5
2023,3,15,18,30,37,7.2,8,21.1
2023,3,15,19,30,0,7.300000000000001,8,18.3
2023,3,15,20,30,0,6.5,7,16.8
2023,3,15,21,30,0,5.9,7,16.400000000000002
2023,3,15,22,30,0,5.7,7,16.400000000000002
2023,3,15,23,30,0,5.7,7,16.400000000000002
2023,3,16,0,30,0,5.5,6,16.1
2023,3,16,1,30,0,4.9,7,15.9
2023,3,16,2,30,0,4.1000000000000005,7,15.700000000000001
2023,3,16,3,30,0,3.4000000000000004,0,15.4
2023,3,16,4,30,0,2.8000000000000003,0,15
2023,3,16,5,30,0,2.6,0,14.4
2023,3,16,6,30,0,3,0,14.8
2023,3,16,7,30,52,3.8000000000000003,8,16.7
2023,3,16,8,30,272,4.4,0,19
2023,3,16,9,30,452,5.4,8,21.200000000000003
2023,3,16,10,30,582,6.9,8,23.1
2023,3,16,11,30,645,7.6000000000000005,8,24.1
2023,3,16,12,30,730,7.7,8,24.6
2023,3,16,13,30,765,7.6000000000000005,8,25.5
2023,3,16,14,30,455,7.5,6,26.200000000000003
2023,3,16,15,30,414,7.2,6,25.6
2023,3,16,16,30,241,6.800000000000001,6,24
2023,3,16,17,30,74,6.4,6,21.6
2023,3,16,18,30,18,5.4,6,19.3
2023,3,16,19,30,0,4.3,6,17.5
2023,3,16,20,30,0,4.2,6,15.8
2023,3,16,21,30,0,5.1000000000000005,6,13.8
2023,3,16,22,30,0,6.4,6,11.3
2023,3,16,23,30,0,7,7,8.6
2023,3,17,0,30,0,6.9,8,6.7
2023,3,17,1,30,0,6.6000000000000005,8,5.6000000000000005
2023,3,17,2,30,0,6.4,4,4.800000000000001
2023,3,17,3,30,0,6.1000000000000005,0,4.2
2023,3,17,4,30,0,5.6000000000000005,4,3.7
2023,3,17,5,30,0,4.9,4,3.3000000000000003
2023,3,17,6,30,0,4.5,0,3.4000000000000004
2023,3,17,7,30,78,4.6000000000000005,0,4.2
2023,3,17,8,30,290,4.6000000000000005,0,5.1000000000000005
2023,3,17,9,30,524,4.3,0,6.300000000000001
2023,3,17,10,30,712,3.9000000000000004,0,8.200000000000001
2023,3,17,11,30,601,3.4000000000000004,5,10.4
2023,3,17,12,30,552,3,4,12.100000000000001
2023,3,17,13,30,921,2.6,0,13.200000000000001
2023,3,17,14,30,765,2.3000000000000003,8,13.4
2023,3,17,15,30,569,2.2,8,13
2023,3,17,16,30,391,2.1,8,12.3
2023,3,17,17,30,159,2.1,8,11.5
2023,3,17,18,30,43,2,8,10.700000000000001
2023,3,17,19,30,0,2.2,7,10.100000000000001
2023,3,17,20,30,0,2.4000000000000004,7,9.600000000000001
2023,3,17,21,30,0,2.6,7,9.1
2023,3,17,22,30,0,2.9000000000000004,6,8.700000000000001
2023,3,17,23,30,0,3.4000000000000004,6,8.1
2023,3,18,0,30,0,3.9000000000000004,6,7.4
2023,3,18,1,30,0,4.1000000000000005,7,6.5
2023,3,18,2,30,0,4.3,8,5.5
2023,3,18,3,30,0,4.3,8,4.6000000000000005
2023,3,18,4,30,0,3.9000000000000004,7,4
2023,3,18,5,30,0,3.4000000000000004,7,3.7
2023,3,18,6,30,0,3,7,3.7
2023,3,18,7,30,28,2.8000000000000003,7,4.2
2023,3,18,8,30,63,3,7,5.4
2023,3,18,9,30,152,3.5,7,6.6000000000000005
2023,3,18,10,30,324,4,7,7.800000000000001
2023,3,18,11,30,505,4.4,7,9.1
2023,3,18,12,30,545,4.4,7,10.200000000000001
2023,3,18,13,30,546,4.3,8,11.100000000000001
2023,3,18,14,30,641,4.3,8,11.600000000000001
2023,3,18,15,30,425,4.1000000000000005,8,11.8
2023,3,18,16,30,402,3.9000000000000004,8,11.4
2023,3,18,17,30,84,3.2,5,10
2023,3,18,18,30,58,2.3000000000000003,3,7.7
2023,3,18,19,30,0,2.2,8,5.9
2023,3,18,20,30,0,2.6,7,5
2023,3,18,21,30,0,3,8,4.3
2023,3,18,22,30,0,3.3000000000000003,8,4
2023,3,18,23,30,0,3.2,8,3.9000000000000004
2023,3,19,0,30,0,2.9000000000000004,7,3.7
2023,3,19,1,30,0,2.6,7,3.6
2023,3,19,2,30,0,2.1,6,3.4000000000000004
2023,3,19,3,30,0,1.6,7,3.1
2023,3,19,4,30,0,1.2000000000000002,7,2.8000000000000003
2023,3,19,5,30,0,1.1,7,2.3000000000000003
2023,3,19,6,30,0,1.4000000000000001,8,2.6
2023,3,19,7,30,80,2.6,0,4.800000000000001
2023,3,19,8,30,324,3.8000000000000003,0,7.800000000000001
2023,3,19,9,30,552,4.4,0,10.200000000000001
2023,3,19,10,30,743,4.9,0,11.9
2023,3,19,11,30,745,5.300000000000001,8,13.3
2023,3,19,12,30,927,5.6000000000000005,0,14.3
2023,3,19,13,30,852,5.800000000000001,8,14.9
2023,3,19,14,30,752,5.9,8,14.9
2023,3,19,15,30,615,6,8,14.3
2023,3,19,16,30,497,6,0,13.100000000000001
2023,3,19,17,30,282,5.7,0,11.3
2023,3,19,18,30,57,5,3,9.200000000000001
2023,3,19,19,30,0,4.7,7,7.6000000000000005
2023,3,19,20,30,0,4.800000000000001,7,6.5
2023,3,19,21,30,0,4.9,8,5.9
2023,3,19,22,30,0,5.1000000000000005,0,5.5
2023,3,19,23,30,0,5.2,8,5.1000000000000005
2023,3,20,0,30,0,5.1000000000000005,7,4.7
2023,3,20,1,30,0,4.800000000000001,7,4.4
2023,3,20,2,30,0,4.4,8,4
2023,3,20,3,30,0,4.1000000000000005,4,3.6
2023,3,20,4,30,0,4,8,3.3000000000000003
2023,3,20,5,30,0,4,8,2.9000000000000004
2023,3,20,6,30,0,4.3,5,3.1
2023,3,20,7,30,71,5,8,5
2023,3,20,8,30,153,5.7,8,8.200000000000001
2023,3,20,9,30,173,6.1000000000000005,8,11.5
2023,3,20,10,30,348,6.2,8,14.600000000000001
2023,3,20,11,30,492,6.1000000000000005,8,17.400000000000002
2023,3,20,12,30,837,5.9,0,19.8
2023,3,20,13,30,873,5.800000000000001,0,21.6
2023,3,20,14,30,786,5.9,8,22.5
2023,3,20,15,30,650,6.1000000000000005,0,22.5
2023,3,20,16,30,468,6.1000000000000005,8,21.6
2023,3,20,17,30,278,5.800000000000001,0,19.700000000000003
2023,3,20,18,30,46,5.9,3,17.1
2023,3,20,19,30,0,6.7,6,14.5
2023,3,20,20,30,0,7.4,0,12.100000000000001
2023,3,20,21,30,0,7.300000000000001,0,10.3
2023,3,20,22,30,0,7,8,9.1
2023,3,20,23,30,0,6.7,3,8.6
2023,3,21,0,30,0,6.4,0,8.4
2023,3,21,1,30,0,5.9,0,8.4
2023,3,21,2,30,0,5.300000000000001,0,8.4
2023,3,21,3,30,0,4.800000000000001,0,8.3
2023,3,21,4,30,0,4.5,0,8.3
2023,3,21,5,30,0,4,7,8.5
2023,3,21,6,30,0,3.9000000000000004,7,9.5
2023,3,21,7,30,63,4,8,12.3
2023,3,21,8,30,310,4.1000000000000005,0,16.7
2023,3,21,9,30,537,4.3,0,21.3
2023,3,21,10,30,726,4.4,0,24.5
2023,3,21,11,30,858,4.7,0,26.5
2023,3,21,12,30,916,5.300000000000001,0,27.900000000000002
2023,3,21,13,30,892,5.7,0,28.900000000000002
2023,3,21,14,30,588,6,7,29.3
2023,3,21,15,30,425,6,6,29.200000000000003
2023,3,21,16,30,336,5.4,7,28.5
2023,3,21,17,30,139,3.7,6,25.700000000000003
2023,3,21,18,30,35,2.7,6,22
2023,3,21,19,30,0,3.7,7,20.5
2023,3,21,20,30,0,4.7,7,19.8
2023,3,21,21,30,0,4.9,7,18.8
2023,3,21,22,30,0,4.7,7,17.5
2023,3,21,23,30,0,4.2,6,16.2
2023,3,22,0,30,0,3.6,7,15.100000000000001
2023,3,22,1,30,0,3,7,14.100000000000001
2023,3,22,2,30,0,2.5,7,13.4
2023,3,22,3,30,0,2.3000000000000003,7,12.8
2023,3,22,4,30,0,2.1,7,12.4
2023,3,22,5,30,0,1.9000000000000001,7,12.100000000000001
2023,3,22,6,30,0,2,7,13.100000000000001
2023,3,22,7,30,51,2.7,7,16.1
2023,3,22,8,30,228,3.2,8,20.1
2023,3,22,9,30,525,3.4000000000000004,0,23.900000000000002
2023,3,22,10,30,701,3.8000000000000003,0,27.200000000000003
2023,3,22,11,30,699,4.6000000000000005,8,29.700000000000003
2023,3,22,12,30,775,5.300000000000001,8,31.5
2023,3,22,13,30,775,6,8,32.7
2023,3,22,14,30,708,6.4,7,33.1
2023,3,22,15,30,498,6.4,7,32.7
2023,3,22,16,30,429,5.6000000000000005,7,31.6
2023,3,22,17,30,259,3.6,8,28.3
2023,3,22,18,30,54,2,3,24
2023,3,22,19,30,0,1.7000000000000002,8,21.8
2023,3,22,20,30,0,1.9000000000000001,8,20.900000000000002
2023,3,22,21,30,0,2.4000000000000004,7,20.1
2023,3,22,22,30,0,3,7,19.200000000000003
2023,3,22,23,30,0,3.3000000000000003,8,18.400000000000002
2023,3,23,0,30,0,3.4000000000000004,7,17.8
2023,3,23,1,30,0,3.3000000000000003,0,17
2023,3,23,2,30,0,2.9000000000000004,0,16.400000000000002
2023,3,23,3,30,0,2.4000000000000004,0,15.9
2023,3,23,4,30,0,2,0,15.600000000000001
2023,3,23,5,30,0,1.7000000000000002,0,15.200000000000001
2023,3,23,6,30,0,2.1,0,15.5
2023,3,23,7,30,55,3.1,3,17.5
2023,3,23,8,30,246,3.7,3,20.5
2023,3,23,9,30,429,3.7,8,23.8
2023,3,23,10,30,626,3.7,3,26.700000000000003
2023,3,23,11,30,712,3.5,8,29
2023,3,23,12,30,855,3.4000000000000004,8,30.700000000000003
2023,3,23,13,30,777,3.8000000000000003,7,32
2023,3,23,14,30,729,4.4,8,32.7
2023,3,23,15,30,612,5.2,8,32.7
2023,3,23,16,30,481,5.6000000000000005,8,31.700000000000003
2023,3,23,17,30,291,4.800000000000001,0,29.1
2023,3,23,18,30,59,3.4000000000000004,8,25.6
2023,3,23,19,30,0,2.7,8,23.200000000000003
2023,3,23,20,30,0,2.7,8,21.700000000000003
2023,3,23,21,30,0,3,0,20.5
2023,3,23,22,30,0,3.3000000000000003,6,19.3
2023,3,23,23,30,0,3.1,0,17.7
2023,3,24,0,30,0,2.8000000000000003,3,16.1
2023,3,24,1,30,0,2.6,3,14.9
2023,3,24,2,30,0,2.8000000000000003,3,14
2023,3,24,3,30,0,3.2,3,13.3
2023,3,24,4,30,0,3.7,0,12.4
2023,3,24,5,30,0,3.8000000000000003,0,11.3
2023,3,24,6,30,0,4.1000000000000005,0,11.100000000000001
2023,3,24,7,30,118,4.3,0,13.100000000000001
2023,3,24,8,30,356,4.4,0,16.900000000000002
2023,3,24,9,30,586,5.5,0,20.1
2023,3,24,10,30,777,6.7,0,21.8
2023,3,24,11,30,909,7.6000000000000005,0,23
2023,3,24,12,30,970,8.5,0,23.700000000000003
2023,3,24,13,30,973,9.200000000000001,0,23.900000000000002
2023,3,24,14,30,891,9.600000000000001,0,23.6
2023,3,24,15,30,747,9.600000000000001,0,22.900000000000002
2023,3,24,16,30,550,9.3,0,21.8
2023,3,24,17,30,313,8.3,0,20.1
2023,3,24,18,30,82,6.9,0,18.1
2023,3,24,19,30,0,6.1000000000000005,0,16.5
2023,3,24,20,30,0,5.800000000000001,0,15.5
2023,3,24,21,30,0,5.5,0,14.600000000000001
2023,3,24,22,30,0,5.1000000000000005,0,13.8
2023,3,24,23,30,0,4.7,0,13
2023,3,25,0,30,0,4.5,0,12.200000000000001
2023,3,25,1,30,0,4.5,0,11.5
2023,3,25,2,30,0,4.7,0,10.9
2023,3,25,3,30,0,4.800000000000001,0,10.3
2023,3,25,4,30,0,4.5,0,9.3
2023,3,25,5,30,0,3.9000000000000004,0,8.3
2023,3,25,6,30,0,3.9000000000000004,0,8.4
2023,3,25,7,30,121,4.4,0,10.700000000000001
2023,3,25,8,30,358,4.9,0,14.3
2023,3,25,9,30,590,5,0,17.5
2023,3,25,10,30,783,4.4,0,19.400000000000002
2023,3,25,11,30,919,4,0,21
2023,3,25,12,30,981,3.8000000000000003,0,22.200000000000003
2023,3,25,13,30,976,3.6,0,23.1
2023,3,25,14,30,894,3.4000000000000004,0,23.700000000000003
2023,3,25,15,30,745,3.1,0,24
2023,3,25,16,30,547,2.8000000000000003,0,23.8
2023,3,25,17,30,313,1.8,0,22.1
2023,3,25,18,30,84,1,0,19.5
2023,3,25,19,30,0,1.1,0,17.8
2023,3,25,20,30,0,1.3,0,16.5
2023,3,25,21,30,0,1.5,0,15.3
2023,3,25,22,30,0,1.6,0,14.4
2023,3,25,23,30,0,1.6,0,13.600000000000001
2023,3,26,0,30,0,1.6,0,12.9
2023,3,26,1,30,0,1.6,0,12
2023,3,26,2,30,0,1.4000000000000001,0,11
2023,3,26,3,30,0,1.3,0,10.4
2023,3,26,4,30,0,1,0,10.100000000000001
2023,3,26,5,30,0,1,0,9.3
2023,3,26,6,30,0,1.5,0,9.600000000000001
2023,3,26,7,30,123,2.4000000000000004,0,11.9
2023,3,26,8,30,360,3.4000000000000004,0,14.8
2023,3,26,9,30,591,4.3,0,17.5
2023,3,26,10,30,786,5.300000000000001,0,20.200000000000003
2023,3,26,11,30,924,6.1000000000000005,0,22.400000000000002
2023,3,26,12,30,998,6.4,0,23.900000000000002
2023,3,26,13,30,993,6.300000000000001,0,24.700000000000003
2023,3,26,14,30,903,5.800000000000001,0,25.1
2023,3,26,15,30,765,5.1000000000000005,0,25.200000000000003
2023,3,26,16,30,563,4.1000000000000005,0,24.6
2023,3,26,17,30,326,2.5,0,22
2023,3,26,18,30,90,1.3,0,18.7
2023,3,26,19,30,0,1.2000000000000002,0,17.400000000000002
2023,3,26,20,30,0,1.1,0,17.2
2023,3,26,21,30,0,1.1,0,16.400000000000002
2023,3,26,22,30,0,1.3,7,14.8
2023,3,26,23,30,0,1.5,7,12.9
2023,3,27,0,30,0,1.7000000000000002,7,11.100000000000001
2023,3,27,1,30,0,1.8,7,9.8
2023,3,27,2,30,0,1.9000000000000001,0,8.8
2023,3,27,3,30,0,1.8,0,7.800000000000001
2023,3,27,4,30,0,1.5,0,7
2023,3,27,5,30,0,1.4000000000000001,0,6.5
2023,3,27,6,30,0,1.7000000000000002,0,7.300000000000001
2023,3,27,7,30,124,2.5,0,9.700000000000001
2023,3,27,8,30,354,2.8000000000000003,0,13.100000000000001
2023,3,27,9,30,580,2.2,0,16.6
2023,3,27,10,30,766,1.4000000000000001,0,19.6
2023,3,27,11,30,892,1.5,0,22.200000000000003
2023,3,27,12,30,948,2.5,0,24.200000000000003
2023,3,27,13,30,953,3.4000000000000004,0,25.5
2023,3,27,14,30,836,3.8000000000000003,0,26.1
2023,3,27,15,30,724,3.7,0,25.8
2023,3,27,16,30,508,3.2,8,24.8
2023,3,27,17,30,301,2.3000000000000003,8,22.5
2023,3,27,18,30,73,1.6,8,19.400000000000002
2023,3,27,19,30,0,1.9000000000000001,7,17.6
2023,3,27,20,30,0,2.3000000000000003,7,16.7
2023,3,27,21,30,0,2.6,7,15.600000000000001
2023,3,27,22,30,0,2.7,7,14.5
2023,3,27,23,30,0,2.8000000000000003,7,13.5
2023,3,28,0,30,0,2.9000000000000004,7,12.200000000000001
2023,3,28,1,30,0,3.2,8,10.8
2023,3,28,2,30,0,4.1000000000000005,0,9.600000000000001
2023,3,28,3,30,0,5.2,0,8.4
2023,3,28,4,30,0,6.2,8,7.1000000000000005
2023,3,28,5,30,0,6,0,6
2023,3,28,6,30,0,5.6000000000000005,3,5.800000000000001
2023,3,28,7,30,102,6,3,7.1000000000000005
2023,3,28,8,30,339,6.4,0,9.3
2023,3,28,9,30,506,6.2,0,11.600000000000001
2023,3,28,10,30,607,5.7,3,14
2023,3,28,11,30,669,5.1000000000000005,8,16.2
2023,3,28,12,30,686,4.4,8,17.5
2023,3,28,13,30,668,3.8000000000000003,8,17.6
2023,3,28,14,30,515,3.4000000000000004,7,17.400000000000002
2023,3,28,15,30,589,3.4000000000000004,8,17.1
2023,3,28,16,30,307,3.3000000000000003,3,16.5
2023,3,28,17,30,189,2.8000000000000003,8,15.5
2023,3,28,18,30,28,2.3000000000000003,7,14.100000000000001
2023,3,28,19,30,0,2.6,6,13.100000000000001
2023,3,28,20,30,0,3,8,12.4
2023,3,28,21,30,0,2.9000000000000004,3,11.3
2023,3,28,22,30,0,2.6,0,10
2023,3,28,23,30,0,2.7,0,9.1
2023,3,29,0,30,0,2.7,0,8.3
2023,3,29,1,30,0,2.6,0,7.6000000000000005
2023,3,29,2,30,0,2.2,0,7
2023,3,29,3,30,0,1.9000000000000001,0,6.6000000000000005
2023,3,29,4,30,0,1.7000000000000002,0,6.300000000000001
2023,3,29,5,30,0,1.6,0,6.2
2023,3,29,6,30,0,2.5,0,7.4
2023,3,29,7,30,126,3.9000000000000004,0,10.5
2023,3,29,8,30,337,4.5,0,13.8
2023,3,29,9,30,368,4.5,3,16.8
2023,3,29,10,30,769,4.4,0,19.6
2023,3,29,11,30,901,4.5,0,22.1
2023,3,29,12,30,966,4.800000000000001,0,24.200000000000003
2023,3,29,13,30,958,5.1000000000000005,0,25.8
2023,3,29,14,30,875,5.4,0,26.700000000000003
2023,3,29,15,30,730,5.7,0,26.8
2023,3,29,16,30,532,5.9,0,25.900000000000002
2023,3,29,17,30,304,6,0,24.1
2023,3,29,18,30,77,6.1000000000000005,0,21.400000000000002
2023,3,29,19,30,0,6.5,0,18.900000000000002
2023,3,29,20,30,0,6.9,0,17
2023,3,29,21,30,0,6.9,0,15.5
2023,3,29,22,30,0,6.800000000000001,0,14.3
2023,3,29,23,30,0,6.800000000000001,7,13.5
2023,3,30,0,30,0,6.7,8,13.100000000000001
2023,3,30,1,30,0,6.4,7,12.9
2023,3,30,2,30,0,6.2,7,12.8
2023,3,30,3,30,0,6,7,12.8
2023,3,30,4,30,0,6,7,12.9
2023,3,30,5,30,0,5.9,7,12.9
2023,3,30,6,30,0,6.1000000000000005,7,13.3
2023,3,30,7,30,20,6.6000000000000005,7,14.600000000000001
2023,3,30,8,30,28,6.9,7,16.8
2023,3,30,9,30,49,7,6,19.900000000000002
2023,3,30,10,30,174,7,6,23.900000000000002
2023,3,30,11,30,257,7,6,27.8
2023,3,30,12,30,496,6.9,6,30.8
2023,3,30,13,30,631,7.1000000000000005,6,32.300000000000004
2023,3,30,14,30,703,7.300000000000001,7,32.6
2023,3,30,15,30,661,7.2,8,31.700000000000003
2023,3,30,16,30,476,6.1000000000000005,8,29.8
2023,3,30,17,30,108,4.3,6,27
2023,3,30,18,30,29,3.4000000000000004,6,24.1
2023,3,30,19,30,0,4.1000000000000005,7,22.5
2023,3,30,20,30,0,4.800000000000001,7,21.5
2023,3,30,21,30,0,4.6000000000000005,0,20.1
2023,3,30,22,30,0,4.1000000000000005,0,18.6
2023,3,30,23,30,0,3.7,0,17.5
2023,3,31,0,30,0,3.6,0,16.7
2023,3,31,1,30,0,3.5,0,16
2023,3,31,2,30,0,3.2,0,15.200000000000001
2023,3,31,3,30,0,2.8000000000000003,0,14.100000000000001
2023,3,31,4,30,0,2.6,0,13.100000000000001
2023,3,31,5,30,0,2.8000000000000003,0,12.4
2023,3,31,6,30,0,3.8000000000000003,7,13.4
2023,3,31,7,30,132,6.2,7,15.9
2023,3,31,8,30,318,8.6,8,18
2023,3,31,9,30,531,9.600000000000001,8,19.5
2023,3,31,10,30,811,9.700000000000001,0,20.8
2023,3,31,11,30,944,9.5,0,22.200000000000003
2023,3,31,12,30,1009,9.1,0,23.400000000000002
2023,3,31,13,30,1001,8.700000000000001,0,24.400000000000002
2023,3,31,14,30,926,8.1,0,24.900000000000002
2023,3,31,15,30,778,7.2,0,24.8
2023,3,31,16,30,553,6,0,24.1
2023,3,31,17,30,324,3.8000000000000003,8,21.8
2023,3,31,18,30,82,1.9000000000000001,8,17.8
2023,3,31,19,30,0,1.4000000000000001,7,15.600000000000001
2023,3,31,20,30,0,1.4000000000000001,7,15.3
2023,3,31,21,30,0,1.4000000000000001,0,14.700000000000001
2023,3,31,22,30,0,1.4000000000000001,8,13.8
2023,3,31,23,30,0,1.5,7,12.700000000000001
2023,4,1,0,30,0,1.5,8,11.5
2023,4,1,1,30,0,1.6,8,10.4
2023,4,1,2,30,0,1.6,0,9.5
2023,4,1,3,30,0,1.6,0,8.6
2023,4,1,4,30,0,1.6,7,7.7
2023,4,1,5,30,0,1.5,7,7.1000000000000005
2023,4,1,6,30,1,1.9000000000000001,7,8.4
2023,4,1,7,30,118,2.2,7,11.5
2023,4,1,8,30,337,1.8,8,15.100000000000001
2023,4,1,9,30,495,1.2000000000000002,3,19.400000000000002
2023,4,1,10,30,737,1.3,0,23.1
2023,4,1,11,30,899,1.7000000000000002,0,25.6
2023,4,1,12,30,945,2.1,0,27.200000000000003
2023,4,1,13,30,943,2.4000000000000004,0,28.200000000000003
2023,4,1,14,30,774,2.6,3,28.700000000000003
2023,4,1,15,30,522,2.9000000000000004,8,28.900000000000002
2023,4,1,16,30,463,3.2,8,28.5
2023,4,1,17,30,292,2.9000000000000004,8,26
2023,4,1,18,30,73,2.8000000000000003,8,22.3
2023,4,1,19,30,0,4,8,20.6
2023,4,1,20,30,0,5.1000000000000005,8,20.200000000000003
2023,4,1,21,30,0,5.4,8,19.400000000000002
2023,4,1,22,30,0,5.6000000000000005,7,18.6
2023,4,1,23,30,0,5.6000000000000005,7,17.900000000000002
2023,4,2,0,30,0,5.300000000000001,8,17
2023,4,2,1,30,0,4.800000000000001,8,16.2
2023,4,2,2,30,0,4.4,8,15.700000000000001
2023,4,2,3,30,0,4.1000000000000005,8,15.4
2023,4,2,4,30,0,3.8000000000000003,8,15.200000000000001
2023,4,2,5,30,0,3.5,7,14.8
2023,4,2,6,30,1,3.8000000000000003,7,15.5
2023,4,2,7,30,101,4.3,8,18.1
2023,4,2,8,30,276,5,8,22.200000000000003
2023,4,2,9,30,513,6.1000000000000005,8,26.3
2023,4,2,10,30,754,7,0,29
2023,4,2,11,30,939,7.6000000000000005,0,30.400000000000002
2023,4,2,12,30,1014,7.9,0,31.1
2023,4,2,13,30,1015,7.800000000000001,0,31.3
2023,4,2,14,30,933,7.1000000000000005,0,31.200000000000003
2023,4,2,15,30,792,6.2,0,30.8
2023,4,2,16,30,587,5.2,0,29.900000000000002
2023,4,2,17,30,348,3.3000000000000003,0,27
2023,4,2,18,30,107,1.8,0,22.6
2023,4,2,19,30,0,1.8,0,20
2023,4,2,20,30,0,1.9000000000000001,7,18.900000000000002
2023,4,2,21,30,0,2.1,7,17.7
2023,4,2,22,30,0,2.2,7,16.5
2023,4,2,23,30,0,2.2,7,15.5
2023,4,3,0,30,0,2.1,0,14.600000000000001
2023,4,3,1,30,0,2.1,0,14
2023,4,3,2,30,0,2.1,0,13.5
2023,4,3,3,30,0,2.2,0,13.200000000000001
2023,4,3,4,30,0,2.2,0,12.9
2023,4,3,5,30,0,2.2,0,12.5
2023,4,3,6,30,3,2.5,0,14.200000000000001
2023,4,3,7,30,166,3.4000000000000004,0,18.3
2023,4,3,8,30,411,3.9000000000000004,0,22.900000000000002
2023,4,3,9,30,643,4.5,0,27.5
2023,4,3,10,30,834,5.2,0,30.8
2023,4,3,11,30,960,5.4,0,32.6
2023,4,3,12,30,1030,5.6000000000000005,0,33.800000000000004
2023,4,3,13,30,1020,5.9,0,34.5
2023,4,3,14,30,866,5.9,8,34.7
2023,4,3,15,30,689,5.800000000000001,8,34.4
2023,4,3,16,30,531,5.300000000000001,8,33.5
2023,4,3,17,30,298,3.6,8,30
2023,4,3,18,30,85,2,8,24.8
2023,4,3,19,30,0,1.9000000000000001,0,21.900000000000002
2023,4,3,20,30,0,2.3000000000000003,0,20.900000000000002
2023,4,3,21,30,0,2.9000000000000004,0,20.400000000000002
2023,4,3,22,30,0,3.5,7,20.400000000000002
2023,4,3,23,30,0,3.8000000000000003,7,20.3
2023,4,4,0,30,0,3.9000000000000004,7,20
2023,4,4,1,30,0,4.1000000000000005,7,19.900000000000002
2023,4,4,2,30,0,3.7,7,19.5
2023,4,4,3,30,0,2.9000000000000004,6,18.8
2023,4,4,4,30,0,2.6,6,18.2
2023,4,4,5,30,0,2.6,7,17.7
2023,4,4,6,30,1,3,7,18.3
2023,4,4,7,30,24,3.8000000000000003,6,20.6
2023,4,4,8,30,93,4.800000000000001,6,23.5
2023,4,4,9,30,187,5.6000000000000005,7,26.5
2023,4,4,10,30,610,6,8,29.1
2023,4,4,11,30,704,6.4,7,31.3
2023,4,4,12,30,681,6.9,6,32.800000000000004
2023,4,4,13,30,776,7.5,6,33.6
2023,4,4,14,30,695,7.800000000000001,7,33.6
2023,4,4,15,30,530,7.6000000000000005,6,33.2
2023,4,4,16,30,259,6.5,6,32.2
2023,4,4,17,30,226,4.5,7,29.700000000000003
2023,4,4,18,30,63,3.3000000000000003,6,26.200000000000003
2023,4,4,19,30,0,3.8000000000000003,7,23.8
2023,4,4,20,30,0,4.3,7,22.3
2023,4,4,21,30,0,4.6000000000000005,0,20.700000000000003
2023,4,4,22,30,0,5.2,0,19.3
2023,4,4,23,30,0,5.800000000000001,0,17.6
2023,4,5,0,30,0,6.2,0,15.700000000000001
2023,4,5,1,30,0,6.300000000000001,0,14
2023,4,5,2,30,0,6.1000000000000005,0,12.4
2023,4,5,3,30,0,5.7,0,10.9
2023,4,5,4,30,0,5.1000000000000005,0,9.5
2023,4,5,5,30,0,4.3,0,8.200000000000001
2023,4,5,6,30,6,4.2,0,8.200000000000001
2023,4,5,7,30,180,5.1000000000000005,0,10.200000000000001
2023,4,5,8,30,427,5.4,0,12.9
2023,4,5,9,30,660,4.9,0,15.4
2023,4,5,10,30,851,4.5,0,17.6
2023,4,5,11,30,983,4.2,0,19.5
2023,4,5,12,30,1046,4,0,21
2023,4,5,13,30,1035,3.5,0,22
2023,4,5,14,30,870,2.8000000000000003,8,22.5
2023,4,5,15,30,691,2,8,22.5
2023,4,5,16,30,432,1.4000000000000001,7,21.900000000000002
2023,4,5,17,30,206,1.2000000000000002,6,20.200000000000003
2023,4,5,18,30,83,1.4000000000000001,7,17.5
2023,4,5,19,30,0,1.8,6,15.9
2023,4,5,20,30,0,2.3000000000000003,6,15.3
2023,4,5,21,30,0,2.6,6,14.3
2023,4,5,22,30,0,2.9000000000000004,6,13.200000000000001
2023,4,5,23,30,0,3.2,6,12.200000000000001
2023,4,6,0,30,0,3.4000000000000004,7,11
2023,4,6,1,30,0,3.5,7,10
2023,4,6,2,30,0,3.4000000000000004,7,9.200000000000001
2023,4,6,3,30,0,3,8,8.700000000000001
2023,4,6,4,30,0,2.7,7,8.4
2023,4,6,5,30,0,2.6,8,8.1
2023,4,6,6,30,6,3.4000000000000004,0,8.3
2023,4,6,7,30,171,4.7,0,9.9
2023,4,6,8,30,409,5,0,12.4
2023,4,6,9,30,634,4.800000000000001,0,14.9
2023,4,6,10,30,820,4.6000000000000005,0,17.3
2023,4,6,11,30,950,4.6000000000000005,0,19.3
2023,4,6,12,30,698,4.9,3,21
2023,4,6,13,30,706,5.2,3,22.200000000000003
2023,4,6,14,30,892,5.4,0,22.700000000000003
2023,4,6,15,30,769,5.5,0,22.5
2023,4,6,16,30,569,5.4,0,21.700000000000003
2023,4,6,17,30,266,4.800000000000001,3,19.900000000000002
2023,4,6,18,30,81,3.5,3,16.900000000000002
2023,4,6,19,30,0,3.1,0,14.5
2023,4,6,20,30,0,3.7,8,13.5
2023,4,6,21,30,0,3.5,8,12.4
2023,4,6,22,30,0,3.1,8,11.200000000000001
2023,4,6,23,30,0,2.9000000000000004,0,10.3
2023,4,7,0,30,0,2.9000000000000004,0,9.5
2023,4,7,1,30,0,2.8000000000000003,0,8.700000000000001
2023,4,7,2,30,0,2.6,0,8
2023,4,7,3,30,0,2.2,0,7.4
2023,4,7,4,30,0,1.9000000000000001,0,6.9
2023,4,7,5,30,0,1.8,0,6.6000000000000005
2023,4,7,6,30,6,2.5,0,7.5
2023,4,7,7,30,28,3.4000000000000004,4,10
2023,4,7,8,30,140,3.4000000000000004,3,12.700000000000001
2023,4,7,9,30,332,3,5,15.3
2023,4,7,10,30,539,2.8000000000000003,5,17.7
2023,4,7,11,30,701,2.7,3,20
2023,4,7,12,30,846,2.7,3,21.8
2023,4,7,13,30,917,2.7,0,23
2023,4,7,14,30,682,2.6,3,23.700000000000003
2023,4,7,15,30,470,2.4000000000000004,3,23.700000000000003
2023,4,7,16,30,236,2.5,5,22.900000000000002
2023,4,7,17,30,251,2.9000000000000004,3,21.200000000000003
2023,4,7,18,30,33,2.8000000000000003,4,18.5
2023,4,7,19,30,0,2.7,3,16.1
2023,4,7,20,30,0,2.8000000000000003,3,14.4
2023,4,7,21,30,0,2.7,3,13.200000000000001
2023,4,7,22,30,0,2.5,0,12.200000000000001
2023,4,7,23,30,0,2.1,0,11.4
2023,4,8,0,30,0,1.8,0,10.8
2023,4,8,1,30,0,1.6,0,10.200000000000001
2023,4,8,2,30,0,1.4000000000000001,0,9.600000000000001
2023,4,8,3,30,0,1.1,0,9.3
2023,4,8,4,30,0,1,0,9.200000000000001
2023,4,8,5,30,0,0.9,0,9.3
2023,4,8,6,30,6,1.3,0,10.700000000000001
2023,4,8,7,30,167,2,0,13.5
2023,4,8,8,30,232,2.4000000000000004,3,16.3
2023,4,8,9,30,193,2.6,3,18.7
2023,4,8,10,30,424,2.9000000000000004,3,21
2023,4,8,11,30,429,3.1,3,22.900000000000002
2023,4,8,12,30,618,3.2,3,24.5
2023,4,8,13,30,970,3.3000000000000003,0,25.700000000000003
2023,4,8,14,30,896,3.3000000000000003,0,26.3
2023,4,8,15,30,752,3.3000000000000003,0,26.400000000000002
2023,4,8,16,30,557,3.5,0,25.8
2023,4,8,17,30,330,3.4000000000000004,0,24.400000000000002
2023,4,8,18,30,80,3.1,8,22
2023,4,8,19,30,0,3.4000000000000004,7,20.3
2023,4,8,20,30,0,3.9000000000000004,7,19.400000000000002
2023,4,8,21,30,0,3.7,7,18.400000000000002
2023,4,8,22,30,0,3.4000000000000004,7,17.2
2023,4,8,23,30,0,3.1,0,16.2
2023,4,9,0,30,0,2.9000000000000004,0,15.3
2023,4,9,1,30,0,2.7,0,14.5
2023,4,9,2,30,0,2.8000000000000003,0,13.9
2023,4,9,3,30,0,2.9000000000000004,0,13.4
2023,4,9,4,30,0,3.2,0,12.8
2023,4,9,5,30,0,3.6,8,12.5
2023,4,9,6,30,4,4,3,13.200000000000001
2023,4,9,7,30,98,4.6000000000000005,3,15.3
2023,4,9,8,30,198,5,3,18.400000000000002
2023,4,9,9,30,383,4.7,3,21.5
2023,4,9,10,30,416,4.3,3,24.1
2023,4,9,11,30,891,3.9000000000000004,0,26.400000000000002
2023,4,9,12,30,960,3.7,0,28.1
2023,4,9,13,30,922,3.6,0,29.200000000000003
2023,4,9,14,30,872,3.7,0,29.6
2023,4,9,15,30,666,3.9000000000000004,8,29.3
2023,4,9,16,30,532,4.3,0,28.6
2023,4,9,17,30,264,4.7,7,27.1
2023,4,9,18,30,81,5,8,24.8
2023,4,9,19,30,0,5.2,7,22.700000000000003
2023,4,9,20,30,0,5.1000000000000005,0,21.3
2023,4,9,21,30,0,4.7,0,20.1
2023,4,9,22,30,0,4.5,0,19.1
2023,4,9,23,30,0,4.4,0,18.1
2023,4,10,0,30,0,4.3,3,17.1
2023,4,10,1,30,0,4.1000000000000005,3,16.2
2023,4,10,2,30,0,3.5,0,15.600000000000001
2023,4,10,3,30,0,2.7,0,15.4
2023,4,10,4,30,0,2.1,0,15.200000000000001
2023,4,10,5,30,0,1.7000000000000002,0,15
2023,4,10,6,30,7,1.9000000000000001,3,15.5
2023,4,10,7,30,132,2.4000000000000004,0,17.2
2023,4,10,8,30,148,2.5,3,19.8
2023,4,10,9,30,538,2.3000000000000003,3,22.6
2023,4,10,10,30,711,2.5,0,25.3
2023,4,10,11,30,748,3,3,27.400000000000002
2023,4,10,12,30,943,3.3000000000000003,0,28.8
2023,4,10,13,30,915,3.5,0,29.700000000000003
2023,4,10,14,30,900,3.6,0,30
2023,4,10,15,30,648,3.8000000000000003,0,29.8
2023,4,10,16,30,563,3.9000000000000004,0,28.900000000000002
2023,4,10,17,30,334,3.4000000000000004,0,27.200000000000003
2023,4,10,18,30,111,2.5,0,24.1
2023,4,10,19,30,0,2.5,0,21.5
2023,4,10,20,30,0,3.2,0,20.5
2023,4,10,21,30,0,3.6,0,19.5
2023,4,10,22,30,0,3.7,0,18.5
2023,4,10,23,30,0,3.6,0,17.6
2023,4,11,0,30,0,3.4000000000000004,0,16.8
2023,4,11,1,30,0,3.1,0,16.1
2023,4,11,2,30,0,3,0,15.600000000000001
2023,4,11,3,30,0,3,0,15.200000000000001
2023,4,11,4,30,0,3,0,14.8
2023,4,11,5,30,0,3,0,14.4
2023,4,11,6,30,10,3.5,0,15.4
2023,4,11,7,30,180,4.1000000000000005,0,18.5
2023,4,11,8,30,410,4,0,22.5
2023,4,11,9,30,629,3.4000000000000004,0,25.700000000000003
2023,4,11,10,30,808,2.9000000000000004,0,27.900000000000002
2023,4,11,11,30,934,2.6,0,29.400000000000002
2023,4,11,12,30,995,2.5,0,30.400000000000002
2023,4,11,13,30,984,2.5,0,30.900000000000002
2023,4,11,14,30,901,2.6,0,31
2023,4,11,15,30,740,2.8000000000000003,0,30.700000000000003
2023,4,11,16,30,559,3.2,0,29.8
2023,4,11,17,30,334,3.4000000000000004,0,28.200000000000003
2023,4,11,18,30,111,3.5,0,25.5
2023,4,11,19,30,0,4.3,0,23.200000000000003
2023,4,11,20,30,0,5.1000000000000005,0,21.900000000000002
2023,4,11,21,30,0,5,0,20.5
2023,4,11,22,30,0,4.7,0,19.3
2023,4,11,23,30,0,4.5,0,18.2
2023,4,12,0,30,0,4.3,0,17.3
2023,4,12,1,30,0,4.2,0,16.5
2023,4,12,2,30,0,4.2,0,15.8
2023,4,12,3,30,0,4.1000000000000005,0,15.100000000000001
2023,4,12,4,30,0,4.1000000000000005,0,14.5
2023,4,12,5,30,0,4.1000000000000005,0,14
2023,4,12,6,30,11,4.4,0,14.5
2023,4,12,7,30,186,4.9,0,17
2023,4,12,8,30,419,5.1000000000000005,0,20.6
2023,4,12,9,30,639,5.1000000000000005,0,24.3
2023,4,12,10,30,821,5,0,27.400000000000002
2023,4,12,11,30,944,4.9,0,29.6
2023,4,12,12,30,1000,4.9,0,30.900000000000002
2023,4,12,13,30,988,4.9,0,31.5
2023,4,12,14,30,907,5,0,31.6
2023,4,12,15,30,763,5.1000000000000005,0,31.1
2023,4,12,16,30,569,5.300000000000001,0,30
2023,4,12,17,30,342,5.2,0,28.200000000000003
2023,4,12,18,30,115,4.9,0,25.5
2023,4,12,19,30,0,5,0,23.3
2023,4,12,20,30,0,5.2,0,22
2023,4,12,21,30,0,5.1000000000000005,0,20.700000000000003
2023,4,12,22,30,0,4.9,0,19.6
2023,4,12,23,30,0,4.800000000000001,0,18.6
2023,4,13,0,30,0,4.800000000000001,0,17.7
2023,4,13,1,30,0,4.9,0,16.900000000000002
2023,4,13,2,30,0,5,0,16.3
2023,4,13,3,30,0,4.9,0,15.600000000000001
2023,4,13,4,30,0,4.800000000000001,0,14.9
2023,4,13,5,30,0,4.6000000000000005,0,14.200000000000001
2023,4,13,6,30,12,4.800000000000001,0,14.700000000000001
2023,4,13,7,30,184,5.5,0,17.1
2023,4,13,8,30,384,6,0,20.5
2023,4,13,9,30,549,6.1000000000000005,8,23.900000000000002
2023,4,13,10,30,788,6,0,26.900000000000002
2023,4,13,11,30,771,6,8,29.1
2023,4,13,12,30,758,6,7,30.700000000000003
2023,4,13,13,30,365,6.1000000000000005,6,31.5
2023,4,13,14,30,773,6,8,31.3
2023,4,13,15,30,727,5.6000000000000005,0,30.700000000000003
2023,4,13,16,30,303,5.2,8,30.400000000000002
2023,4,13,17,30,68,4.4,6,28.8
2023,4,13,18,30,100,3.9000000000000004,8,25.8
2023,4,13,19,30,0,4.5,0,23.6
2023,4,13,20,30,0,5.300000000000001,8,22.5
2023,4,13,21,30,0,5.7,0,21.400000000000002
2023,4,13,22,30,0,5.6000000000000005,0,20.3
2023,4,13,23,30,0,5.1000000000000005,0,19.3
2023,4,14,0,30,0,4.2,0,18.3
2023,4,14,1,30,0,3,0,17.2
2023,4,14,2,30,0,2.3000000000000003,0,16.3
2023,4,14,3,30,0,2.1,0,15.600000000000001
2023,4,14,4,30,0,2.1,0,15.4
2023,4,14,5,30,0,2.2,0,15.600000000000001
2023,4,14,6,30,16,3,0,17.400000000000002
2023,4,14,7,30,198,4.7,0,20.8
2023,4,14,8,30,435,6.5,0,24.1
2023,4,14,9,30,658,7.1000000000000005,0,26.6
2023,4,14,10,30,842,6.7,0,28.3
2023,4,14,11,30,967,6.300000000000001,0,29.6
2023,4,14,12,30,1025,5.9,0,30.6
2023,4,14,13,30,1012,5.5,0,31.3
2023,4,14,14,30,927,5.1000000000000005,0,31.700000000000003
2023,4,14,15,30,780,4.800000000000001,0,31.700000000000003
2023,4,14,16,30,584,4.5,0,31.1
2023,4,14,17,30,353,3.2,0,28.8
2023,4,14,18,30,121,1.9000000000000001,0,24.700000000000003
2023,4,14,19,30,0,1.6,0,21.700000000000003
2023,4,14,20,30,0,1.5,0,20.5
2023,4,14,21,30,0,1.4000000000000001,0,19.5
2023,4,14,22,30,0,1.3,0,18.6
2023,4,14,23,30,0,1.2000000000000002,0,17.900000000000002
2023,4,15,0,30,0,1.2000000000000002,0,17
2023,4,15,1,30,0,1.3,0,15.8
2023,4,15,2,30,0,1.7000000000000002,0,14.700000000000001
2023,4,15,3,30,0,2.3000000000000003,0,14
2023,4,15,4,30,0,2.9000000000000004,0,13.600000000000001
2023,4,15,5,30,0,3.4000000000000004,0,13.100000000000001
2023,4,15,6,30,18,4,0,14
2023,4,15,7,30,207,4.7,0,16.900000000000002
2023,4,15,8,30,445,5,0,20.6
2023,4,15,9,30,667,5.2,0,23.8
2023,4,15,10,30,852,5.300000000000001,0,25.900000000000002
2023,4,15,11,30,978,5.300000000000001,0,27.400000000000002
2023,4,15,12,30,1032,5.1000000000000005,0,28.3
2023,4,15,13,30,1018,4.9,0,28.700000000000003
2023,4,15,14,30,933,4.6000000000000005,0,28.8
2023,4,15,15,30,785,4.3,0,28.6
2023,4,15,16,30,587,3.9000000000000004,0,27.900000000000002
2023,4,15,17,30,357,2.8000000000000003,0,26.1
2023,4,15,18,30,125,1.7000000000000002,0,22.6
2023,4,15,19,30,0,1.5,0,19.6
2023,4,15,20,30,0,1.7000000000000002,0,18.400000000000002
2023,4,15,21,30,0,2,0,17.400000000000002
2023,4,15,22,30,0,2.5,0,16.400000000000002
2023,4,15,23,30,0,3.3000000000000003,0,15.4
2023,4,16,0,30,0,4.1000000000000005,0,14.3
2023,4,16,1,30,0,4.4,0,13.3
2023,4,16,2,30,0,3.9000000000000004,0,12.200000000000001
2023,4,16,3,30,0,3,0,11.200000000000001
2023,4,16,4,30,0,2.4000000000000004,0,10.200000000000001
2023,4,16,5,30,0,2,0,9.600000000000001
2023,4,16,6,30,19,2.9000000000000004,0,10.600000000000001
2023,4,16,7,30,207,4.4,0,13.100000000000001
2023,4,16,8,30,441,4.800000000000001,0,15.700000000000001
2023,4,16,9,30,659,4.5,0,18.2
2023,4,16,10,30,839,4.1000000000000005,0,20.400000000000002
2023,4,16,11,30,962,3.9000000000000004,0,22.3
2023,4,16,12,30,1020,3.6,0,23.900000000000002
2023,4,16,13,30,1006,3.4000000000000004,0,25.1
2023,4,16,14,30,923,3.3000000000000003,0,25.8
2023,4,16,15,30,776,3.4000000000000004,0,26
2023,4,16,16,30,578,3.5,0,25.6
2023,4,16,17,30,350,3.2,0,24.200000000000003
2023,4,16,18,30,123,2.4000000000000004,0,21.200000000000003
2023,4,16,19,30,0,2.3000000000000003,0,18.8
2023,4,16,20,30,0,3,0,18.1
2023,4,16,21,30,0,3.6,0,17.6
2023,4,16,22,30,0,4,0,16.8
2023,4,16,23,30,0,4.3,0,15.9
2023,4,17,0,30,0,4.5,0,15
2023,4,17,1,30,0,4.5,0,14.200000000000001
2023,4,17,2,30,0,4.4,0,13.5
2023,4,17,3,30,0,4.2,8,13.200000000000001
2023,4,17,4,30,0,4.2,5,13.100000000000001
2023,4,17,5,30,0,4.5,8,13.200000000000001
2023,4,17,6,30,9,5.2,5,13.8
2023,4,17,7,30,121,5.800000000000001,8,15.700000000000001
2023,4,17,8,30,198,6.4,8,18.400000000000002
2023,4,17,9,30,436,6.9,8,21.200000000000003
2023,4,17,10,30,439,7.2,8,23.8
2023,4,17,11,30,558,7.4,8,25.900000000000002
2023,4,17,12,30,775,7.5,3,27.400000000000002
2023,4,17,13,30,956,7.6000000000000005,0,28
2023,4,17,14,30,743,7.6000000000000005,7,27.900000000000002
2023,4,17,15,30,650,7.7,8,27.400000000000002
2023,4,17,16,30,303,7.7,6,26.400000000000002
2023,4,17,17,30,94,7.5,6,24.900000000000002
2023,4,17,18,30,108,6.7,0,23
2023,4,17,19,30,0,6.2,0,21.400000000000002
2023,4,17,20,30,0,6.300000000000001,8,20.200000000000003
2023,4,17,21,30,0,6.4,0,19.3
2023,4,17,22,30,0,6.1000000000000005,0,18.400000000000002
2023,4,17,23,30,0,6,7,17.8
2023,4,18,0,30,0,6,8,17.3
2023,4,18,1,30,0,6,8,16.8
2023,4,18,2,30,0,5.6000000000000005,8,16.3
2023,4,18,3,30,0,4.9,7,15.700000000000001
2023,4,18,4,30,0,4.4,0,15.3
2023,4,18,5,30,0,4.3,0,15.100000000000001
2023,4,18,6,30,16,4.800000000000001,8,16.1
2023,4,18,7,30,177,5.1000000000000005,8,19
2023,4,18,8,30,440,5.1000000000000005,0,23.3
2023,4,18,9,30,592,5.300000000000001,0,27.5
2023,4,18,10,30,843,5.5,0,30.6
2023,4,18,11,30,968,5.5,0,32.6
2023,4,18,12,30,1028,5.300000000000001,0,33.7
2023,4,18,13,30,1019,5.2,0,34.1
2023,4,18,14,30,940,5.1000000000000005,0,34.2
2023,4,18,15,30,796,5,0,33.9
2023,4,18,16,30,601,4.800000000000001,0,33.2
2023,4,18,17,30,371,3.4000000000000004,0,30.900000000000002
2023,4,18,18,30,137,1.9000000000000001,0,26.400000000000002
2023,4,18,19,30,0,1.6,0,22.900000000000002
2023,4,18,20,30,0,1.7000000000000002,0,21.400000000000002
2023,4,18,21,30,0,2,0,20.200000000000003
2023,4,18,22,30,0,2.5,0,19.3
2023,4,18,23,30,0,2.9000000000000004,0,18.5
2023,4,19,0,30,0,3,0,17.6
2023,4,19,1,30,0,3.1,0,17.1
2023,4,19,2,30,0,3.4000000000000004,0,16.8
2023,4,19,3,30,0,3.4000000000000004,0,16.5
2023,4,19,4,30,0,3.1,0,16.2
2023,4,19,5,30,0,2.8000000000000003,0,16
2023,4,19,6,30,24,3.2,0,17.400000000000002
2023,4,19,7,30,208,3.9000000000000004,0,20.900000000000002
2023,4,19,8,30,454,4.2,0,25
2023,4,19,9,30,675,4.1000000000000005,0,28.8
2023,4,19,10,30,857,3.8000000000000003,0,31.3
2023,4,19,11,30,980,3.8000000000000003,0,33
2023,4,19,12,30,1036,4.2,0,34.1
2023,4,19,13,30,1022,4.7,0,34.9
2023,4,19,14,30,938,5.2,0,35.2
2023,4,19,15,30,791,5.4,0,35
2023,4,19,16,30,581,5.4,0,34.300000000000004
2023,4,19,17,30,366,4.4,0,32.300000000000004
2023,4,19,18,30,135,2.8000000000000003,0,28
2023,4,19,19,30,0,2.2,0,24.3
2023,4,19,20,30,0,2.2,0,22.6
2023,4,19,21,30,0,2.4000000000000004,0,21.400000000000002
2023,4,19,22,30,0,2.8000000000000003,0,20.5
2023,4,19,23,30,0,3.1,0,19.8
2023,4,20,0,30,0,3.2,0,19.200000000000003
2023,4,20,1,30,0,3.3000000000000003,0,18.6
2023,4,20,2,30,0,3,0,18
2023,4,20,3,30,0,2.4000000000000004,0,17.2
2023,4,20,4,30,0,1.8,0,16.400000000000002
2023,4,20,5,30,0,1.6,0,15.700000000000001
2023,4,20,6,30,25,2.5,0,16.8
2023,4,20,7,30,219,3.7,0,19.8
2023,4,20,8,30,456,4.2,0,23
2023,4,20,9,30,679,4.4,0,26.200000000000003
2023,4,20,10,30,859,4.6000000000000005,0,28.700000000000003
2023,4,20,11,30,983,4.7,0,30.200000000000003
2023,4,20,12,30,1040,4.800000000000001,0,31.1
2023,4,20,13,30,1025,4.7,0,31.5
2023,4,20,14,30,940,4.5,0,31.5
2023,4,20,15,30,790,4.1000000000000005,0,30.900000000000002
2023,4,20,16,30,596,3.5,0,30.1
2023,4,20,17,30,366,2.3000000000000003,0,28.5
2023,4,20,18,30,134,1.4000000000000001,0,25.400000000000002
2023,4,20,19,30,0,1.2000000000000002,0,22.5
2023,4,20,20,30,0,1.2000000000000002,0,21.200000000000003
2023,4,20,21,30,0,1.3,0,19.900000000000002
2023,4,20,22,30,0,1.4000000000000001,0,18.3
2023,4,20,23,30,0,1.5,0,16.7
2023,4,21,0,30,0,1.5,0,15.4
2023,4,21,1,30,0,1.4000000000000001,0,14.5
2023,4,21,2,30,0,1.6,0,13.9
2023,4,21,3,30,0,2.3000000000000003,0,13.4
2023,4,21,4,30,0,3.1,0,12.5
2023,4,21,5,30,0,3.9000000000000004,0,11.700000000000001
2023,4,21,6,30,30,4.5,0,12.100000000000001
2023,4,21,7,30,232,4.9,0,14.700000000000001
2023,4,21,8,30,474,5.4,0,18.6
2023,4,21,9,30,697,5.6000000000000005,0,21.700000000000003
2023,4,21,10,30,879,5.2,0,23.900000000000002
2023,4,21,11,30,1003,5,0,25.5
2023,4,21,12,30,1061,5.1000000000000005,0,26.8
2023,4,21,13,30,1052,5.4,0,27.700000000000003
2023,4,21,14,30,967,5.5,0,28.1
2023,4,21,15,30,817,5.5,0,28
2023,4,21,16,30,617,4.9,0,27.400000000000002
2023,4,21,17,30,384,3.3000000000000003,0,25.700000000000003
2023,4,21,18,30,146,1.5,0,22.700000000000003
2023,4,21,19,30,0,1,0,20.900000000000002
2023,4,21,20,30,0,1.1,0,19.900000000000002
2023,4,21,21,30,0,1.4000000000000001,0,17.900000000000002
2023,4,21,22,30,0,1.6,0,15.9
2023,4,21,23,30,0,1.9000000000000001,0,14.700000000000001
2023,4,22,0,30,0,2.4000000000000004,0,14.4
2023,4,22,1,30,0,3,0,14.200000000000001
2023,4,22,2,30,0,3.3000000000000003,0,14
2023,4,22,3,30,0,3.3000000000000003,0,13.600000000000001
2023,4,22,4,30,0,3.1,0,12.9
2023,4,22,5,30,0,2.8000000000000003,0,12.5
2023,4,22,6,30,31,3,0,14.3
2023,4,22,7,30,232,3.4000000000000004,0,18.3
2023,4,22,8,30,469,3.5,0,22.400000000000002
2023,4,22,9,30,689,3.4000000000000004,0,26.200000000000003
2023,4,22,10,30,868,3.3000000000000003,0,29
2023,4,22,11,30,992,3.1,0,30.900000000000002
2023,4,22,12,30,1048,3,0,32.300000000000004
2023,4,22,13,30,1030,2.9000000000000004,0,33.1
2023,4,22,14,30,945,2.8000000000000003,0,33.4
2023,4,22,15,30,797,2.8000000000000003,0,32.9
2023,4,22,16,30,598,3.5,0,31.6
2023,4,22,17,30,366,4.9,0,29.1
2023,4,22,18,30,133,6.5,0,24.8
2023,4,22,19,30,0,8.1,0,19.700000000000003
2023,4,22,20,30,0,8.8,0,15.5
2023,4,22,21,30,0,8.5,0,12.8
2023,4,22,22,30,0,7.800000000000001,0,11.3
2023,4,22,23,30,0,7.1000000000000005,0,10.3
2023,4,23,0,30,0,6.6000000000000005,0,9.600000000000001
2023,4,23,1,30,0,6.2,0,9.200000000000001
2023,4,23,2,30,0,5.7,0,8.9
2023,4,23,3,30,0,5.4,0,8.700000000000001
2023,4,23,4,30,0,5.4,0,8.5
2023,4,23,5,30,0,5.4,0,8.200000000000001
2023,4,23,6,30,29,5.4,0,8.200000000000001
2023,4,23,7,30,213,5.2,0,8.4
2023,4,23,8,30,438,5,0,8.9
2023,4,23,9,30,652,4.9,0,9.600000000000001
2023,4,23,10,30,622,4.7,0,10.5
2023,4,23,11,30,661,4.3,0,11.5
2023,4,23,12,30,817,4,0,12.600000000000001
2023,4,23,13,30,960,3.7,0,13.600000000000001
2023,4,23,14,30,543,3.3000000000000003,0,14.3
2023,4,23,15,30,247,3,3,14.600000000000001
2023,4,23,16,30,133,2.9000000000000004,3,14.4
2023,4,23,17,30,56,2.9000000000000004,3,13.8
2023,4,23,18,30,50,3,8,12.700000000000001
2023,4,23,19,30,0,3.2,8,11.600000000000001
2023,4,23,20,30,0,3.3000000000000003,8,10.8
2023,4,23,21,30,0,3.1,7,10.3
2023,4,23,22,30,0,2.9000000000000004,8,10.100000000000001
2023,4,23,23,30,0,3,7,9.9
2023,4,24,0,30,0,3.1,0,9.9
2023,4,24,1,30,0,3.1,0,9.9
2023,4,24,2,30,0,2.9000000000000004,0,10.100000000000001
2023,4,24,3,30,0,2.7,4,10.200000000000001
2023,4,24,4,30,0,2.7,0,10.200000000000001
2023,4,24,5,30,0,2.9000000000000004,0,10.3
2023,4,24,6,30,13,3.3000000000000003,5,10.600000000000001
2023,4,24,7,30,19,3.8000000000000003,5,11.700000000000001
2023,4,24,8,30,81,4.1000000000000005,5,13.200000000000001
2023,4,24,9,30,82,4.2,3,15.100000000000001
2023,4,24,10,30,111,4.3,3,17.400000000000002
2023,4,24,11,30,240,4.3,5,19.900000000000002
2023,4,24,12,30,526,4.2,3,22.3
2023,4,24,13,30,931,4,0,24.200000000000003
2023,4,24,14,30,903,3.8000000000000003,0,25.400000000000002
2023,4,24,15,30,759,3.7,0,26
2023,4,24,16,30,570,4,0,25.700000000000003
2023,4,24,17,30,349,4.5,0,24.200000000000003
2023,4,24,18,30,128,5.2,0,21.400000000000002
2023,4,24,19,30,1,5.7,0,18.400000000000002
2023,4,24,20,30,0,6,0,16.2
2023,4,24,21,30,0,5.9,0,14.9
2023,4,24,22,30,0,5.800000000000001,0,14.200000000000001
2023,4,24,23,30,0,5.7,0,13.9
2023,4,25,0,30,0,5.5,0,13.700000000000001
2023,4,25,1,30,0,5.300000000000001,0,13.5
2023,4,25,2,30,0,4.7,0,13.200000000000001
2023,4,25,3,30,0,4,0,12.9
2023,4,25,4,30,0,4,0,12.700000000000001
2023,4,25,5,30,0,4.5,0,12.700000000000001
2023,4,25,6,30,33,5,0,13.700000000000001
2023,4,25,7,30,222,5,0,16.5
2023,4,25,8,30,451,4.4,0,20.3
2023,4,25,9,30,666,3.8000000000000003,0,23.8
2023,4,25,10,30,845,3.6,0,26.5
2023,4,25,11,30,968,3.6,0,28.700000000000003
2023,4,25,12,30,1024,3.7,0,30.400000000000002
2023,4,25,13,30,1011,3.5,0,31.400000000000002
2023,4,25,14,30,927,3.3000000000000003,0,31.8
2023,4,25,15,30,781,3,0,31.8
2023,4,25,16,30,585,2.4000000000000004,0,31.200000000000003
2023,4,25,17,30,359,1.2000000000000002,0,29.900000000000002
2023,4,25,18,30,134,0.7000000000000001,0,27.1
2023,4,25,19,30,2,1.7000000000000002,0,23.700000000000003
2023,4,25,20,30,0,3,0,21.6
2023,4,25,21,30,0,4.2,0,20.5
2023,4,25,22,30,0,4.800000000000001,0,19.400000000000002
2023,4,25,23,30,0,4.800000000000001,0,18.3
2023,4,26,0,30,0,4.5,0,17.400000000000002
2023,4,26,1,30,0,4.1000000000000005,0,16.5
2023,4,26,2,30,0,3.3000000000000003,0,15.700000000000001
2023,4,26,3,30,0,2.6,0,14.9
2023,4,26,4,30,0,2.3000000000000003,0,14.3
2023,4,26,5,30,0,2.3000000000000003,0,14.100000000000001
2023,4,26,6,30,35,3.1,0,15.8
2023,4,26,7,30,230,4,0,19.200000000000003
2023,4,26,8,30,461,4.5,0,22.900000000000002
2023,4,26,9,30,674,4.9,0,25.900000000000002
2023,4,26,10,30,846,5,0,27.900000000000002
2023,4,26,11,30,963,4.9,0,29.400000000000002
2023,4,26,12,30,1005,4.800000000000001,0,30.3
2023,4,26,13,30,966,4.6000000000000005,0,30.8
2023,4,26,14,30,806,4.5,8,30.700000000000003
2023,4,26,15,30,641,4.6000000000000005,8,30
2023,4,26,16,30,380,4.5,7,29
2023,4,26,17,30,313,3.9000000000000004,8,27.700000000000003
2023,4,26,18,30,111,2.5,8,24.8
2023,4,26,19,30,1,2.1,3,21.700000000000003
2023,4,26,20,30,0,3.1,0,20.200000000000003
2023,4,26,21,30,0,4.5,0,18.8
2023,4,26,22,30,0,5.2,0,16.900000000000002
2023,4,26,23,30,0,4.9,0,14.5
2023,4,27,0,30,0,4.3,0,12.5
2023,4,27,1,30,0,3.6,0,11.200000000000001
2023,4,27,2,30,0,2.7,0,10.3
2023,4,27,3,30,0,2.2,0,9.700000000000001
2023,4,27,4,30,0,2.3000000000000003,0,9.3
2023,4,27,5,30,0,2.4000000000000004,0,9.200000000000001
2023,4,27,6,30,41,3,0,10.5
2023,4,27,7,30,245,3.4000000000000004,0,13
2023,4,27,8,30,479,3.1,0,15.600000000000001
2023,4,27,9,30,699,2.7,0,18.2
2023,4,27,10,30,876,2.5,0,20.900000000000002
2023,4,27,11,30,997,2.7,0,23.400000000000002
2023,4,27,12,30,1051,3,0,25.700000000000003
2023,4,27,13,30,1035,3.3000000000000003,0,27.5
2023,4,27,14,30,948,3.2,0,28.5
2023,4,27,15,30,798,2.9000000000000004,0,28.900000000000002
2023,4,27,16,30,601,2.5,0,28.6
2023,4,27,17,30,373,1.5,0,27.400000000000002
2023,4,27,18,30,144,0.9,0,24.3
2023,4,27,19,30,2,1.2000000000000002,0,21
2023,4,27,20,30,0,1.7000000000000002,0,19.5
2023,4,27,21,30,0,2.3000000000000003,8,18.8
2023,4,27,22,30,0,2.8000000000000003,0,18.2
2023,4,27,23,30,0,2.9000000000000004,0,17.3
2023,4,28,0,30,0,2.8000000000000003,0,16.400000000000002
2023,4,28,1,30,0,2.7,0,15.600000000000001
2023,4,28,2,30,0,2.7,0,15.200000000000001
2023,4,28,3,30,0,3.1,0,15.200000000000001
2023,4,28,4,30,0,3.6,0,15.4
2023,4,28,5,30,0,3.9000000000000004,8,15.600000000000001
2023,4,28,6,30,41,4.3,8,17.3
2023,4,28,7,30,149,4.9,7,20.900000000000002
2023,4,28,8,30,430,5.800000000000001,8,24
2023,4,28,9,30,663,7.1000000000000005,0,25.1
2023,4,28,10,30,754,7.7,8,25
2023,4,28,11,30,843,7.800000000000001,8,24.8
2023,4,28,12,30,881,7.7,8,24.8
2023,4,28,13,30,706,7.7,3,24.8
2023,4,28,14,30,502,8.1,3,24.1
2023,4,28,15,30,525,8.5,3,22.8
2023,4,28,16,30,523,8.700000000000001,0,21.1
2023,4,28,17,30,361,8.4,0,19
2023,4,28,18,30,142,7.6000000000000005,0,16.900000000000002
2023,4,28,19,30,2,6.800000000000001,0,15
2023,4,28,20,30,0,5.6000000000000005,0,13.5
2023,4,28,21,30,0,4.2,0,12.200000000000001
2023,4,28,22,30,0,2.8000000000000003,0,11
2023,4,28,23,30,0,2.1,0,10.100000000000001
2023,4,29,0,30,0,2.1,0,9.600000000000001
2023,4,29,1,30,0,2.4000000000000004,0,9.4
2023,4,29,2,30,0,2.7,0,9.200000000000001
2023,4,29,3,30,0,2.8000000000000003,0,8.8
2023,4,29,4,30,0,2.8000000000000003,0,8.3
2023,4,29,5,30,0,2.8000000000000003,0,8.1
2023,4,29,6,30,51,3.5,0,9.4
2023,4,29,7,30,261,4.2,0,12.9
2023,4,29,8,30,496,4.800000000000001,0,16.7
2023,4,29,9,30,711,5.300000000000001,0,19.5
2023,4,29,10,30,887,5.4,0,21.700000000000003
2023,4,29,11,30,1003,5.2,0,23.700000000000003
2023,4,29,12,30,1052,5,0,25.400000000000002
2023,4,29,13,30,1037,4.7,0,26.700000000000003
2023,4,29,14,30,915,4.5,0,27.400000000000002
2023,4,29,15,30,801,4.3,0,27.700000000000003
2023,4,29,16,30,608,4.1000000000000005,0,27.400000000000002
2023,4,29,17,30,382,3.2,0,26.1
2023,4,29,18,30,153,1.9000000000000001,0,23
2023,4,29,19,30,3,1.2000000000000002,0,20.6
2023,4,29,20,30,0,1.1,0,20.5
2023,4,29,21,30,0,1,0,20.200000000000003
2023,4,29,22,30,0,1.2000000000000002,0,19.1
2023,4,29,23,30,0,1.4000000000000001,0,17.3
2023,4,30,0,30,0,1.5,0,15.5
2023,4,30,1,30,0,1.8,0,14.4
2023,4,30,2,30,0,2.1,0,13.9
2023,4,30,3,30,0,2.2,0,13.5
2023,4,30,4,30,0,2.2,0,13
2023,4,30,5,30,0,2.3000000000000003,0,13.100000000000001
2023,4,30,6,30,51,3.2,0,15.5
2023,4,30,7,30,257,3.8000000000000003,0,19.700000000000003
2023,4,30,8,30,490,4.2,0,24.700000000000003
2023,4,30,9,30,705,4.6000000000000005,0,29.5
2023,4,30,10,30,880,4.7,0,32.5
2023,4,30,11,30,999,4.9,0,34.5
2023,4,30,12,30,1055,5.1000000000000005,0,35.9
2023,4,30,13,30,1040,5.2,0,36.7
2023,4,30,14,30,955,5.1000000000000005,0,37.1
2023,4,30,15,30,808,4.9,0,36.9
2023,4,30,16,30,611,4.4,0,36.2
2023,4,30,17,30,383,3,0,34
2023,4,30,18,30,153,1.6,0,29.8
2023,4,30,19,30,3,1.4000000000000001,0,26.6
2023,4,30,20,30,0,1.5,0,25.200000000000003
2023,4,30,21,30,0,1.5,0,23.3
2023,4,30,22,30,0,1.4000000000000001,0,21.1
2023,4,30,23,30,0,1.3,0,19.6
2023,5,1,0,30,0,1.4000000000000001,7,18.6
2023,5,1,1,30,0,1.6,7,17.400000000000002
2023,5,1,2,30,0,1.7000000000000002,0,16.1
2023,5,1,3,30,0,1.9000000000000001,0,14.600000000000001
2023,5,1,4,30,0,2.1,0,13.200000000000001
2023,5,1,5,30,0,2.5,7,12.4
2023,5,1,6,30,38,3.3000000000000003,7,13.3
2023,5,1,7,30,192,3.7,8,15.600000000000001
2023,5,1,8,30,370,3.5,7,18.400000000000002
2023,5,1,9,30,542,3.1,7,21.1
2023,5,1,10,30,641,2.6,7,23.5
2023,5,1,11,30,754,2.1,7,25.5
2023,5,1,12,30,847,1.7000000000000002,7,27.200000000000003
2023,5,1,13,30,983,1.4000000000000001,0,28.5
2023,5,1,14,30,896,1.2000000000000002,0,29.6
2023,5,1,15,30,713,1.3,0,30.200000000000003
2023,5,1,16,30,488,1.3,7,30.1
2023,5,1,17,30,158,1.1,6,28.900000000000002
2023,5,1,18,30,60,1,7,26.5
2023,5,1,19,30,2,1.4000000000000001,7,24.3
2023,5,1,20,30,0,1.8,7,23.400000000000002
2023,5,1,21,30,0,2.4000000000000004,7,22.900000000000002
2023,5,1,22,30,0,3.1,7,22.3
2023,5,1,23,30,0,3.7,8,21.700000000000003
2023,5,2,0,30,0,3.9000000000000004,7,20.900000000000002
2023,5,2,1,30,0,3.8000000000000003,7,20.200000000000003
2023,5,2,2,30,0,3.7,7,19.5
2023,5,2,3,30,0,3.6,7,19
2023,5,2,4,30,0,3.3000000000000003,6,18.6
2023,5,2,5,30,0,2.4000000000000004,6,18.2
2023,5,2,6,30,32,1.9000000000000001,7,18.3
2023,5,2,7,30,104,2.5,7,19
2023,5,2,8,30,389,3.7,3,20.400000000000002
2023,5,2,9,30,641,4.5,0,22.6
2023,5,2,10,30,720,4.800000000000001,8,24.900000000000002
2023,5,2,11,30,648,4.9,6,26.900000000000002
2023,5,2,12,30,591,5,6,28.8
2023,5,2,13,30,751,5.300000000000001,7,30.3
2023,5,2,14,30,699,5.7,7,31.3
2023,5,2,15,30,311,6,6,31.3
2023,5,2,16,30,293,5.800000000000001,6,30.3
2023,5,2,17,30,71,4.5,6,28.400000000000002
2023,5,2,18,30,73,3.1,6,26.1
2023,5,2,19,30,2,2.6,6,24.400000000000002
2023,5,2,20,30,0,3,6,23.200000000000003
2023,5,2,21,30,0,3.8000000000000003,8,22.400000000000002
2023,5,2,22,30,0,4.5,7,21.700000000000003
2023,5,2,23,30,0,4.800000000000001,7,20.8
2023,5,3,0,30,0,4.3,6,19.6
2023,5,3,1,30,0,3.5,7,18.7
2023,5,3,2,30,0,2.5,3,18.400000000000002
2023,5,3,3,30,0,1.5,7,18.2
2023,5,3,4,30,0,1.7000000000000002,8,17.900000000000002
2023,5,3,5,30,0,2.7,0,18
2023,5,3,6,30,46,3.9000000000000004,0,18.6
2023,5,3,7,30,239,4.7,0,20.700000000000003
2023,5,3,8,30,465,5.2,0,23.900000000000002
2023,5,3,9,30,648,5.300000000000001,0,26.6
2023,5,3,10,30,708,5.4,8,28.3
2023,5,3,11,30,918,5.5,0,29.1
2023,5,3,12,30,905,5.6000000000000005,8,29.3
2023,5,3,13,30,766,5.5,8,29.400000000000002
2023,5,3,14,30,776,5.4,7,29.400000000000002
2023,5,3,15,30,445,5.1000000000000005,6,29.3
2023,5,3,16,30,354,4.800000000000001,6,28.700000000000003
2023,5,3,17,30,141,4.5,6,27.700000000000003
2023,5,3,18,30,71,4.2,7,26.1
2023,5,3,19,30,3,4.3,7,24.400000000000002
2023,5,3,20,30,0,5,7,23
2023,5,3,21,30,0,5.4,7,21.900000000000002
2023,5,3,22,30,0,5.5,6,21.200000000000003
2023,5,3,23,30,0,5.7,7,20.6
2023,5,4,0,30,0,5.800000000000001,7,20.3
2023,5,4,1,30,0,5.800000000000001,7,19.900000000000002
2023,5,4,2,30,0,5.4,8,19.6
2023,5,4,3,30,0,5,6,19.200000000000003
2023,5,4,4,30,0,4.4,6,18.8
2023,5,4,5,30,0,3.9000000000000004,7,18.7
2023,5,4,6,30,13,4,6,19.3
2023,5,4,7,30,52,4.3,7,21.3
2023,5,4,8,30,146,4.6000000000000005,7,23.8
2023,5,4,9,30,349,5.1000000000000005,7,26
2023,5,4,10,30,452,5.800000000000001,7,28.1
2023,5,4,11,30,876,6.5,0,30.3
2023,5,4,12,30,713,6.800000000000001,3,32.300000000000004
2023,5,4,13,30,926,6.800000000000001,0,33.6
2023,5,4,14,30,639,6.800000000000001,3,34.2
2023,5,4,15,30,517,6.5,3,34.2
2023,5,4,16,30,524,6,3,33.7
2023,5,4,17,30,351,4.800000000000001,0,32.300000000000004
2023,5,4,18,30,157,2.7,0,28.900000000000002
2023,5,4,19,30,6,1.4000000000000001,0,25.5
2023,5,4,20,30,0,1.2000000000000002,0,24.700000000000003
2023,5,4,21,30,0,1,0,24.3
2023,5,4,22,30,0,1.1,0,23.3
2023,5,4,23,30,0,1.7000000000000002,0,21.900000000000002
2023,5,5,0,30,0,1.9000000000000001,0,20.5
2023,5,5,1,30,0,1.7000000000000002,0,19.3
2023,5,5,2,30,0,1.5,0,18.3
2023,5,5,3,30,0,1.4000000000000001,0,17.7
2023,5,5,4,30,0,1.4000000000000001,0,17.2
2023,5,5,5,30,0,1.4000000000000001,0,17.2
2023,5,5,6,30,60,2.1,0,19
2023,5,5,7,30,266,2.8000000000000003,0,22.3
2023,5,5,8,30,497,2.9000000000000004,0,26.3
2023,5,5,9,30,708,2.9000000000000004,0,30.5
2023,5,5,10,30,879,2.7,0,33.300000000000004
2023,5,5,11,30,996,2.7,0,34.9
2023,5,5,12,30,1050,2.6,0,36
2023,5,5,13,30,1035,2.5,0,36.6
2023,5,5,14,30,951,2.4000000000000004,0,36.9
2023,5,5,15,30,807,2,0,36.7
2023,5,5,16,30,615,1.6,0,36.1
2023,5,5,17,30,393,1,0,34.7
2023,5,5,18,30,165,0.6000000000000001,0,32.1
2023,5,5,19,30,6,0.8,0,29.1
2023,5,5,20,30,0,1.1,0,26.900000000000002
2023,5,5,21,30,0,1.3,0,25.200000000000003
2023,5,5,22,30,0,1.5,0,23.8
2023,5,5,23,30,0,1.7000000000000002,0,22.400000000000002
2023,5,6,0,30,0,1.8,0,20.900000000000002
2023,5,6,1,30,0,1.8,0,19.6
2023,5,6,2,30,0,1.7000000000000002,0,18.5
2023,5,6,3,30,0,1.5,0,17.7
2023,5,6,4,30,0,1.3,0,17.2
2023,5,6,5,30,0,1.3,0,17.2
2023,5,6,6,30,58,2.1,0,18.900000000000002
2023,5,6,7,30,223,2.8000000000000003,0,21.700000000000003
2023,5,6,8,30,403,2.6,8,24.700000000000003
2023,5,6,9,30,700,2.5,0,27.900000000000002
2023,5,6,10,30,868,2.4000000000000004,0,30.900000000000002
2023,5,6,11,30,980,2.4000000000000004,0,33
2023,5,6,12,30,1027,2.6,0,34.300000000000004
2023,5,6,13,30,805,2.8000000000000003,7,35.300000000000004
2023,5,6,14,30,776,3,7,35.7
2023,5,6,15,30,645,3,7,35.7
2023,5,6,16,30,585,2.7,8,35.1
2023,5,6,17,30,359,1.8,0,33.5
2023,5,6,18,30,165,0.9,0,30.8
2023,5,6,19,30,5,0.7000000000000001,0,28.6
2023,5,6,20,30,0,0.8,3,27.3
2023,5,6,21,30,0,1.1,7,25.700000000000003
2023,5,6,22,30,0,1.2000000000000002,7,24.200000000000003
2023,5,6,23,30,0,1.3,7,23
2023,5,7,0,30,0,1.3,0,22.1
2023,5,7,1,30,0,1.4000000000000001,7,21.200000000000003
2023,5,7,2,30,0,1.6,7,20.400000000000002
2023,5,7,3,30,0,1.9000000000000001,0,19.700000000000003
2023,5,7,4,30,0,2.2,0,19.6
2023,5,7,5,30,0,2.4000000000000004,0,19.8
2023,5,7,6,30,40,2.6,3,21.1
2023,5,7,7,30,176,3.1,8,23.400000000000002
2023,5,7,8,30,369,3.3000000000000003,8,25.900000000000002
2023,5,7,9,30,562,2.7,8,28.700000000000003
2023,5,7,10,30,712,2.2,7,31.6
2023,5,7,11,30,824,2.2,3,33.9
2023,5,7,12,30,956,2.1,8,35.5
2023,5,7,13,30,1018,2.1,0,36.4
2023,5,7,14,30,436,2.2,7,36.6
2023,5,7,15,30,314,2.4000000000000004,9,36.2
2023,5,7,16,30,613,2.2,0,35.5
2023,5,7,17,30,383,1.4000000000000001,0,34.1
2023,5,7,18,30,113,0.8,0,31.400000000000002
2023,5,7,19,30,4,1.2000000000000002,9,28.1
2023,5,7,20,30,0,2,0,25.700000000000003
2023,5,7,21,30,0,3.2,0,24.400000000000002
2023,5,7,22,30,0,4.3,0,23.6
2023,5,7,23,30,0,4.2,0,22.6
2023,5,8,0,30,0,3.6,0,21.400000000000002
2023,5,8,1,30,0,3.1,0,20.400000000000002
2023,5,8,2,30,0,2.7,0,19.400000000000002
2023,5,8,3,30,0,2.2,0,18.6
2023,5,8,4,30,0,2,0,17.900000000000002
2023,5,8,5,30,0,2,0,17.8
2023,5,8,6,30,63,2.6,0,19.3
2023,5,8,7,30,269,2.8000000000000003,0,22.400000000000002
2023,5,8,8,30,501,2.2,0,26.6
2023,5,8,9,30,713,1.7000000000000002,0,30.900000000000002
2023,5,8,10,30,887,1.4000000000000001,0,34
2023,5,8,11,30,1004,1.2000000000000002,0,35.9
2023,5,8,12,30,1055,1.1,0,37.1
2023,5,8,13,30,1036,1.1,0,37.800000000000004
2023,5,8,14,30,951,1.1,0,38.1
2023,5,8,15,30,766,1.2000000000000002,0,37.800000000000004
2023,5,8,16,30,606,1.4000000000000001,0,37.1
2023,5,8,17,30,362,1.6,0,35.5
2023,5,8,18,30,149,2,3,32.5
2023,5,8,19,30,7,3.1,0,29.400000000000002
2023,5,8,20,30,0,4.4,0,27.700000000000003
2023,5,8,21,30,0,5.1000000000000005,0,26.6
2023,5,8,22,30,0,5.1000000000000005,0,25.700000000000003
2023,5,8,23,30,0,5,0,24.700000000000003
2023,5,9,0,30,0,4.9,0,23.8
2023,5,9,1,30,0,4.7,0,22.8
2023,5,9,2,30,0,4.5,0,21.900000000000002
2023,5,9,3,30,0,4.3,8,21
2023,5,9,4,30,0,3.9000000000000004,3,20.200000000000003
2023,5,9,5,30,0,3.6,8,20
2023,5,9,6,30,49,3.7,3,20.8
2023,5,9,7,30,218,3.8000000000000003,8,23.1
2023,5,9,8,30,420,3.5,3,26.400000000000002
2023,5,9,9,30,695,2.8000000000000003,0,29.900000000000002
2023,5,9,10,30,864,2.2,0,32.9
2023,5,9,11,30,981,2.7,0,35.2
2023,5,9,12,30,1033,3.7,0,36.6
2023,5,9,13,30,1018,4.5,0,37.2
2023,5,9,14,30,935,5.2,0,37.1
2023,5,9,15,30,791,6,0,36.4
2023,5,9,16,30,599,6.7,0,35
2023,5,9,17,30,378,7.1000000000000005,0,32.800000000000004
2023,5,9,18,30,148,6.6000000000000005,0,30.1
2023,5,9,19,30,5,5.9,9,27.6
2023,5,9,20,30,0,5.9,6,25.900000000000002
2023,5,9,21,30,0,6.4,6,24.6
2023,5,9,22,30,0,6.5,6,23.3
2023,5,9,23,30,0,6.1000000000000005,7,22.200000000000003
2023,5,10,0,30,0,5.6000000000000005,7,21.400000000000002
2023,5,10,1,30,0,5.2,3,20.700000000000003
2023,5,10,2,30,0,4.9,8,20
2023,5,10,3,30,0,4.7,0,19.5
2023,5,10,4,30,0,4.5,0,19.1
2023,5,10,5,30,0,4.4,0,19
2023,5,10,6,30,50,4.6000000000000005,3,19.8
2023,5,10,7,30,211,5,3,21.8
2023,5,10,8,30,410,5,0,24.8
2023,5,10,9,30,615,5,3,28
2023,5,10,10,30,848,5,0,30.8
2023,5,10,11,30,963,5.2,0,32.9
2023,5,10,12,30,1013,5.5,0,34.4
2023,5,10,13,30,998,5.7,0,35.300000000000004
2023,5,10,14,30,916,6,0,35.7
2023,5,10,15,30,778,6.2,0,35.4
2023,5,10,16,30,591,6.4,0,34.6
2023,5,10,17,30,244,6.6000000000000005,6,33.2
2023,5,10,18,30,71,6.6000000000000005,6,31.1
2023,5,10,19,30,7,6.800000000000001,0,28.8
2023,5,10,20,30,0,7.2,0,26.900000000000002
2023,5,10,21,30,0,7.4,0,25.400000000000002
2023,5,10,22,30,0,6.9,0,24.1
2023,5,10,23,30,0,5.7,0,23.1
2023,5,11,0,30,0,4.5,0,22.3
2023,5,11,1,30,0,3.6,8,21.700000000000003
2023,5,11,2,30,0,2.6,0,20.900000000000002
2023,5,11,3,30,0,1.7000000000000002,0,19.700000000000003
2023,5,11,4,30,0,1.4000000000000001,0,18.5
2023,5,11,5,30,0,1.8,0,17.900000000000002
2023,5,11,6,30,72,2.9000000000000004,0,19.3
2023,5,11,7,30,287,4.1000000000000005,0,22.700000000000003
2023,5,11,8,30,520,4.5,0,26.200000000000003
2023,5,11,9,30,734,4.7,0,28.5
2023,5,11,10,30,907,4.9,0,30
2023,5,11,11,30,1023,5,0,31.400000000000002
2023,5,11,12,30,1071,5.1000000000000005,0,32.6
2023,5,11,13,30,1058,5,0,33.6
2023,5,11,14,30,971,4.9,0,34.4
2023,5,11,15,30,823,4.7,0,34.800000000000004
2023,5,11,16,30,629,4.5,0,34.6
2023,5,11,17,30,404,3.5,0,33.2
2023,5,11,18,30,175,2.1,0,29.3
2023,5,11,19,30,10,1.5,0,25.400000000000002
2023,5,11,20,30,0,1.5,0,23.8
2023,5,11,21,30,0,1.4000000000000001,0,22.8
2023,5,11,22,30,0,1.3,0,22
2023,5,11,23,30,0,1.3,0,21.400000000000002
2023,5,12,0,30,0,1.4000000000000001,0,20.8
2023,5,12,1,30,0,1.4000000000000001,0,20.200000000000003
2023,5,12,2,30,0,1.5,0,19.700000000000003
2023,5,12,3,30,0,1.6,0,19.3
2023,5,12,4,30,0,1.7000000000000002,0,19.1
2023,5,12,5,30,0,1.9000000000000001,0,19.400000000000002
2023,5,12,6,30,64,2.8000000000000003,0,21.200000000000003
2023,5,12,7,30,262,3.8000000000000003,0,24.400000000000002
2023,5,12,8,30,483,4,0,27.8
2023,5,12,9,30,670,3.9000000000000004,0,30.700000000000003
2023,5,12,10,30,772,3.9000000000000004,0,32.6
2023,5,12,11,30,759,4.3,3,33.9
2023,5,12,12,30,643,5,7,34.6
2023,5,12,13,30,758,5.9,3,34.6
2023,5,12,14,30,796,6.6000000000000005,8,33.7
2023,5,12,15,30,374,7,9,32
2023,5,12,16,30,100,6.9,9,30.1
2023,5,12,17,30,93,6.5,9,28.3
2023,5,12,18,30,34,5.6000000000000005,9,26.6
2023,5,12,19,30,5,3.8000000000000003,9,25.3
2023,5,12,20,30,0,2.4000000000000004,9,24.400000000000002
2023,5,12,21,30,0,2.6,9,23.400000000000002
2023,5,12,22,30,0,3.3000000000000003,9,22.200000000000003
2023,5,12,23,30,0,4.3,9,21.5
2023,5,13,0,30,0,4.800000000000001,6,20.900000000000002
2023,5,13,1,30,0,4.800000000000001,7,20.200000000000003
2023,5,13,2,30,0,3.9000000000000004,7,19.200000000000003
2023,5,13,3,30,0,2.6,7,18.3
2023,5,13,4,30,0,2,7,17.900000000000002
2023,5,13,5,30,0,2.2,7,17.7
2023,5,13,6,30,29,2.8000000000000003,7,17.900000000000002
2023,5,13,7,30,172,3.7,7,18.5
2023,5,13,8,30,415,4.4,8,19.3
2023,5,13,9,30,623,5.1000000000000005,8,20.200000000000003
2023,5,13,10,30,742,5.800000000000001,8,20.900000000000002
2023,5,13,11,30,859,6.2,8,21.400000000000002
2023,5,13,12,30,683,6.300000000000001,8,22
2023,5,13,13,30,631,5.9,8,22.900000000000002
2023,5,13,14,30,804,4.9,3,24
2023,5,13,15,30,692,4.2,3,24.8
2023,5,13,16,30,513,3.9000000000000004,3,24.8
2023,5,13,17,30,382,3.7,0,24
2023,5,13,18,30,165,2.5,8,21.900000000000002
2023,5,13,19,30,8,1.3,7,19.5
2023,5,13,20,30,0,1.1,7,18.3
2023,5,13,21,30,0,1,7,17.6
2023,5,13,22,30,0,1,7,16.8
2023,5,13,23,30,0,1,0,16.2
2023,5,14,0,30,0,1.2000000000000002,0,15.600000000000001
2023,5,14,1,30,0,1.4000000000000001,0,15.200000000000001
2023,5,14,2,30,0,1.7000000000000002,0,14.700000000000001
2023,5,14,3,30,0,1.7000000000000002,0,14.200000000000001
2023,5,14,4,30,0,1.4000000000000001,0,13.8
2023,5,14,5,30,0,1.5,0,14
2023,5,14,6,30,38,1.8,5,15.3
2023,5,14,7,30,268,1.7000000000000002,0,17.400000000000002
2023,5,14,8,30,484,1.3,0,19.3
2023,5,14,9,30,685,1.4000000000000001,0,20.900000000000002
2023,5,14,10,30,636,1.5,3,22.6
2023,5,14,11,30,827,1.8,3,24.5
2023,5,14,12,30,1012,1.9000000000000001,0,26.200000000000003
2023,5,14,13,30,997,1.8,0,27.200000000000003
2023,5,14,14,30,915,1.4000000000000001,0,27.700000000000003
2023,5,14,15,30,777,1,0,27.8
2023,5,14,16,30,593,0.8,0,27.5
2023,5,14,17,30,381,0.9,0,26.8
2023,5,14,18,30,166,0.9,0,25
2023,5,14,19,30,11,1,0,22.900000000000002
2023,5,14,20,30,0,1.1,0,21.6
2023,5,14,21,30,0,1.2000000000000002,0,20.8
2023,5,14,22,30,0,1.2000000000000002,0,20.1
2023,5,14,23,30,0,1,3,19.5
2023,5,15,0,30,0,0.8,3,19.200000000000003
2023,5,15,1,30,0,0.6000000000000001,3,19.1
2023,5,15,2,30,0,0.5,0,18.900000000000002
2023,5,15,3,30,0,0.6000000000000001,3,18.5
2023,5,15,4,30,0,0.7000000000000001,3,17.900000000000002
2023,5,15,5,30,0,0.9,7,17.8
2023,5,15,6,30,48,1.3,7,18.7
2023,5,15,7,30,243,1.3,8,20.8
2023,5,15,8,30,318,1.3,7,23.1
2023,5,15,9,30,524,1.3,7,24.700000000000003
2023,5,15,10,30,598,1.3,7,25.8
2023,5,15,11,30,704,1.4000000000000001,7,26.5
2023,5,15,12,30,735,1.9000000000000001,8,26.8
2023,5,15,13,30,784,2.5,7,26.6
2023,5,15,14,30,668,2.9000000000000004,7,26.1
2023,5,15,15,30,163,3,9,25.5
2023,5,15,16,30,164,2.9000000000000004,6,24.8
2023,5,15,17,30,116,2.5,6,23.900000000000002
2023,5,15,18,30,76,1.6,7,22.5
2023,5,15,19,30,7,1,6,21.1
2023,5,15,20,30,0,0.9,7,20.3
2023,5,15,21,30,0,0.8,6,19.6
2023,5,15,22,30,0,0.8,7,19
2023,5,15,23,30,0,0.7000000000000001,7,18.5
2023,5,16,0,30,0,0.6000000000000001,7,18.1
2023,5,16,1,30,0,0.5,7,17.900000000000002
2023,5,16,2,30,0,0.4,7,17.7
2023,5,16,3,30,0,0.30000000000000004,7,17.5
2023,5,16,4,30,0,0.4,8,17.2
2023,5,16,5,30,0,0.8,4,17.2
2023,5,16,6,30,55,1.4000000000000001,3,18.3
2023,5,16,7,30,166,1.9000000000000001,7,20.400000000000002
2023,5,16,8,30,343,1.9000000000000001,7,22.8
2023,5,16,9,30,437,1.7000000000000002,7,24.8
2023,5,16,10,30,548,1.6,7,26.3
2023,5,16,11,30,618,1.6,6,27.3
2023,5,16,12,30,640,1.5,6,28.1
2023,5,16,13,30,520,1.5,6,28.5
2023,5,16,14,30,489,1.5,6,28.6
2023,5,16,15,30,493,1.7000000000000002,6,28.400000000000002
2023,5,16,16,30,328,1.9000000000000001,6,27.900000000000002
2023,5,16,17,30,177,1.9000000000000001,6,27.1
2023,5,16,18,30,65,1.6,6,25.3
2023,5,16,19,30,9,1.4000000000000001,7,23.200000000000003
2023,5,16,20,30,0,1.7000000000000002,8,22
2023,5,16,21,30,0,2,7,21.200000000000003
2023,5,16,22,30,0,2.1,7,20.400000000000002
2023,5,16,23,30,0,2.2,3,19.6
2023,5,17,0,30,0,2.2,0,19
2023,5,17,1,30,0,2.2,0,18.400000000000002
2023,5,17,2,30,0,2,0,17.900000000000002
2023,5,17,3,30,0,1.7000000000000002,0,17.5
2023,5,17,4,30,0,1.5,0,17.1
2023,5,17,5,30,0,1.5,0,17.3
2023,5,17,6,30,80,1.8,0,18.900000000000002
2023,5,17,7,30,282,1.8,0,21.700000000000003
2023,5,17,8,30,502,1.1,0,25.5
2023,5,17,9,30,704,0.9,0,28.700000000000003
2023,5,17,10,30,868,1.2000000000000002,0,30.6
2023,5,17,11,30,979,1.5,0,31.900000000000002
2023,5,17,12,30,1029,1.7000000000000002,0,32.9
2023,5,17,13,30,1014,1.9000000000000001,0,33.6
2023,5,17,14,30,933,2,0,33.800000000000004
2023,5,17,15,30,795,2.1,0,33.5
2023,5,17,16,30,610,2.5,0,32.800000000000004
2023,5,17,17,30,397,2.8000000000000003,0,31.5
2023,5,17,18,30,178,2.6,0,28.700000000000003
2023,5,17,19,30,15,3,0,25.900000000000002
2023,5,17,20,30,0,4.1000000000000005,0,24.5
2023,5,17,21,30,0,4.4,0,23.3
2023,5,17,22,30,0,4.2,0,22.200000000000003
2023,5,17,23,30,0,3.9000000000000004,0,21.400000000000002
2023,5,18,0,30,0,3.6,0,20.700000000000003
2023,5,18,1,30,0,3.3000000000000003,0,20.1
2023,5,18,2,30,0,3,0,19.700000000000003
2023,5,18,3,30,0,2.7,0,19.6
2023,5,18,4,30,0,2.4000000000000004,5,19.6
2023,5,18,5,30,0,2.4000000000000004,0,19.8
2023,5,18,6,30,56,2.7,3,20.8
2023,5,18,7,30,255,3.1,0,23.1
2023,5,18,8,30,455,3.4000000000000004,8,25.8
2023,5,18,9,30,428,3.6,7,28
2023,5,18,10,30,408,3.8000000000000003,7,29.5
2023,5,18,11,30,689,4,8,30.3
2023,5,18,12,30,647,4.6000000000000005,7,30.5
2023,5,18,13,30,426,5,6,29.700000000000003
2023,5,18,14,30,668,4.800000000000001,7,28.400000000000002
2023,5,18,15,30,703,4,8,27.700000000000003
2023,5,18,16,30,372,3.8000000000000003,6,27.8
2023,5,18,17,30,371,3.9000000000000004,8,27.5
2023,5,18,18,30,158,3.8000000000000003,8,26.200000000000003
2023,5,18,19,30,10,4.4,3,24.700000000000003
2023,5,18,20,30,0,5,6,23.6
2023,5,18,21,30,0,5.4,6,22.700000000000003
2023,5,18,22,30,0,5.6000000000000005,0,22.1
2023,5,18,23,30,0,5.4,0,21.700000000000003
2023,5,19,0,30,0,4.7,0,21.400000000000002
2023,5,19,1,30,0,3.8000000000000003,0,21
2023,5,19,2,30,0,3.1,8,20.5
2023,5,19,3,30,0,2.9000000000000004,7,20.3
2023,5,19,4,30,0,2.6,6,20
2023,5,19,5,30,0,2.5,7,20
2023,5,19,6,30,28,3.1,7,21.200000000000003
2023,5,19,7,30,163,3.6,3,24.200000000000003
2023,5,19,8,30,284,3.6,5,27.8
2023,5,19,9,30,700,3.4000000000000004,0,30.900000000000002
2023,5,19,10,30,861,3.2,0,32.9
2023,5,19,11,30,927,3,0,34.300000000000004
2023,5,19,12,30,999,2.7,0,35
2023,5,19,13,30,975,2.6,0,35.2
2023,5,19,14,30,774,2.4000000000000004,7,34.800000000000004
2023,5,19,15,30,503,2.2,7,34
2023,5,19,16,30,356,2.1,6,33.2
2023,5,19,17,30,150,2,6,31.900000000000002
2023,5,19,18,30,105,1.8,7,29.700000000000003
2023,5,19,19,30,10,2.3000000000000003,7,27.5
2023,5,19,20,30,0,3.3000000000000003,8,26.200000000000003
2023,5,19,21,30,0,3.9000000000000004,8,25
2023,5,19,22,30,0,4.3,3,23.8
2023,5,19,23,30,0,4.7,3,22.700000000000003
2023,5,20,0,30,0,4.9,0,21.6
2023,5,20,1,30,0,4.9,3,20.400000000000002
2023,5,20,2,30,0,4.9,3,19.400000000000002
2023,5,20,3,30,0,5,0,18.5
2023,5,20,4,30,0,5.1000000000000005,0,17.7
2023,5,20,5,30,0,5,3,17
2023,5,20,6,30,13,4.800000000000001,8,16.7
2023,5,20,7,30,22,4.4,8,17
2023,5,20,8,30,204,3.9000000000000004,8,17.7
2023,5,20,9,30,177,3.5,7,18.6
2023,5,20,10,30,267,3,5,19.6
2023,5,20,11,30,221,2.5,3,20.6
2023,5,20,12,30,461,1.9000000000000001,6,21.5
2023,5,20,13,30,462,1.4000000000000001,6,22.200000000000003
2023,5,20,14,30,398,0.9,6,22.8
2023,5,20,15,30,369,0.7000000000000001,6,23.1
2023,5,20,16,30,270,0.8,6,23
2023,5,20,17,30,147,0.9,6,22.5
2023,5,20,18,30,62,0.9,6,21.6
2023,5,20,19,30,8,1.1,7,20.5
2023,5,20,20,30,0,1.6,7,19.8
2023,5,20,21,30,0,1.9000000000000001,7,19.400000000000002
2023,5,20,22,30,0,2,7,18.900000000000002
2023,5,20,23,30,0,2,7,18.400000000000002
2023,5,21,0,30,0,1.9000000000000001,7,18
2023,5,21,1,30,0,1.7000000000000002,7,17.6
2023,5,21,2,30,0,1.5,7,17.3
2023,5,21,3,30,0,1.4000000000000001,6,17
2023,5,21,4,30,0,1.5,7,16.900000000000002
2023,5,21,5,30,0,1.9000000000000001,9,17
2023,5,21,6,30,9,2.5,9,17.900000000000002
2023,5,21,7,30,20,2.9000000000000004,9,19.8
2023,5,21,8,30,26,2.9000000000000004,9,22
2023,5,21,9,30,138,2.5,6,23.6
2023,5,21,10,30,676,2.1,7,25
2023,5,21,11,30,954,1.8,0,26.200000000000003
2023,5,21,12,30,1012,1.6,0,27.200000000000003
2023,5,21,13,30,990,1.6,0,28
2023,5,21,14,30,817,1.9000000000000001,7,28.400000000000002
2023,5,21,15,30,658,2.3000000000000003,8,28.5
2023,5,21,16,30,610,2.8000000000000003,0,28.200000000000003
2023,5,21,17,30,399,3.1,0,27.3
2023,5,21,18,30,174,2.9000000000000004,8,25.1
2023,5,21,19,30,12,3.1,3,22.8
2023,5,21,20,30,0,3.9000000000000004,0,21.5
2023,5,21,21,30,0,4.1000000000000005,0,20.5
2023,5,21,22,30,0,4.1000000000000005,0,19.5
2023,5,21,23,30,0,4,0,18.7
2023,5,22,0,30,0,3.8000000000000003,0,18
2023,5,22,1,30,0,3.7,0,17.400000000000002
2023,5,22,2,30,0,3.4000000000000004,0,17
2023,5,22,3,30,0,3.1,0,16.7
2023,5,22,4,30,0,2.8000000000000003,0,16.5
2023,5,22,5,30,0,2.9000000000000004,0,16.7
2023,5,22,6,30,83,3.3000000000000003,0,17.8
2023,5,22,7,30,283,3.6,0,20
2023,5,22,8,30,459,3.7,0,22.8
2023,5,22,9,30,558,3.6,8,25.700000000000003
2023,5,22,10,30,865,3.4000000000000004,0,28.5
2023,5,22,11,30,960,2.9000000000000004,0,30.900000000000002
2023,5,22,12,30,965,2.4000000000000004,0,32.800000000000004
2023,5,22,13,30,793,2.1,6,34
2023,5,22,14,30,678,2,6,34.6
2023,5,22,15,30,469,2.2,6,34.5
2023,5,22,16,30,365,2.5,6,33.6
2023,5,22,17,30,61,2.5,9,31.8
2023,5,22,18,30,57,2,9,29
2023,5,22,19,30,10,2.3000000000000003,6,26.400000000000002
2023,5,22,20,30,0,3.8000000000000003,6,24.6
2023,5,22,21,30,0,5.4,6,23.3
2023,5,22,22,30,0,6.1000000000000005,6,22.3
2023,5,22,23,30,0,5.800000000000001,7,21.5
2023,5,23,0,30,0,5,0,20.700000000000003
2023,5,23,1,30,0,4.4,0,20
2023,5,23,2,30,0,4,0,19.400000000000002
2023,5,23,3,30,0,3.6,0,18.900000000000002
2023,5,23,4,30,0,3.2,0,18.5
2023,5,23,5,30,0,3.4000000000000004,0,18.6
2023,5,23,6,30,84,4.2,0,20
2023,5,23,7,30,284,5,0,22.6
2023,5,23,8,30,503,4.800000000000001,0,25.6
2023,5,23,9,30,704,4.1000000000000005,0,28.8
2023,5,23,10,30,868,3.4000000000000004,0,31.700000000000003
2023,5,23,11,30,981,2.8000000000000003,0,34
2023,5,23,12,30,1031,2.3000000000000003,0,35.6
2023,5,23,13,30,1016,2,0,36.6
2023,5,23,14,30,936,1.8,0,37
2023,5,23,15,30,796,1.8,0,36.9
2023,5,23,16,30,347,1.9000000000000001,6,36.300000000000004
2023,5,23,17,30,135,2,7,34.9
2023,5,23,18,30,124,2.4000000000000004,3,32.1
2023,5,23,19,30,15,3.5,0,29.1
2023,5,23,20,30,0,4.7,0,27.3
2023,5,23,21,30,0,5.2,0,26.1
2023,5,23,22,30,0,5.4,0,24.900000000000002
2023,5,23,23,30,0,5.5,7,23.900000000000002
2023,5,24,0,30,0,5.4,5,22.900000000000002
2023,5,24,1,30,0,4.9,5,21.900000000000002
2023,5,24,2,30,0,4.3,0,20.900000000000002
2023,5,24,3,30,0,3.9000000000000004,8,20.200000000000003
2023,5,24,4,30,0,3.6,0,19.6
2023,5,24,5,30,0,3.7,3,19.5
2023,5,24,6,30,81,4.4,0,20.6
2023,5,24,7,30,131,5.4,3,23
2023,5,24,8,30,454,5.9,0,25.700000000000003
2023,5,24,9,30,683,6,0,27.900000000000002
2023,5,24,10,30,854,5.800000000000001,0,29.700000000000003
2023,5,24,11,30,742,5.7,3,31.200000000000003
2023,5,24,12,30,1016,5.5,0,32.2
2023,5,24,13,30,990,5.4,0,32.9
2023,5,24,14,30,923,5.5,0,33.2
2023,5,24,15,30,786,5.6000000000000005,0,32.9
2023,5,24,16,30,606,5.7,0,32
2023,5,24,17,30,182,5.7,6,30.5
2023,5,24,18,30,44,5.300000000000001,9,28.400000000000002
2023,5,24,19,30,16,4.9,8,26.400000000000002
2023,5,24,20,30,0,4.9,0,25
2023,5,24,21,30,0,5.1000000000000005,0,24.200000000000003
2023,5,24,22,30,0,5,0,23.400000000000002
2023,5,24,23,30,0,4.7,3,22.6
2023,5,25,0,30,0,4.4,0,21.900000000000002
2023,5,25,1,30,0,4.2,0,21.200000000000003
2023,5,25,2,30,0,3.9000000000000004,0,20.6
2023,5,25,3,30,0,3.7,0,20.1
2023,5,25,4,30,0,3.7,0,19.8
2023,5,25,5,30,0,3.9000000000000004,3,19.8
2023,5,25,6,30,25,4.7,3,20.700000000000003
2023,5,25,7,30,49,5.6000000000000005,5,22.5
2023,5,25,8,30,156,5.9,3,24.6
2023,5,25,9,30,256,5.9,3,26.5
2023,5,25,10,30,304,5.800000000000001,3,28.200000000000003
2023,5,25,11,30,784,5.7,0,29.400000000000002
2023,5,25,12,30,945,5.5,0,30.200000000000003
2023,5,25,13,30,908,5.4,0,30.6
2023,5,25,14,30,714,5.2,3,30.6
2023,5,25,15,30,701,5.2,0,30.1
2023,5,25,16,30,522,5.300000000000001,7,29.200000000000003
2023,5,25,17,30,256,5.4,6,28
2023,5,25,18,30,154,5.1000000000000005,3,26.400000000000002
2023,5,25,19,30,16,4.800000000000001,8,24.8
2023,5,25,20,30,0,4.7,7,23.700000000000003
2023,5,25,21,30,0,4.6000000000000005,8,23
2023,5,25,22,30,0,4.5,0,22.5
2023,5,25,23,30,0,4.5,7,22
2023,5,26,0,30,0,4.4,7,21.700000000000003
2023,5,26,1,30,0,4.4,0,21.3
2023,5,26,2,30,0,4.2,0,21
2023,5,26,3,30,0,4,0,20.700000000000003
2023,5,26,4,30,0,3.9000000000000004,0,20.5
2023,5,26,5,30,0,4.1000000000000005,0,20.5
2023,5,26,6,30,74,4.5,0,21.1
2023,5,26,7,30,262,5.1000000000000005,0,22.400000000000002
2023,5,26,8,30,461,5.300000000000001,0,24.200000000000003
2023,5,26,9,30,544,5,0,26.200000000000003
2023,5,26,10,30,627,4.6000000000000005,8,28
2023,5,26,11,30,354,4.5,3,29.6
2023,5,26,12,30,877,4.7,0,30.8
2023,5,26,13,30,970,5.2,0,31.400000000000002
2023,5,26,14,30,796,5.7,8,31.400000000000002
2023,5,26,15,30,521,6.2,6,30.900000000000002
2023,5,26,16,30,569,6.4,0,29.8
2023,5,26,17,30,359,6.4,0,28.400000000000002
2023,5,26,18,30,117,6.2,6,26.900000000000002
2023,5,26,19,30,11,5.7,9,25.3
2023,5,26,20,30,0,5.4,9,24.200000000000003
2023,5,26,21,30,0,5.300000000000001,9,23.3
2023,5,26,22,30,0,5.4,9,22.6
2023,5,26,23,30,0,5.300000000000001,6,22
2023,5,27,0,30,0,5.1000000000000005,6,21.5
2023,5,27,1,30,0,4.800000000000001,9,21.200000000000003
2023,5,27,2,30,0,4.6000000000000005,7,20.900000000000002
2023,5,27,3,30,0,4.4,8,20.5
2023,5,27,4,30,0,4.2,0,20
2023,5,27,5,30,0,4.1000000000000005,0,19.8
2023,5,27,6,30,35,4.7,7,20.5
2023,5,27,7,30,24,5.5,6,21.8
2023,5,27,8,30,70,5.6000000000000005,6,22.900000000000002
2023,5,27,9,30,183,5.5,6,23.8
2023,5,27,10,30,256,5.4,6,24.6
2023,5,27,11,30,414,5.300000000000001,6,25.200000000000003
2023,5,27,12,30,529,5.4,6,25.6
2023,5,27,13,30,558,5.6000000000000005,7,26.1
2023,5,27,14,30,881,5.800000000000001,0,27
2023,5,27,15,30,787,6,0,27.900000000000002
2023,5,27,16,30,457,6.1000000000000005,7,28
2023,5,27,17,30,109,6.2,9,27.200000000000003
2023,5,27,18,30,27,5.6000000000000005,9,25.6
2023,5,27,19,30,11,4.9,9,24
2023,5,27,20,30,0,4.6000000000000005,9,23
2023,5,27,21,30,0,4.5,9,22.3
2023,5,27,22,30,0,4.2,9,21.700000000000003
2023,5,27,23,30,0,3.8000000000000003,9,21.200000000000003
2023,5,28,0,30,0,3.8000000000000003,6,20.8
2023,5,28,1,30,0,4.3,6,20.8
2023,5,28,2,30,0,4.4,6,20.700000000000003
2023,5,28,3,30,0,4,6,20.400000000000002
2023,5,28,4,30,0,3.9000000000000004,6,19.900000000000002
2023,5,28,5,30,0,4,7,19.6
2023,5,28,6,30,58,4.2,7,19.8
2023,5,28,7,30,196,4.4,7,20.8
2023,5,28,8,30,335,4.1000000000000005,7,22.3
2023,5,28,9,30,538,3.8000000000000003,7,24
2023,5,28,10,30,666,3.4000000000000004,7,25.400000000000002
2023,5,28,11,30,796,3,7,26.5
2023,5,28,12,30,883,2.6,7,27.8
2023,5,28,13,30,906,2.6,8,28.900000000000002
2023,5,28,14,30,785,3,7,29.400000000000002
2023,5,28,15,30,355,3.6,6,29.3
2023,5,28,16,30,61,4,9,28.700000000000003
2023,5,28,17,30,46,4.3,6,27.400000000000002
2023,5,28,18,30,80,4.3,6,25.5
2023,5,28,19,30,17,4.3,7,23.900000000000002
2023,5,28,20,30,0,4.2,7,22.700000000000003
2023,5,28,21,30,0,3.9000000000000004,7,21.700000000000003
2023,5,28,22,30,0,3.6,7,20.900000000000002
2023,5,28,23,30,0,3.2,7,20.3
2023,5,29,0,30,0,3,8,20
2023,5,29,1,30,0,2.7,7,19.700000000000003
2023,5,29,2,30,0,2.6,8,19.6
2023,5,29,3,30,0,2.6,3,19.400000000000002
2023,5,29,4,30,0,2.6,8,19.3
2023,5,29,5,30,0,2.7,0,19.200000000000003
2023,5,29,6,30,88,3.1,0,20
2023,5,29,7,30,288,3.6,0,22
2023,5,29,8,30,505,3.7,0,24.8
2023,5,29,9,30,707,3.3000000000000003,0,27.700000000000003
2023,5,29,10,30,872,2.7,0,30.3
2023,5,29,11,30,985,2,0,32.4
2023,5,29,12,30,1037,1.5,0,34
2023,5,29,13,30,1023,1.5,0,35.1
2023,5,29,14,30,945,1.8,0,35.6
2023,5,29,15,30,810,2.1,0,35.6
2023,5,29,16,30,629,2.5,0,35.1
2023,5,29,17,30,417,2.7,0,33.7
2023,5,29,18,30,199,3.1,0,30.6
2023,5,29,19,30,25,4.3,0,27.3
2023,5,29,20,30,0,5.5,0,25.200000000000003
2023,5,29,21,30,0,5.7,0,23.5
2023,5,29,22,30,0,5.300000000000001,0,22.3
2023,5,29,23,30,0,4.800000000000001,0,21.3
2023,5,30,0,30,0,4.3,0,20.6
2023,5,30,1,30,0,3.9000000000000004,0,19.900000000000002
2023,5,30,2,30,0,3.7,0,19.400000000000002
2023,5,30,3,30,0,3.8000000000000003,0,19.1
2023,5,30,4,30,0,3.8000000000000003,0,18.8
2023,5,30,5,30,0,4.1000000000000005,0,18.8
2023,5,30,6,30,91,4.6000000000000005,0,20.200000000000003
2023,5,30,7,30,294,4.800000000000001,0,23.1
2023,5,30,8,30,513,4.5,0,26.5
2023,5,30,9,30,716,4,0,29.900000000000002
2023,5,30,10,30,880,3.2,0,32.800000000000004
2023,5,30,11,30,991,2.3000000000000003,0,34.9
2023,5,30,12,30,1040,2.2,0,36.300000000000004
2023,5,30,13,30,1025,2.8000000000000003,0,37.1
2023,5,30,14,30,946,3.5,0,37.300000000000004
2023,5,30,15,30,808,4.2,0,36.9
2023,5,30,16,30,625,5,0,35.9
2023,5,30,17,30,412,5.800000000000001,0,34.1
2023,5,30,18,30,196,6.2,0,31.400000000000002
2023,5,30,19,30,25,6,0,28.400000000000002
2023,5,30,20,30,0,5.800000000000001,0,26.3
2023,5,30,21,30,0,5.7,0,24.900000000000002
2023,5,30,22,30,0,5.7,0,23.900000000000002
2023,5,30,23,30,0,5.7,0,22.900000000000002
2023,5,31,0,30,0,5.6000000000000005,0,22.1
2023,5,31,1,30,0,5.4,0,21.400000000000002
2023,5,31,2,30,0,5.1000000000000005,0,20.700000000000003
2023,5,31,3,30,0,4.800000000000001,0,20
2023,5,31,4,30,0,4.5,0,19.400000000000002
2023,5,31,5,30,0,4.5,0,19.3
2023,5,31,6,30,87,5.2,0,20.6
2023,5,31,7,30,287,5.9,0,23.3
2023,5,31,8,30,500,6.300000000000001,0,26.200000000000003
2023,5,31,9,30,666,6.6000000000000005,0,28.700000000000003
2023,5,31,10,30,693,6.9,3,30.700000000000003
2023,5,31,11,30,963,7.1000000000000005,0,32.2
2023,5,31,12,30,1015,7.4,0,33.2
2023,5,31,13,30,999,7.7,0,33.800000000000004
2023,5,31,14,30,919,7.9,0,33.800000000000004
2023,5,31,15,30,742,8.1,0,33.2
2023,5,31,16,30,561,8.200000000000001,8,32.1
2023,5,31,17,30,365,8.3,7,30.5
2023,5,31,18,30,130,7.9,7,28.5
2023,5,31,19,30,15,7.300000000000001,6,26.5
2023,5,31,20,30,0,7.1000000000000005,0,25.1
2023,5,31,21,30,0,7.2,0,24.1
2023,5,31,22,30,0,7.4,0,23.400000000000002
2023,5,31,23,30,0,7.4,0,22.700000000000003
2023,6,1,0,30,0,7.300000000000001,0,22
2023,6,1,1,30,0,7,0,21.5
2023,6,1,2,30,0,6.6000000000000005,0,21
2023,6,1,3,30,0,6.1000000000000005,0,20.5
2023,6,1,4,30,0,5.800000000000001,3,20
2023,6,1,5,30,0,5.9,0,19.900000000000002
2023,6,1,6,30,88,6.5,0,21
2023,6,1,7,30,286,6.9,0,23.3
2023,6,1,8,30,503,6.4,0,26
2023,6,1,9,30,665,5.6000000000000005,0,28.6
2023,6,1,10,30,828,4.800000000000001,0,30.900000000000002
2023,6,1,11,30,833,4.1000000000000005,3,32.7
2023,6,1,12,30,962,3.7,0,34
2023,6,1,13,30,1023,3.5,0,34.800000000000004
2023,6,1,14,30,777,3.5,3,35.2
2023,6,1,15,30,720,3.7,3,35.2
2023,6,1,16,30,578,4,8,34.7
2023,6,1,17,30,296,4.5,7,33.300000000000004
2023,6,1,18,30,170,5,8,30.700000000000003
2023,6,1,19,30,26,5.7,0,27.8
2023,6,1,20,30,0,6.2,0,26
2023,6,1,21,30,0,6,8,24.8
2023,6,1,22,30,0,5.5,8,23.8
2023,6,1,23,30,0,5,0,23.1
2023,6,2,0,30,0,4.9,0,22.6
2023,6,2,1,30,0,4.800000000000001,0,22
2023,6,2,2,30,0,5,0,21.5
2023,6,2,3,30,0,5.2,0,21.1
2023,6,2,4,30,0,5.1000000000000005,3,20.700000000000003
2023,6,2,5,30,0,5.2,0,20.700000000000003
2023,6,2,6,30,50,5.9,3,21.5
2023,6,2,7,30,281,6.800000000000001,0,23.200000000000003
2023,6,2,8,30,490,7,0,25.400000000000002
2023,6,2,9,30,626,6.9,0,27.400000000000002
2023,6,2,10,30,485,6.7,3,29.1
2023,6,2,11,30,448,6.4,3,30.3
2023,6,2,12,30,142,6,6,31.3
2023,6,2,13,30,87,5.4,6,32.1
2023,6,2,14,30,75,4.7,6,32.6
2023,6,2,15,30,86,4.1000000000000005,6,32.800000000000004
2023,6,2,16,30,64,3.6,9,32.6
2023,6,2,17,30,144,3.5,6,31.5
2023,6,2,18,30,185,3.4000000000000004,7,29.1
2023,6,2,19,30,24,3.4000000000000004,0,26.3
2023,6,2,20,30,0,3.5,0,24.400000000000002
2023,6,2,21,30,0,3.2,3,23.200000000000003
2023,6,2,22,30,0,2.8000000000000003,0,22.200000000000003
2023,6,2,23,30,0,2.7,0,21.5
2023,6,3,0,30,0,2.9000000000000004,0,21
2023,6,3,1,30,0,3.2,0,20.700000000000003
2023,6,3,2,30,0,3.3000000000000003,0,20.3
2023,6,3,3,30,0,3.4000000000000004,0,19.900000000000002
2023,6,3,4,30,0,3.2,0,19.5
2023,6,3,5,30,0,3.2,0,19.5
2023,6,3,6,30,94,3.7,0,20.6
2023,6,3,7,30,272,4.1000000000000005,0,23
2023,6,3,8,30,517,4,0,25.8
2023,6,3,9,30,631,3.4000000000000004,0,28.3
2023,6,3,10,30,680,2.9000000000000004,0,30.200000000000003
2023,6,3,11,30,459,2.5,3,31.700000000000003
2023,6,3,12,30,963,2.2,0,32.7
2023,6,3,13,30,1012,2,0,33.2
2023,6,3,14,30,931,2.1,0,33.300000000000004
2023,6,3,15,30,793,2.4000000000000004,0,32.7
2023,6,3,16,30,613,3.2,0,31.6
2023,6,3,17,30,406,4,0,30
2023,6,3,18,30,196,4.1000000000000005,0,27.900000000000002
2023,6,3,19,30,29,3.4000000000000004,0,25.6
2023,6,3,20,30,0,2.7,3,24.1
2023,6,3,21,30,0,2.4000000000000004,9,22.900000000000002
2023,6,3,22,30,0,2.5,9,22
2023,6,3,23,30,0,2.2,9,21.3
2023,6,4,0,30,0,1.5,9,20.6
2023,6,4,1,30,0,1.1,9,20
2023,6,4,2,30,0,1.1,7,19.400000000000002
2023,6,4,3,30,0,1.1,7,18.900000000000002
2023,6,4,4,30,0,1.1,8,18.5
2023,6,4,5,30,0,1.4000000000000001,0,18.5
2023,6,4,6,30,86,1.7000000000000002,0,19.3
2023,6,4,7,30,291,1.4000000000000001,0,21.200000000000003
2023,6,4,8,30,503,0.9,0,23.6
2023,6,4,9,30,703,1.2000000000000002,0,25.700000000000003
2023,6,4,10,30,863,2.3000000000000003,0,27.3
2023,6,4,11,30,974,3,0,28.400000000000002
2023,6,4,12,30,1018,3.6,0,29.200000000000003
2023,6,4,13,30,1011,4.1000000000000005,0,29.5
2023,6,4,14,30,935,4.3,0,29.5
2023,6,4,15,30,806,4.4,0,29.200000000000003
2023,6,4,16,30,628,4.2,0,28.700000000000003
2023,6,4,17,30,421,3.9000000000000004,0,27.8
2023,6,4,18,30,208,2.9000000000000004,0,26.1
2023,6,4,19,30,32,2.1,0,24
2023,6,4,20,30,0,2.2,0,22.700000000000003
2023,6,4,21,30,0,2.3000000000000003,0,21.900000000000002
2023,6,4,22,30,0,2.2,7,21
2023,6,4,23,30,0,2,7,20.1
2023,6,5,0,30,0,1.8,7,19.3
2023,6,5,1,30,0,1.4000000000000001,0,18.6
2023,6,5,2,30,0,1.1,0,18
2023,6,5,3,30,0,1,8,17.5
2023,6,5,4,30,0,0.9,0,17.2
2023,6,5,5,30,0,1.4000000000000001,0,17.6
2023,6,5,6,30,95,2.1,0,19.400000000000002
2023,6,5,7,30,255,2.5,0,22.200000000000003
2023,6,5,8,30,424,2.6,3,24.8
2023,6,5,9,30,672,2.5,0,26.8
2023,6,5,10,30,847,2.2,0,28.6
2023,6,5,11,30,973,1.9000000000000001,0,30
2023,6,5,12,30,1009,1.6,0,31.1
2023,6,5,13,30,836,1.6,0,31.8
2023,6,5,14,30,775,1.8,0,31.900000000000002
2023,6,5,15,30,656,2.3000000000000003,0,31.700000000000003
2023,6,5,16,30,621,2.9000000000000004,0,31
2023,6,5,17,30,415,3.4000000000000004,0,29.900000000000002
2023,6,5,18,30,203,3.3000000000000003,0,28
2023,6,5,19,30,31,3.2,0,25.700000000000003
2023,6,5,20,30,0,3.5,0,24
2023,6,5,21,30,0,3.4000000000000004,0,22.6
2023,6,5,22,30,0,2.9000000000000004,0,21.5
2023,6,5,23,30,0,2.4000000000000004,0,20.400000000000002
2023,6,6,0,30,0,1.8,0,19.5
2023,6,6,1,30,0,1.4000000000000001,0,18.7
2023,6,6,2,30,0,1,0,18
2023,6,6,3,30,0,0.8,0,17.5
2023,6,6,4,30,0,0.7000000000000001,0,17.2
2023,6,6,5,30,0,0.7000000000000001,7,17.7
2023,6,6,6,30,76,1,8,19.700000000000003
2023,6,6,7,30,255,1.4000000000000001,0,23
2023,6,6,8,30,473,1.6,0,25.700000000000003
2023,6,6,9,30,679,1.4000000000000001,0,27.6
2023,6,6,10,30,840,1.2000000000000002,0,29.200000000000003
2023,6,6,11,30,808,1.2000000000000002,8,30.700000000000003
2023,6,6,12,30,899,1.4000000000000001,8,31.8
2023,6,6,13,30,903,1.6,8,32.4
2023,6,6,14,30,834,1.7000000000000002,8,32.6
2023,6,6,15,30,798,1.9000000000000001,0,32.4
2023,6,6,16,30,622,2.2,0,31.6
2023,6,6,17,30,416,2.6,0,30.5
2023,6,6,18,30,204,2.6,0,28.6
2023,6,6,19,30,24,2.7,6,26.400000000000002
2023,6,6,20,30,0,3.4000000000000004,6,24.900000000000002
2023,6,6,21,30,0,3.9000000000000004,6,23.8
2023,6,6,22,30,0,4,6,22.8
2023,6,6,23,30,0,4,7,21.900000000000002
2023,6,7,0,30,0,3.9000000000000004,7,21.200000000000003
2023,6,7,1,30,0,3.7,6,20.6
2023,6,7,2,30,0,3.2,7,20.200000000000003
2023,6,7,3,30,0,2.2,7,19.8
2023,6,7,4,30,0,1.4000000000000001,7,19.6
2023,6,7,5,30,0,1.4000000000000001,7,20
2023,6,7,6,30,44,1.8,7,21.3
2023,6,7,7,30,198,1.9000000000000001,8,23.8
2023,6,7,8,30,300,2,8,26.5
2023,6,7,9,30,623,2.3000000000000003,8,28.700000000000003
2023,6,7,10,30,845,2.8000000000000003,0,30.3
2023,6,7,11,30,966,3.1,0,31.5
2023,6,7,12,30,1019,3.4000000000000004,0,32.2
2023,6,7,13,30,1004,3.6,0,32.5
2023,6,7,14,30,928,3.7,0,32.4
2023,6,7,15,30,734,3.7,8,32.2
2023,6,7,16,30,336,3.7,9,31.700000000000003
2023,6,7,17,30,88,3.9000000000000004,9,30.8
2023,6,7,18,30,29,3.9000000000000004,9,29
2023,6,7,19,30,15,3.6,9,26.700000000000003
2023,6,7,20,30,0,3,9,24.8
2023,6,7,21,30,0,2.8000000000000003,7,23.400000000000002
2023,6,7,22,30,0,3,0,22.6
2023,6,7,23,30,0,3.2,0,22.1
2023,6,8,0,30,0,3.3000000000000003,0,21.6
2023,6,8,1,30,0,3.2,0,21
2023,6,8,2,30,0,2.9000000000000004,0,20.5
2023,6,8,3,30,0,2.4000000000000004,0,20
2023,6,8,4,30,0,1.9000000000000001,0,19.6
2023,6,8,5,30,0,1.9000000000000001,0,19.900000000000002
2023,6,8,6,30,92,2.4000000000000004,0,21.8
2023,6,8,7,30,291,2.4000000000000004,0,24.700000000000003
2023,6,8,8,30,505,1.9000000000000001,0,27.700000000000003
2023,6,8,9,30,703,1.3,0,30.3
2023,6,8,10,30,866,1,0,32.4
2023,6,8,11,30,977,1,0,34
2023,6,8,12,30,1031,1.2000000000000002,0,35.2
2023,6,8,13,30,1018,1.5,0,36
2023,6,8,14,30,944,1.6,0,36.4
2023,6,8,15,30,812,1.6,0,36.4
2023,6,8,16,30,636,1.4000000000000001,0,35.9
2023,6,8,17,30,428,1.1,0,35
2023,6,8,18,30,213,0.9,0,32.6
2023,6,8,19,30,34,1.1,0,29.1
2023,6,8,20,30,0,1.7000000000000002,0,26.700000000000003
2023,6,8,21,30,0,2.3000000000000003,0,25.6
2023,6,8,22,30,0,3.1,0,24.8
2023,6,8,23,30,0,3.7,0,23.8
2023,6,9,0,30,0,4.2,0,22.900000000000002
2023,6,9,1,30,0,4.4,0,22.200000000000003
2023,6,9,2,30,0,4.3,7,21.6
2023,6,9,3,30,0,4.1000000000000005,8,21.200000000000003
2023,6,9,4,30,0,3.7,0,20.8
2023,6,9,5,30,0,3.5,0,21
2023,6,9,6,30,95,3.6,0,22.8
2023,6,9,7,30,297,3.5,0,26.1
2023,6,9,8,30,516,3.5,0,29.900000000000002
2023,6,9,9,30,715,3.3000000000000003,0,33.1
2023,6,9,10,30,877,3,0,35.300000000000004
2023,6,9,11,30,954,2.8000000000000003,0,36.800000000000004
2023,6,9,12,30,932,2.6,8,38.1
2023,6,9,13,30,828,2.7,8,38.900000000000006
2023,6,9,14,30,840,2.9000000000000004,8,39.2
2023,6,9,15,30,744,3.1,8,38.900000000000006
2023,6,9,16,30,104,2.9000000000000004,6,37.9
2023,6,9,17,30,78,2.4000000000000004,9,35.9
2023,6,9,18,30,27,2.2,6,32.9
2023,6,9,19,30,27,2.2,0,29.700000000000003
2023,6,9,20,30,0,2.1,8,27.8
2023,6,9,21,30,0,1.7000000000000002,8,26.700000000000003
2023,6,9,22,30,0,1.4000000000000001,3,25.700000000000003
2023,6,9,23,30,0,1.3,8,24.5
2023,6,10,0,30,0,1.3,5,23.1
2023,6,10,1,30,0,1.4000000000000001,3,21.900000000000002
2023,6,10,2,30,0,1.4000000000000001,0,21
2023,6,10,3,30,0,1.7000000000000002,0,20.400000000000002
2023,6,10,4,30,0,2.1,0,20
2023,6,10,5,30,0,2.5,0,20.5
2023,6,10,6,30,97,3.3000000000000003,0,22.700000000000003
2023,6,10,7,30,303,4,0,26.3
2023,6,10,8,30,523,4.3,0,30.200000000000003
2023,6,10,9,30,715,4.3,0,33.300000000000004
2023,6,10,10,30,864,4.3,0,35.4
2023,6,10,11,30,1005,4.3,0,36.9
2023,6,10,12,30,1058,4.4,0,37.9
2023,6,10,13,30,1046,4.5,0,38.6
2023,6,10,14,30,971,4.4,0,38.800000000000004
2023,6,10,15,30,837,4.1000000000000005,0,38.6
2023,6,10,16,30,657,3.6,0,37.9
2023,6,10,17,30,442,2.6,0,36.4
2023,6,10,18,30,216,1.5,0,33.2
2023,6,10,19,30,28,1,6,30.3
2023,6,10,20,30,0,0.9,7,29.400000000000002
2023,6,10,21,30,0,0.8,0,28.700000000000003
2023,6,10,22,30,0,1.1,0,26.8
2023,6,10,23,30,0,1.5,0,24.5
2023,6,11,0,30,0,1.8,0,23
2023,6,11,1,30,0,1.8,0,22.1
2023,6,11,2,30,0,1.8,0,21.5
2023,6,11,3,30,0,1.9000000000000001,0,21
2023,6,11,4,30,0,2,0,20.6
2023,6,11,5,30,0,2.1,0,20.900000000000002
2023,6,11,6,30,97,2.7,0,23
2023,6,11,7,30,299,3.4000000000000004,0,26.400000000000002
2023,6,11,8,30,517,3.6,0,30.1
2023,6,11,9,30,717,3.4000000000000004,0,33.6
2023,6,11,10,30,880,3.2,0,36.2
2023,6,11,11,30,990,3.2,0,37.9
2023,6,11,12,30,1037,3.5,0,39
2023,6,11,13,30,1022,3.9000000000000004,0,39.7
2023,6,11,14,30,942,4.2,0,39.900000000000006
2023,6,11,15,30,761,4.5,0,39.6
2023,6,11,16,30,127,4.7,9,38.800000000000004
2023,6,11,17,30,396,4.7,0,37.4
2023,6,11,18,30,158,4.2,3,34.800000000000004
2023,6,11,19,30,28,4.4,8,32
2023,6,11,20,30,0,5,0,30.3
2023,6,11,21,30,0,5.1000000000000005,0,28.900000000000002
2023,6,11,22,30,0,5,3,27.6
2023,6,11,23,30,0,4.9,0,26.6
2023,6,12,0,30,0,4.800000000000001,0,25.8
2023,6,12,1,30,0,4.6000000000000005,0,25
2023,6,12,2,30,0,4.2,0,24.3
2023,6,12,3,30,0,3.7,0,23.6
2023,6,12,4,30,0,3.2,0,22.900000000000002
2023,6,12,5,30,0,3.1,0,23
2023,6,12,6,30,95,3.8000000000000003,0,24.900000000000002
2023,6,12,7,30,299,4.1000000000000005,0,28.3
2023,6,12,8,30,519,4.2,0,31.8
2023,6,12,9,30,721,4.6000000000000005,0,34.4
2023,6,12,10,30,888,4.6000000000000005,0,36.2
2023,6,12,11,30,1003,4.4,0,37.7
2023,6,12,12,30,1056,4.1000000000000005,0,38.7
2023,6,12,13,30,1048,3.8000000000000003,0,39.400000000000006
2023,6,12,14,30,971,3.4000000000000004,0,39.6
2023,6,12,15,30,836,2.7,0,39.400000000000006
2023,6,12,16,30,657,2,0,38.800000000000004
2023,6,12,17,30,447,1.2000000000000002,0,37.6
2023,6,12,18,30,221,0.9,0,34.4
2023,6,12,19,30,42,1.2000000000000002,0,30.400000000000002
2023,6,12,20,30,0,1.7000000000000002,0,27.8
2023,6,12,21,30,0,1.9000000000000001,0,26.400000000000002
2023,6,12,22,30,0,1.9000000000000001,0,25.200000000000003
2023,6,12,23,30,0,1.9000000000000001,0,24.200000000000003
2023,6,13,0,30,0,1.9000000000000001,0,23.400000000000002
2023,6,13,1,30,0,1.7000000000000002,0,22.8
2023,6,13,2,30,0,1.4000000000000001,0,22.3
2023,6,13,3,30,0,1,0,21.8
2023,6,13,4,30,0,0.9,0,21.3
2023,6,13,5,30,0,1.2000000000000002,0,21.5
2023,6,13,6,30,94,1.9000000000000001,0,23.200000000000003
2023,6,13,7,30,264,2.5,3,25.8
2023,6,13,8,30,520,2.8000000000000003,0,28.900000000000002
2023,6,13,9,30,725,3.4000000000000004,0,32.2
2023,6,13,10,30,796,3.8000000000000003,8,34.800000000000004
2023,6,13,11,30,962,3.9000000000000004,0,36.5
2023,6,13,12,30,1058,4,0,37.7
2023,6,13,13,30,1047,4,0,38.300000000000004
2023,6,13,14,30,966,3.8000000000000003,0,38.7
2023,6,13,15,30,833,3.5,0,38.800000000000004
2023,6,13,16,30,652,3.3000000000000003,0,38.300000000000004
2023,6,13,17,30,447,2.5,0,36.800000000000004
2023,6,13,18,30,210,1.6,0,33.800000000000004
2023,6,13,19,30,37,1.3,0,30.900000000000002
2023,6,13,20,30,0,1.2000000000000002,8,29.5
2023,6,13,21,30,0,1.2000000000000002,8,28.400000000000002
2023,6,13,22,30,0,1.2000000000000002,7,27.400000000000002
2023,6,13,23,30,0,1.3,7,26.200000000000003
2023,6,14,0,30,0,1.3,7,24.900000000000002
2023,6,14,1,30,0,1.3,8,23.6
2023,6,14,2,30,0,1.4000000000000001,0,22.5
2023,6,14,3,30,0,1.5,8,21.700000000000003
2023,6,14,4,30,0,1.6,0,20.700000000000003
2023,6,14,5,30,0,2,0,20.8
2023,6,14,6,30,98,3.2,0,23.1
2023,6,14,7,30,311,3.9000000000000004,0,26.400000000000002
2023,6,14,8,30,527,4.3,0,30.3
2023,6,14,9,30,729,4.800000000000001,0,33.9
2023,6,14,10,30,899,5.2,0,36.2
2023,6,14,11,30,1013,5.300000000000001,0,37.6
2023,6,14,12,30,1028,5.2,0,38.6
2023,6,14,13,30,919,4.800000000000001,8,39.1
2023,6,14,14,30,872,4.4,8,39.2
2023,6,14,15,30,682,3.8000000000000003,8,39
2023,6,14,16,30,324,3.1,8,38.2
2023,6,14,17,30,364,1.9000000000000001,8,36.7
2023,6,14,18,30,183,0.8,8,34.7
2023,6,14,19,30,34,0.8,8,32.800000000000004
2023,6,14,20,30,0,1.1,0,30.400000000000002
2023,6,14,21,30,0,1.4000000000000001,0,28.1
2023,6,14,22,30,0,1.7000000000000002,3,26.6
2023,6,14,23,30,0,1.9000000000000001,3,25.700000000000003
2023,6,15,0,30,0,2,8,25
2023,6,15,1,30,0,1.9000000000000001,0,24.400000000000002
2023,6,15,2,30,0,1.9000000000000001,8,23.900000000000002
2023,6,15,3,30,0,1.9000000000000001,8,23.400000000000002
2023,6,15,4,30,0,1.9000000000000001,0,22.700000000000003
2023,6,15,5,30,0,2.2,0,23.3
2023,6,15,6,30,96,3.1,0,25.8
2023,6,15,7,30,298,4,0,29.400000000000002
2023,6,15,8,30,449,4.6000000000000005,8,33
2023,6,15,9,30,509,5.300000000000001,8,36
2023,6,15,10,30,690,5.5,8,37.9
2023,6,15,11,30,930,5.4,0,39.300000000000004
2023,6,15,12,30,1050,5.2,0,40.2
2023,6,15,13,30,1042,5,0,40.900000000000006
2023,6,15,14,30,969,4.9,0,41.2
2023,6,15,15,30,838,4.800000000000001,0,41.2
2023,6,15,16,30,660,4.7,0,40.7
2023,6,15,17,30,435,3.9000000000000004,0,39.300000000000004
2023,6,15,18,30,230,2.5,0,35.800000000000004
2023,6,15,19,30,44,1.7000000000000002,0,31.900000000000002
2023,6,15,20,30,0,1.6,0,30.1
2023,6,15,21,30,0,1.4000000000000001,0,29.3
2023,6,15,22,30,0,1.3,0,28.400000000000002
2023,6,15,23,30,0,1.3,0,27.3
2023,6,16,0,30,0,1.4000000000000001,0,25.700000000000003
2023,6,16,1,30,0,1.6,0,24.200000000000003
2023,6,16,2,30,0,1.7000000000000002,0,23.3
2023,6,16,3,30,0,1.9000000000000001,0,22.700000000000003
2023,6,16,4,30,0,2.1,0,22.1
2023,6,16,5,30,0,2.3000000000000003,0,22.5
2023,6,16,6,30,66,3.1,8,25.1
2023,6,16,7,30,207,3.7,3,28.900000000000002
2023,6,16,8,30,493,4.1000000000000005,0,33
2023,6,16,9,30,716,4.800000000000001,0,37
2023,6,16,10,30,878,4.800000000000001,0,39.6
2023,6,16,11,30,987,4.2,0,40.900000000000006
2023,6,16,12,30,1034,3.5,0,41.800000000000004
2023,6,16,13,30,988,2.7,0,42.2
2023,6,16,14,30,938,1.9000000000000001,0,42.300000000000004
2023,6,16,15,30,672,1.5,8,41.900000000000006
2023,6,16,16,30,618,1.8,0,41.1
2023,6,16,17,30,370,1.9000000000000001,3,39.300000000000004
2023,6,16,18,30,176,1.6,3,36.300000000000004
2023,6,16,19,30,35,1.8,0,33.5
2023,6,16,20,30,0,2.2,0,32.1
2023,6,16,21,30,0,2.5,0,31.3
2023,6,16,22,30,0,2.7,0,30.400000000000002
2023,6,16,23,30,0,2.9000000000000004,0,29.1
2023,6,17,0,30,0,3.4000000000000004,0,27.8
2023,6,17,1,30,0,3.9000000000000004,0,26.900000000000002
2023,6,17,2,30,0,4,0,26.3
2023,6,17,3,30,0,3.8000000000000003,0,26
2023,6,17,4,30,0,3.6,0,25.900000000000002
2023,6,17,5,30,0,3.6,0,26.3
2023,6,17,6,30,77,3.9000000000000004,0,27.6
2023,6,17,7,30,209,4.1000000000000005,8,29.5
2023,6,17,8,30,410,4.4,8,31.8
2023,6,17,9,30,462,4.6000000000000005,8,33.9
2023,6,17,10,30,611,4.5,8,35.6
2023,6,17,11,30,611,4.4,8,37.300000000000004
2023,6,17,12,30,808,4.3,8,39
2023,6,17,13,30,997,4.4,0,40.300000000000004
2023,6,17,14,30,915,4.7,0,41
2023,6,17,15,30,739,4.9,0,41.2
2023,6,17,16,30,338,4.9,7,40.7
2023,6,17,17,30,409,4.4,0,39.5
2023,6,17,18,30,202,3.3000000000000003,0,37
2023,6,17,19,30,35,2.7,0,34.1
2023,6,17,20,30,0,2.6,0,32.2
2023,6,17,21,30,0,2.4000000000000004,0,30.700000000000003
2023,6,17,22,30,0,2.3000000000000003,0,29.6
2023,6,17,23,30,0,2.3000000000000003,0,28.900000000000002
2023,6,18,0,30,0,2.3000000000000003,0,28.200000000000003
2023,6,18,1,30,0,2.3000000000000003,0,27.3
2023,6,18,2,30,0,2.3000000000000003,3,26.200000000000003
2023,6,18,3,30,0,2.2,0,24.8
2023,6,18,4,30,0,2.1,0,23.5
2023,6,18,5,30,0,2.4000000000000004,0,23.1
2023,6,18,6,30,94,2.9000000000000004,0,24.5
2023,6,18,7,30,294,3,0,27.400000000000002
2023,6,18,8,30,508,3,0,31.3
2023,6,18,9,30,706,2.6,0,34.9
2023,6,18,10,30,867,2.2,0,37.6
2023,6,18,11,30,977,2.4000000000000004,0,39.5
2023,6,18,12,30,1029,2.6,0,40.7
2023,6,18,13,30,1019,2.5,0,41.400000000000006
2023,6,18,14,30,948,2.3000000000000003,0,41.800000000000004
2023,6,18,15,30,820,1.8,0,41.7
2023,6,18,16,30,644,1.2000000000000002,0,41.1
2023,6,18,17,30,437,0.9,0,40
2023,6,18,18,30,222,0.9,0,37.5
2023,6,18,19,30,41,0.9,0,34.5
2023,6,18,20,30,0,1.2000000000000002,0,32.5
2023,6,18,21,30,0,1.4000000000000001,0,31
2023,6,18,22,30,0,1.7000000000000002,0,29.700000000000003
2023,6,18,23,30,0,1.8,0,28.6
2023,6,19,0,30,0,1.8,0,27.700000000000003
2023,6,19,1,30,0,1.7000000000000002,0,27.1
2023,6,19,2,30,0,1.7000000000000002,0,26.6
2023,6,19,3,30,0,1.7000000000000002,0,26.200000000000003
2023,6,19,4,30,0,1.7000000000000002,0,25.6
2023,6,19,5,30,0,2,0,25.900000000000002
2023,6,19,6,30,70,3,0,28.1
2023,6,19,7,30,278,3.7,0,31.5
2023,6,19,8,30,489,3.7,0,35.1
2023,6,19,9,30,686,3.8000000000000003,0,38.400000000000006
2023,6,19,10,30,850,3.9000000000000004,0,41.1
2023,6,19,11,30,884,3.7,3,42.900000000000006
2023,6,19,12,30,988,3.4000000000000004,0,44.1
2023,6,19,13,30,995,3,0,44.7
2023,6,19,14,30,746,2.7,8,44.800000000000004
2023,6,19,15,30,775,2.4000000000000004,0,44.400000000000006
2023,6,19,16,30,619,2.1,0,43.7
2023,6,19,17,30,418,1.4000000000000001,0,42.300000000000004
2023,6,19,18,30,210,0.7000000000000001,0,39.7
2023,6,19,19,30,40,0.8,0,36.800000000000004
2023,6,19,20,30,0,1.2000000000000002,3,34.5
2023,6,19,21,30,0,1.7000000000000002,8,32.6
2023,6,19,22,30,0,2,0,31.1
2023,6,19,23,30,0,2,0,29.8
2023,6,20,0,30,0,1.8,0,29
2023,6,20,1,30,0,1.6,0,28.200000000000003
2023,6,20,2,30,0,1.5,0,27.700000000000003
2023,6,20,3,30,0,1.7000000000000002,0,27.6
2023,6,20,4,30,0,2,7,27.700000000000003
2023,6,20,5,30,0,2.3000000000000003,7,28.200000000000003
2023,6,20,6,30,46,2.8000000000000003,8,29.700000000000003
2023,6,20,7,30,240,3.1,3,32
2023,6,20,8,30,401,3.7,3,35.300000000000004
2023,6,20,9,30,534,4.1000000000000005,8,39
2023,6,20,10,30,818,3.5,0,41.7
2023,6,20,11,30,892,2.9000000000000004,0,43.300000000000004
2023,6,20,12,30,847,2.8000000000000003,8,44.300000000000004
2023,6,20,13,30,426,3.1,8,44.6
2023,6,20,14,30,810,3.3000000000000003,8,44.400000000000006
2023,6,20,15,30,778,3.2,0,43.800000000000004
2023,6,20,16,30,582,2.7,0,43.1
2023,6,20,17,30,313,1.8,8,42
2023,6,20,18,30,147,0.8,3,39.900000000000006
2023,6,20,19,30,39,0.6000000000000001,0,37.6
2023,6,20,20,30,0,1,8,35.800000000000004
2023,6,20,21,30,0,1.4000000000000001,4,34
2023,6,20,22,30,0,1.9000000000000001,8,32.5
2023,6,20,23,30,0,2.5,0,31.3
2023,6,21,0,30,0,2.7,0,30.400000000000002
2023,6,21,1,30,0,2.6,0,29.8
2023,6,21,2,30,0,2.2,0,29.3
2023,6,21,3,30,0,2.2,0,29.1
2023,6,21,4,30,0,3.3000000000000003,0,29
2023,6,21,5,30,0,5.300000000000001,3,29.200000000000003
2023,6,21,6,30,48,6.5,8,29.400000000000002
2023,6,21,7,30,191,6.1000000000000005,3,29.8
2023,6,21,8,30,400,5,3,31.3
2023,6,21,9,30,523,4.7,8,33.5
2023,6,21,10,30,498,5.4,8,35.7
2023,6,21,11,30,760,6,8,37.1
2023,6,21,12,30,827,5.6000000000000005,8,37.2
2023,6,21,13,30,765,3.6,7,36.9
2023,6,21,14,30,552,1.5,6,37.300000000000004
2023,6,21,15,30,751,1.1,8,38.400000000000006
2023,6,21,16,30,627,1.1,0,39.1
2023,6,21,17,30,429,0.7000000000000001,0,38.800000000000004
2023,6,21,18,30,222,0.7000000000000001,0,36.800000000000004
2023,6,21,19,30,44,1.2000000000000002,0,34
2023,6,21,20,30,0,2,0,32.300000000000004
2023,6,21,21,30,0,3.4000000000000004,0,31.700000000000003
2023,6,21,22,30,0,4.6000000000000005,0,31.200000000000003
2023,6,21,23,30,0,4.9,0,30.3
2023,6,22,0,30,0,4.5,0,29.5
2023,6,22,1,30,0,4.3,8,29.1
2023,6,22,2,30,0,4.5,8,28.700000000000003
2023,6,22,3,30,0,4.800000000000001,0,28.200000000000003
2023,6,22,4,30,0,5,8,27.6
2023,6,22,5,30,0,5.1000000000000005,0,27.400000000000002
2023,6,22,6,30,66,5.7,8,28.3
2023,6,22,7,30,245,6.4,0,30.1
2023,6,22,8,30,485,6.4,0,32.1
2023,6,22,9,30,681,5.800000000000001,0,34.6
2023,6,22,10,30,746,5,8,37.2
2023,6,22,11,30,894,4.2,0,39.400000000000006
2023,6,22,12,30,897,3.3000000000000003,8,40.900000000000006
2023,6,22,13,30,826,2.5,7,42
2023,6,22,14,30,568,1.8,6,42.7
2023,6,22,15,30,800,1.4000000000000001,0,43
2023,6,22,16,30,628,1.4000000000000001,0,42.6
2023,6,22,17,30,427,1.9000000000000001,0,41.5
2023,6,22,18,30,214,2.9000000000000004,0,38.800000000000004
2023,6,22,19,30,39,4.5,0,35.6
2023,6,22,20,30,0,5.7,7,33.5
2023,6,22,21,30,0,5.7,8,32.2
2023,6,22,22,30,0,5.1000000000000005,0,31.1
2023,6,22,23,30,0,4.7,0,30.1
2023,6,23,0,30,0,4.5,0,29.1
2023,6,23,1,30,0,4.4,0,28.200000000000003
2023,6,23,2,30,0,4.1000000000000005,8,27.400000000000002
2023,6,23,3,30,0,3.9000000000000004,7,26.8
2023,6,23,4,30,0,3.7,8,26.3
2023,6,23,5,30,0,3.8000000000000003,0,26.5
2023,6,23,6,30,68,4.3,3,28.200000000000003
2023,6,23,7,30,216,4.5,3,31.6
2023,6,23,8,30,480,4.2,0,35.800000000000004
2023,6,23,9,30,675,3.7,0,39.2
2023,6,23,10,30,833,3.2,0,41.400000000000006
2023,6,23,11,30,944,2.9000000000000004,0,42.800000000000004
2023,6,23,12,30,995,2.5,0,43.5
2023,6,23,13,30,983,2.2,0,43.7
2023,6,23,14,30,646,2,2,43.5
2023,6,23,15,30,123,2.3000000000000003,6,42.900000000000006
2023,6,23,16,30,53,3.1,6,41.800000000000004
2023,6,23,17,30,171,3.9000000000000004,6,40.2
2023,6,23,18,30,178,4.800000000000001,8,38.1
2023,6,23,19,30,32,6,3,35.800000000000004
2023,6,23,20,30,0,6.7,0,33.9
2023,6,23,21,30,0,6.7,0,32.4
2023,6,23,22,30,0,6.4,0,31.3
2023,6,23,23,30,0,6.2,0,30.6
2023,6,24,0,30,0,6.4,0,29.900000000000002
2023,6,24,1,30,0,6.800000000000001,0,29.200000000000003
2023,6,24,2,30,0,6.9,0,28.200000000000003
2023,6,24,3,30,0,6.5,5,27.400000000000002
2023,6,24,4,30,0,5.9,0,26.700000000000003
2023,6,24,5,30,0,5.5,0,26.5
2023,6,24,6,30,83,5.7,0,27.8
2023,6,24,7,30,275,6.1000000000000005,0,30.900000000000002
2023,6,24,8,30,486,6,0,34.6
2023,6,24,9,30,680,5.5,0,38
2023,6,24,10,30,843,4.800000000000001,0,40.800000000000004
2023,6,24,11,30,958,4.3,0,42.900000000000006
2023,6,24,12,30,1015,3.8000000000000003,0,44.2
2023,6,24,13,30,1007,3.4000000000000004,0,44.900000000000006
2023,6,24,14,30,936,2.9000000000000004,0,45.2
2023,6,24,15,30,809,2.2,0,45
2023,6,24,16,30,338,1.6,7,44.400000000000006
2023,6,24,17,30,75,1.2000000000000002,6,43.2
2023,6,24,18,30,188,1.1,8,40.6
2023,6,24,19,30,41,2.1,0,37.5
2023,6,24,20,30,0,3.9000000000000004,0,35.4
2023,6,24,21,30,0,5.4,0,33.800000000000004
2023,6,24,22,30,0,5.9,0,32.5
2023,6,24,23,30,0,6.1000000000000005,0,31.6
2023,6,25,0,30,0,6,0,30.8
2023,6,25,1,30,0,5.9,0,30
2023,6,25,2,30,0,5.6000000000000005,0,29.3
2023,6,25,3,30,0,4.9,0,28.5
2023,6,25,4,30,0,4.1000000000000005,0,27.6
2023,6,25,5,30,0,4,0,27.400000000000002
2023,6,25,6,30,86,4.4,0,29.1
2023,6,25,7,30,281,4.6000000000000005,0,32.4
2023,6,25,8,30,495,4.5,0,36.4
2023,6,25,9,30,695,4,0,39.800000000000004
2023,6,25,10,30,859,3.2,0,42.300000000000004
2023,6,25,11,30,972,2.5,0,44.1
2023,6,25,12,30,1025,2,0,45.2
2023,6,25,13,30,1017,1.8,0,45.900000000000006
2023,6,25,14,30,947,1.7000000000000002,0,46
2023,6,25,15,30,818,1.6,0,45.800000000000004
2023,6,25,16,30,643,1.6,0,45.1
2023,6,25,17,30,437,1.5,0,43.800000000000004
2023,6,25,18,30,224,1.8,0,40.900000000000006
2023,6,25,19,30,45,2.6,0,37.4
2023,6,25,20,30,0,3.7,0,35
2023,6,25,21,30,0,4.3,8,33.6
2023,6,25,22,30,0,4.3,0,32.4
2023,6,25,23,30,0,4.2,0,31.3
2023,6,26,0,30,0,4.1000000000000005,0,30.400000000000002
2023,6,26,1,30,0,4.1000000000000005,0,29.6
2023,6,26,2,30,0,3.8000000000000003,0,28.700000000000003
2023,6,26,3,30,0,3.4000000000000004,0,27.900000000000002
2023,6,26,4,30,0,3.1,0,27.200000000000003
2023,6,26,5,30,0,3.3000000000000003,0,27.3
2023,6,26,6,30,88,4,0,29.200000000000003
2023,6,26,7,30,285,4.7,0,32.7
2023,6,26,8,30,500,5,0,36.800000000000004
2023,6,26,9,30,699,4.7,0,40.300000000000004
2023,6,26,10,30,860,4.1000000000000005,0,42.800000000000004
2023,6,26,11,30,973,3.6,0,44.5
2023,6,26,12,30,1026,3.3000000000000003,0,45.5
2023,6,26,13,30,1017,3.5,0,46
2023,6,26,14,30,944,4,0,46
2023,6,26,15,30,813,4.7,0,45.400000000000006
2023,6,26,16,30,639,5.5,0,44.300000000000004
2023,6,26,17,30,417,6.2,0,42.6
2023,6,26,18,30,130,6.300000000000001,8,40.1
2023,6,26,19,30,37,5.7,3,37.2
2023,6,26,20,30,0,5.300000000000001,8,35
2023,6,26,21,30,0,5.4,0,33.6
2023,6,26,22,30,0,5.5,3,32.5
2023,6,26,23,30,0,5.4,0,31.5
2023,6,27,0,30,0,5.300000000000001,0,30.6
2023,6,27,1,30,0,5,0,29.700000000000003
2023,6,27,2,30,0,4.7,0,28.8
2023,6,27,3,30,0,4.3,0,28
2023,6,27,4,30,0,3.9000000000000004,0,27.1
2023,6,27,5,30,0,4.1000000000000005,0,27
2023,6,27,6,30,93,4.800000000000001,0,28.700000000000003
2023,6,27,7,30,300,5.7,0,32.2
2023,6,27,8,30,521,6.5,0,36.1
2023,6,27,9,30,722,6.800000000000001,0,39.2
2023,6,27,10,30,888,6.9,0,41.2
2023,6,27,11,30,1001,6.9,0,42.7
2023,6,27,12,30,1056,6.7,0,43.800000000000004
2023,6,27,13,30,1047,6.6000000000000005,0,44.400000000000006
2023,6,27,14,30,973,6.5,0,44.6
2023,6,27,15,30,840,6.6000000000000005,0,44.2
2023,6,27,16,30,661,7,0,43.300000000000004
2023,6,27,17,30,451,7.4,0,41.6
2023,6,27,18,30,232,7.4,0,39.1
2023,6,27,19,30,47,7.1000000000000005,0,36.300000000000004
2023,6,27,20,30,0,6.7,0,34.300000000000004
2023,6,27,21,30,0,6.1000000000000005,0,32.800000000000004
2023,6,27,22,30,0,5.6000000000000005,0,31.6
2023,6,27,23,30,0,5.4,0,30.6
2023,6,28,0,30,0,5.2,0,29.700000000000003
2023,6,28,1,30,0,5,0,28.900000000000002
2023,6,28,2,30,0,5,0,28.1
2023,6,28,3,30,0,5,0,27.3
2023,6,28,4,30,0,4.9,0,26.400000000000002
2023,6,28,5,30,0,5,0,26.1
2023,6,28,6,30,93,5.5,0,27.5
2023,6,28,7,30,299,6.5,0,30.6
2023,6,28,8,30,519,7.300000000000001,0,33.9
2023,6,28,9,30,721,7.2,0,36.5
2023,6,28,10,30,886,7,0,38.6
2023,6,28,11,30,998,6.9,0,40.300000000000004
2023,6,28,12,30,1050,6.7,0,41.5
2023,6,28,13,30,1041,6.6000000000000005,0,42.1
2023,6,28,14,30,967,6.7,0,42.1
2023,6,28,15,30,836,7,0,41.7
2023,6,28,16,30,659,7.4,0,40.6
2023,6,28,17,30,450,7.7,0,38.900000000000006
2023,6,28,18,30,234,7.5,0,36.800000000000004
2023,6,28,19,30,48,7,0,34.6
2023,6,28,20,30,0,6.9,0,33
2023,6,28,21,30,0,6.4,0,31.8
2023,6,28,22,30,0,5.6000000000000005,0,30.6
2023,6,28,23,30,0,5.300000000000001,0,29.5
2023,6,29,0,30,0,5.4,0,28.6
2023,6,29,1,30,0,5.5,0,27.700000000000003
2023,6,29,2,30,0,5.4,0,26.700000000000003
2023,6,29,3,30,0,5.2,0,25.900000000000002
2023,6,29,4,30,0,4.800000000000001,0,25
2023,6,29,5,30,0,4.800000000000001,0,24.700000000000003
2023,6,29,6,30,92,5.6000000000000005,0,25.8
2023,6,29,7,30,298,6.6000000000000005,0,28.3
2023,6,29,8,30,518,7.1000000000000005,0,30.900000000000002
2023,6,29,9,30,720,7.4,0,33.300000000000004
2023,6,29,10,30,884,7.5,0,35.300000000000004
2023,6,29,11,30,997,7.5,0,36.800000000000004
2023,6,29,12,30,1049,7.5,0,37.9
2023,6,29,13,30,1037,7.4,0,38.5
2023,6,29,14,30,963,7.300000000000001,0,38.6
2023,6,29,15,30,833,7.2,0,38.300000000000004
2023,6,29,16,30,655,7.1000000000000005,0,37.5
2023,6,29,17,30,448,7.1000000000000005,0,37
2023,6,29,18,30,232,6.6000000000000005,0,34.4
2023,6,29,19,30,47,6.1000000000000005,0,32.300000000000004
2023,6,29,20,30,0,5.800000000000001,0,30.900000000000002
2023,6,29,21,30,0,5.7,0,30
2023,6,29,22,30,0,5.7,0,29.3
2023,6,29,23,30,0,5.4,0,28.8
2023,6,30,0,30,0,5.300000000000001,0,28.400000000000002
2023,6,30,1,30,0,5.300000000000001,0,28.1
2023,6,30,2,30,0,5.6000000000000005,0,27.6
2023,6,30,3,30,0,5.9,8,27
2023,6,30,4,30,0,6,8,26.3
2023,6,30,5,30,0,6.2,0,25.900000000000002
2023,6,30,6,30,66,6.6000000000000005,0,26.200000000000003
2023,6,30,7,30,256,6.7,0,27.400000000000002
2023,6,30,8,30,420,6.5,3,28.900000000000002
2023,6,30,9,30,539,6.1000000000000005,8,30.200000000000003
2023,6,30,10,30,697,5.7,8,31.200000000000003
2023,6,30,11,30,354,5.300000000000001,8,32
2023,6,30,12,30,733,4.9,8,32.800000000000004
2023,6,30,13,30,843,4.5,8,33.5
2023,6,30,14,30,880,4.4,0,33.9
2023,6,30,15,30,706,4.3,0,34
2023,6,30,16,30,328,4.4,8,33.800000000000004
2023,6,30,17,30,69,4.4,6,33.300000000000004
2023,6,30,18,30,22,4.1000000000000005,6,32.2
2023,6,30,19,30,18,3.9000000000000004,6,30.8
2023,6,30,20,30,0,4.3,6,29.900000000000002
2023,6,30,21,30,0,4.5,7,29.200000000000003
2023,6,30,22,30,0,4.800000000000001,5,28.6
2023,6,30,23,30,0,4.9,8,28.200000000000003
2023,7,1,0,30,0,4.7,5,27.6
2023,7,1,1,30,0,4.5,7,27
2023,7,1,2,30,0,4.4,7,26.400000000000002
2023,7,1,3,30,0,4.6000000000000005,7,25.900000000000002
2023,7,1,4,30,0,4.9,7,25.6
2023,7,1,5,30,0,5.2,8,25.3
2023,7,1,6,30,23,5.800000000000001,8,25.6
2023,7,1,7,30,110,6.2,7,26.700000000000003
2023,7,1,8,30,234,6,8,28.400000000000002
2023,7,1,9,30,269,5.5,8,30.400000000000002
2023,7,1,10,30,449,4.9,8,32.300000000000004
2023,7,1,11,30,636,4.3,8,33.4
2023,7,1,12,30,776,4.1000000000000005,8,33.4
2023,7,1,13,30,717,4.2,8,32.9
2023,7,1,14,30,662,4.5,8,32.2
2023,7,1,15,30,700,5.1000000000000005,8,31.3
2023,7,1,16,30,391,5.5,5,30.200000000000003
2023,7,1,17,30,166,5.5,5,29.1
2023,7,1,18,30,150,4.7,3,27.700000000000003
2023,7,1,19,30,28,3.3000000000000003,5,26.400000000000002
2023,7,1,20,30,0,1.9000000000000001,5,25.6
2023,7,1,21,30,0,1.3,8,25.1
2023,7,1,22,30,0,1.5,8,24.700000000000003
2023,7,1,23,30,0,1.8,0,24.200000000000003
2023,7,2,0,30,0,1.9000000000000001,8,23.700000000000003
2023,7,2,1,30,0,2,0,23.1
2023,7,2,2,30,0,2.1,0,22.700000000000003
2023,7,2,3,30,0,1.9000000000000001,8,22.3
2023,7,2,4,30,0,1.4000000000000001,8,22
2023,7,2,5,30,0,1.6,8,22.1
2023,7,2,6,30,50,2.4000000000000004,7,23.400000000000002
2023,7,2,7,30,273,3,0,25.700000000000003
2023,7,2,8,30,456,3.1,0,28.200000000000003
2023,7,2,9,30,638,2.9000000000000004,0,30.200000000000003
2023,7,2,10,30,844,2.7,0,31.8
2023,7,2,11,30,956,2.7,0,33.1
2023,7,2,12,30,1009,2.8000000000000003,0,34.1
2023,7,2,13,30,999,3,0,34.5
2023,7,2,14,30,911,3.3000000000000003,0,34.6
2023,7,2,15,30,804,3.7,0,34.300000000000004
2023,7,2,16,30,634,4,0,33.7
2023,7,2,17,30,428,4.3,0,32.7
2023,7,2,18,30,181,4.2,3,31
2023,7,2,19,30,39,3.8000000000000003,8,29
2023,7,2,20,30,0,3.6,3,27.3
2023,7,2,21,30,0,3.3000000000000003,0,26
2023,7,2,22,30,0,2.8000000000000003,8,24.900000000000002
2023,7,2,23,30,0,2.5,8,23.900000000000002
2023,7,3,0,30,0,2.1,7,23.1
2023,7,3,1,30,0,1.8,7,22.400000000000002
2023,7,3,2,30,0,1.7000000000000002,7,21.900000000000002
2023,7,3,3,30,0,1.7000000000000002,8,21.5
2023,7,3,4,30,0,1.7000000000000002,8,21.1
2023,7,3,5,30,0,2.2,8,21.5
2023,7,3,6,30,72,3.3000000000000003,0,23.5
2023,7,3,7,30,270,3.8000000000000003,0,26.200000000000003
2023,7,3,8,30,479,3.8000000000000003,0,28.8
2023,7,3,9,30,674,3.4000000000000004,0,30.900000000000002
2023,7,3,10,30,809,3.1,0,32.800000000000004
2023,7,3,11,30,948,3,0,34.1
2023,7,3,12,30,1004,3.2,0,35.1
2023,7,3,13,30,964,3.5,0,35.5
2023,7,3,14,30,892,3.8000000000000003,0,35.5
2023,7,3,15,30,784,4.2,0,35.1
2023,7,3,16,30,597,4.7,0,34.300000000000004
2023,7,3,17,30,413,5.1000000000000005,0,32.800000000000004
2023,7,3,18,30,182,5.1000000000000005,3,30.700000000000003
2023,7,3,19,30,25,4.9,6,28.5
2023,7,3,20,30,0,4.6000000000000005,8,26.700000000000003
2023,7,3,21,30,0,4.1000000000000005,8,25.400000000000002
2023,7,3,22,30,0,3.6,7,24.3
2023,7,3,23,30,0,3.1,7,23.5
2023,7,4,0,30,0,2.6,7,22.900000000000002
2023,7,4,1,30,0,2.3000000000000003,7,22.3
2023,7,4,2,30,0,2.2,3,21.900000000000002
2023,7,4,3,30,0,2.3000000000000003,8,21.700000000000003
2023,7,4,4,30,0,2.4000000000000004,0,21.400000000000002
2023,7,4,5,30,0,2.8000000000000003,0,21.6
2023,7,4,6,30,78,3.5,0,23
2023,7,4,7,30,272,4,0,25.8
2023,7,4,8,30,483,4,0,29.1
2023,7,4,9,30,680,3.6,0,31.700000000000003
2023,7,4,10,30,830,3.3000000000000003,0,33.5
2023,7,4,11,30,955,3.2,0,35
2023,7,4,12,30,1010,3.3000000000000003,0,36
2023,7,4,13,30,1001,3.6,0,36.6
2023,7,4,14,30,922,3.9000000000000004,0,36.9
2023,7,4,15,30,806,4.2,0,36.7
2023,7,4,16,30,636,4.6000000000000005,0,36
2023,7,4,17,30,434,4.9,0,34.7
2023,7,4,18,30,224,5,0,32.7
2023,7,4,19,30,45,4.800000000000001,0,30.400000000000002
2023,7,4,20,30,0,4.800000000000001,0,28.6
2023,7,4,21,30,0,4.800000000000001,0,27.3
2023,7,4,22,30,0,4.6000000000000005,0,26.3
2023,7,4,23,30,0,4.3,0,25.6
2023,7,5,0,30,0,4,0,25
2023,7,5,1,30,0,3.7,0,24.400000000000002
2023,7,5,2,30,0,3.4000000000000004,0,23.900000000000002
2023,7,5,3,30,0,3.2,0,23.400000000000002
2023,7,5,4,30,0,3.2,0,23
2023,7,5,5,30,0,3.6,0,23.1
2023,7,5,6,30,78,4.2,0,24.5
2023,7,5,7,30,271,4.5,0,27.400000000000002
2023,7,5,8,30,483,4.4,0,30.3
2023,7,5,9,30,680,4,0,32.7
2023,7,5,10,30,842,3.8000000000000003,0,34.7
2023,7,5,11,30,955,3.9000000000000004,0,36.2
2023,7,5,12,30,1009,4.1000000000000005,0,37.300000000000004
2023,7,5,13,30,983,4.3,0,37.9
2023,7,5,14,30,920,4.6000000000000005,0,38
2023,7,5,15,30,804,5,0,37.7
2023,7,5,16,30,629,5.4,0,36.9
2023,7,5,17,30,431,5.7,0,35.5
2023,7,5,18,30,222,5.6000000000000005,0,33.6
2023,7,5,19,30,45,5.1000000000000005,0,31.5
2023,7,5,20,30,0,4.800000000000001,0,29.900000000000002
2023,7,5,21,30,0,4.800000000000001,0,28.8
2023,7,5,22,30,0,4.800000000000001,0,27.900000000000002
2023,7,5,23,30,0,4.5,0,27
2023,7,6,0,30,0,4.2,0,26.3
2023,7,6,1,30,0,3.9000000000000004,0,25.6
2023,7,6,2,30,0,3.7,0,25
2023,7,6,3,30,0,3.4000000000000004,0,24.3
2023,7,6,4,30,0,3.2,0,23.8
2023,7,6,5,30,0,3.4000000000000004,0,23.700000000000003
2023,7,6,6,30,77,4.1000000000000005,0,25.1
2023,7,6,7,30,270,4.2,0,27.6
2023,7,6,8,30,482,3.9000000000000004,0,30.3
2023,7,6,9,30,678,3.8000000000000003,0,32.4
2023,7,6,10,30,840,3.8000000000000003,0,34
2023,7,6,11,30,851,4,0,35.2
2023,7,6,12,30,860,4.2,0,36.1
2023,7,6,13,30,771,4.5,3,36.6
2023,7,6,14,30,929,4.6000000000000005,0,36.800000000000004
2023,7,6,15,30,676,4.800000000000001,0,36.7
2023,7,6,16,30,544,5,3,36.2
2023,7,6,17,30,360,5.1000000000000005,0,35.2
2023,7,6,18,30,226,4.6000000000000005,0,33.5
2023,7,6,19,30,46,3.9000000000000004,0,31.400000000000002
2023,7,6,20,30,0,3.7,0,29.900000000000002
2023,7,6,21,30,0,3.8000000000000003,0,28.8
2023,7,6,22,30,0,4.1000000000000005,0,27.900000000000002
2023,7,6,23,30,0,4.6000000000000005,0,26.900000000000002
2023,7,7,0,30,0,4.9,0,25.900000000000002
2023,7,7,1,30,0,4.6000000000000005,0,25.1
2023,7,7,2,30,0,4.3,0,24.5
2023,7,7,3,30,0,4.1000000000000005,0,24
2023,7,7,4,30,0,4,0,23.700000000000003
2023,7,7,5,30,0,4.2,0,23.700000000000003
2023,7,7,6,30,75,5,0,25.1
2023,7,7,7,30,265,5.6000000000000005,0,27.6
2023,7,7,8,30,476,5.6000000000000005,0,30.200000000000003
2023,7,7,9,30,674,5.5,0,32.4
2023,7,7,10,30,838,5.4,0,34.2
2023,7,7,11,30,952,5.300000000000001,0,35.7
2023,7,7,12,30,1008,5.4,0,36.800000000000004
2023,7,7,13,30,1003,5.5,0,37.5
2023,7,7,14,30,935,5.7,0,37.6
2023,7,7,15,30,810,5.9,0,37.300000000000004
2023,7,7,16,30,639,6.1000000000000005,0,36.5
2023,7,7,17,30,437,6.2,0,35.1
2023,7,7,18,30,226,6.2,0,33.1
2023,7,7,19,30,46,6.1000000000000005,0,31
2023,7,7,20,30,0,6.1000000000000005,0,29.400000000000002
2023,7,7,21,30,0,6.2,0,28.3
2023,7,7,22,30,0,6.300000000000001,0,27.5
2023,7,7,23,30,0,6,0,26.8
2023,7,8,0,30,0,5.6000000000000005,0,26.1
2023,7,8,1,30,0,5.2,0,25.6
2023,7,8,2,30,0,5,0,25.1
2023,7,8,3,30,0,4.800000000000001,0,24.5
2023,7,8,4,30,0,4.6000000000000005,0,24
2023,7,8,5,30,0,4.7,0,23.900000000000002
2023,7,8,6,30,68,5.300000000000001,0,24.700000000000003
2023,7,8,7,30,255,5.9,0,26.6
2023,7,8,8,30,374,6.300000000000001,0,28.900000000000002
2023,7,8,9,30,668,6.5,0,31.200000000000003
2023,7,8,10,30,833,6.4,0,33.300000000000004
2023,7,8,11,30,948,6.1000000000000005,0,35
2023,7,8,12,30,1005,5.800000000000001,0,36.4
2023,7,8,13,30,998,5.5,0,37.4
2023,7,8,14,30,929,5.4,0,38
2023,7,8,15,30,805,5.5,0,38.1
2023,7,8,16,30,636,5.7,0,37.5
2023,7,8,17,30,435,6,0,36.1
2023,7,8,18,30,224,5.9,0,34.1
2023,7,8,19,30,45,5.6000000000000005,0,31.900000000000002
2023,7,8,20,30,0,5.300000000000001,0,30.200000000000003
2023,7,8,21,30,0,5,0,29.1
2023,7,8,22,30,0,4.7,0,28.3
2023,7,8,23,30,0,4.5,0,27.5
2023,7,9,0,30,0,4.3,0,26.900000000000002
2023,7,9,1,30,0,4,0,26.200000000000003
2023,7,9,2,30,0,3.3000000000000003,3,25.6
2023,7,9,3,30,0,2.5,8,25.1
2023,7,9,4,30,0,2.1,5,24.700000000000003
2023,7,9,5,30,0,2.7,5,24.8
2023,7,9,6,30,70,3.9000000000000004,0,26.200000000000003
2023,7,9,7,30,185,4.9,3,28.700000000000003
2023,7,9,8,30,388,5,3,31.8
2023,7,9,9,30,668,4.3,0,34.5
2023,7,9,10,30,831,3.3000000000000003,0,36.6
2023,7,9,11,30,928,2.2,0,38.400000000000006
2023,7,9,12,30,1003,1.9000000000000001,0,39.800000000000004
2023,7,9,13,30,856,2.3000000000000003,8,40.800000000000004
2023,7,9,14,30,784,3,3,41.2
2023,7,9,15,30,748,3.7,0,41
2023,7,9,16,30,611,4.2,0,40.300000000000004
2023,7,9,17,30,432,4.7,0,38.900000000000006
2023,7,9,18,30,222,4.800000000000001,0,36.9
2023,7,9,19,30,44,4.6000000000000005,0,34.7
2023,7,9,20,30,0,4.6000000000000005,0,32.9
2023,7,9,21,30,0,4.5,0,31.6
2023,7,9,22,30,0,4.2,0,30.5
2023,7,9,23,30,0,3.9000000000000004,8,29.5
2023,7,10,0,30,0,3.6,8,28.700000000000003
2023,7,10,1,30,0,3.4000000000000004,0,27.900000000000002
2023,7,10,2,30,0,3.2,0,27.1
2023,7,10,3,30,0,2.9000000000000004,0,26.400000000000002
2023,7,10,4,30,0,2.6,0,25.6
2023,7,10,5,30,0,2.8000000000000003,0,25.400000000000002
2023,7,10,6,30,71,3.2,0,26.700000000000003
2023,7,10,7,30,261,3.2,0,29.400000000000002
2023,7,10,8,30,473,3,0,32.5
2023,7,10,9,30,671,3.2,0,35.2
2023,7,10,10,30,836,3.6,0,37.300000000000004
2023,7,10,11,30,951,4,0,39
2023,7,10,12,30,1008,4.2,0,40.300000000000004
2023,7,10,13,30,1002,4.5,0,41.1
2023,7,10,14,30,933,4.800000000000001,0,41.400000000000006
2023,7,10,15,30,808,5,0,41.300000000000004
2023,7,10,16,30,636,5.2,0,40.6
2023,7,10,17,30,434,5.300000000000001,0,39.300000000000004
2023,7,10,18,30,223,4.9,0,37.300000000000004
2023,7,10,19,30,44,4.4,0,34.9
2023,7,10,20,30,0,4.4,0,33.2
2023,7,10,21,30,0,4.5,0,32
2023,7,10,22,30,0,4.5,0,30.900000000000002
2023,7,10,23,30,0,4.3,0,30
2023,7,11,0,30,0,3.8000000000000003,7,29
2023,7,11,1,30,0,3.2,8,28.1
2023,7,11,2,30,0,2.8000000000000003,8,27.400000000000002
2023,7,11,3,30,0,2.5,5,26.700000000000003
2023,7,11,4,30,0,2.1,8,26.200000000000003
2023,7,11,5,30,0,1.8,4,26.3
2023,7,11,6,30,36,2,5,27.5
2023,7,11,7,30,128,2.8000000000000003,5,29.400000000000002
2023,7,11,8,30,464,3.5,0,31.6
2023,7,11,9,30,673,3.8000000000000003,0,34.2
2023,7,11,10,30,804,3.7,0,37.4
2023,7,11,11,30,892,3.3000000000000003,0,39.900000000000006
2023,7,11,12,30,1019,2.9000000000000004,0,41.6
2023,7,11,13,30,1010,2.9000000000000004,0,42.5
2023,7,11,14,30,917,3.3000000000000003,0,42.900000000000006
2023,7,11,15,30,816,3.9000000000000004,0,42.800000000000004
2023,7,11,16,30,644,4.5,0,42.1
2023,7,11,17,30,440,5.1000000000000005,0,40.7
2023,7,11,18,30,226,5.300000000000001,0,38.400000000000006
2023,7,11,19,30,44,5.2,0,35.7
2023,7,11,20,30,0,5.2,0,33.7
2023,7,11,21,30,0,5,0,32.300000000000004
2023,7,11,22,30,0,4.9,0,31.3
2023,7,11,23,30,0,4.7,0,30.6
2023,7,12,0,30,0,4.5,0,29.900000000000002
2023,7,12,1,30,0,4.2,0,29.3
2023,7,12,2,30,0,4.1000000000000005,3,28.700000000000003
2023,7,12,3,30,0,4.1000000000000005,3,28
2023,7,12,4,30,0,3.9000000000000004,3,27.200000000000003
2023,7,12,5,30,0,4.1000000000000005,0,26.900000000000002
2023,7,12,6,30,67,4.800000000000001,0,28.3
2023,7,12,7,30,262,5.300000000000001,0,31.3
2023,7,12,8,30,477,4.9,0,34.9
2023,7,12,9,30,677,4,0,38.1
2023,7,12,10,30,843,3,0,40.7
2023,7,12,11,30,960,2.5,0,42.5
2023,7,12,12,30,1018,2.7,0,43.800000000000004
2023,7,12,13,30,1011,3.2,0,44.5
2023,7,12,14,30,941,3.8000000000000003,0,44.6
2023,7,12,15,30,812,4.3,0,44.2
2023,7,12,16,30,638,4.7,0,43.2
2023,7,12,17,30,433,5.1000000000000005,0,41.800000000000004
2023,7,12,18,30,220,5.300000000000001,0,39.6
2023,7,12,19,30,42,5.5,0,37.1
2023,7,12,20,30,0,5.7,0,35
2023,7,12,21,30,0,5.7,0,33.300000000000004
2023,7,12,22,30,0,5.5,0,31.900000000000002
2023,7,12,23,30,0,5.2,3,30.8
2023,7,13,0,30,0,4.800000000000001,0,29.900000000000002
2023,7,13,1,30,0,4.4,0,29
2023,7,13,2,30,0,3.9000000000000004,0,28.3
2023,7,13,3,30,0,3.5,3,27.6
2023,7,13,4,30,0,3.2,0,27.1
2023,7,13,5,30,0,3.4000000000000004,3,27.1
2023,7,13,6,30,40,3.9000000000000004,3,28.5
2023,7,13,7,30,246,4.2,0,31.700000000000003
2023,7,13,8,30,466,3.9000000000000004,0,35.4
2023,7,13,9,30,664,3.2,0,38.5
2023,7,13,10,30,830,2.5,0,40.800000000000004
2023,7,13,11,30,929,2.1,0,42.400000000000006
2023,7,13,12,30,1004,2.3000000000000003,0,43.400000000000006
2023,7,13,13,30,998,2.8000000000000003,0,44
2023,7,13,14,30,928,3.6,0,44.1
2023,7,13,15,30,802,4.5,0,43.7
2023,7,13,16,30,630,5.300000000000001,0,42.6
2023,7,13,17,30,428,6.1000000000000005,0,40.800000000000004
2023,7,13,18,30,218,6.2,0,38.5
2023,7,13,19,30,41,5.7,0,36.2
2023,7,13,20,30,0,5,0,34.4
2023,7,13,21,30,0,4.5,0,33.1
2023,7,13,22,30,0,4,0,31.8
2023,7,13,23,30,0,3.5,0,30.700000000000003
2023,7,14,0,30,0,3.2,0,29.6
2023,7,14,1,30,0,3.2,0,28.700000000000003
2023,7,14,2,30,0,3.4000000000000004,0,27.900000000000002
2023,7,14,3,30,0,3.7,0,27.1
2023,7,14,4,30,0,3.8000000000000003,0,26.400000000000002
2023,7,14,5,30,0,4.1000000000000005,0,26.1
2023,7,14,6,30,66,4.7,0,27.3
2023,7,14,7,30,257,5,0,30.200000000000003
2023,7,14,8,30,444,4.800000000000001,0,33.7
2023,7,14,9,30,638,4.5,0,36.7
2023,7,14,10,30,796,4.4,0,39
2023,7,14,11,30,876,4.5,8,40.7
2023,7,14,12,30,959,4.6000000000000005,0,41.900000000000006
2023,7,14,13,30,875,4.6000000000000005,2,42.6
2023,7,14,14,30,900,4.800000000000001,0,42.7
2023,7,14,15,30,789,5.1000000000000005,0,42.400000000000006
2023,7,14,16,30,614,5.4,0,41.6
2023,7,14,17,30,410,5.7,0,40.1
2023,7,14,18,30,201,5.7,0,38.1
2023,7,14,19,30,34,5.5,0,36
2023,7,14,20,30,0,5.300000000000001,0,34.4
2023,7,14,21,30,0,5.2,0,33.1
2023,7,14,22,30,0,5,0,32
2023,7,14,23,30,0,5,0,31
2023,7,15,0,30,0,5,8,30.1
2023,7,15,1,30,0,5.300000000000001,8,29.200000000000003
2023,7,15,2,30,0,5.5,8,28.3
2023,7,15,3,30,0,5.5,3,27.5
2023,7,15,4,30,0,5.1000000000000005,5,26.700000000000003
2023,7,15,5,30,0,4.9,5,26.3
2023,7,15,6,30,16,5.300000000000001,4,27.3
2023,7,15,7,30,189,5.4,8,29.700000000000003
2023,7,15,8,30,387,5,3,32.4
2023,7,15,9,30,503,4.7,3,35
2023,7,15,10,30,639,4.800000000000001,8,37.1
2023,7,15,11,30,799,5,3,38.7
2023,7,15,12,30,703,5.2,3,39.800000000000004
2023,7,15,13,30,1000,5.4,0,40.6
2023,7,15,14,30,930,5.6000000000000005,0,41
2023,7,15,15,30,804,5.7,0,40.900000000000006
2023,7,15,16,30,633,5.7,0,40.300000000000004
2023,7,15,17,30,430,5.6000000000000005,0,39.1
2023,7,15,18,30,219,5,0,37.2
2023,7,15,19,30,31,4.3,3,34.800000000000004
2023,7,15,20,30,0,4.1000000000000005,0,33.2
2023,7,15,21,30,0,3.9000000000000004,0,32
2023,7,15,22,30,0,3.5,0,30.8
2023,7,15,23,30,0,3.3000000000000003,8,29.8
2023,7,16,0,30,0,3.2,3,28.900000000000002
2023,7,16,1,30,0,3.2,8,28.1
2023,7,16,2,30,0,3.3000000000000003,7,27.400000000000002
2023,7,16,3,30,0,3.2,7,26.700000000000003
2023,7,16,4,30,0,3.1,7,26
2023,7,16,5,30,0,3.3000000000000003,8,25.6
2023,7,16,6,30,47,3.7,3,26.6
2023,7,16,7,30,253,3.8000000000000003,0,28.8
2023,7,16,8,30,466,3.7,0,31.400000000000002
2023,7,16,9,30,667,3.6,0,34
2023,7,16,10,30,831,3.6,0,36.1
2023,7,16,11,30,313,3.6,5,37.7
2023,7,16,12,30,665,3.6,5,38.900000000000006
2023,7,16,13,30,993,3.8000000000000003,0,39.7
2023,7,16,14,30,924,3.9000000000000004,0,40.1
2023,7,16,15,30,801,4,0,40
2023,7,16,16,30,630,4.3,0,39.5
2023,7,16,17,30,427,4.5,0,38.5
2023,7,16,18,30,215,4.3,0,36.5
2023,7,16,19,30,39,4,0,34.300000000000004
2023,7,16,20,30,0,4.2,0,32.7
2023,7,16,21,30,0,4.2,0,31.6
2023,7,16,22,30,0,4,0,30.6
2023,7,16,23,30,0,3.7,0,29.700000000000003
2023,7,17,0,30,0,3.6,0,28.900000000000002
2023,7,17,1,30,0,3.5,0,28.1
2023,7,17,2,30,0,3.5,0,27.3
2023,7,17,3,30,0,3.4000000000000004,0,26.6
2023,7,17,4,30,0,3.2,0,25.8
2023,7,17,5,30,0,3.4000000000000004,0,25.6
2023,7,17,6,30,66,4.1000000000000005,0,27.1
2023,7,17,7,30,262,4.6000000000000005,0,30.200000000000003
2023,7,17,8,30,480,5,0,33.4
2023,7,17,9,30,684,5.1000000000000005,0,35.9
2023,7,17,10,30,852,5.1000000000000005,0,37.800000000000004
2023,7,17,11,30,969,5,0,39.300000000000004
2023,7,17,12,30,1026,5.1000000000000005,0,40.5
2023,7,17,13,30,1020,5.1000000000000005,0,41.300000000000004
2023,7,17,14,30,951,5.2,0,41.6
2023,7,17,15,30,825,5.4,0,41.400000000000006
2023,7,17,16,30,652,5.6000000000000005,0,40.6
2023,7,17,17,30,445,5.6000000000000005,0,39.2
2023,7,17,18,30,228,5,0,36.9
2023,7,17,19,30,42,4.3,0,34.2
2023,7,17,20,30,0,4.4,0,32.4
2023,7,17,21,30,0,4.5,0,31.200000000000003
2023,7,17,22,30,0,4.4,0,30.200000000000003
2023,7,17,23,30,0,4.4,0,29.3
2023,7,18,0,30,0,4.2,0,28.5
2023,7,18,1,30,0,3.9000000000000004,7,27.700000000000003
2023,7,18,2,30,0,3.8000000000000003,7,26.900000000000002
2023,7,18,3,30,0,3.9000000000000004,0,26.200000000000003
2023,7,18,4,30,0,4,0,25.6
2023,7,18,5,30,0,4.3,0,25.5
2023,7,18,6,30,66,5.1000000000000005,0,27.1
2023,7,18,7,30,263,5.9,0,30.3
2023,7,18,8,30,482,6.300000000000001,0,33.7
2023,7,18,9,30,685,6.1000000000000005,0,36.6
2023,7,18,10,30,855,5.800000000000001,0,39
2023,7,18,11,30,976,5.4,0,40.800000000000004
2023,7,18,12,30,1037,5.2,0,42
2023,7,18,13,30,1032,5.1000000000000005,0,42.800000000000004
2023,7,18,14,30,960,5.2,0,43
2023,7,18,15,30,830,5.300000000000001,0,42.7
2023,7,18,16,30,653,5.4,0,41.800000000000004
2023,7,18,17,30,444,5.5,0,40.400000000000006
2023,7,18,18,30,224,5.1000000000000005,0,38
2023,7,18,19,30,40,4.800000000000001,0,35.300000000000004
2023,7,18,20,30,0,5,0,33.300000000000004
2023,7,18,21,30,0,5.1000000000000005,0,32
2023,7,18,22,30,0,5,0,30.900000000000002
2023,7,18,23,30,0,4.800000000000001,0,29.900000000000002
2023,7,19,0,30,0,4.6000000000000005,0,29
2023,7,19,1,30,0,4.4,0,28.200000000000003
2023,7,19,2,30,0,4.1000000000000005,0,27.3
2023,7,19,3,30,0,3.9000000000000004,0,26.400000000000002
2023,7,19,4,30,0,3.8000000000000003,0,25.6
2023,7,19,5,30,0,4.1000000000000005,0,25.3
2023,7,19,6,30,63,4.800000000000001,0,26.6
2023,7,19,7,30,261,5.7,0,29.700000000000003
2023,7,19,8,30,481,6.1000000000000005,0,33.2
2023,7,19,9,30,687,6,0,35.9
2023,7,19,10,30,857,5.7,0,38
2023,7,19,11,30,976,5.5,0,39.7
2023,7,19,12,30,1035,5.2,0,41
2023,7,19,13,30,1030,5,0,41.800000000000004
2023,7,19,14,30,959,5,0,42.1
2023,7,19,15,30,830,5.1000000000000005,0,41.900000000000006
2023,7,19,16,30,651,5.300000000000001,0,41
2023,7,19,17,30,440,5.6000000000000005,0,39.5
2023,7,19,18,30,221,5.300000000000001,0,37.2
2023,7,19,19,30,37,5,0,34.7
2023,7,19,20,30,0,5.1000000000000005,0,33
2023,7,19,21,30,0,5.1000000000000005,0,31.700000000000003
2023,7,19,22,30,0,5,0,30.6
2023,7,19,23,30,0,4.6000000000000005,0,29.6
2023,7,20,0,30,0,4.3,0,28.6
2023,7,20,1,30,0,4.2,0,27.700000000000003
2023,7,20,2,30,0,4.3,0,26.900000000000002
2023,7,20,3,30,0,4.3,0,26.200000000000003
2023,7,20,4,30,0,4,0,25.400000000000002
2023,7,20,5,30,0,4,8,25.200000000000003
2023,7,20,6,30,51,4.6000000000000005,3,26.3
2023,7,20,7,30,255,5.1000000000000005,0,28.8
2023,7,20,8,30,474,5,0,31.8
2023,7,20,9,30,680,4.7,0,34.5
2023,7,20,10,30,848,4.4,0,36.6
2023,7,20,11,30,968,4.5,0,38.300000000000004
2023,7,20,12,30,1028,4.800000000000001,0,39.5
2023,7,20,13,30,1023,5.2,0,40.2
2023,7,20,14,30,952,5.6000000000000005,0,40.400000000000006
2023,7,20,15,30,821,5.800000000000001,0,40.1
2023,7,20,16,30,646,6,0,39.300000000000004
2023,7,20,17,30,438,5.9,0,38
2023,7,20,18,30,221,5.2,0,36
2023,7,20,19,30,37,4.3,0,33.7
2023,7,20,20,30,0,4.2,0,32
2023,7,20,21,30,0,4.4,0,31
2023,7,20,22,30,0,4.3,0,30.1
2023,7,20,23,30,0,4,0,29.200000000000003
2023,7,21,0,30,0,3.8000000000000003,0,28.400000000000002
2023,7,21,1,30,0,3.7,0,27.6
2023,7,21,2,30,0,3.7,0,26.900000000000002
2023,7,21,3,30,0,3.7,0,26.200000000000003
2023,7,21,4,30,0,3.4000000000000004,0,25.5
2023,7,21,5,30,0,3.5,0,25.3
2023,7,21,6,30,59,4.3,0,26.6
2023,7,21,7,30,251,5.1000000000000005,0,29.5
2023,7,21,8,30,468,5.2,0,32.5
2023,7,21,9,30,673,4.800000000000001,0,35
2023,7,21,10,30,843,4.5,0,36.9
2023,7,21,11,30,962,4.6000000000000005,0,38.400000000000006
2023,7,21,12,30,1023,4.800000000000001,0,39.400000000000006
2023,7,21,13,30,1018,5.1000000000000005,0,40.1
2023,7,21,14,30,947,5.2,0,40.300000000000004
2023,7,21,15,30,817,5.300000000000001,0,40.1
2023,7,21,16,30,641,5.2,0,39.300000000000004
2023,7,21,17,30,432,5,0,38
2023,7,21,18,30,215,4,0,35.800000000000004
2023,7,21,19,30,35,3,0,33.2
2023,7,21,20,30,0,2.8000000000000003,0,31.6
2023,7,21,21,30,0,2.6,0,30.5
2023,7,21,22,30,0,2.2,8,29.400000000000002
2023,7,21,23,30,0,1.8,7,28.400000000000002
2023,7,22,0,30,0,1.9000000000000001,7,27.700000000000003
2023,7,22,1,30,0,2.3000000000000003,8,26.900000000000002
2023,7,22,2,30,0,2.3000000000000003,0,26.200000000000003
2023,7,22,3,30,0,2.1,0,25.5
2023,7,22,4,30,0,1.8,0,25
2023,7,22,5,30,0,2,8,25.1
2023,7,22,6,30,53,2.4000000000000004,0,26.5
2023,7,22,7,30,238,2.4000000000000004,0,29
2023,7,22,8,30,435,1.7000000000000002,0,31.8
2023,7,22,9,30,604,1.1,0,34.2
2023,7,22,10,30,812,1,0,36.2
2023,7,22,11,30,930,1.4000000000000001,0,37.7
2023,7,22,12,30,990,1.7000000000000002,0,38.800000000000004
2023,7,22,13,30,985,1.9000000000000001,0,39.5
2023,7,22,14,30,889,2.2,0,39.800000000000004
2023,7,22,15,30,670,2.5,8,39.7
2023,7,22,16,30,534,2.7,2,39.1
2023,7,22,17,30,358,2.9000000000000004,3,38
2023,7,22,18,30,181,2.7,3,36.4
2023,7,22,19,30,25,2.6,3,34.800000000000004
2023,7,22,20,30,0,2.9000000000000004,0,33.7
2023,7,22,21,30,0,3,0,32.800000000000004
2023,7,22,22,30,0,2.8000000000000003,0,31.8
2023,7,22,23,30,0,2.6,0,30.900000000000002
2023,7,23,0,30,0,2.4000000000000004,3,30
2023,7,23,1,30,0,2.2,3,29.1
2023,7,23,2,30,0,1.9000000000000001,0,28.400000000000002
2023,7,23,3,30,0,1.7000000000000002,0,27.6
2023,7,23,4,30,0,1.4000000000000001,0,26.900000000000002
2023,7,23,5,30,0,1.5,0,26.8
2023,7,23,6,30,35,1.9000000000000001,3,28.6
2023,7,23,7,30,237,2.1,0,31.900000000000002
2023,7,23,8,30,453,1.9000000000000001,0,34.800000000000004
2023,7,23,9,30,656,1.1,0,36.7
2023,7,23,10,30,814,0.5,0,38.2
2023,7,23,11,30,944,0.8,0,39.5
2023,7,23,12,30,883,1.5,3,40.5
2023,7,23,13,30,986,1.9000000000000001,0,41.1
2023,7,23,14,30,911,2.3000000000000003,0,41.300000000000004
2023,7,23,15,30,774,2.6,0,41.1
2023,7,23,16,30,617,2.9000000000000004,0,40.5
2023,7,23,17,30,427,3.2,0,39.5
2023,7,23,18,30,212,2.9000000000000004,0,37.4
2023,7,23,19,30,33,2.7,0,35.1
2023,7,23,20,30,0,3.4000000000000004,0,33.6
2023,7,23,21,30,0,4,0,32.6
2023,7,23,22,30,0,3.9000000000000004,0,31.5
2023,7,23,23,30,0,3.7,0,30.5
2023,7,24,0,30,0,3.7,0,29.700000000000003
2023,7,24,1,30,0,3.6,0,29
2023,7,24,2,30,0,3.4000000000000004,0,28.3
2023,7,24,3,30,0,3.1,0,27.6
2023,7,24,4,30,0,2.8000000000000003,0,26.8
2023,7,24,5,30,0,2.9000000000000004,0,26.6
2023,7,24,6,30,56,3.6,0,28
2023,7,24,7,30,250,4.1000000000000005,0,30.900000000000002
2023,7,24,8,30,470,3.9000000000000004,0,34
2023,7,24,9,30,675,3.3000000000000003,0,36.5
2023,7,24,10,30,844,3,0,38.300000000000004
2023,7,24,11,30,961,3.1,0,39.6
2023,7,24,12,30,1018,3.3000000000000003,0,40.6
2023,7,24,13,30,1011,3.6,0,41.1
2023,7,24,14,30,939,3.9000000000000004,0,41.2
2023,7,24,15,30,805,4.2,0,40.800000000000004
2023,7,24,16,30,614,4.4,0,40
2023,7,24,17,30,372,4.5,0,38.7
2023,7,24,18,30,209,4,0,36.7
2023,7,24,19,30,32,3.6,0,34.5
2023,7,24,20,30,0,3.8000000000000003,0,33
2023,7,24,21,30,0,4,0,32
2023,7,24,22,30,0,4.1000000000000005,0,31
2023,7,24,23,30,0,4.1000000000000005,0,30.1
2023,7,25,0,30,0,3.8000000000000003,0,29.200000000000003
2023,7,25,1,30,0,3.2,0,28.3
2023,7,25,2,30,0,2.9000000000000004,0,27.5
2023,7,25,3,30,0,2.8000000000000003,0,26.8
2023,7,25,4,30,0,2.7,0,26.1
2023,7,25,5,30,0,3.1,0,26
2023,7,25,6,30,54,4,0,27.400000000000002
2023,7,25,7,30,245,4.7,0,30.1
2023,7,25,8,30,463,4.800000000000001,0,33
2023,7,25,9,30,667,4.9,0,35.2
2023,7,25,10,30,837,5,0,36.9
2023,7,25,11,30,959,5,0,38.2
2023,7,25,12,30,1019,4.800000000000001,0,39.2
2023,7,25,13,30,1014,4.7,0,39.800000000000004
2023,7,25,14,30,942,4.800000000000001,0,40
2023,7,25,15,30,810,5,0,39.6
2023,7,25,16,30,635,5,0,38.7
2023,7,25,17,30,426,4.9,0,37.300000000000004
2023,7,25,18,30,210,4.3,0,35.2
2023,7,25,19,30,31,3.8000000000000003,0,33
2023,7,25,20,30,0,3.9000000000000004,0,31.6
2023,7,25,21,30,0,4,8,30.6
2023,7,25,22,30,0,3.9000000000000004,0,29.700000000000003
2023,7,25,23,30,0,3.7,0,29
2023,7,26,0,30,0,3.5,0,28.3
2023,7,26,1,30,0,3.4000000000000004,0,27.700000000000003
2023,7,26,2,30,0,3.3000000000000003,0,27.1
2023,7,26,3,30,0,3.5,0,26.6
2023,7,26,4,30,0,3.6,0,25.900000000000002
2023,7,26,5,30,0,4,0,25.700000000000003
2023,7,26,6,30,50,4.6000000000000005,0,26.8
2023,7,26,7,30,237,5.2,0,29.400000000000002
2023,7,26,8,30,454,5.300000000000001,0,32.2
2023,7,26,9,30,658,5,0,34.5
2023,7,26,10,30,826,5,0,36.2
2023,7,26,11,30,941,5.1000000000000005,0,37.5
2023,7,26,12,30,993,5.300000000000001,0,38.5
2023,7,26,13,30,983,5.4,0,39.1
2023,7,26,14,30,916,5.5,0,39.2
2023,7,26,15,30,794,5.6000000000000005,0,38.900000000000006
2023,7,26,16,30,620,5.5,0,38.1
2023,7,26,17,30,414,5.4,0,36.800000000000004
2023,7,26,18,30,201,4.9,0,35
2023,7,26,19,30,28,4.3,0,33.2
2023,7,26,20,30,0,4.2,0,31.900000000000002
2023,7,26,21,30,0,4.3,0,31.1
2023,7,26,22,30,0,4.3,0,30.3
2023,7,26,23,30,0,4.1000000000000005,8,29.400000000000002
2023,7,27,0,30,0,3.8000000000000003,0,28.5
2023,7,27,1,30,0,3.7,0,27.6
2023,7,27,2,30,0,3.9000000000000004,0,26.8
2023,7,27,3,30,0,4,8,26
2023,7,27,4,30,0,3.9000000000000004,8,25.200000000000003
2023,7,27,5,30,0,3.9000000000000004,0,24.8
2023,7,27,6,30,49,4.4,0,25.900000000000002
2023,7,27,7,30,236,5.1000000000000005,0,28.700000000000003
2023,7,27,8,30,454,5.4,0,31.8
2023,7,27,9,30,656,5.4,0,34.1
2023,7,27,10,30,823,5.4,0,35.800000000000004
2023,7,27,11,30,942,5.5,0,37.1
2023,7,27,12,30,1000,5.5,0,38.1
2023,7,27,13,30,993,5.5,0,38.7
2023,7,27,14,30,920,5.4,0,38.800000000000004
2023,7,27,15,30,790,5.300000000000001,0,38.6
2023,7,27,16,30,614,5.2,0,37.800000000000004
2023,7,27,17,30,408,5.1000000000000005,0,36.6
2023,7,27,18,30,195,4.4,0,34.7
2023,7,27,19,30,26,3.9000000000000004,0,32.7
2023,7,27,20,30,0,4.2,0,31.5
2023,7,27,21,30,0,4.3,0,30.6
2023,7,27,22,30,0,3.9000000000000004,0,29.700000000000003
2023,7,27,23,30,0,3.4000000000000004,0,28.700000000000003
2023,7,28,0,30,0,2.9000000000000004,0,27.8
2023,7,28,1,30,0,2.8000000000000003,0,27
2023,7,28,2,30,0,3.1,0,26.3
2023,7,28,3,30,0,3.7,0,25.700000000000003
2023,7,28,4,30,0,3.9000000000000004,0,24.900000000000002
2023,7,28,5,30,0,3.8000000000000003,0,24.5
2023,7,28,6,30,44,4.2,0,25.6
2023,7,28,7,30,226,4.800000000000001,0,28.400000000000002
2023,7,28,8,30,440,4.800000000000001,0,31.5
2023,7,28,9,30,642,4.5,0,34
2023,7,28,10,30,812,4.5,0,35.800000000000004
2023,7,28,11,30,934,4.6000000000000005,0,37.2
2023,7,28,12,30,997,4.7,0,38.1
2023,7,28,13,30,990,4.800000000000001,0,38.7
2023,7,28,14,30,916,4.9,0,38.7
2023,7,28,15,30,786,5,0,38.400000000000006
2023,7,28,16,30,609,5.1000000000000005,0,37.6
2023,7,28,17,30,402,5.2,0,36.4
2023,7,28,18,30,190,4.800000000000001,0,34.6
2023,7,28,19,30,23,4.2,0,32.7
2023,7,28,20,30,0,3.9000000000000004,0,31.400000000000002
2023,7,28,21,30,0,3.7,0,30.400000000000002
2023,7,28,22,30,0,3.5,0,29.400000000000002
2023,7,28,23,30,0,3.4000000000000004,0,28.6
2023,7,29,0,30,0,3.3000000000000003,0,27.8
2023,7,29,1,30,0,3.5,0,27.1
2023,7,29,2,30,0,3.7,0,26.400000000000002
2023,7,29,3,30,0,3.6,0,25.700000000000003
2023,7,29,4,30,0,3.3000000000000003,0,25
2023,7,29,5,30,0,3.3000000000000003,0,24.700000000000003
2023,7,29,6,30,45,3.9000000000000004,0,26
2023,7,29,7,30,231,4.5,0,29
2023,7,29,8,30,448,4.800000000000001,0,31.900000000000002
2023,7,29,9,30,652,4.7,0,33.9
2023,7,29,10,30,821,4.6000000000000005,0,35.4
2023,7,29,11,30,940,4.5,0,36.6
2023,7,29,12,30,1000,4.5,0,37.5
2023,7,29,13,30,994,4.5,0,38
2023,7,29,14,30,855,4.5,0,38.2
2023,7,29,15,30,790,4.6000000000000005,0,38
2023,7,29,16,30,619,4.800000000000001,0,37.300000000000004
2023,7,29,17,30,327,4.9,8,36.2
2023,7,29,18,30,196,4.3,0,34.300000000000004
2023,7,29,19,30,24,3.7,0,32.300000000000004
2023,7,29,20,30,0,4,0,31
2023,7,29,21,30,0,4.3,0,30
2023,7,29,22,30,0,4.4,0,29.1
2023,7,29,23,30,0,4.1000000000000005,3,28.200000000000003
2023,7,30,0,30,0,3.6,0,27.400000000000002
2023,7,30,1,30,0,3.1,0,26.700000000000003
2023,7,30,2,30,0,2.7,0,26
2023,7,30,3,30,0,2.5,0,25.400000000000002
2023,7,30,4,30,0,2.5,0,24.8
2023,7,30,5,30,0,2.8000000000000003,0,24.700000000000003
2023,7,30,6,30,43,3.9000000000000004,0,25.900000000000002
2023,7,30,7,30,222,4.6000000000000005,0,28.400000000000002
2023,7,30,8,30,436,4.6000000000000005,0,31
2023,7,30,9,30,637,4.800000000000001,0,33.2
2023,7,30,10,30,803,5,0,34.9
2023,7,30,11,30,924,5.2,0,36.2
2023,7,30,12,30,980,5.2,0,37.2
2023,7,30,13,30,757,5.2,3,37.800000000000004
2023,7,30,14,30,626,5.1000000000000005,3,38
2023,7,30,15,30,481,5,3,37.800000000000004
2023,7,30,16,30,600,4.9,0,37.2
2023,7,30,17,30,395,4.800000000000001,0,36.1
2023,7,30,18,30,185,4.1000000000000005,0,34.4
2023,7,30,19,30,21,3.5,0,32.7
2023,7,30,20,30,0,3.5,0,31.6
2023,7,30,21,30,0,3.8000000000000003,0,30.8
2023,7,30,22,30,0,3.9000000000000004,3,30.1
2023,7,30,23,30,0,3.9000000000000004,0,29.5
2023,7,31,0,30,0,3.8000000000000003,0,28.900000000000002
2023,7,31,1,30,0,3.6,0,28.3
2023,7,31,2,30,0,3.3000000000000003,0,27.700000000000003
2023,7,31,3,30,0,3,0,27
2023,7,31,4,30,0,2.7,0,26.400000000000002
2023,7,31,5,30,0,2.9000000000000004,0,26.200000000000003
2023,7,31,6,30,40,3.5,0,27.400000000000002
2023,7,31,7,30,204,4,0,30.1
2023,7,31,8,30,434,4.2,0,32.9
2023,7,31,9,30,636,4.4,0,35.1
2023,7,31,10,30,804,4.6000000000000005,0,36.7
2023,7,31,11,30,918,4.7,0,38
2023,7,31,12,30,971,4.800000000000001,0,38.900000000000006
2023,7,31,13,30,965,4.9,0,39.5
2023,7,31,14,30,840,5,0,39.6
2023,7,31,15,30,771,5.1000000000000005,0,39.300000000000004
2023,7,31,16,30,584,5.300000000000001,0,38.400000000000006
2023,7,31,17,30,366,5.4,3,37.1
2023,7,31,18,30,185,5.300000000000001,8,35.5
2023,7,31,19,30,18,4.9,8,34
2023,7,31,20,30,0,4.6000000000000005,0,32.9
2023,7,31,21,30,0,4.3,8,32
2023,7,31,22,30,0,4.1000000000000005,8,31.200000000000003
2023,7,31,23,30,0,3.9000000000000004,8,30.400000000000002
2023,8,1,0,30,0,3.6,7,29.6
2023,8,1,1,30,0,3.4000000000000004,7,28.900000000000002
2023,8,1,2,30,0,3.3000000000000003,7,28.3
2023,8,1,3,30,0,3.2,8,27.6
2023,8,1,4,30,0,3.1,0,26.900000000000002
2023,8,1,5,30,0,3.1,0,26.5
2023,8,1,6,30,37,3.6,0,27.400000000000002
2023,8,1,7,30,218,4.1000000000000005,0,29.5
2023,8,1,8,30,432,4.2,0,31.900000000000002
2023,8,1,9,30,611,3.9000000000000004,0,34.1
2023,8,1,10,30,573,3.6,3,36.1
2023,8,1,11,30,812,3.3000000000000003,3,37.800000000000004
2023,8,1,12,30,919,3.5,0,39
2023,8,1,13,30,828,4.2,3,39.6
2023,8,1,14,30,914,4.9,0,39.6
2023,8,1,15,30,777,5.4,0,39.1
2023,8,1,16,30,538,5.6000000000000005,3,37.9
2023,8,1,17,30,353,5.6000000000000005,3,36.4
2023,8,1,18,30,191,4.9,0,34.5
2023,8,1,19,30,18,3.9000000000000004,3,32.5
2023,8,1,20,30,0,3.1,0,31
2023,8,1,21,30,0,2.5,0,29.8
2023,8,1,22,30,0,2.3000000000000003,0,28.900000000000002
2023,8,1,23,30,0,2.5,0,28.3
2023,8,2,0,30,0,3,0,27.8
2023,8,2,1,30,0,3.4000000000000004,0,27.200000000000003
2023,8,2,2,30,0,3.5,0,26.6
2023,8,2,3,30,0,3.1,0,25.900000000000002
2023,8,2,4,30,0,2.6,0,25.200000000000003
2023,8,2,5,30,0,2.7,3,25
2023,8,2,6,30,31,3.6,3,26.5
2023,8,2,7,30,231,4.5,0,29.3
2023,8,2,8,30,449,4.800000000000001,0,32.1
2023,8,2,9,30,654,4.800000000000001,0,34.4
2023,8,2,10,30,823,4.7,0,36.2
2023,8,2,11,30,942,4.7,0,37.7
2023,8,2,12,30,1001,4.6000000000000005,0,38.800000000000004
2023,8,2,13,30,995,4.6000000000000005,0,39.6
2023,8,2,14,30,925,4.6000000000000005,0,39.900000000000006
2023,8,2,15,30,796,4.800000000000001,0,39.800000000000004
2023,8,2,16,30,619,5,0,39.1
2023,8,2,17,30,411,5.300000000000001,0,37.9
2023,8,2,18,30,194,5,0,35.9
2023,8,2,19,30,22,4.6000000000000005,0,33.9
2023,8,2,20,30,0,4.7,0,32.4
2023,8,2,21,30,0,4.7,0,31.3
2023,8,2,22,30,0,4.7,0,30.200000000000003
2023,8,2,23,30,0,4.6000000000000005,0,29.3
2023,8,3,0,30,0,4.4,0,28.5
2023,8,3,1,30,0,4.2,0,27.8
2023,8,3,2,30,0,4,0,27.1
2023,8,3,3,30,0,3.9000000000000004,0,26.400000000000002
2023,8,3,4,30,0,3.8000000000000003,0,25.8
2023,8,3,5,30,0,4,0,25.400000000000002
2023,8,3,6,30,42,4.7,0,26.400000000000002
2023,8,3,7,30,227,5.2,0,29
2023,8,3,8,30,445,4.9,0,32
2023,8,3,9,30,650,4.3,0,34.7
2023,8,3,10,30,820,3.7,0,36.9
2023,8,3,11,30,940,3.3000000000000003,0,38.7
2023,8,3,12,30,999,3.2,0,39.900000000000006
2023,8,3,13,30,994,3.3000000000000003,0,40.7
2023,8,3,14,30,923,3.5,0,40.900000000000006
2023,8,3,15,30,792,3.9000000000000004,0,40.7
2023,8,3,16,30,615,4.3,0,39.900000000000006
2023,8,3,17,30,407,4.7,0,38.5
2023,8,3,18,30,190,4.7,0,36.4
2023,8,3,19,30,21,4.6000000000000005,0,34.300000000000004
2023,8,3,20,30,0,4.7,0,32.9
2023,8,3,21,30,0,4.800000000000001,0,31.900000000000002
2023,8,3,22,30,0,4.800000000000001,0,31
2023,8,3,23,30,0,4.6000000000000005,0,30.200000000000003
2023,8,4,0,30,0,4.5,0,29.3
2023,8,4,1,30,0,4.2,0,28.5
2023,8,4,2,30,0,3.9000000000000004,0,27.700000000000003
2023,8,4,3,30,0,3.6,0,27
2023,8,4,4,30,0,3.5,0,26.3
2023,8,4,5,30,0,3.8000000000000003,0,26
2023,8,4,6,30,38,4.4,0,27.1
2023,8,4,7,30,223,4.7,0,29.8
2023,8,4,8,30,439,4.2,0,33.2
2023,8,4,9,30,644,3.4000000000000004,0,36.1
2023,8,4,10,30,814,2.6,0,38.300000000000004
2023,8,4,11,30,934,2.6,0,40
2023,8,4,12,30,994,2.9000000000000004,0,41.2
2023,8,4,13,30,989,3.3000000000000003,0,41.900000000000006
2023,8,4,14,30,918,3.7,0,42.1
2023,8,4,15,30,788,4,0,41.7
2023,8,4,16,30,612,4.3,0,40.900000000000006
2023,8,4,17,30,403,4.4,0,39.5
2023,8,4,18,30,187,3.9000000000000004,0,37.4
2023,8,4,19,30,18,3.6,0,35.2
2023,8,4,20,30,0,4,0,33.9
2023,8,4,21,30,0,4.4,0,32.800000000000004
2023,8,4,22,30,0,4.5,3,31.8
2023,8,4,23,30,0,4.1000000000000005,0,30.8
2023,8,5,0,30,0,3.8000000000000003,0,29.900000000000002
2023,8,5,1,30,0,3.9000000000000004,0,29.1
2023,8,5,2,30,0,3.9000000000000004,0,28.400000000000002
2023,8,5,3,30,0,3.6,0,27.6
2023,8,5,4,30,0,3.4000000000000004,0,26.8
2023,8,5,5,30,0,3.5,0,26.400000000000002
2023,8,5,6,30,38,4.1000000000000005,0,27.5
2023,8,5,7,30,227,4.6000000000000005,0,30.3
2023,8,5,8,30,449,4.4,0,33.7
2023,8,5,9,30,656,4.2,0,36.4
2023,8,5,10,30,829,4,0,38.300000000000004
2023,8,5,11,30,949,4,0,39.900000000000006
2023,8,5,12,30,1007,4.2,0,41.1
2023,8,5,13,30,1000,4.4,0,41.800000000000004
2023,8,5,14,30,927,4.7,0,42.1
2023,8,5,15,30,796,5,0,41.800000000000004
2023,8,5,16,30,617,5.2,0,41
2023,8,5,17,30,353,5.4,7,39.5
2023,8,5,18,30,170,5,8,37.300000000000004
2023,8,5,19,30,14,4.7,7,35.2
2023,8,5,20,30,0,4.800000000000001,0,33.7
2023,8,5,21,30,0,4.800000000000001,0,32.5
2023,8,5,22,30,0,4.6000000000000005,0,31.400000000000002
2023,8,5,23,30,0,4.4,0,30.400000000000002
2023,8,6,0,30,0,4.5,0,29.700000000000003
2023,8,6,1,30,0,4.6000000000000005,0,28.900000000000002
2023,8,6,2,30,0,4.6000000000000005,0,28.200000000000003
2023,8,6,3,30,0,4.4,0,27.400000000000002
2023,8,6,4,30,0,4,0,26.700000000000003
2023,8,6,5,30,0,4,0,26.3
2023,8,6,6,30,38,4.5,0,27.400000000000002
2023,8,6,7,30,227,5.2,0,30.5
2023,8,6,8,30,447,5.4,0,34
2023,8,6,9,30,654,5,0,36.9
2023,8,6,10,30,826,4.5,0,39.2
2023,8,6,11,30,947,4.2,0,41.1
2023,8,6,12,30,1007,4.2,0,42.400000000000006
2023,8,6,13,30,1001,4.6000000000000005,0,43.2
2023,8,6,14,30,928,5.1000000000000005,0,43.400000000000006
2023,8,6,15,30,795,5.6000000000000005,0,43.1
2023,8,6,16,30,616,6,0,42
2023,8,6,17,30,406,6.1000000000000005,0,40.400000000000006
2023,8,6,18,30,187,5.5,0,38
2023,8,6,19,30,17,5,0,35.6
2023,8,6,20,30,0,4.9,0,34.1
2023,8,6,21,30,0,4.800000000000001,0,33
2023,8,6,22,30,0,4.6000000000000005,0,32
2023,8,6,23,30,0,4.4,0,31.1
2023,8,7,0,30,0,4.2,0,30.200000000000003
2023,8,7,1,30,0,4,0,29.5
2023,8,7,2,30,0,3.9000000000000004,0,28.700000000000003
2023,8,7,3,30,0,3.6,0,27.900000000000002
2023,8,7,4,30,0,3.4000000000000004,0,27.3
2023,8,7,5,30,0,3.5,0,27
2023,8,7,6,30,28,4.1000000000000005,0,27.8
2023,8,7,7,30,213,4.6000000000000005,0,30
2023,8,7,8,30,434,4.7,0,33
2023,8,7,9,30,619,4.800000000000001,0,36
2023,8,7,10,30,813,4.9,0,38.6
2023,8,7,11,30,934,5.1000000000000005,0,40.6
2023,8,7,12,30,993,5.4,0,42.1
2023,8,7,13,30,989,5.6000000000000005,0,43.1
2023,8,7,14,30,919,5.800000000000001,0,43.400000000000006
2023,8,7,15,30,790,5.9,0,43.2
2023,8,7,16,30,612,6,0,42.400000000000006
2023,8,7,17,30,401,6.1000000000000005,0,40.900000000000006
2023,8,7,18,30,182,5.7,0,38.5
2023,8,7,19,30,16,5.2,0,35.9
2023,8,7,20,30,0,5.1000000000000005,0,34.2
2023,8,7,21,30,0,4.9,0,32.9
2023,8,7,22,30,0,4.6000000000000005,7,31.8
2023,8,7,23,30,0,4.3,7,30.900000000000002
2023,8,8,0,30,0,4,8,30.1
2023,8,8,1,30,0,3.9000000000000004,7,29.400000000000002
2023,8,8,2,30,0,3.8000000000000003,7,28.8
2023,8,8,3,30,0,3.8000000000000003,7,28.200000000000003
2023,8,8,4,30,0,3.7,8,27.400000000000002
2023,8,8,5,30,0,3.9000000000000004,7,26.700000000000003
2023,8,8,6,30,24,4.7,8,27.200000000000003
2023,8,8,7,30,124,5.1000000000000005,5,29.5
2023,8,8,8,30,341,4.800000000000001,3,32.6
2023,8,8,9,30,494,4.2,3,35.5
2023,8,8,10,30,804,3.5,0,37.800000000000004
2023,8,8,11,30,924,2.8000000000000003,0,39.6
2023,8,8,12,30,983,2.2,0,40.900000000000006
2023,8,8,13,30,977,1.9000000000000001,0,41.800000000000004
2023,8,8,14,30,906,2,0,42.300000000000004
2023,8,8,15,30,777,2.4000000000000004,0,42.300000000000004
2023,8,8,16,30,599,3,0,41.7
2023,8,8,17,30,390,3.6,0,40.400000000000006
2023,8,8,18,30,174,3.8000000000000003,0,37.9
2023,8,8,19,30,14,4.2,0,35.2
2023,8,8,20,30,0,4.9,0,33.6
2023,8,8,21,30,0,4.800000000000001,0,32.4
2023,8,8,22,30,0,4.4,0,31.400000000000002
2023,8,8,23,30,0,4,0,30.400000000000002
2023,8,9,0,30,0,3.5,3,29.6
2023,8,9,1,30,0,3.1,3,28.8
2023,8,9,2,30,0,2.8000000000000003,8,28.1
2023,8,9,3,30,0,2.7,0,27.6
2023,8,9,4,30,0,2.9000000000000004,3,27
2023,8,9,5,30,0,3.4000000000000004,0,26.8
2023,8,9,6,30,26,4.3,0,27.900000000000002
2023,8,9,7,30,190,4.9,0,31
2023,8,9,8,30,361,4.6000000000000005,3,34.9
2023,8,9,9,30,438,3.9000000000000004,8,38.2
2023,8,9,10,30,745,3.3000000000000003,0,40.6
2023,8,9,11,30,926,2.9000000000000004,0,42.300000000000004
2023,8,9,12,30,987,2.8000000000000003,0,43.5
2023,8,9,13,30,982,2.8000000000000003,0,44.1
2023,8,9,14,30,908,2.8000000000000003,0,44.300000000000004
2023,8,9,15,30,775,2.8000000000000003,0,44
2023,8,9,16,30,597,2.7,0,43.2
2023,8,9,17,30,388,2.2,0,42
2023,8,9,18,30,169,1.4000000000000001,0,39.6
2023,8,9,19,30,10,0.9,0,37.5
2023,8,9,20,30,0,1.5,0,36
2023,8,9,21,30,0,2.5,0,34.1
2023,8,9,22,30,0,3.6,0,32.800000000000004
2023,8,9,23,30,0,4.1000000000000005,0,31.8
2023,8,10,0,30,0,3.9000000000000004,0,30.8
2023,8,10,1,30,0,3.6,0,29.900000000000002
2023,8,10,2,30,0,3.3000000000000003,0,29.200000000000003
2023,8,10,3,30,0,3.1,0,28.5
2023,8,10,4,30,0,2.9000000000000004,0,27.900000000000002
2023,8,10,5,30,0,3.1,0,27.5
2023,8,10,6,30,33,3.7,0,28.6
2023,8,10,7,30,195,4.2,0,31.6
2023,8,10,8,30,379,4.1000000000000005,0,35.300000000000004
2023,8,10,9,30,647,3.6,0,38.800000000000004
2023,8,10,10,30,819,3.1,0,41.400000000000006
2023,8,10,11,30,938,2.7,0,43.2
2023,8,10,12,30,996,2.4000000000000004,0,44.2
2023,8,10,13,30,988,2.3000000000000003,0,44.7
2023,8,10,14,30,914,2.2,0,44.7
2023,8,10,15,30,734,2.1,0,44.300000000000004
2023,8,10,16,30,442,2.4000000000000004,3,43.6
2023,8,10,17,30,389,3,0,42.2
2023,8,10,18,30,171,3.4000000000000004,0,39.7
2023,8,10,19,30,11,4,0,37.1
2023,8,10,20,30,0,4.6000000000000005,0,35.5
2023,8,10,21,30,0,5,0,34.4
2023,8,10,22,30,0,5,0,33.4
2023,8,10,23,30,0,4.800000000000001,0,32.4
2023,8,11,0,30,0,4.6000000000000005,0,31.400000000000002
2023,8,11,1,30,0,4.5,0,30.5
2023,8,11,2,30,0,4.2,0,29.6
2023,8,11,3,30,0,3.4000000000000004,3,28.8
2023,8,11,4,30,0,2.6,0,28
2023,8,11,5,30,0,2.2,0,27.8
2023,8,11,6,30,29,2.7,0,28.900000000000002
2023,8,11,7,30,207,3.1,0,31.700000000000003
2023,8,11,8,30,423,2.7,0,35
2023,8,11,9,30,630,2.1,0,37.6
2023,8,11,10,30,802,1.7000000000000002,0,39.6
2023,8,11,11,30,925,1.4000000000000001,0,41.300000000000004
2023,8,11,12,30,987,1.3,0,42.5
2023,8,11,13,30,981,1.4000000000000001,0,43.300000000000004
2023,8,11,14,30,909,1.9000000000000001,0,43.6
2023,8,11,15,30,776,2.6,0,43.300000000000004
2023,8,11,16,30,496,3.3000000000000003,0,42.400000000000006
2023,8,11,17,30,340,4,0,40.900000000000006
2023,8,11,18,30,165,4.3,0,38.900000000000006
2023,8,11,19,30,8,4.5,8,37.1
2023,8,11,20,30,0,4.4,7,35.800000000000004
2023,8,11,21,30,0,3.7,8,34.5
2023,8,11,22,30,0,2.9000000000000004,0,33.300000000000004
2023,8,11,23,30,0,2.3000000000000003,0,32.1
2023,8,12,0,30,0,2,0,31
2023,8,12,1,30,0,1.7000000000000002,0,30.1
2023,8,12,2,30,0,1.3,0,29.400000000000002
2023,8,12,3,30,0,1,0,28.8
2023,8,12,4,30,0,1.1,0,28.1
2023,8,12,5,30,0,1.9000000000000001,0,27.700000000000003
2023,8,12,6,30,27,3.1,0,28.400000000000002
2023,8,12,7,30,207,3.9000000000000004,0,30.400000000000002
2023,8,12,8,30,425,3.7,0,33.1
2023,8,12,9,30,632,3.2,0,35.9
2023,8,12,10,30,803,2.7,0,38.400000000000006
2023,8,12,11,30,924,2.3000000000000003,0,40.400000000000006
2023,8,12,12,30,984,1.8,0,41.900000000000006
2023,8,12,13,30,977,1.6,0,42.900000000000006
2023,8,12,14,30,904,1.9000000000000001,0,43.300000000000004
2023,8,12,15,30,770,2.5,0,43.2
2023,8,12,16,30,588,3.2,0,42.5
2023,8,12,17,30,373,4.1000000000000005,0,41.1
2023,8,12,18,30,155,4.800000000000001,8,38.800000000000004
2023,8,12,19,30,6,5.5,3,36.5
2023,8,12,20,30,0,5.800000000000001,3,34.800000000000004
2023,8,12,21,30,0,5.2,0,33.5
2023,8,12,22,30,0,4.6000000000000005,0,32.5
2023,8,12,23,30,0,4.3,0,31.5
2023,8,13,0,30,0,4,0,30.6
2023,8,13,1,30,0,3.8000000000000003,0,29.700000000000003
2023,8,13,2,30,0,3.7,0,29
2023,8,13,3,30,0,3.9000000000000004,0,28.3
2023,8,13,4,30,0,4.1000000000000005,0,27.700000000000003
2023,8,13,5,30,0,4.4,0,27.1
2023,8,13,6,30,27,5.2,0,27.700000000000003
2023,8,13,7,30,208,5.9,0,29.8
2023,8,13,8,30,430,5.6000000000000005,0,32.5
2023,8,13,9,30,639,5.1000000000000005,0,35
2023,8,13,10,30,813,4.7,0,37.2
2023,8,13,11,30,936,4.6000000000000005,0,38.800000000000004
2023,8,13,12,30,997,4.800000000000001,0,40
2023,8,13,13,30,988,5.1000000000000005,0,40.6
2023,8,13,14,30,912,5.300000000000001,0,40.800000000000004
2023,8,13,15,30,775,5.4,0,40.6
2023,8,13,16,30,591,5.6000000000000005,0,39.800000000000004
2023,8,13,17,30,378,5.6000000000000005,0,38.5
2023,8,13,18,30,161,5.300000000000001,0,36.5
2023,8,13,19,30,9,4.9,0,34.5
2023,8,13,20,30,0,4.7,0,33.1
2023,8,13,21,30,0,4.7,0,32.1
2023,8,13,22,30,0,4.7,0,31.3
2023,8,13,23,30,0,4.7,0,30.5
2023,8,14,0,30,0,4.7,0,29.8
2023,8,14,1,30,0,4.800000000000001,0,29
2023,8,14,2,30,0,4.7,0,28.3
2023,8,14,3,30,0,4.3,0,27.6
2023,8,14,4,30,0,3.7,0,26.900000000000002
2023,8,14,5,30,0,3.2,0,26.400000000000002
2023,8,14,6,30,26,3.4000000000000004,0,27.1
2023,8,14,7,30,207,3.7,0,29.3
2023,8,14,8,30,427,3.4000000000000004,0,31.900000000000002
2023,8,14,9,30,634,3.4000000000000004,0,34.2
2023,8,14,10,30,805,3.7,0,36
2023,8,14,11,30,739,4,3,37.4
2023,8,14,12,30,721,4.1000000000000005,3,38.400000000000006
2023,8,14,13,30,608,4.2,3,38.900000000000006
2023,8,14,14,30,788,4.2,0,39.1
2023,8,14,15,30,674,4.2,0,39
2023,8,14,16,30,548,4.3,0,38.400000000000006
2023,8,14,17,30,297,4.2,3,37.2
2023,8,14,18,30,114,3.4000000000000004,3,35.4
2023,8,14,19,30,8,2.8000000000000003,0,33.6
2023,8,14,20,30,0,3,0,32.4
2023,8,14,21,30,0,3.4000000000000004,0,31.3
2023,8,14,22,30,0,3.7,0,30.200000000000003
2023,8,14,23,30,0,4.1000000000000005,0,29.1
2023,8,15,0,30,0,4.3,0,28
2023,8,15,1,30,0,4.2,0,27.1
2023,8,15,2,30,0,4,0,26.3
2023,8,15,3,30,0,3.8000000000000003,0,25.6
2023,8,15,4,30,0,3.6,0,24.900000000000002
2023,8,15,5,30,0,3.7,0,24.5
2023,8,15,6,30,25,4.3,0,25.200000000000003
2023,8,15,7,30,202,4.7,0,27.400000000000002
2023,8,15,8,30,419,4.2,0,30.200000000000003
2023,8,15,9,30,624,3.5,0,32.6
2023,8,15,10,30,795,2.9000000000000004,0,34.6
2023,8,15,11,30,916,2.6,0,36.300000000000004
2023,8,15,12,30,976,2.4000000000000004,0,37.5
2023,8,15,13,30,969,2.4000000000000004,0,38.300000000000004
2023,8,15,14,30,895,2.5,0,38.7
2023,8,15,15,30,658,2.7,3,38.6
2023,8,15,16,30,516,2.8000000000000003,0,38
2023,8,15,17,30,362,2.9000000000000004,0,36.9
2023,8,15,18,30,155,2.2,0,34.9
2023,8,15,19,30,6,1.6,0,32.800000000000004
2023,8,15,20,30,0,1.8,0,31.6
2023,8,15,21,30,0,2.1,0,30.700000000000003
2023,8,15,22,30,0,2.2,0,29.900000000000002
2023,8,15,23,30,0,2.4000000000000004,0,29
2023,8,16,0,30,0,2.5,0,28.3
2023,8,16,1,30,0,2.6,0,27.5
2023,8,16,2,30,0,2.7,0,26.900000000000002
2023,8,16,3,30,0,2.8000000000000003,0,26.400000000000002
2023,8,16,4,30,0,2.7,0,25.900000000000002
2023,8,16,5,30,0,2.9000000000000004,0,25.6
2023,8,16,6,30,24,3.5,0,26.900000000000002
2023,8,16,7,30,202,4.3,0,30
2023,8,16,8,30,421,4.2,0,33.2
2023,8,16,9,30,628,3.5,0,35.5
2023,8,16,10,30,800,2.7,0,37.300000000000004
2023,8,16,11,30,920,2.3000000000000003,0,38.7
2023,8,16,12,30,978,2.1,0,39.7
2023,8,16,13,30,819,2.2,3,40.300000000000004
2023,8,16,14,30,761,2.3000000000000003,2,40.5
2023,8,16,15,30,760,2.6,0,40.400000000000006
2023,8,16,16,30,538,3,0,39.800000000000004
2023,8,16,17,30,306,3.4000000000000004,3,38.7
2023,8,16,18,30,140,3.3000000000000003,0,36.7
2023,8,16,19,30,5,3.6,0,34.9
2023,8,16,20,30,0,4.3,0,33.800000000000004
2023,8,16,21,30,0,4.4,0,32.7
2023,8,16,22,30,0,4.2,0,31.8
2023,8,16,23,30,0,4,0,30.900000000000002
2023,8,17,0,30,0,3.9000000000000004,0,30.1
2023,8,17,1,30,0,3.8000000000000003,0,29.400000000000002
2023,8,17,2,30,0,3.5,0,28.700000000000003
2023,8,17,3,30,0,3,8,27.900000000000002
2023,8,17,4,30,0,2.6,8,27.200000000000003
2023,8,17,5,30,0,2.5,0,26.8
2023,8,17,6,30,24,3.1,0,27.900000000000002
2023,8,17,7,30,205,3.5,0,31.3
2023,8,17,8,30,429,3.3000000000000003,0,35.1
2023,8,17,9,30,640,2.9000000000000004,0,38
2023,8,17,10,30,815,2.7,0,40
2023,8,17,11,30,936,3,0,41.5
2023,8,17,12,30,995,3.5,0,42.400000000000006
2023,8,17,13,30,979,4,0,42.800000000000004
2023,8,17,14,30,891,4.4,0,42.7
2023,8,17,15,30,775,4.6000000000000005,0,42.2
2023,8,17,16,30,509,4.6000000000000005,0,41.2
2023,8,17,17,30,328,4.3,3,39.7
2023,8,17,18,30,147,3.3000000000000003,8,37
2023,8,17,19,30,5,2.9000000000000004,0,34.5
2023,8,17,20,30,0,3.5,0,33.5
2023,8,17,21,30,0,3.8000000000000003,0,32.6
2023,8,17,22,30,0,3.8000000000000003,0,31.6
2023,8,17,23,30,0,3.7,0,30.8
2023,8,18,0,30,0,3.6,0,30.1
2023,8,18,1,30,0,3.4000000000000004,0,29.400000000000002
2023,8,18,2,30,0,3.2,0,28.700000000000003
2023,8,18,3,30,0,3.1,0,28.1
2023,8,18,4,30,0,2.8000000000000003,0,27.400000000000002
2023,8,18,5,30,0,2.7,0,27
2023,8,18,6,30,16,3.3000000000000003,3,28.200000000000003
2023,8,18,7,30,207,4.1000000000000005,0,31.5
2023,8,18,8,30,433,4.3,0,34.9
2023,8,18,9,30,646,4.4,0,37.300000000000004
2023,8,18,10,30,824,4.6000000000000005,0,39
2023,8,18,11,30,947,4.9,0,40.2
2023,8,18,12,30,1008,5.2,0,41.1
2023,8,18,13,30,1000,5.4,0,41.5
2023,8,18,14,30,923,5.6000000000000005,0,41.400000000000006
2023,8,18,15,30,785,5.800000000000001,0,40.900000000000006
2023,8,18,16,30,598,5.800000000000001,0,39.900000000000006
2023,8,18,17,30,379,5.5,0,38.400000000000006
2023,8,18,18,30,155,4.3,0,35.9
2023,8,18,19,30,5,3.7,0,33.6
2023,8,18,20,30,0,4.1000000000000005,0,32.300000000000004
2023,8,18,21,30,0,4.4,0,31.3
2023,8,18,22,30,0,4.2,0,30.200000000000003
2023,8,18,23,30,0,3.9000000000000004,0,29.200000000000003
2023,8,19,0,30,0,3.4000000000000004,0,28.1
2023,8,19,1,30,0,2.8000000000000003,0,27
2023,8,19,2,30,0,2.4000000000000004,0,26.1
2023,8,19,3,30,0,2.4000000000000004,0,25.400000000000002
2023,8,19,4,30,0,2.6,0,24.8
2023,8,19,5,30,0,2.9000000000000004,0,24.5
2023,8,19,6,30,23,3.7,0,25.6
2023,8,19,7,30,205,4.6000000000000005,0,28.400000000000002
2023,8,19,8,30,429,5,0,31.8
2023,8,19,9,30,638,5,0,34.6
2023,8,19,10,30,810,5.2,0,36.4
2023,8,19,11,30,926,5.300000000000001,0,37.7
2023,8,19,12,30,979,5.5,0,38.7
2023,8,19,13,30,970,5.7,0,39.300000000000004
2023,8,19,14,30,899,5.9,0,39.400000000000006
2023,8,19,15,30,770,6.1000000000000005,0,39.2
2023,8,19,16,30,587,6.1000000000000005,0,38.5
2023,8,19,17,30,371,5.9,0,37.2
2023,8,19,18,30,149,5,0,35.1
2023,8,19,19,30,4,4.2,0,33
2023,8,19,20,30,0,4.4,0,31.8
2023,8,19,21,30,0,4.7,0,30.900000000000002
2023,8,19,22,30,0,4.800000000000001,0,30.1
2023,8,19,23,30,0,4.7,0,29.3
2023,8,20,0,30,0,4.6000000000000005,0,28.700000000000003
2023,8,20,1,30,0,4.6000000000000005,0,28.1
2023,8,20,2,30,0,4.7,0,27.5
2023,8,20,3,30,0,4.4,0,26.8
2023,8,20,4,30,0,3.9000000000000004,0,26.1
2023,8,20,5,30,0,3.5,0,25.6
2023,8,20,6,30,19,3.7,0,26.3
2023,8,20,7,30,190,4.2,0,28.700000000000003
2023,8,20,8,30,409,4.5,0,31.5
2023,8,20,9,30,616,4.7,0,33.9
2023,8,20,10,30,788,5.300000000000001,0,35.800000000000004
2023,8,20,11,30,912,5.800000000000001,0,37.300000000000004
2023,8,20,12,30,974,6.2,0,38.400000000000006
2023,8,20,13,30,966,6.4,0,39.1
2023,8,20,14,30,891,6.6000000000000005,0,39.2
2023,8,20,15,30,753,6.5,0,38.900000000000006
2023,8,20,16,30,564,6.4,0,38
2023,8,20,17,30,346,5.9,0,36.6
2023,8,20,18,30,132,4.800000000000001,0,34.5
2023,8,20,19,30,2,3.7,0,32.5
2023,8,20,20,30,0,3.4000000000000004,0,31.200000000000003
2023,8,20,21,30,0,3.1,0,30.200000000000003
2023,8,20,22,30,0,2.6,0,29.200000000000003
2023,8,20,23,30,0,2.2,0,28.400000000000002
2023,8,21,0,30,0,1.7000000000000002,0,27.6
2023,8,21,1,30,0,1.4000000000000001,0,27
2023,8,21,2,30,0,1.1,0,26.5
2023,8,21,3,30,0,1,0,26.1
2023,8,21,4,30,0,0.8,0,25.8
2023,8,21,5,30,0,0.7000000000000001,0,25.900000000000002
2023,8,21,6,30,16,0.7000000000000001,0,27.1
2023,8,21,7,30,181,1,0,30.1
2023,8,21,8,30,394,1.5,0,33.4
2023,8,21,9,30,597,2.4000000000000004,0,35.6
2023,8,21,10,30,766,3.2,0,37.300000000000004
2023,8,21,11,30,849,3.7,0,38.7
2023,8,21,12,30,798,4.1000000000000005,3,39.7
2023,8,21,13,30,824,4.5,3,40.2
2023,8,21,14,30,625,4.800000000000001,8,40.300000000000004
2023,8,21,15,30,63,5.2,6,39.900000000000006
2023,8,21,16,30,323,5.5,7,39.2
2023,8,21,17,30,182,5.5,7,37.9
2023,8,21,18,30,99,4.7,7,36.1
2023,8,21,19,30,1,3.9000000000000004,8,34.4
2023,8,21,20,30,0,3.7,3,33.2
2023,8,21,21,30,0,3.7,3,32.2
2023,8,21,22,30,0,3.8000000000000003,8,31.3
2023,8,21,23,30,0,3.8000000000000003,7,30.400000000000002
2023,8,22,0,30,0,3.5,7,29.400000000000002
2023,8,22,1,30,0,3,7,28.3
2023,8,22,2,30,0,2.6,7,27.3
2023,8,22,3,30,0,2.4000000000000004,0,26.5
2023,8,22,4,30,0,2.1,0,25.900000000000002
2023,8,22,5,30,0,1.8,8,25.700000000000003
2023,8,22,6,30,10,2.2,8,26.5
2023,8,22,7,30,155,3.1,8,28.400000000000002
2023,8,22,8,30,291,3.5,8,30.400000000000002
2023,8,22,9,30,486,3.7,8,31.900000000000002
2023,8,22,10,30,538,3.8000000000000003,7,33
2023,8,22,11,30,639,3.8000000000000003,6,34
2023,8,22,12,30,592,3.7,7,34.6
2023,8,22,13,30,535,3.5,6,34.7
2023,8,22,14,30,365,3.5,6,34.4
2023,8,22,15,30,272,3.6,6,34.1
2023,8,22,16,30,180,3.7,6,33.6
2023,8,22,17,30,61,3.6,6,32.9
2023,8,22,18,30,33,3,6,31.8
2023,8,22,19,30,1,2.8000000000000003,6,30.700000000000003
2023,8,22,20,30,0,3.4000000000000004,7,29.700000000000003
2023,8,22,21,30,0,3.9000000000000004,6,28.5
2023,8,22,22,30,0,4,6,27.3
2023,8,22,23,30,0,3.7,6,26.200000000000003
2023,8,23,0,30,0,3.4000000000000004,7,25.400000000000002
2023,8,23,1,30,0,3.4000000000000004,6,24.8
2023,8,23,2,30,0,3.4000000000000004,6,24.400000000000002
2023,8,23,3,30,0,3.5,6,24.1
2023,8,23,4,30,0,3.7,6,24
2023,8,23,5,30,0,4,7,23.8
2023,8,23,6,30,16,4.7,0,24.200000000000003
2023,8,23,7,30,185,5.6000000000000005,0,25.3
2023,8,23,8,30,392,6.1000000000000005,0,27
2023,8,23,9,30,607,6.300000000000001,0,28.6
2023,8,23,10,30,570,6.4,0,30
2023,8,23,11,30,455,6.5,3,31.1
2023,8,23,12,30,725,6.5,3,31.900000000000002
2023,8,23,13,30,552,6.5,3,32
2023,8,23,14,30,712,6.4,3,31.5
2023,8,23,15,30,720,6.2,0,30.700000000000003
2023,8,23,16,30,455,5.9,3,29.8
2023,8,23,17,30,314,5.5,8,28.8
2023,8,23,18,30,103,4.9,8,27.8
2023,8,23,19,30,1,4.2,8,26.900000000000002
2023,8,23,20,30,0,3.8000000000000003,0,26.3
2023,8,23,21,30,0,3.5,7,25.8
2023,8,23,22,30,0,3.4000000000000004,8,25.3
2023,8,23,23,30,0,3.2,7,24.900000000000002
2023,8,24,0,30,0,3.1,7,24.6
2023,8,24,1,30,0,3,8,24.3
2023,8,24,2,30,0,2.9000000000000004,0,24
2023,8,24,3,30,0,2.7,0,23.8
2023,8,24,4,30,0,2.6,0,23.6
2023,8,24,5,30,0,2.5,0,23.400000000000002
2023,8,24,6,30,16,2.9000000000000004,0,24.1
2023,8,24,7,30,185,3.6,0,26.1
2023,8,24,8,30,403,4,0,28.5
2023,8,24,9,30,610,4.2,0,30.6
2023,8,24,10,30,781,4.3,0,32.5
2023,8,24,11,30,860,4.5,0,33.9
2023,8,24,12,30,934,4.7,0,34.9
2023,8,24,13,30,946,4.9,0,35.5
2023,8,24,14,30,872,5.1000000000000005,0,35.6
2023,8,24,15,30,739,5.1000000000000005,0,35.2
2023,8,24,16,30,557,5,0,34.5
2023,8,24,17,30,344,4.6000000000000005,0,33.1
2023,8,24,18,30,129,3.7,0,30.8
2023,8,24,19,30,0,3.1,0,28.700000000000003
2023,8,24,20,30,0,3.2,0,27.5
2023,8,24,21,30,0,3.2,0,26.5
2023,8,24,22,30,0,3.1,0,25.6
2023,8,24,23,30,0,2.8000000000000003,0,24.8
2023,8,25,0,30,0,2.5,0,24
2023,8,25,1,30,0,2.2,0,23.400000000000002
2023,8,25,2,30,0,1.9000000000000001,0,22.8
2023,8,25,3,30,0,1.6,0,22.200000000000003
2023,8,25,4,30,0,1.4000000000000001,0,21.700000000000003
2023,8,25,5,30,0,1.3,0,21.5
2023,8,25,6,30,17,1.8,0,22.900000000000002
2023,8,25,7,30,193,2.6,0,26.1
2023,8,25,8,30,416,3.3000000000000003,0,29.8
2023,8,25,9,30,624,4.1000000000000005,0,32.7
2023,8,25,10,30,796,4.6000000000000005,0,34.7
2023,8,25,11,30,913,5.1000000000000005,0,36.1
2023,8,25,12,30,968,5.5,0,37.1
2023,8,25,13,30,953,5.6000000000000005,0,37.6
2023,8,25,14,30,870,5.6000000000000005,0,37.6
2023,8,25,15,30,727,5.4,0,37.300000000000004
2023,8,25,16,30,534,5.2,0,36.4
2023,8,25,17,30,327,4.5,0,35
2023,8,25,18,30,117,3.3000000000000003,0,32.5
2023,8,25,19,30,0,2.8000000000000003,0,30.400000000000002
2023,8,25,20,30,0,2.9000000000000004,0,29.200000000000003
2023,8,25,21,30,0,3,8,28.1
2023,8,25,22,30,0,3.1,3,27.200000000000003
2023,8,25,23,30,0,2.9000000000000004,0,26.200000000000003
2023,8,26,0,30,0,2.6,0,25.400000000000002
2023,8,26,1,30,0,2.2,4,24.700000000000003
2023,8,26,2,30,0,1.7000000000000002,5,24.200000000000003
2023,8,26,3,30,0,1.3,4,23.700000000000003
2023,8,26,4,30,0,1,4,23.400000000000002
2023,8,26,5,30,0,0.9,8,23.400000000000002
2023,8,26,6,30,10,1.2000000000000002,8,24.700000000000003
2023,8,26,7,30,80,1.4000000000000001,3,27.700000000000003
2023,8,26,8,30,68,1.1,4,31.5
2023,8,26,9,30,111,1.6,4,34.4
2023,8,26,10,30,194,2.4000000000000004,5,36
2023,8,26,11,30,242,2.8000000000000003,5,37.1
2023,8,26,12,30,291,2.9000000000000004,5,37.7
2023,8,26,13,30,267,2.9000000000000004,5,37.7
2023,8,26,14,30,334,2.7,5,37.300000000000004
2023,8,26,15,30,696,2.4000000000000004,0,36.9
2023,8,26,16,30,492,2.1,0,36.300000000000004
2023,8,26,17,30,294,1.6,0,35.300000000000004
2023,8,26,18,30,99,1.1,8,33.4
2023,8,26,19,30,0,0.9,8,31.5
2023,8,26,20,30,0,1,8,30.400000000000002
2023,8,26,21,30,0,1.1,8,29.5
2023,8,26,22,30,0,1.2000000000000002,0,28.8
2023,8,26,23,30,0,1.2000000000000002,0,28.1
2023,8,27,0,30,0,1.2000000000000002,0,27.5
2023,8,27,1,30,0,1,7,27.1
2023,8,27,2,30,0,0.8,0,26.8
2023,8,27,3,30,0,0.8,0,26.400000000000002
2023,8,27,4,30,0,0.9,3,25.900000000000002
2023,8,27,5,30,0,1,0,25.6
2023,8,27,6,30,7,1.6,5,26.6
2023,8,27,7,30,143,2.3000000000000003,3,29.400000000000002
2023,8,27,8,30,183,2.5,3,32.300000000000004
2023,8,27,9,30,472,2.5,3,34.4
2023,8,27,10,30,244,2.4000000000000004,5,35.9
2023,8,27,11,30,430,2.4000000000000004,3,37
2023,8,27,12,30,682,2.4000000000000004,3,37.7
2023,8,27,13,30,707,2.5,3,37.9
2023,8,27,14,30,767,2.5,0,37.5
2023,8,27,15,30,524,2.5,7,36.800000000000004
2023,8,27,16,30,480,2.3000000000000003,0,36
2023,8,27,17,30,228,1.8,8,34.5
2023,8,27,18,30,77,1.2000000000000002,8,32.2
2023,8,27,19,30,0,1.1,0,30.400000000000002
2023,8,27,20,30,0,1.2000000000000002,8,29.5
2023,8,27,21,30,0,1.1,0,28.700000000000003
2023,8,27,22,30,0,0.9,0,27.900000000000002
2023,8,27,23,30,0,0.7000000000000001,5,27.3
2023,8,28,0,30,0,0.6000000000000001,8,26.700000000000003
2023,8,28,1,30,0,0.6000000000000001,7,26
2023,8,28,2,30,0,0.7000000000000001,0,25.400000000000002
2023,8,28,3,30,0,1,8,24.900000000000002
2023,8,28,4,30,0,1.3,4,24.400000000000002
2023,8,28,5,30,0,1.7000000000000002,4,24.1
2023,8,28,6,30,10,2.6,3,25
2023,8,28,7,30,89,3.4000000000000004,5,27.3
2023,8,28,8,30,316,3.5,3,29.900000000000002
2023,8,28,9,30,497,3.3000000000000003,3,32
2023,8,28,10,30,759,2.9000000000000004,0,33.6
2023,8,28,11,30,670,2.5,3,34.800000000000004
2023,8,28,12,30,707,2.3000000000000003,3,35.4
2023,8,28,13,30,915,2.2,0,35.300000000000004
2023,8,28,14,30,839,2.4000000000000004,0,34.6
2023,8,28,15,30,403,2.5,3,33.9
2023,8,28,16,30,263,2.6,8,33.2
2023,8,28,17,30,187,2.3000000000000003,8,32
2023,8,28,18,30,46,1.6,3,30
2023,8,28,19,30,0,1.2000000000000002,3,28.3
2023,8,28,20,30,0,1.2000000000000002,0,27.5
2023,8,28,21,30,0,1.1,0,26.8
2023,8,28,22,30,0,1,0,26.200000000000003
2023,8,28,23,30,0,1,0,25.6
2023,8,29,0,30,0,1,0,24.900000000000002
2023,8,29,1,30,0,1.1,0,24.1
2023,8,29,2,30,0,1.1,0,23.3
2023,8,29,3,30,0,1,0,22.400000000000002
2023,8,29,4,30,0,0.9,0,21.700000000000003
2023,8,29,5,30,0,0.8,0,21.3
2023,8,29,6,30,13,0.9,0,22.200000000000003
2023,8,29,7,30,187,1.1,0,24.900000000000002
2023,8,29,8,30,411,1.7000000000000002,0,28.700000000000003
2023,8,29,9,30,621,2.7,0,31.700000000000003
2023,8,29,10,30,795,3.4000000000000004,0,33.4
2023,8,29,11,30,912,3.7,0,34.7
2023,8,29,12,30,965,3.8000000000000003,0,35.7
2023,8,29,13,30,952,3.8000000000000003,0,36.300000000000004
2023,8,29,14,30,871,3.8000000000000003,0,36.5
2023,8,29,15,30,731,3.8000000000000003,0,36.2
2023,8,29,16,30,543,3.6,0,35.5
2023,8,29,17,30,327,2.7,0,33.6
2023,8,29,18,30,111,1.6,0,30.400000000000002
2023,8,29,19,30,0,1.4000000000000001,0,27.8
2023,8,29,20,30,0,1.5,0,26.700000000000003
2023,8,29,21,30,0,1.5,0,25.700000000000003
2023,8,29,22,30,0,1.5,0,24.700000000000003
2023,8,29,23,30,0,1.5,3,23.8
2023,8,30,0,30,0,1.4000000000000001,3,23
2023,8,30,1,30,0,1.4000000000000001,0,22.200000000000003
2023,8,30,2,30,0,1.3,3,21.6
2023,8,30,3,30,0,1.2000000000000002,0,21
2023,8,30,4,30,0,1.1,0,20.5
2023,8,30,5,30,0,1.1,3,20.200000000000003
2023,8,30,6,30,5,1.6,3,21.200000000000003
2023,8,30,7,30,27,2,4,23.8
2023,8,30,8,30,178,2.2,5,27.400000000000002
2023,8,30,9,30,411,2.2,3,30.5
2023,8,30,10,30,722,1.9000000000000001,0,32.300000000000004
2023,8,30,11,30,894,1.8,0,33.7
2023,8,30,12,30,889,1.8,0,34.7
2023,8,30,13,30,739,1.9000000000000001,3,35.2
2023,8,30,14,30,656,2,3,35.300000000000004
2023,8,30,15,30,721,2,0,35.2
2023,8,30,16,30,495,1.9000000000000001,0,34.5
2023,8,30,17,30,318,1.4000000000000001,0,33.2
2023,8,30,18,30,106,0.9,0,31
2023,8,30,19,30,0,0.9,0,29.200000000000003
2023,8,30,20,30,0,1,0,28.1
2023,8,30,21,30,0,1.1,0,26.900000000000002
2023,8,30,22,30,0,1.1,0,25.900000000000002
2023,8,30,23,30,0,1.1,0,25
2023,8,31,0,30,0,1.1,0,24.200000000000003
2023,8,31,1,30,0,1.1,0,23.5
2023,8,31,2,30,0,1.1,0,22.900000000000002
2023,8,31,3,30,0,1.1,0,22.400000000000002
2023,8,31,4,30,0,1.1,0,22.1
2023,8,31,5,30,0,1,0,21.900000000000002
2023,8,31,6,30,12,1.2000000000000002,0,23.3
2023,8,31,7,30,184,1.5,0,26.5
2023,8,31,8,30,409,1.4000000000000001,0,30.400000000000002
2023,8,31,9,30,623,1.3,0,33.6
2023,8,31,10,30,798,1.6,0,35.2
2023,8,31,11,30,917,1.9000000000000001,0,36.4
2023,8,31,12,30,972,2.2,0,37.300000000000004
2023,8,31,13,30,959,2.5,0,37.9
2023,8,31,14,30,877,2.8000000000000003,0,38
2023,8,31,15,30,735,3,0,37.800000000000004
2023,8,31,16,30,544,3.2,0,37
2023,8,31,17,30,323,2.7,0,35.300000000000004
2023,8,31,18,30,105,1.9000000000000001,0,32.1
2023,8,31,19,30,0,1.7000000000000002,0,29.5
2023,8,31,20,30,0,1.8,0,28.5
2023,8,31,21,30,0,1.9000000000000001,0,27.6
2023,8,31,22,30,0,1.9000000000000001,0,26.700000000000003
2023,8,31,23,30,0,1.9000000000000001,0,25.900000000000002
2023,9,1,0,30,0,1.9000000000000001,0,25.200000000000003
2023,9,1,1,30,0,1.9000000000000001,0,24.6
2023,9,1,2,30,0,2,0,24
2023,9,1,3,30,0,1.9000000000000001,0,23.400000000000002
2023,9,1,4,30,0,1.8,0,22.8
2023,9,1,5,30,0,1.8,0,22.5
2023,9,1,6,30,11,2.6,0,23.6
2023,9,1,7,30,178,3.6,0,26.700000000000003
2023,9,1,8,30,402,4.2,0,30.6
2023,9,1,9,30,615,4.3,0,33.7
2023,9,1,10,30,791,4.1000000000000005,0,35.5
2023,9,1,11,30,912,4,0,36.9
2023,9,1,12,30,969,4.1000000000000005,0,37.800000000000004
2023,9,1,13,30,956,4.3,0,38.300000000000004
2023,9,1,14,30,874,4.4,0,38.2
2023,9,1,15,30,730,4.5,0,37.800000000000004
2023,9,1,16,30,538,4.4,0,36.800000000000004
2023,9,1,17,30,316,3.8000000000000003,0,35.1
2023,9,1,18,30,100,2.8000000000000003,0,32.1
2023,9,1,19,30,0,2.5,0,29.700000000000003
2023,9,1,20,30,0,2.8000000000000003,0,28.700000000000003
2023,9,1,21,30,0,3.2,0,28
2023,9,1,22,30,0,3.6,0,27.3
2023,9,1,23,30,0,3.8000000000000003,0,26.6
2023,9,2,0,30,0,3.8000000000000003,0,26
2023,9,2,1,30,0,3.6,0,25.3
2023,9,2,2,30,0,3.2,0,24.700000000000003
2023,9,2,3,30,0,2.6,0,24
2023,9,2,4,30,0,2.1,0,23.200000000000003
2023,9,2,5,30,0,1.9000000000000001,0,22.6
2023,9,2,6,30,10,2.5,0,23.6
2023,9,2,7,30,173,3.1,0,26.6
2023,9,2,8,30,396,3.2,0,30.5
2023,9,2,9,30,609,3.3000000000000003,0,33.7
2023,9,2,10,30,784,3.2,0,35.5
2023,9,2,11,30,905,3.2,0,36.7
2023,9,2,12,30,961,3.2,0,37.5
2023,9,2,13,30,948,3.3000000000000003,0,38
2023,9,2,14,30,864,3.4000000000000004,0,38
2023,9,2,15,30,721,3.4000000000000004,0,37.6
2023,9,2,16,30,530,3.5,0,36.800000000000004
2023,9,2,17,30,310,3.1,0,35.1
2023,9,2,18,30,96,2.5,0,32.2
2023,9,2,19,30,0,2.6,0,29.900000000000002
2023,9,2,20,30,0,3.2,0,28.900000000000002
2023,9,2,21,30,0,3.6,0,28
2023,9,2,22,30,0,3.8000000000000003,0,27.1
2023,9,2,23,30,0,3.8000000000000003,0,26.3
2023,9,3,0,30,0,3.8000000000000003,0,25.6
2023,9,3,1,30,0,3.7,0,24.900000000000002
2023,9,3,2,30,0,3.5,0,24.400000000000002
2023,9,3,3,30,0,3.3000000000000003,0,23.8
2023,9,3,4,30,0,3.1,0,23.3
2023,9,3,5,30,0,2.9000000000000004,0,22.900000000000002
2023,9,3,6,30,10,3.4000000000000004,0,23.8
2023,9,3,7,30,174,3.9000000000000004,0,26.700000000000003
2023,9,3,8,30,398,3.9000000000000004,0,30.900000000000002
2023,9,3,9,30,611,3.8000000000000003,0,34.300000000000004
2023,9,3,10,30,787,3.6,0,36.2
2023,9,3,11,30,907,3.6,0,37.4
2023,9,3,12,30,962,3.9000000000000004,0,38.2
2023,9,3,13,30,948,4.2,0,38.6
2023,9,3,14,30,865,4.5,0,38.5
2023,9,3,15,30,722,4.6000000000000005,0,38
2023,9,3,16,30,529,4.5,0,37
2023,9,3,17,30,307,4,0,35.300000000000004
2023,9,3,18,30,93,3.1,0,32.5
2023,9,3,19,30,0,3.1,0,30.200000000000003
2023,9,3,20,30,0,3.7,0,29.200000000000003
2023,9,3,21,30,0,4.2,0,28.200000000000003
2023,9,3,22,30,0,4.5,0,27.200000000000003
2023,9,3,23,30,0,4.800000000000001,0,26.3
2023,9,4,0,30,0,4.800000000000001,0,25.5
2023,9,4,1,30,0,4.7,0,24.8
2023,9,4,2,30,0,4.6000000000000005,0,24.200000000000003
2023,9,4,3,30,0,4.5,0,23.700000000000003
2023,9,4,4,30,0,4.5,0,23.1
2023,9,4,5,30,0,4.5,0,22.6
2023,9,4,6,30,10,4.7,0,23.1
2023,9,4,7,30,173,5.2,0,25.5
2023,9,4,8,30,397,5.6000000000000005,0,29.5
2023,9,4,9,30,609,5.4,0,33.1
2023,9,4,10,30,783,5,0,35.9
2023,9,4,11,30,904,4.5,0,37.9
2023,9,4,12,30,958,4.2,0,39.400000000000006
2023,9,4,13,30,942,4,0,40.2
2023,9,4,14,30,858,3.9000000000000004,0,40.5
2023,9,4,15,30,714,4,0,40.300000000000004
2023,9,4,16,30,522,4.1000000000000005,0,39.6
2023,9,4,17,30,301,4.2,0,37.7
2023,9,4,18,30,88,4.4,0,34.800000000000004
2023,9,4,19,30,0,5,0,32.4
2023,9,4,20,30,0,5.4,0,31.1
2023,9,4,21,30,0,5.4,0,30
2023,9,4,22,30,0,5.300000000000001,0,29
2023,9,4,23,30,0,5.2,0,28.3
2023,9,5,0,30,0,5.1000000000000005,0,27.700000000000003
2023,9,5,1,30,0,5,0,27.200000000000003
2023,9,5,2,30,0,4.9,0,26.6
2023,9,5,3,30,0,4.800000000000001,0,26
2023,9,5,4,30,0,4.5,0,25.400000000000002
2023,9,5,5,30,0,4.1000000000000005,0,24.900000000000002
2023,9,5,6,30,7,3.9000000000000004,0,25.1
2023,9,5,7,30,90,4.1000000000000005,3,27.3
2023,9,5,8,30,373,4,0,30.900000000000002
2023,9,5,9,30,604,3.6,0,34.7
2023,9,5,10,30,779,3,0,37.800000000000004
2023,9,5,11,30,899,2.4000000000000004,0,40
2023,9,5,12,30,952,2.1,0,41.5
2023,9,5,13,30,938,2,0,42.2
2023,9,5,14,30,856,2,0,42.400000000000006
2023,9,5,15,30,712,2.1,0,42.1
2023,9,5,16,30,518,2.4000000000000004,0,41.1
2023,9,5,17,30,297,2.7,0,39.2
2023,9,5,18,30,72,3.2,8,36
2023,9,5,19,30,0,4,0,33.4
2023,9,5,20,30,0,4.6000000000000005,0,31.900000000000002
2023,9,5,21,30,0,4.6000000000000005,0,30.700000000000003
2023,9,5,22,30,0,4.4,0,29.700000000000003
2023,9,5,23,30,0,4.3,0,28.8
2023,9,6,0,30,0,4.2,0,27.900000000000002
2023,9,6,1,30,0,4.1000000000000005,0,27
2023,9,6,2,30,0,4,0,26.3
2023,9,6,3,30,0,3.8000000000000003,0,25.5
2023,9,6,4,30,0,3.6,0,24.8
2023,9,6,5,30,0,3.4000000000000004,0,24.200000000000003
2023,9,6,6,30,8,3.8000000000000003,0,24.6
2023,9,6,7,30,169,4.4,0,26.900000000000002
2023,9,6,8,30,391,4.7,0,30.1
2023,9,6,9,30,601,4.800000000000001,0,33.1
2023,9,6,10,30,773,4.800000000000001,0,35.6
2023,9,6,11,30,891,4.800000000000001,0,37.4
2023,9,6,12,30,945,4.800000000000001,0,38.6
2023,9,6,13,30,928,4.9,0,39.300000000000004
2023,9,6,14,30,844,4.9,0,39.400000000000006
2023,9,6,15,30,699,4.7,0,39.2
2023,9,6,16,30,510,4.5,0,38.400000000000006
2023,9,6,17,30,290,4.1000000000000005,0,36.9
2023,9,6,18,30,68,3.1,3,34.4
2023,9,6,19,30,0,2.8000000000000003,0,32.4
2023,9,6,20,30,0,3.3000000000000003,0,31.400000000000002
2023,9,6,21,30,0,3.7,0,30.3
2023,9,6,22,30,0,3.9000000000000004,0,29.3
2023,9,6,23,30,0,4,0,28.400000000000002
2023,9,7,0,30,0,3.9000000000000004,0,27.6
2023,9,7,1,30,0,3.7,0,26.8
2023,9,7,2,30,0,3.4000000000000004,0,26.1
2023,9,7,3,30,0,2.9000000000000004,0,25.5
2023,9,7,4,30,0,2.4000000000000004,0,24.8
2023,9,7,5,30,0,2.1,0,24.200000000000003
2023,9,7,6,30,7,2.4000000000000004,0,24.900000000000002
2023,9,7,7,30,169,3.2,0,27.8
2023,9,7,8,30,392,3.8000000000000003,0,31.6
2023,9,7,9,30,603,4.2,0,34.6
2023,9,7,10,30,776,4.4,0,36.5
2023,9,7,11,30,892,4.5,0,38
2023,9,7,12,30,943,4.6000000000000005,0,38.900000000000006
2023,9,7,13,30,926,4.4,0,39.400000000000006
2023,9,7,14,30,842,4.2,0,39.5
2023,9,7,15,30,698,4.1000000000000005,0,39.2
2023,9,7,16,30,506,4,0,38.300000000000004
2023,9,7,17,30,287,3.7,0,36.7
2023,9,7,18,30,78,3.2,0,34.1
2023,9,7,19,30,0,3.3000000000000003,0,32.1
2023,9,7,20,30,0,3.8000000000000003,0,31
2023,9,7,21,30,0,3.9000000000000004,0,30
2023,9,7,22,30,0,3.9000000000000004,0,29.200000000000003
2023,9,7,23,30,0,3.8000000000000003,0,28.400000000000002
2023,9,8,0,30,0,3.7,0,27.8
2023,9,8,1,30,0,3.5,0,27.1
2023,9,8,2,30,0,3.3000000000000003,0,26.6
2023,9,8,3,30,0,3,0,25.900000000000002
2023,9,8,4,30,0,2.7,0,25.3
2023,9,8,5,30,0,2.5,0,24.8
2023,9,8,6,30,7,3,0,25.6
2023,9,8,7,30,168,3.8000000000000003,0,28.5
2023,9,8,8,30,390,4.3,0,32.300000000000004
2023,9,8,9,30,602,4.6000000000000005,0,35.300000000000004
2023,9,8,10,30,776,4.4,0,37.300000000000004
2023,9,8,11,30,894,4.1000000000000005,0,38.800000000000004
2023,9,8,12,30,947,3.9000000000000004,0,39.900000000000006
2023,9,8,13,30,931,3.9000000000000004,0,40.6
2023,9,8,14,30,849,4,0,40.7
2023,9,8,15,30,705,4.1000000000000005,0,40.400000000000006
2023,9,8,16,30,513,4.2,0,39.400000000000006
2023,9,8,17,30,292,4,0,37.4
2023,9,8,18,30,78,3.4000000000000004,0,34.300000000000004
2023,9,8,19,30,0,3.6,0,32
2023,9,8,20,30,0,4,0,30.8
2023,9,8,21,30,0,4,0,29.700000000000003
2023,9,8,22,30,0,3.9000000000000004,0,28.700000000000003
2023,9,8,23,30,0,3.6,0,27.700000000000003
2023,9,9,0,30,0,3.3000000000000003,0,26.8
2023,9,9,1,30,0,3,0,25.900000000000002
2023,9,9,2,30,0,2.6,0,25.1
2023,9,9,3,30,0,2.1,0,24.3
2023,9,9,4,30,0,1.7000000000000002,0,23.700000000000003
2023,9,9,5,30,0,1.4000000000000001,0,23.200000000000003
2023,9,9,6,30,6,1.9000000000000001,0,24.1
2023,9,9,7,30,165,2.6,0,26.900000000000002
2023,9,9,8,30,386,3.2,0,31
2023,9,9,9,30,595,3.6,0,34.5
2023,9,9,10,30,761,3.4000000000000004,0,36.800000000000004
2023,9,9,11,30,875,3.5,0,38.400000000000006
2023,9,9,12,30,932,3.6,0,39.6
2023,9,9,13,30,914,3.7,0,40.1
2023,9,9,14,30,823,3.7,0,40.1
2023,9,9,15,30,677,3.6,0,39.7
2023,9,9,16,30,375,3.6,8,38.900000000000006
2023,9,9,17,30,248,3.1,0,37.2
2023,9,9,18,30,70,2.5,0,34.5
2023,9,9,19,30,0,2.9000000000000004,0,32.5
2023,9,9,20,30,0,3.8000000000000003,0,31.5
2023,9,9,21,30,0,4.1000000000000005,0,30.400000000000002
2023,9,9,22,30,0,4,0,29.200000000000003
2023,9,9,23,30,0,3.6,0,28.1
2023,9,10,0,30,0,3.1,0,27
2023,9,10,1,30,0,2.7,3,26.1
2023,9,10,2,30,0,2.3000000000000003,0,25.200000000000003
2023,9,10,3,30,0,1.8,0,24.5
2023,9,10,4,30,0,1.4000000000000001,0,23.700000000000003
2023,9,10,5,30,0,1.3,0,23.200000000000003
2023,9,10,6,30,6,2,0,24
2023,9,10,7,30,90,3.1,3,26.700000000000003
2023,9,10,8,30,203,3.9000000000000004,5,30.200000000000003
2023,9,10,9,30,288,4.4,8,33.1
2023,9,10,10,30,612,4.7,3,35.300000000000004
2023,9,10,11,30,480,4.9,8,37.1
2023,9,10,12,30,852,4.800000000000001,0,38.400000000000006
2023,9,10,13,30,898,4.6000000000000005,0,39.2
2023,9,10,14,30,815,4.3,0,39.400000000000006
2023,9,10,15,30,567,4.2,2,39.1
2023,9,10,16,30,475,4.4,0,38.2
2023,9,10,17,30,202,4.4,8,36.5
2023,9,10,18,30,50,4.4,8,34.2
2023,9,10,19,30,0,4.7,0,32.300000000000004
2023,9,10,20,30,0,5,0,31
2023,9,10,21,30,0,5,0,29.700000000000003
2023,9,10,22,30,0,4.800000000000001,8,28.700000000000003
2023,9,10,23,30,0,4.5,0,27.8
2023,9,11,0,30,0,4.3,0,27
2023,9,11,1,30,0,4.1000000000000005,0,26.200000000000003
2023,9,11,2,30,0,4,0,25.6
2023,9,11,3,30,0,3.7,5,25.1
2023,9,11,4,30,0,3.6,8,24.6
2023,9,11,5,30,0,3.6,5,24.200000000000003
2023,9,11,6,30,2,4,5,24.400000000000002
2023,9,11,7,30,20,4.800000000000001,5,26.1
2023,9,11,8,30,159,5.5,8,28.6
2023,9,11,9,30,146,5.6000000000000005,4,30.700000000000003
2023,9,11,10,30,479,5.5,5,32.4
2023,9,11,11,30,721,5.2,0,33.6
2023,9,11,12,30,723,4.9,7,34.7
2023,9,11,13,30,848,4.4,0,35.4
2023,9,11,14,30,587,4.1000000000000005,8,35.800000000000004
2023,9,11,15,30,197,4.3,5,35.9
2023,9,11,16,30,416,4.6000000000000005,8,35.300000000000004
2023,9,11,17,30,249,4.6000000000000005,0,33.4
2023,9,11,18,30,62,4.5,0,30.700000000000003
2023,9,11,19,30,0,4.5,0,28.8
2023,9,11,20,30,0,4,7,27.6
2023,9,11,21,30,0,3.3000000000000003,7,26.5
2023,9,11,22,30,0,2.8000000000000003,6,25.6
2023,9,11,23,30,0,2.5,6,24.5
2023,9,12,0,30,0,3.3000000000000003,6,23.6
2023,9,12,1,30,0,4.4,6,22.700000000000003
2023,9,12,2,30,0,4.7,6,22
2023,9,12,3,30,0,4.4,6,21.5
2023,9,12,4,30,0,4,7,21.200000000000003
2023,9,12,5,30,0,3.9000000000000004,7,20.900000000000002
2023,9,12,6,30,2,4,8,20.900000000000002
2023,9,12,7,30,80,4.1000000000000005,8,21.8
2023,9,12,8,30,64,3.8000000000000003,5,23.5
2023,9,12,9,30,116,3.4000000000000004,4,25.6
2023,9,12,10,30,168,3,5,27.400000000000002
2023,9,12,11,30,400,2.4000000000000004,5,28.900000000000002
2023,9,12,12,30,114,1.9000000000000001,4,29.700000000000003
2023,9,12,13,30,336,1.4000000000000001,8,29.700000000000003
2023,9,12,14,30,201,1.1,5,29
2023,9,12,15,30,145,1,5,27.900000000000002
2023,9,12,16,30,74,1.5,4,26.700000000000003
2023,9,12,17,30,45,2.1,5,25.5
2023,9,12,18,30,12,2.4000000000000004,4,24.1
2023,9,12,19,30,0,2.7,4,23
2023,9,12,20,30,0,2.9000000000000004,4,22.1
2023,9,12,21,30,0,2.8000000000000003,8,21.400000000000002
2023,9,12,22,30,0,2.6,5,20.900000000000002
2023,9,12,23,30,0,2.4000000000000004,3,20.400000000000002
2023,9,13,0,30,0,2.2,3,20.1
2023,9,13,1,30,0,1.9000000000000001,4,19.900000000000002
2023,9,13,2,30,0,1.5,4,19.8
2023,9,13,3,30,0,1.1,8,19.8
2023,9,13,4,30,0,1,8,19.900000000000002
2023,9,13,5,30,0,1.2000000000000002,3,20
2023,9,13,6,30,2,1.7000000000000002,7,20.3
2023,9,13,7,30,93,2.3000000000000003,7,21.400000000000002
2023,9,13,8,30,317,2.9000000000000004,0,23.3
2023,9,13,9,30,463,3.3000000000000003,0,25.400000000000002
2023,9,13,10,30,535,3.4000000000000004,3,27.700000000000003
2023,9,13,11,30,769,3.2,0,29.6
2023,9,13,12,30,730,3,3,31
2023,9,13,13,30,751,2.8000000000000003,3,31.700000000000003
2023,9,13,14,30,790,2.7,0,32
2023,9,13,15,30,643,2.5,0,32
2023,9,13,16,30,222,2.3000000000000003,7,31.5
2023,9,13,17,30,199,1.8,8,30.200000000000003
2023,9,13,18,30,51,1.8,0,28
2023,9,13,19,30,0,2.6,0,26.5
2023,9,13,20,30,0,3.4000000000000004,3,25.6
2023,9,13,21,30,0,3.7,0,24.700000000000003
2023,9,13,22,30,0,3.5,0,23.900000000000002
2023,9,13,23,30,0,3.2,0,23.200000000000003
2023,9,14,0,30,0,2.9000000000000004,0,22.5
2023,9,14,1,30,0,2.7,0,22
2023,9,14,2,30,0,2.5,0,21.6
2023,9,14,3,30,0,2.3000000000000003,0,21.200000000000003
2023,9,14,4,30,0,2,0,20.8
2023,9,14,5,30,0,1.8,0,20.6
2023,9,14,6,30,4,2.1,0,21.1
2023,9,14,7,30,150,2.7,0,23.200000000000003
2023,9,14,8,30,370,3.2,0,26.6
2023,9,14,9,30,579,3.7,0,29.900000000000002
2023,9,14,10,30,751,3.7,0,32
2023,9,14,11,30,869,3.6,0,33.4
2023,9,14,12,30,920,3.3000000000000003,0,34.5
2023,9,14,13,30,903,2.9000000000000004,0,35.1
2023,9,14,14,30,817,2.5,0,35.2
2023,9,14,15,30,669,2.2,0,34.800000000000004
2023,9,14,16,30,475,2.2,0,34
2023,9,14,17,30,254,2,0,32.1
2023,9,14,18,30,53,1.9000000000000001,0,29.5
2023,9,14,19,30,0,2.7,0,27.900000000000002
2023,9,14,20,30,0,3.5,5,27
2023,9,14,21,30,0,3.7,0,26
2023,9,14,22,30,0,3.6,4,25.1
2023,9,14,23,30,0,3.5,4,24.3
2023,9,15,0,30,0,3.4000000000000004,3,23.700000000000003
2023,9,15,1,30,0,3.4000000000000004,4,23.1
2023,9,15,2,30,0,3.2,7,22.5
2023,9,15,3,30,0,2.7,0,21.900000000000002
2023,9,15,4,30,0,1.9000000000000001,0,21.400000000000002
2023,9,15,5,30,0,1.2000000000000002,0,20.900000000000002
2023,9,15,6,30,3,1.3,0,21.200000000000003
2023,9,15,7,30,140,1.4000000000000001,0,22.700000000000003
2023,9,15,8,30,290,0.9,3,24.8
2023,9,15,9,30,472,0.5,3,27.8
2023,9,15,10,30,721,0.6000000000000001,0,30.8
2023,9,15,11,30,812,1,0,32.5
2023,9,15,12,30,632,1.4000000000000001,3,33.5
2023,9,15,13,30,847,1.7000000000000002,0,34
2023,9,15,14,30,390,2,6,34.2
2023,9,15,15,30,517,2.4000000000000004,7,33.9
2023,9,15,16,30,69,2.9000000000000004,6,33
2023,9,15,17,30,220,3.2,8,31.3
2023,9,15,18,30,36,3.4000000000000004,3,28.900000000000002
2023,9,15,19,30,0,3.9000000000000004,0,27
2023,9,15,20,30,0,4.1000000000000005,0,25.900000000000002
2023,9,15,21,30,0,3.6,7,24.900000000000002
2023,9,15,22,30,0,3.3000000000000003,4,24.200000000000003
2023,9,15,23,30,0,3.1,5,23.6
2023,9,16,0,30,0,3.2,3,23.200000000000003
2023,9,16,1,30,0,3.4000000000000004,3,22.8
2023,9,16,2,30,0,3.4000000000000004,0,22.5
2023,9,16,3,30,0,3,0,22.1
2023,9,16,4,30,0,2.1,0,21.6
2023,9,16,5,30,0,1.3,3,21.1
2023,9,16,6,30,1,1,4,21.400000000000002
2023,9,16,7,30,126,1.7000000000000002,0,22.8
2023,9,16,8,30,362,2.4000000000000004,0,25
2023,9,16,9,30,478,2.5,0,27.200000000000003
2023,9,16,10,30,271,2.3000000000000003,6,29.200000000000003
2023,9,16,11,30,404,2.3000000000000003,6,30.900000000000002
2023,9,16,12,30,554,2.6,7,32.1
2023,9,16,13,30,695,3,8,32.7
2023,9,16,14,30,744,3.3000000000000003,0,32.800000000000004
2023,9,16,15,30,665,3.4000000000000004,0,32.300000000000004
2023,9,16,16,30,471,3.4000000000000004,0,31.3
2023,9,16,17,30,251,2.6,0,29.3
2023,9,16,18,30,49,1.7000000000000002,0,26.6
2023,9,16,19,30,0,1.8,0,24.8
2023,9,16,20,30,0,2.1,0,23.900000000000002
2023,9,16,21,30,0,2.3000000000000003,8,23
2023,9,16,22,30,0,2.3000000000000003,0,22.1
2023,9,16,23,30,0,2.3000000000000003,0,21.3
2023,9,17,0,30,0,2.1,0,20.700000000000003
2023,9,17,1,30,0,1.8,0,20.200000000000003
2023,9,17,2,30,0,1.3,0,19.900000000000002
2023,9,17,3,30,0,0.9,0,19.700000000000003
2023,9,17,4,30,0,0.7000000000000001,0,19.5
2023,9,17,5,30,0,0.7000000000000001,3,19.400000000000002
2023,9,17,6,30,2,1.1,0,19.900000000000002
2023,9,17,7,30,99,1.3,3,22.200000000000003
2023,9,17,8,30,362,1.3,0,25.200000000000003
2023,9,17,9,30,573,1.5,0,27.5
2023,9,17,10,30,745,1.7000000000000002,0,29.1
2023,9,17,11,30,859,1.7000000000000002,0,30.5
2023,9,17,12,30,874,1.7000000000000002,0,31.6
2023,9,17,13,30,891,1.7000000000000002,0,32.300000000000004
2023,9,17,14,30,793,1.7000000000000002,0,32.6
2023,9,17,15,30,653,1.8,0,32.4
2023,9,17,16,30,451,1.9000000000000001,0,31.5
2023,9,17,17,30,229,1.6,0,29.8
2023,9,17,18,30,33,1.6,7,27.8
2023,9,17,19,30,0,2.3000000000000003,8,26.6
2023,9,17,20,30,0,3,0,25.700000000000003
2023,9,17,21,30,0,3.3000000000000003,0,24.900000000000002
2023,9,17,22,30,0,3.1,0,24.1
2023,9,17,23,30,0,2.9000000000000004,0,23.3
2023,9,18,0,30,0,2.6,0,22.6
2023,9,18,1,30,0,2.4000000000000004,0,22
2023,9,18,2,30,0,2.2,0,21.5
2023,9,18,3,30,0,2.1,0,21.1
2023,9,18,4,30,0,1.9000000000000001,0,20.6
2023,9,18,5,30,0,1.8,0,20.3
2023,9,18,6,30,2,2.4000000000000004,0,20.900000000000002
2023,9,18,7,30,142,3.1,0,23.3
2023,9,18,8,30,359,3.6,0,26.900000000000002
2023,9,18,9,30,565,3.7,0,29.900000000000002
2023,9,18,10,30,733,3.3000000000000003,0,31.700000000000003
2023,9,18,11,30,846,3.1,0,33
2023,9,18,12,30,893,2.9000000000000004,0,33.9
2023,9,18,13,30,870,2.8000000000000003,0,34.2
2023,9,18,14,30,780,2.7,0,34.1
2023,9,18,15,30,633,2.7,0,33.800000000000004
2023,9,18,16,30,442,2.7,0,33.2
2023,9,18,17,30,228,2.2,0,31.400000000000002
2023,9,18,18,30,38,2,0,28.900000000000002
2023,9,18,19,30,0,2.7,0,27.400000000000002
2023,9,18,20,30,0,3.6,0,26.700000000000003
2023,9,18,21,30,0,4.1000000000000005,0,25.900000000000002
2023,9,18,22,30,0,4.3,0,25.1
2023,9,18,23,30,0,4.3,0,24.3
2023,9,19,0,30,0,4.3,0,23.700000000000003
2023,9,19,1,30,0,4.3,0,23.200000000000003
2023,9,19,2,30,0,4.3,0,22.8
2023,9,19,3,30,0,4.1000000000000005,0,22.400000000000002
2023,9,19,4,30,0,3.9000000000000004,0,22
2023,9,19,5,30,0,3.6,0,21.6
2023,9,19,6,30,2,3.9000000000000004,0,22
2023,9,19,7,30,145,4.4,0,24.200000000000003
2023,9,19,8,30,366,4.6000000000000005,0,27.700000000000003
2023,9,19,9,30,575,4.4,0,31.400000000000002
2023,9,19,10,30,744,3.8000000000000003,0,34.300000000000004
2023,9,19,11,30,858,3,0,36.300000000000004
2023,9,19,12,30,905,2.4000000000000004,0,37.6
2023,9,19,13,30,884,2,0,38.300000000000004
2023,9,19,14,30,794,1.9000000000000001,0,38.5
2023,9,19,15,30,644,2,0,38.1
2023,9,19,16,30,408,2.2,0,37
2023,9,19,17,30,229,2,0,34.4
2023,9,19,18,30,36,2.4000000000000004,0,31.400000000000002
2023,9,19,19,30,0,3.6,0,29.700000000000003
2023,9,19,20,30,0,4.5,0,28.5
2023,9,19,21,30,0,4.7,0,27.200000000000003
2023,9,19,22,30,0,4.7,0,26.1
2023,9,19,23,30,0,4.7,0,25.200000000000003
2023,9,20,0,30,0,4.4,0,24.400000000000002
2023,9,20,1,30,0,3.9000000000000004,0,23.8
2023,9,20,2,30,0,3.5,0,23.200000000000003
2023,9,20,3,30,0,3.1,0,22.6
2023,9,20,4,30,0,2.8000000000000003,0,21.900000000000002
2023,9,20,5,30,0,2.5,0,21.3
2023,9,20,6,30,2,2.7,0,21.8
2023,9,20,7,30,148,3.2,0,24.1
2023,9,20,8,30,372,3.1,0,27.700000000000003
2023,9,20,9,30,585,2.5,0,31.6
2023,9,20,10,30,757,1.7000000000000002,0,34.800000000000004
2023,9,20,11,30,872,1.3,0,36.800000000000004
2023,9,20,12,30,918,1.3,0,38
2023,9,20,13,30,895,1.5,0,38.6
2023,9,20,14,30,804,1.8,0,38.800000000000004
2023,9,20,15,30,652,2,0,38.5
2023,9,20,16,30,453,2.1,0,37.6
2023,9,20,17,30,231,1.7000000000000002,0,34.9
2023,9,20,18,30,35,1.8,0,31.5
2023,9,20,19,30,0,3.1,0,29.900000000000002
2023,9,20,20,30,0,4.6000000000000005,0,29.200000000000003
2023,9,20,21,30,0,5.6000000000000005,0,28.200000000000003
2023,9,20,22,30,0,5.7,0,27.3
2023,9,20,23,30,0,5.300000000000001,3,26.400000000000002
2023,9,21,0,30,0,5,8,25.6
2023,9,21,1,30,0,4.800000000000001,7,25
2023,9,21,2,30,0,4.5,7,24.5
2023,9,21,3,30,0,4,6,24.1
2023,9,21,4,30,0,3.8000000000000003,7,23.700000000000003
2023,9,21,5,30,0,4,7,23.3
2023,9,21,6,30,1,4.1000000000000005,7,23.200000000000003
2023,9,21,7,30,29,3.7,7,23.8
2023,9,21,8,30,141,3.3000000000000003,7,25.1
2023,9,21,9,30,195,3.6,8,27.3
2023,9,21,10,30,480,4.1000000000000005,8,30
2023,9,21,11,30,598,4.5,3,32.4
2023,9,21,12,30,444,4.6000000000000005,8,34.2
2023,9,21,13,30,437,4.4,7,35.300000000000004
2023,9,21,14,30,594,4.4,3,35.7
2023,9,21,15,30,533,4.5,3,35.5
2023,9,21,16,30,414,4.7,0,34.6
2023,9,21,17,30,214,4.6000000000000005,0,32.7
2023,9,21,18,30,24,4.4,0,30.400000000000002
2023,9,21,19,30,0,4.4,3,28.6
2023,9,21,20,30,0,4.3,3,27.6
2023,9,21,21,30,0,4.2,0,26.700000000000003
2023,9,21,22,30,0,4.2,3,26
2023,9,21,23,30,0,3.7,0,25.3
2023,9,22,0,30,0,2.6,3,24.5
2023,9,22,1,30,0,1.5,0,24.1
2023,9,22,2,30,0,1,7,24
2023,9,22,3,30,0,1.2000000000000002,7,23.8
2023,9,22,4,30,0,2.2,7,23.5
2023,9,22,5,30,0,3.4000000000000004,8,23.3
2023,9,22,6,30,2,4.2,7,23.400000000000002
2023,9,22,7,30,126,4.800000000000001,0,24.8
2023,9,22,8,30,346,5.1000000000000005,0,27.8
2023,9,22,9,30,551,4.9,0,31
2023,9,22,10,30,719,4.4,0,33.7
2023,9,22,11,30,831,3.8000000000000003,0,35.7
2023,9,22,12,30,878,3.3000000000000003,0,37.300000000000004
2023,9,22,13,30,857,2.8000000000000003,0,38.2
2023,9,22,14,30,770,2.6,0,38.7
2023,9,22,15,30,622,2.7,0,38.5
2023,9,22,16,30,429,2.9000000000000004,0,37.7
2023,9,22,17,30,213,2.5,0,35.1
2023,9,22,18,30,27,2.7,0,32
2023,9,22,19,30,0,3.9000000000000004,0,30.400000000000002
2023,9,22,20,30,0,4.6000000000000005,0,29.3
2023,9,22,21,30,0,4.9,0,28.3
2023,9,22,22,30,0,4.9,0,27.6
2023,9,22,23,30,0,4.6000000000000005,0,27
2023,9,23,0,30,0,4.2,0,26.400000000000002
2023,9,23,1,30,0,3.8000000000000003,0,25.8
2023,9,23,2,30,0,3.4000000000000004,0,25.1
2023,9,23,3,30,0,2.9000000000000004,0,24.400000000000002
2023,9,23,4,30,0,2.4000000000000004,0,23.8
2023,9,23,5,30,0,2.1,0,23.200000000000003
2023,9,23,6,30,2,2.4000000000000004,0,23.700000000000003
2023,9,23,7,30,135,3,0,25.900000000000002
2023,9,23,8,30,353,3.2,0,29.1
2023,9,23,9,30,560,2.6,0,32.7
2023,9,23,10,30,727,1.6,0,36
2023,9,23,11,30,834,1.1,0,38.1
2023,9,23,12,30,871,1,0,39.300000000000004
2023,9,23,13,30,860,0.9,0,39.900000000000006
2023,9,23,14,30,770,0.9,0,39.900000000000006
2023,9,23,15,30,622,1,0,39.6
2023,9,23,16,30,428,1.1,0,38.800000000000004
2023,9,23,17,30,106,1.1,5,36.5
2023,9,23,18,30,19,1.2000000000000002,8,33.4
2023,9,23,19,30,0,1.9000000000000001,3,31.400000000000002
2023,9,23,20,30,0,2.8000000000000003,3,30.5
2023,9,23,21,30,0,3.7,0,29.8
2023,9,23,22,30,0,4.3,0,29
2023,9,23,23,30,0,4.4,0,28.3
2023,9,24,0,30,0,4.1000000000000005,0,27.6
2023,9,24,1,30,0,3.6,0,26.900000000000002
2023,9,24,2,30,0,3.2,0,26.200000000000003
2023,9,24,3,30,0,2.8000000000000003,0,25.6
2023,9,24,4,30,0,2.4000000000000004,0,25.1
2023,9,24,5,30,0,2.2,0,24.700000000000003
2023,9,24,6,30,0,2.5,0,25.1
2023,9,24,7,30,131,3.1,0,27.1
2023,9,24,8,30,349,3.5,0,30.3
2023,9,24,9,30,557,3.7,0,33.6
2023,9,24,10,30,727,3.9000000000000004,0,36.300000000000004
2023,9,24,11,30,841,3.9000000000000004,0,38.1
2023,9,24,12,30,890,3.8000000000000003,0,39.2
2023,9,24,13,30,785,3.6,0,39.7
2023,9,24,14,30,628,3.3000000000000003,3,39.800000000000004
2023,9,24,15,30,532,2.9000000000000004,3,39.300000000000004
2023,9,24,16,30,347,2.3000000000000003,3,38.300000000000004
2023,9,24,17,30,199,1.4000000000000001,0,35.800000000000004
2023,9,24,18,30,25,0.9,0,32.800000000000004
2023,9,24,19,30,0,1,0,30.8
2023,9,24,20,30,0,1.2000000000000002,0,29.3
2023,9,24,21,30,0,1.3,0,28
2023,9,24,22,30,0,1.3,0,26.900000000000002
2023,9,24,23,30,0,1.3,0,26
2023,9,25,0,30,0,1.3,0,25.3
2023,9,25,1,30,0,1.6,0,24.900000000000002
2023,9,25,2,30,0,2.2,0,24.400000000000002
2023,9,25,3,30,0,2.8000000000000003,0,23.700000000000003
2023,9,25,4,30,0,3.1,0,23.1
2023,9,25,5,30,0,3.2,0,22.6
2023,9,25,6,30,0,3.4000000000000004,0,22.700000000000003
2023,9,25,7,30,126,4.1000000000000005,0,24.400000000000002
2023,9,25,8,30,171,4.1000000000000005,3,27.3
2023,9,25,9,30,120,3.2,3,30.1
2023,9,25,10,30,239,2.4000000000000004,3,32.1
2023,9,25,11,30,750,2.1,0,33.6
2023,9,25,12,30,664,2,3,34.4
2023,9,25,13,30,633,2.1,3,34.6
2023,9,25,14,30,732,2.3000000000000003,0,34.5
2023,9,25,15,30,566,2.6,0,34.300000000000004
2023,9,25,16,30,9,2.9000000000000004,7,33.5
2023,9,25,17,30,47,2.6,6,31.900000000000002
2023,9,25,18,30,9,2.2,6,29.700000000000003
2023,9,25,19,30,0,2.7,6,28.3
2023,9,25,20,30,0,3.1,6,27.3
2023,9,25,21,30,0,3.1,7,26.200000000000003
2023,9,25,22,30,0,2.7,0,25.3
2023,9,25,23,30,0,2.3000000000000003,0,24.400000000000002
2023,9,26,0,30,0,1.8,3,23.700000000000003
2023,9,26,1,30,0,1.4000000000000001,0,23
2023,9,26,2,30,0,1.1,0,22.5
2023,9,26,3,30,0,0.9,0,22
2023,9,26,4,30,0,0.7000000000000001,0,21.700000000000003
2023,9,26,5,30,0,0.7000000000000001,0,21.5
2023,9,26,6,30,0,0.9,0,22
2023,9,26,7,30,128,1.3,0,24
2023,9,26,8,30,343,1.6,0,27
2023,9,26,9,30,549,1.5,0,29.5
2023,9,26,10,30,717,1.3,0,31.3
2023,9,26,11,30,829,1.1,0,32.800000000000004
2023,9,26,12,30,877,1.1,0,33.9
2023,9,26,13,30,843,1.1,0,34.5
2023,9,26,14,30,763,1.1,0,34.7
2023,9,26,15,30,547,1.3,0,34.5
2023,9,26,16,30,418,1.6,0,33.800000000000004
2023,9,26,17,30,198,1.4000000000000001,0,31.8
2023,9,26,18,30,14,1.3,7,29.1
2023,9,26,19,30,0,2.1,7,27.5
2023,9,26,20,30,0,2.8000000000000003,7,26.700000000000003
2023,9,26,21,30,0,3.2,6,25.700000000000003
2023,9,26,22,30,0,3.5,7,24.900000000000002
2023,9,26,23,30,0,3.3000000000000003,7,24.200000000000003
2023,9,27,0,30,0,2.9000000000000004,0,23.700000000000003
2023,9,27,1,30,0,2.3000000000000003,0,23.200000000000003
2023,9,27,2,30,0,1.7000000000000002,7,22.6
2023,9,27,3,30,0,1.2000000000000002,7,22.1
2023,9,27,4,30,0,1.1,0,21.700000000000003
2023,9,27,5,30,0,1.1,0,21.5
2023,9,27,6,30,0,1.7000000000000002,0,22
2023,9,27,7,30,121,2.5,0,24.3
2023,9,27,8,30,332,2.9000000000000004,0,27.5
2023,9,27,9,30,537,2.8000000000000003,0,30.1
2023,9,27,10,30,706,2.3000000000000003,0,32
2023,9,27,11,30,819,1.8,0,33.5
2023,9,27,12,30,867,1.6,0,34.6
2023,9,27,13,30,845,1.6,0,35.300000000000004
2023,9,27,14,30,756,1.7000000000000002,0,35.5
2023,9,27,15,30,608,2.1,0,35.2
2023,9,27,16,30,412,2.6,0,34.300000000000004
2023,9,27,17,30,178,2.6,0,32
2023,9,27,18,30,13,2.9000000000000004,0,29.400000000000002
2023,9,27,19,30,0,4.1000000000000005,0,27.900000000000002
2023,9,27,20,30,0,4.7,0,26.700000000000003
2023,9,27,21,30,0,4.800000000000001,0,25.6
2023,9,27,22,30,0,4.6000000000000005,0,24.700000000000003
2023,9,27,23,30,0,4.3,0,23.900000000000002
2023,9,28,0,30,0,4,0,23.3
2023,9,28,1,30,0,3.7,0,22.700000000000003
2023,9,28,2,30,0,3.6,0,22.3
2023,9,28,3,30,0,3.4000000000000004,0,21.900000000000002
2023,9,28,4,30,0,3.3000000000000003,0,21.6
2023,9,28,5,30,0,3.2,0,21.3
2023,9,28,6,30,0,3.5,3,21.6
2023,9,28,7,30,114,4.1000000000000005,0,23.6
2023,9,28,8,30,275,4.7,3,27
2023,9,28,9,30,544,4.7,0,30.200000000000003
2023,9,28,10,30,711,4.5,0,32.5
2023,9,28,11,30,823,4.3,0,34.2
2023,9,28,12,30,870,4.2,0,35.4
2023,9,28,13,30,846,4.1000000000000005,0,36.1
2023,9,28,14,30,753,4.1000000000000005,0,36.300000000000004
2023,9,28,15,30,601,4.2,0,35.9
2023,9,28,16,30,362,4.4,8,34.9
2023,9,28,17,30,119,4.2,7,32.7
2023,9,28,18,30,16,4.4,0,30.1
2023,9,28,19,30,0,5.1000000000000005,0,28.5
2023,9,28,20,30,0,5.5,0,27.3
2023,9,28,21,30,0,5.300000000000001,0,26.3
2023,9,28,22,30,0,4.9,0,25.3
2023,9,28,23,30,0,4.800000000000001,0,24.6
2023,9,29,0,30,0,4.7,0,24
2023,9,29,1,30,0,4.6000000000000005,0,23.5
2023,9,29,2,30,0,4.5,0,23
2023,9,29,3,30,0,4.4,0,22.6
2023,9,29,4,30,0,4.3,0,22.200000000000003
2023,9,29,5,30,0,4.2,0,21.700000000000003
2023,9,29,6,30,0,4.4,0,21.8
2023,9,29,7,30,119,5.2,0,23.400000000000002
2023,9,29,8,30,330,5.9,0,26.400000000000002
2023,9,29,9,30,536,6.1000000000000005,0,29.5
2023,9,29,10,30,703,5.7,0,31.900000000000002
2023,9,29,11,30,815,5.4,0,33.9
2023,9,29,12,30,860,5.2,0,35.300000000000004
2023,9,29,13,30,838,5.2,0,36.1
2023,9,29,14,30,735,5.4,0,36.300000000000004
2023,9,29,15,30,557,5.6000000000000005,0,35.800000000000004
2023,9,29,16,30,324,5.800000000000001,3,34.5
2023,9,29,17,30,129,5.5,7,32.300000000000004
2023,9,29,18,30,10,4.9,7,29.700000000000003
2023,9,29,19,30,0,4.7,0,27.700000000000003
2023,9,29,20,30,0,4.6000000000000005,0,26.400000000000002
2023,9,29,21,30,0,4.4,0,25.3
2023,9,29,22,30,0,4.2,0,24.400000000000002
2023,9,29,23,30,0,3.9000000000000004,0,23.5
2023,9,30,0,30,0,3.5,0,22.8
2023,9,30,1,30,0,3,0,22.1
2023,9,30,2,30,0,2.8000000000000003,0,21.6
2023,9,30,3,30,0,3.1,0,21.200000000000003
2023,9,30,4,30,0,3.4000000000000004,8,20.8
2023,9,30,5,30,0,3.5,3,20.3
2023,9,30,6,30,0,3.6,0,20.200000000000003
2023,9,30,7,30,121,4.3,0,21.3
2023,9,30,8,30,328,5.4,0,23.8
2023,9,30,9,30,476,6,0,26.700000000000003
2023,9,30,10,30,707,5.9,0,29.1
2023,9,30,11,30,769,5.7,0,31
2023,9,30,12,30,831,5.6000000000000005,0,32.1
2023,9,30,13,30,762,5.6000000000000005,0,32.5
2023,9,30,14,30,744,5.4,0,32.1
2023,9,30,15,30,594,5.4,0,31.5
2023,9,30,16,30,397,5.300000000000001,0,30.8
2023,9,30,17,30,180,4.800000000000001,0,29.400000000000002
2023,9,30,18,30,11,4.4,0,27.900000000000002
2023,9,30,19,30,0,4.3,0,26.6
2023,9,30,20,30,0,4.5,0,25.6
2023,9,30,21,30,0,4.6000000000000005,0,24.700000000000003
2023,9,30,22,30,0,4.5,0,24.1
2023,9,30,23,30,0,4.5,0,23.6
2023,10,1,0,30,0,4.800000000000001,0,23.200000000000003
2023,10,1,1,30,0,5,0,22.6
2023,10,1,2,30,0,5.1000000000000005,8,22.200000000000003
2023,10,1,3,30,0,4.9,7,22
2023,10,1,4,30,0,4.800000000000001,7,21.900000000000002
2023,10,1,5,30,0,4.7,7,21.8
2023,10,1,6,30,0,4.7,7,21.900000000000002
2023,10,1,7,30,71,5,8,22.400000000000002
2023,10,1,8,30,168,5.300000000000001,8,23.400000000000002
2023,10,1,9,30,187,5.300000000000001,8,25
2023,10,1,10,30,492,5,3,27.3
2023,10,1,11,30,801,4.6000000000000005,0,29.700000000000003
2023,10,1,12,30,848,4.4,0,31.6
2023,10,1,13,30,780,4.3,0,32.7
2023,10,1,14,30,672,4.4,0,33.1
2023,10,1,15,30,553,4.5,0,32.9
2023,10,1,16,30,284,4.7,3,32.1
2023,10,1,17,30,172,4.4,0,30.400000000000002
2023,10,1,18,30,10,4.3,0,28.6
2023,10,1,19,30,0,4.7,0,27.3
2023,10,1,20,30,0,4.800000000000001,8,26.3
2023,10,1,21,30,0,4.7,0,25.5
2023,10,1,22,30,0,4.6000000000000005,0,24.700000000000003
2023,10,1,23,30,0,4.5,0,24.1
2023,10,2,0,30,0,4.4,0,23.5
2023,10,2,1,30,0,4.4,0,22.900000000000002
2023,10,2,2,30,0,4.5,0,22.5
2023,10,2,3,30,0,4.6000000000000005,0,22.200000000000003
2023,10,2,4,30,0,4.7,0,22
2023,10,2,5,30,0,5.1000000000000005,3,21.900000000000002
2023,10,2,6,30,0,5.4,5,22
2023,10,2,7,30,104,5.800000000000001,0,22.8
2023,10,2,8,30,318,6,0,24.400000000000002
2023,10,2,9,30,211,5.800000000000001,5,26.3
2023,10,2,10,30,321,5.300000000000001,3,27.900000000000002
2023,10,2,11,30,606,4.9,0,29.200000000000003
2023,10,2,12,30,638,4.800000000000001,3,30.200000000000003
2023,10,2,13,30,687,5,8,30.700000000000003
2023,10,2,14,30,390,5.2,7,30.700000000000003
2023,10,2,15,30,376,5.4,7,30
2023,10,2,16,30,213,5.300000000000001,7,29
2023,10,2,17,30,130,4.9,0,27.8
2023,10,2,18,30,6,4.3,7,26.700000000000003
2023,10,2,19,30,0,4.1000000000000005,0,25.700000000000003
2023,10,2,20,30,0,4.4,0,24.900000000000002
2023,10,2,21,30,0,4.6000000000000005,0,24.3
2023,10,2,22,30,0,4.6000000000000005,0,23.8
2023,10,2,23,30,0,4.7,0,23.5
2023,10,3,0,30,0,4.7,8,23.1
2023,10,3,1,30,0,4.800000000000001,0,22.700000000000003
2023,10,3,2,30,0,4.9,0,22.400000000000002
2023,10,3,3,30,0,4.800000000000001,0,22.3
2023,10,3,4,30,0,4.6000000000000005,0,22.200000000000003
2023,10,3,5,30,0,4.2,0,22.1
2023,10,3,6,30,0,4,0,22.1
2023,10,3,7,30,105,4.4,0,22.900000000000002
2023,10,3,8,30,308,5,0,24.8
2023,10,3,9,30,506,5,0,27.400000000000002
2023,10,3,10,30,668,4.4,0,30
2023,10,3,11,30,779,3.7,0,32
2023,10,3,12,30,825,3.2,0,33.2
2023,10,3,13,30,440,3.2,6,33.6
2023,10,3,14,30,169,3.3000000000000003,6,33.300000000000004
2023,10,3,15,30,71,3.5,6,32.6
2023,10,3,16,30,14,3.8000000000000003,8,31.5
2023,10,3,17,30,28,3.8000000000000003,6,29.8
2023,10,3,18,30,5,3.8000000000000003,6,28
2023,10,3,19,30,0,4.2,8,26.700000000000003
2023,10,3,20,30,0,4.3,8,25.8
2023,10,3,21,30,0,4.4,8,25.1
2023,10,3,22,30,0,4.4,8,24.400000000000002
2023,10,3,23,30,0,4.4,0,23.900000000000002
2023,10,4,0,30,0,4.5,0,23.5
2023,10,4,1,30,0,4.5,0,23.200000000000003
2023,10,4,2,30,0,4.4,7,23
2023,10,4,3,30,0,4.3,0,22.700000000000003
2023,10,4,4,30,0,4.1000000000000005,0,22.400000000000002
2023,10,4,5,30,0,3.8000000000000003,0,22.200000000000003
2023,10,4,6,30,0,3.8000000000000003,8,22.3
2023,10,4,7,30,80,4.2,8,23.200000000000003
2023,10,4,8,30,190,4.7,8,25.1
2023,10,4,9,30,338,4.800000000000001,8,27.1
2023,10,4,10,30,282,4.6000000000000005,7,28.900000000000002
2023,10,4,11,30,438,4.3,7,30.1
2023,10,4,12,30,590,3.9000000000000004,8,30.8
2023,10,4,13,30,383,3.6,9,31.400000000000002
2023,10,4,14,30,37,3.4000000000000004,9,31.8
2023,10,4,15,30,36,3.2,9,31.700000000000003
2023,10,4,16,30,26,2.9000000000000004,7,30.8
2023,10,4,17,30,8,2.6,7,28.900000000000002
2023,10,4,18,30,3,2.8000000000000003,8,27
2023,10,4,19,30,0,3.4000000000000004,8,26
2023,10,4,20,30,0,3.4000000000000004,0,25.3
2023,10,4,21,30,0,2.7,0,24.400000000000002
2023,10,4,22,30,0,1.8,0,23.6
2023,10,4,23,30,0,1,3,22.900000000000002
2023,10,5,0,30,0,0.7000000000000001,3,22.200000000000003
2023,10,5,1,30,0,0.8,3,21.700000000000003
2023,10,5,2,30,0,1.5,0,21.3
2023,10,5,3,30,0,2.1,3,21
2023,10,5,4,30,0,2.5,0,20.700000000000003
2023,10,5,5,30,0,2.8000000000000003,0,20.400000000000002
2023,10,5,6,30,0,3.5,0,20.200000000000003
2023,10,5,7,30,104,4.4,0,20.5
2023,10,5,8,30,217,5,0,21.5
2023,10,5,9,30,176,5,3,23
2023,10,5,10,30,595,4.800000000000001,0,24.8
2023,10,5,11,30,804,4.5,0,26.6
2023,10,5,12,30,855,4.2,0,28.200000000000003
2023,10,5,13,30,834,4.1000000000000005,0,29.200000000000003
2023,10,5,14,30,742,3.9000000000000004,0,29.6
2023,10,5,15,30,590,3.7,0,29.400000000000002
2023,10,5,16,30,390,3.3000000000000003,0,28.400000000000002
2023,10,5,17,30,168,2.2,0,25.6
2023,10,5,18,30,6,1.5,0,22.400000000000002
2023,10,5,19,30,0,1.8,0,20.8
2023,10,5,20,30,0,2,0,19.900000000000002
2023,10,5,21,30,0,2.1,0,18.900000000000002
2023,10,5,22,30,0,2,0,18.1
2023,10,5,23,30,0,1.9000000000000001,0,17.400000000000002
2023,10,6,0,30,0,1.7000000000000002,0,16.8
2023,10,6,1,30,0,1.5,0,16.400000000000002
2023,10,6,2,30,0,1.3,0,16
2023,10,6,3,30,0,1.2000000000000002,8,15.8
2023,10,6,4,30,0,1,0,15.600000000000001
2023,10,6,5,30,0,1,8,15.5
2023,10,6,6,30,0,1.1,8,16.1
2023,10,6,7,30,91,1.6,8,18.3
2023,10,6,8,30,268,2.4000000000000004,8,21.5
2023,10,6,9,30,395,2.9000000000000004,8,24.1
2023,10,6,10,30,502,3,8,25.8
2023,10,6,11,30,523,3.2,7,27.1
2023,10,6,12,30,553,3.3000000000000003,7,28.1
2023,10,6,13,30,559,3.5,7,28.700000000000003
2023,10,6,14,30,550,3.7,8,28.900000000000002
2023,10,6,15,30,394,3.9000000000000004,8,28.700000000000003
2023,10,6,16,30,334,3.9000000000000004,8,27.8
2023,10,6,17,30,83,3,7,25.6
2023,10,6,18,30,3,2.1,7,23.200000000000003
2023,10,6,19,30,0,2,6,21.900000000000002
2023,10,6,20,30,0,1.8,6,21.200000000000003
2023,10,6,21,30,0,1.6,6,20.5
2023,10,6,22,30,0,1.5,7,19.8
2023,10,6,23,30,0,1.6,7,19.1
2023,10,7,0,30,0,2.1,7,18.5
2023,10,7,1,30,0,2.8000000000000003,7,17.7
2023,10,7,2,30,0,3.3000000000000003,7,16.7
2023,10,7,3,30,0,3.5,7,15.8
2023,10,7,4,30,0,3.4000000000000004,8,14.700000000000001
2023,10,7,5,30,0,3.2,0,13.600000000000001
2023,10,7,6,30,0,3.4000000000000004,0,13
2023,10,7,7,30,110,4,0,13.700000000000001
2023,10,7,8,30,327,4.1000000000000005,0,15.700000000000001
2023,10,7,9,30,535,3.6,0,18.1
2023,10,7,10,30,702,3,0,20.6
2023,10,7,11,30,812,2.6,0,23
2023,10,7,12,30,855,2.3000000000000003,0,24.900000000000002
2023,10,7,13,30,827,2.1,0,26.1
2023,10,7,14,30,731,2.2,0,26.5
2023,10,7,15,30,575,2.4000000000000004,0,26.3
2023,10,7,16,30,374,2.6,0,25.5
2023,10,7,17,30,155,2,0,23.1
2023,10,7,18,30,3,1.4000000000000001,0,20.400000000000002
2023,10,7,19,30,0,1.6,0,19.1
2023,10,7,20,30,0,1.9000000000000001,0,18.400000000000002
2023,10,7,21,30,0,2.2,0,17.8
2023,10,7,22,30,0,2.5,0,17.2
2023,10,7,23,30,0,2.7,0,16.6
2023,10,8,0,30,0,2.7,0,15.9
2023,10,8,1,30,0,2.5,0,15.3
2023,10,8,2,30,0,2.2,0,14.8
2023,10,8,3,30,0,1.9000000000000001,0,14.3
2023,10,8,4,30,0,1.7000000000000002,0,13.9
2023,10,8,5,30,0,1.6,0,13.600000000000001
2023,10,8,6,30,0,1.9000000000000001,0,14
2023,10,8,7,30,110,2.8000000000000003,0,16.1
2023,10,8,8,30,327,3.6,0,19.8
2023,10,8,9,30,535,4,0,23.1
2023,10,8,10,30,703,3.9000000000000004,0,25.400000000000002
2023,10,8,11,30,814,3.7,0,27
2023,10,8,12,30,857,3.5,0,28.3
2023,10,8,13,30,829,3.3000000000000003,0,29
2023,10,8,14,30,732,3.1,0,29.3
2023,10,8,15,30,575,3.2,0,28.900000000000002
2023,10,8,16,30,374,3.2,0,27.700000000000003
2023,10,8,17,30,154,2.5,0,24.8
2023,10,8,18,30,3,2.3000000000000003,0,21.8
2023,10,8,19,30,0,3.2,0,20.5
2023,10,8,20,30,0,3.8000000000000003,0,19.6
2023,10,8,21,30,0,3.9000000000000004,0,18.5
2023,10,8,22,30,0,3.8000000000000003,0,17.400000000000002
2023,10,8,23,30,0,3.4000000000000004,0,16.5
2023,10,9,0,30,0,2.8000000000000003,0,15.600000000000001
2023,10,9,1,30,0,2.2,0,14.8
2023,10,9,2,30,0,1.8,0,14.100000000000001
2023,10,9,3,30,0,1.5,0,13.600000000000001
2023,10,9,4,30,0,1.3,0,13.3
2023,10,9,5,30,0,1.3,0,13
2023,10,9,6,30,0,1.3,0,13.700000000000001
2023,10,9,7,30,111,1.7000000000000002,0,16.1
2023,10,9,8,30,330,1.6,0,19.900000000000002
2023,10,9,9,30,540,1,0,24.1
2023,10,9,10,30,708,1,0,27.8
2023,10,9,11,30,817,1.4000000000000001,0,29.900000000000002
2023,10,9,12,30,859,1.6,0,30.8
2023,10,9,13,30,831,1.7000000000000002,0,31.1
2023,10,9,14,30,732,1.9000000000000001,0,30.900000000000002
2023,10,9,15,30,573,2.1,0,30.200000000000003
2023,10,9,16,30,370,1.9000000000000001,0,28.700000000000003
2023,10,9,17,30,148,1.6,0,25.8
2023,10,9,18,30,2,1.8,0,23.1
2023,10,9,19,30,0,2.5,0,22
2023,10,9,20,30,0,3.1,0,21
2023,10,9,21,30,0,3.4000000000000004,0,20
2023,10,9,22,30,0,3.3000000000000003,0,19
2023,10,9,23,30,0,3.1,0,18.2
2023,10,10,0,30,0,2.7,8,17.5
2023,10,10,1,30,0,2.2,7,16.900000000000002
2023,10,10,2,30,0,1.9000000000000001,0,16.2
2023,10,10,3,30,0,1.6,0,15.600000000000001
2023,10,10,4,30,0,1.5,0,15.200000000000001
2023,10,10,5,30,0,1.4000000000000001,0,14.9
2023,10,10,6,30,0,1.8,0,15.3
2023,10,10,7,30,73,2.6,8,17.3
2023,10,10,8,30,219,3.1,8,20.5
2023,10,10,9,30,463,3,0,24.1
2023,10,10,10,30,563,2.8000000000000003,8,27.1
2023,10,10,11,30,607,2.6,8,29.200000000000003
2023,10,10,12,30,631,2.4000000000000004,8,30.400000000000002
2023,10,10,13,30,665,2.1,8,31.1
2023,10,10,14,30,625,2,8,31.200000000000003
2023,10,10,15,30,389,2.3000000000000003,7,30.6
2023,10,10,16,30,192,3,7,29.200000000000003
2023,10,10,17,30,58,3.5,7,26.6
2023,10,10,18,30,1,4.2,7,23.900000000000002
2023,10,10,19,30,0,4.800000000000001,7,22.200000000000003
2023,10,10,20,30,0,4.800000000000001,7,20.900000000000002
2023,10,10,21,30,0,4.6000000000000005,8,19.900000000000002
2023,10,10,22,30,0,4.5,8,19.200000000000003
2023,10,10,23,30,0,4.4,0,18.7
2023,10,11,0,30,0,4.2,0,18.400000000000002
2023,10,11,1,30,0,4,0,18.1
2023,10,11,2,30,0,3.7,0,17.8
2023,10,11,3,30,0,3.4000000000000004,0,17.5
2023,10,11,4,30,0,3.1,0,17
2023,10,11,5,30,0,2.8000000000000003,0,16.5
2023,10,11,6,30,0,2.9000000000000004,0,16.5
2023,10,11,7,30,102,3.4000000000000004,0,17.900000000000002
2023,10,11,8,30,316,3.5,0,21.200000000000003
2023,10,11,9,30,523,3.5,0,25.5
2023,10,11,10,30,690,3.4000000000000004,0,29.400000000000002
2023,10,11,11,30,799,3,0,32
2023,10,11,12,30,841,2.7,0,33.4
2023,10,11,13,30,811,2.6,0,34.2
2023,10,11,14,30,710,2.7,0,34.300000000000004
2023,10,11,15,30,557,3,0,33.9
2023,10,11,16,30,356,3.1,0,32.5
2023,10,11,17,30,139,3.1,0,29.3
2023,10,11,18,30,0,4.4,0,26.400000000000002
2023,10,11,19,30,0,5.800000000000001,0,24.8
2023,10,11,20,30,0,6.1000000000000005,0,23
2023,10,11,21,30,0,6.2,0,21.6
2023,10,11,22,30,0,6.1000000000000005,0,20.400000000000002
2023,10,11,23,30,0,5.9,0,19.6
2023,10,12,0,30,0,5.5,0,19
2023,10,12,1,30,0,4.9,0,18.7
2023,10,12,2,30,0,4.4,0,18.3
2023,10,12,3,30,0,4,0,18
2023,10,12,4,30,0,3.7,0,17.6
2023,10,12,5,30,0,3.4000000000000004,0,17.400000000000002
2023,10,12,6,30,0,3.3000000000000003,0,17.6
2023,10,12,7,30,99,3.8000000000000003,0,19.5
2023,10,12,8,30,312,4.2,0,23.3
2023,10,12,9,30,517,4.6000000000000005,0,27.5
2023,10,12,10,30,683,5.2,0,30.6
2023,10,12,11,30,793,5.5,0,32.5
2023,10,12,12,30,837,5.5,0,33.7
2023,10,12,13,30,812,5.4,0,34.4
2023,10,12,14,30,717,5.1000000000000005,0,34.6
2023,10,12,15,30,559,4.7,0,34.300000000000004
2023,10,12,16,30,356,3.6,0,32.9
2023,10,12,17,30,137,2.1,0,29.400000000000002
2023,10,12,18,30,0,1.6,0,26
2023,10,12,19,30,0,1.7000000000000002,0,24.5
2023,10,12,20,30,0,1.8,0,23.6
2023,10,12,21,30,0,1.9000000000000001,0,22.700000000000003
2023,10,12,22,30,0,1.8,0,21.900000000000002
2023,10,12,23,30,0,1.8,0,21.1
2023,10,13,0,30,0,1.7000000000000002,0,20.400000000000002
2023,10,13,1,30,0,1.6,0,19.6
2023,10,13,2,30,0,1.6,0,18.8
2023,10,13,3,30,0,1.9000000000000001,0,17.900000000000002
2023,10,13,4,30,0,2.4000000000000004,0,16.900000000000002
2023,10,13,5,30,0,2.6,0,15.9
2023,10,13,6,30,0,3,0,15.3
2023,10,13,7,30,101,3.8000000000000003,0,16.5
2023,10,13,8,30,319,4.7,0,19.5
2023,10,13,9,30,527,5.2,0,22.3
2023,10,13,10,30,694,5,0,24
2023,10,13,11,30,802,4.3,0,25.400000000000002
2023,10,13,12,30,844,3.7,0,26.700000000000003
2023,10,13,13,30,814,3.2,0,27.5
2023,10,13,14,30,717,2.8000000000000003,0,27.900000000000002
2023,10,13,15,30,557,2.6,0,27.6
2023,10,13,16,30,355,2.2,0,26.5
2023,10,13,17,30,135,1.7000000000000002,0,23.400000000000002
2023,10,13,18,30,0,1.6,0,20.200000000000003
2023,10,13,19,30,0,2.1,0,19
2023,10,13,20,30,0,2.5,0,18.1
2023,10,13,21,30,0,2.6,0,17.1
2023,10,13,22,30,0,2.4000000000000004,0,16.1
2023,10,13,23,30,0,2.2,0,15.200000000000001
2023,10,14,0,30,0,2.1,0,14.3
2023,10,14,1,30,0,2,0,13.600000000000001
2023,10,14,2,30,0,1.9000000000000001,0,13
2023,10,14,3,30,0,1.8,0,12.4
2023,10,14,4,30,0,1.9000000000000001,0,11.9
2023,10,14,5,30,0,1.9000000000000001,0,11.4
2023,10,14,6,30,0,2.3000000000000003,0,11.200000000000001
2023,10,14,7,30,96,3.3000000000000003,0,12.600000000000001
2023,10,14,8,30,309,4.3,0,15.100000000000001
2023,10,14,9,30,514,4.3,0,17.6
2023,10,14,10,30,674,3.7,0,19.8
2023,10,14,11,30,774,3.1,0,21.8
2023,10,14,12,30,745,2.6,0,23.400000000000002
2023,10,14,13,30,795,2.1,0,24.6
2023,10,14,14,30,697,1.8,0,25.200000000000003
2023,10,14,15,30,540,1.7000000000000002,0,25.200000000000003
2023,10,14,16,30,340,1.8,0,24.3
2023,10,14,17,30,125,1.4000000000000001,0,21.900000000000002
2023,10,14,18,30,0,1.2000000000000002,0,19.200000000000003
2023,10,14,19,30,0,1.4000000000000001,0,18
2023,10,14,20,30,0,1.6,0,17.2
2023,10,14,21,30,0,1.7000000000000002,0,16.5
2023,10,14,22,30,0,1.8,0,15.8
2023,10,14,23,30,0,1.9000000000000001,0,15.100000000000001
2023,10,15,0,30,0,1.9000000000000001,0,14.4
2023,10,15,1,30,0,2,0,13.700000000000001
2023,10,15,2,30,0,2.1,0,13.100000000000001
2023,10,15,3,30,0,2.3000000000000003,0,12.600000000000001
2023,10,15,4,30,0,2.5,0,12.100000000000001
2023,10,15,5,30,0,2.6,0,11.600000000000001
2023,10,15,6,30,0,2.9000000000000004,0,11.3
2023,10,15,7,30,93,3.8000000000000003,0,12.3
2023,10,15,8,30,304,4.5,0,14.600000000000001
2023,10,15,9,30,509,4.1000000000000005,0,17.1
2023,10,15,10,30,676,3.5,0,19.400000000000002
2023,10,15,11,30,785,3.1,0,21.5
2023,10,15,12,30,827,3,0,23.1
2023,10,15,13,30,799,3,0,24.1
2023,10,15,14,30,701,3.1,0,24.5
2023,10,15,15,30,543,3.2,0,24.3
2023,10,15,16,30,343,3.1,0,23.200000000000003
2023,10,15,17,30,126,2.2,0,20.5
2023,10,15,18,30,0,1.6,0,17.5
2023,10,15,19,30,0,1.8,0,16.1
2023,10,15,20,30,0,1.9000000000000001,0,15.200000000000001
2023,10,15,21,30,0,1.8,0,14.200000000000001
2023,10,15,22,30,0,1.7000000000000002,0,13.3
2023,10,15,23,30,0,1.5,0,12.4
2023,10,16,0,30,0,1.4000000000000001,0,11.700000000000001
2023,10,16,1,30,0,1.2000000000000002,0,11.100000000000001
2023,10,16,2,30,0,1.1,0,10.600000000000001
2023,10,16,3,30,0,1,0,10.3
2023,10,16,4,30,0,1,0,10.200000000000001
2023,10,16,5,30,0,0.9,0,10.200000000000001
2023,10,16,6,30,0,0.8,0,10.5
2023,10,16,7,30,96,0.9,0,12.200000000000001
2023,10,16,8,30,308,1.4000000000000001,0,15.8
2023,10,16,9,30,513,1.7000000000000002,0,19.400000000000002
2023,10,16,10,30,678,1.8,0,21.900000000000002
2023,10,16,11,30,784,1.7000000000000002,0,23.8
2023,10,16,12,30,822,1.5,0,25
2023,10,16,13,30,792,1.4000000000000001,0,25.8
2023,10,16,14,30,693,1.4000000000000001,0,26.200000000000003
2023,10,16,15,30,534,1.4000000000000001,0,26
2023,10,16,16,30,334,1.3,0,25
2023,10,16,17,30,120,1.1,0,22.3
2023,10,16,18,30,0,1.2000000000000002,0,19.200000000000003
2023,10,16,19,30,0,1.4000000000000001,0,17.5
2023,10,16,20,30,0,1.6,0,16.400000000000002
2023,10,16,21,30,0,1.8,0,15.600000000000001
2023,10,16,22,30,0,1.9000000000000001,0,14.700000000000001
2023,10,16,23,30,0,1.9000000000000001,0,13.9
2023,10,17,0,30,0,1.9000000000000001,0,13.200000000000001
2023,10,17,1,30,0,1.8,0,12.5
2023,10,17,2,30,0,1.6,0,11.9
2023,10,17,3,30,0,1.5,0,11.4
2023,10,17,4,30,0,1.5,0,11
2023,10,17,5,30,0,1.4000000000000001,0,10.700000000000001
2023,10,17,6,30,0,1.5,0,11
2023,10,17,7,30,91,2.3000000000000003,0,13.5
2023,10,17,8,30,304,3.3000000000000003,0,17.6
2023,10,17,9,30,511,3.8000000000000003,0,21.700000000000003
2023,10,17,10,30,677,4.1000000000000005,0,25.1
2023,10,17,11,30,785,4,0,27.400000000000002
2023,10,17,12,30,825,3.8000000000000003,0,28.900000000000002
2023,10,17,13,30,795,3.6,0,29.8
2023,10,17,14,30,693,3.5,0,30.1
2023,10,17,15,30,532,3.5,0,29.700000000000003
2023,10,17,16,30,330,3.4000000000000004,0,28.200000000000003
2023,10,17,17,30,116,3.2,0,24.700000000000003
2023,10,17,18,30,0,3.9000000000000004,0,21.5
2023,10,17,19,30,0,4.7,0,20
2023,10,17,20,30,0,5,0,18.7
2023,10,17,21,30,0,5,0,17.6
2023,10,17,22,30,0,4.9,0,16.7
2023,10,17,23,30,0,4.7,0,15.9
2023,10,18,0,30,0,4.3,0,15.200000000000001
2023,10,18,1,30,0,3.7,0,14.600000000000001
2023,10,18,2,30,0,3,0,14.200000000000001
2023,10,18,3,30,0,2.6,0,13.9
2023,10,18,4,30,0,2.4000000000000004,0,13.9
2023,10,18,5,30,0,2.1,0,13.8
2023,10,18,6,30,0,2,0,14.200000000000001
2023,10,18,7,30,88,2.5,0,16.6
2023,10,18,8,30,273,3,0,20.400000000000002
2023,10,18,9,30,500,3.1,0,24.700000000000003
2023,10,18,10,30,663,3.4000000000000004,0,29.1
2023,10,18,11,30,768,3.4000000000000004,0,32.5
2023,10,18,12,30,806,3.1,0,34.5
2023,10,18,13,30,776,2.8000000000000003,0,35.5
2023,10,18,14,30,675,2.5,0,35.800000000000004
2023,10,18,15,30,516,2.2,0,35.2
2023,10,18,16,30,318,1.5,0,33.4
2023,10,18,17,30,108,1.2000000000000002,0,29.5
2023,10,18,18,30,0,1.6,0,25.5
2023,10,18,19,30,0,1.8,0,23.1
2023,10,18,20,30,0,1.8,0,21.3
2023,10,18,21,30,0,1.8,0,19.900000000000002
2023,10,18,22,30,0,1.9000000000000001,0,18.8
2023,10,18,23,30,0,1.9000000000000001,0,17.900000000000002
2023,10,19,0,30,0,1.8,0,17
2023,10,19,1,30,0,1.6,0,16.1
2023,10,19,2,30,0,1.5,0,15.3
2023,10,19,3,30,0,1.5,0,14.600000000000001
2023,10,19,4,30,0,1.5,0,14
2023,10,19,5,30,0,1.6,0,13.3
2023,10,19,6,30,0,1.8,0,13.100000000000001
2023,10,19,7,30,87,2.3000000000000003,0,14.600000000000001
2023,10,19,8,30,299,2.4000000000000004,0,18
2023,10,19,9,30,505,2.4000000000000004,0,22.3
2023,10,19,10,30,670,2.6,0,26
2023,10,19,11,30,776,2.1,0,28.1
2023,10,19,12,30,817,1.5,0,29.6
2023,10,19,13,30,786,1.1,0,30.5
2023,10,19,14,30,687,0.9,0,30.900000000000002
2023,10,19,15,30,530,1,0,30.700000000000003
2023,10,19,16,30,327,1,0,29.400000000000002
2023,10,19,17,30,111,1,0,26.3
2023,10,19,18,30,0,1.3,0,23.200000000000003
2023,10,19,19,30,0,1.4000000000000001,0,21.200000000000003
2023,10,19,20,30,0,1.5,0,19.8
2023,10,19,21,30,0,1.5,0,18.8
2023,10,19,22,30,0,1.5,0,17.900000000000002
2023,10,19,23,30,0,1.5,0,17.2
2023,10,20,0,30,0,1.5,0,16.5
2023,10,20,1,30,0,1.5,0,15.9
2023,10,20,2,30,0,1.5,0,15.5
2023,10,20,3,30,0,1.4000000000000001,0,15.100000000000001
2023,10,20,4,30,0,1.4000000000000001,0,14.9
2023,10,20,5,30,0,1.4000000000000001,0,14.8
2023,10,20,6,30,0,1.3,0,15
2023,10,20,7,30,86,1.6,0,17.2
2023,10,20,8,30,299,1.9000000000000001,0,21
2023,10,20,9,30,505,2.2,0,25.1
2023,10,20,10,30,671,2.4000000000000004,0,29.1
2023,10,20,11,30,778,2.4000000000000004,0,31.700000000000003
2023,10,20,12,30,814,2.2,0,33
2023,10,20,13,30,783,2.1,0,33.800000000000004
2023,10,20,14,30,681,1.8,0,34.1
2023,10,20,15,30,521,1.6,0,33.7
2023,10,20,16,30,313,1.3,0,31.900000000000002
2023,10,20,17,30,105,1.3,0,27.900000000000002
2023,10,20,18,30,0,1.8,0,24.5
2023,10,20,19,30,0,2.3000000000000003,0,23.3
2023,10,20,20,30,0,2.8000000000000003,0,22.900000000000002
2023,10,20,21,30,0,3.1,8,22.400000000000002
2023,10,20,22,30,0,3.2,7,21.8
2023,10,20,23,30,0,3.2,7,21.200000000000003
2023,10,21,0,30,0,3.1,7,20.6
2023,10,21,1,30,0,2.7,7,20
2023,10,21,2,30,0,2.4000000000000004,7,19.5
2023,10,21,3,30,0,2.1,7,19.1
2023,10,21,4,30,0,1.9000000000000001,7,18.6
2023,10,21,5,30,0,1.8,6,18.1
2023,10,21,6,30,0,1.8,7,18.1
2023,10,21,7,30,29,2.4000000000000004,6,19.900000000000002
2023,10,21,8,30,211,3.1,8,22.8
2023,10,21,9,30,311,3.7,8,25.8
2023,10,21,10,30,376,4.5,7,28.8
2023,10,21,11,30,553,4.7,7,30.700000000000003
2023,10,21,12,30,622,4.7,8,31.200000000000003
2023,10,21,13,30,630,4.6000000000000005,8,30.900000000000002
2023,10,21,14,30,545,4.5,8,30.1
2023,10,21,15,30,400,4.2,8,29
2023,10,21,16,30,206,3.6,8,27.400000000000002
2023,10,21,17,30,51,3.2,7,25.400000000000002
2023,10,21,18,30,0,3.3000000000000003,7,24.1
2023,10,21,19,30,0,3.7,7,23.400000000000002
2023,10,21,20,30,0,4.2,7,22.900000000000002
2023,10,21,21,30,0,4.6000000000000005,7,22.5
2023,10,21,22,30,0,4.6000000000000005,7,22
2023,10,21,23,30,0,4.4,6,21.5
2023,10,22,0,30,0,4.2,7,21.200000000000003
2023,10,22,1,30,0,4,7,20.8
2023,10,22,2,30,0,3.7,8,20.400000000000002
2023,10,22,3,30,0,3.5,8,20
2023,10,22,4,30,0,3.3000000000000003,5,19.700000000000003
2023,10,22,5,30,0,3.4000000000000004,4,19.200000000000003
2023,10,22,6,30,0,3.8000000000000003,5,18.900000000000002
2023,10,22,7,30,40,4.5,8,19.5
2023,10,22,8,30,184,5.1000000000000005,3,21.6
2023,10,22,9,30,305,5.2,3,24
2023,10,22,10,30,169,4.7,5,25.700000000000003
2023,10,22,11,30,315,3.7,8,26.8
2023,10,22,12,30,290,2.1,8,27.700000000000003
2023,10,22,13,30,151,1.1,8,28.3
2023,10,22,14,30,148,1.1,8,28.400000000000002
2023,10,22,15,30,151,1.3,7,28
2023,10,22,16,30,135,1.2000000000000002,8,26.700000000000003
2023,10,22,17,30,36,1.2000000000000002,7,24.8
2023,10,22,18,30,0,1.7000000000000002,7,23.8
2023,10,22,19,30,0,2.6,7,23.700000000000003
2023,10,22,20,30,0,3.7,7,23.6
2023,10,22,21,30,0,4.1000000000000005,7,23.1
2023,10,22,22,30,0,3.5,7,22.400000000000002
2023,10,22,23,30,0,3,4,21.700000000000003
2023,10,23,0,30,0,3.1,7,21.200000000000003
2023,10,23,1,30,0,3.8000000000000003,7,20.8
2023,10,23,2,30,0,4.5,7,20.400000000000002
2023,10,23,3,30,0,4.5,7,20.1
2023,10,23,4,30,0,4.3,7,20
2023,10,23,5,30,0,4,7,20
2023,10,23,6,30,0,3.7,8,20
2023,10,23,7,30,14,3.7,7,20.400000000000002
2023,10,23,8,30,48,3.7,8,21
2023,10,23,9,30,36,3.9000000000000004,8,21.5
2023,10,23,10,30,65,4.4,8,22.1
2023,10,23,11,30,138,5,8,22.700000000000003
2023,10,23,12,30,89,5.4,8,23.1
2023,10,23,13,30,182,5.5,7,23.1
2023,10,23,14,30,252,5.4,8,22.8
2023,10,23,15,30,75,5,8,22.200000000000003
2023,10,23,16,30,55,4.4,8,21.400000000000002
2023,10,23,17,30,11,3.5,7,20.6
2023,10,23,18,30,0,3.3000000000000003,7,19.900000000000002
2023,10,23,19,30,0,3.4000000000000004,8,19.6
2023,10,23,20,30,0,3.4000000000000004,5,19.5
2023,10,23,21,30,0,3.2,4,19.3
2023,10,23,22,30,0,3.2,4,19.1
2023,10,23,23,30,0,3.4000000000000004,4,18.900000000000002
2023,10,24,0,30,0,3.5,3,18.7
2023,10,24,1,30,0,3.3000000000000003,0,18.400000000000002
2023,10,24,2,30,0,3,0,18.3
2023,10,24,3,30,0,2.9000000000000004,0,18.3
2023,10,24,4,30,0,2.9000000000000004,0,18.400000000000002
2023,10,24,5,30,0,2.8000000000000003,0,18.400000000000002
2023,10,24,6,30,0,2.8000000000000003,0,18.5
2023,10,24,7,30,61,3.3000000000000003,0,19.400000000000002
2023,10,24,8,30,251,4.1000000000000005,0,21.3
2023,10,24,9,30,448,4.4,0,23.8
2023,10,24,10,30,611,4.2,0,26.200000000000003
2023,10,24,11,30,716,3.9000000000000004,0,28.1
2023,10,24,12,30,755,3.6,0,29.400000000000002
2023,10,24,13,30,727,3.5,0,30.3
2023,10,24,14,30,632,3.3000000000000003,0,30.6
2023,10,24,15,30,478,3.2,0,30.3
2023,10,24,16,30,285,2.8000000000000003,0,28.900000000000002
2023,10,24,17,30,85,2.2,0,26
2023,10,24,18,30,0,2.5,0,23.8
2023,10,24,19,30,0,3.3000000000000003,0,23
2023,10,24,20,30,0,3.9000000000000004,0,22.3
2023,10,24,21,30,0,4.2,0,21.700000000000003
2023,10,24,22,30,0,4.4,0,21.400000000000002
2023,10,24,23,30,0,4.6000000000000005,0,21.200000000000003
2023,10,25,0,30,0,4.800000000000001,6,21
2023,10,25,1,30,0,4.7,6,20.700000000000003
2023,10,25,2,30,0,4,8,20.400000000000002
2023,10,25,3,30,0,2.7,5,20.1
2023,10,25,4,30,0,2,8,20
2023,10,25,5,30,0,2.3000000000000003,4,20
2023,10,25,6,30,0,2.7,4,19.8
2023,10,25,7,30,35,2.7,3,19.8
2023,10,25,8,30,241,2.5,0,20.5
2023,10,25,9,30,442,2.4000000000000004,0,22.200000000000003
2023,10,25,10,30,419,2.7,3,24.3
2023,10,25,11,30,720,3.1,0,26
2023,10,25,12,30,762,3.3000000000000003,0,27.1
2023,10,25,13,30,734,3.1,0,27.8
2023,10,25,14,30,639,2.7,0,28.200000000000003
2023,10,25,15,30,484,2,0,28.1
2023,10,25,16,30,288,1.2000000000000002,0,27.200000000000003
2023,10,25,17,30,85,0.6000000000000001,0,25.200000000000003
2023,10,25,18,30,0,0.6000000000000001,0,23.3
2023,10,25,19,30,0,0.8,0,22
2023,10,25,20,30,0,0.9,0,20.900000000000002
2023,10,25,21,30,0,1.1,0,19.8
2023,10,25,22,30,0,1.1,0,18.6
2023,10,25,23,30,0,1.1,0,17.5
2023,10,26,0,30,0,1.1,0,16.6
2023,10,26,1,30,0,1.1,0,15.9
2023,10,26,2,30,0,1.1,0,15.3
2023,10,26,3,30,0,1.1,0,14.600000000000001
2023,10,26,4,30,0,1.1,0,14
2023,10,26,5,30,0,1.3,0,13.4
2023,10,26,6,30,0,1.4000000000000001,0,13.200000000000001
2023,10,26,7,30,72,2.1,0,15.100000000000001
2023,10,26,8,30,278,2.6,0,18.5
2023,10,26,9,30,480,3.1,0,22.3
2023,10,26,10,30,643,3.9000000000000004,0,26
2023,10,26,11,30,747,4.4,0,28.3
2023,10,26,12,30,785,4.6000000000000005,0,29.8
2023,10,26,13,30,753,4.6000000000000005,0,30.8
2023,10,26,14,30,653,4.3,0,31.200000000000003
2023,10,26,15,30,494,3.6,0,30.8
2023,10,26,16,30,295,2.2,0,28.700000000000003
2023,10,26,17,30,87,1.3,0,25
2023,10,26,18,30,0,1.5,0,22.200000000000003
2023,10,26,19,30,0,1.9000000000000001,0,21
2023,10,26,20,30,0,2.4000000000000004,0,20.3
2023,10,26,21,30,0,2.8000000000000003,0,19.700000000000003
2023,10,26,22,30,0,3,0,19.200000000000003
2023,10,26,23,30,0,2.8000000000000003,0,18.6
2023,10,27,0,30,0,2.4000000000000004,0,18.1
2023,10,27,1,30,0,2.1,0,17.7
2023,10,27,2,30,0,1.9000000000000001,0,17.400000000000002
2023,10,27,3,30,0,1.6,0,17.3
2023,10,27,4,30,0,1.4000000000000001,0,17.2
2023,10,27,5,30,0,1.2000000000000002,0,17.1
2023,10,27,6,30,0,1.1,0,17.2
2023,10,27,7,30,62,1.5,0,18.5
2023,10,27,8,30,254,2.2,0,21.200000000000003
2023,10,27,9,30,449,2.8000000000000003,0,24.400000000000002
2023,10,27,10,30,606,3,0,27.200000000000003
2023,10,27,11,30,703,2.9000000000000004,0,29
2023,10,27,12,30,725,2.6,0,30.3
2023,10,27,13,30,709,2.5,0,31
2023,10,27,14,30,620,2.4000000000000004,0,31.1
2023,10,27,15,30,462,2.7,0,30.400000000000002
2023,10,27,16,30,267,2.9000000000000004,0,28.8
2023,10,27,17,30,72,2.9000000000000004,0,26.1
2023,10,27,18,30,0,3.5,0,23.900000000000002
2023,10,27,19,30,0,4.3,0,22.6
2023,10,27,20,30,0,4.2,0,21.8
2023,10,27,21,30,0,3.9000000000000004,0,21.5
2023,10,27,22,30,0,3.8000000000000003,0,21.5
2023,10,27,23,30,0,3.9000000000000004,0,21.5
2023,10,28,0,30,0,3.9000000000000004,0,21.400000000000002
2023,10,28,1,30,0,4,0,21.200000000000003
2023,10,28,2,30,0,4.2,0,20.8
2023,10,28,3,30,0,4.3,0,20.400000000000002
2023,10,28,4,30,0,4.1000000000000005,0,20.1
2023,10,28,5,30,0,3.8000000000000003,0,19.900000000000002
2023,10,28,6,30,0,3.7,0,19.900000000000002
2023,10,28,7,30,58,4.2,0,20.5
2023,10,28,8,30,247,5.300000000000001,0,21.900000000000002
2023,10,28,9,30,427,6.2,0,23.900000000000002
2023,10,28,10,30,599,6.5,0,25.900000000000002
2023,10,28,11,30,488,6.4,0,27.200000000000003
2023,10,28,12,30,579,6.300000000000001,0,28.1
2023,10,28,13,30,707,6.2,0,28.5
2023,10,28,14,30,611,6.1000000000000005,0,28.5
2023,10,28,15,30,458,6,0,27.900000000000002
2023,10,28,16,30,264,5.6000000000000005,0,26.6
2023,10,28,17,30,71,4.7,0,24.700000000000003
2023,10,28,18,30,0,4.2,0,22.8
2023,10,28,19,30,0,4.1000000000000005,0,21.5
2023,10,28,20,30,0,4.1000000000000005,0,20.6
2023,10,28,21,30,0,4,0,20
2023,10,28,22,30,0,3.9000000000000004,0,19.6
2023,10,28,23,30,0,3.6,0,19.200000000000003
2023,10,29,0,30,0,3.4000000000000004,0,18.8
2023,10,29,1,30,0,3.1,0,18.400000000000002
2023,10,29,2,30,0,2.9000000000000004,0,18.1
2023,10,29,3,30,0,2.7,0,18
2023,10,29,4,30,0,2.6,0,17.900000000000002
2023,10,29,5,30,0,2.6,3,17.8
2023,10,29,6,30,0,2.8000000000000003,0,17.6
2023,10,29,7,30,22,3.4000000000000004,3,17.6
2023,10,29,8,30,209,3.9000000000000004,0,17.900000000000002
2023,10,29,9,30,356,4,0,18
2023,10,29,10,30,576,4.1000000000000005,0,17.7
2023,10,29,11,30,681,4.5,0,16.900000000000002
2023,10,29,12,30,314,5.2,3,15.4
2023,10,29,13,30,131,6,3,13.200000000000001
2023,10,29,14,30,121,6.5,3,10.600000000000001
2023,10,29,15,30,118,6.6000000000000005,3,8.5
2023,10,29,16,30,89,6.4,3,7.4
2023,10,29,17,30,67,6.300000000000001,0,6.4
2023,10,29,18,30,0,6.4,0,5.5
2023,10,29,19,30,0,6.5,0,4.7
2023,10,29,20,30,0,6.5,0,4.2
2023,10,29,21,30,0,6.300000000000001,0,3.9000000000000004
2023,10,29,22,30,0,6.2,0,3.7
2023,10,29,23,30,0,6.1000000000000005,0,3.6
2023,10,30,0,30,0,6.1000000000000005,0,3.5
2023,10,30,1,30,0,6.1000000000000005,0,3.4000000000000004
2023,10,30,2,30,0,6,0,3.2
2023,10,30,3,30,0,5.9,0,3
2023,10,30,4,30,0,5.7,0,2.9000000000000004
2023,10,30,5,30,0,5.5,0,2.6
2023,10,30,6,30,0,5.300000000000001,0,2.3000000000000003
2023,10,30,7,30,54,5.300000000000001,0,2.3000000000000003
2023,10,30,8,30,107,5.7,0,2.7
2023,10,30,9,30,363,5.800000000000001,0,3.8000000000000003
2023,10,30,10,30,613,5.5,0,5.2
2023,10,30,11,30,638,5.1000000000000005,0,6.800000000000001
2023,10,30,12,30,687,4.7,0,8.3
2023,10,30,13,30,705,4.3,0,9.4
2023,10,30,14,30,625,4,0,10
2023,10,30,15,30,470,3.6,0,10
2023,10,30,16,30,274,3.1,0,9.4
2023,10,30,17,30,73,2.1,0,7.7
2023,10,30,18,30,0,1.1,0,6.2
2023,10,30,19,30,0,1,0,5.4
2023,10,30,20,30,0,0.9,0,4.9
2023,10,30,21,30,0,0.8,0,4.5
2023,10,30,22,30,0,0.8,0,4.2
2023,10,30,23,30,0,0.7000000000000001,0,3.9000000000000004
2023,10,31,0,30,0,0.6000000000000001,0,3.7
2023,10,31,1,30,0,0.5,0,3.6
2023,10,31,2,30,0,0.5,0,3.2
2023,10,31,3,30,0,0.8,0,2.6
2023,10,31,4,30,0,1,0,1.9000000000000001
2023,10,31,5,30,0,1.1,0,1.3
2023,10,31,6,30,0,1.2000000000000002,0,1.1
2023,10,31,7,30,64,1.9000000000000001,0,3
2023,10,31,8,30,271,2.9000000000000004,0,6.4
2023,10,31,9,30,479,3.1,0,9.3
2023,10,31,10,30,646,3,0,11.3
2023,10,31,11,30,753,2.7,0,13
2023,10,31,12,30,791,2.5,0,14.3
2023,10,31,13,30,758,2.4000000000000004,0,15.200000000000001
2023,10,31,14,30,662,2.3000000000000003,0,15.600000000000001
2023,10,31,15,30,500,2.3000000000000003,0,15.4
2023,10,31,16,30,294,1.8,0,14
2023,10,31,17,30,80,1.3,0,10.9
2023,10,31,18,30,0,1.2000000000000002,0,8.1
2023,10,31,19,30,0,1.3,0,6.800000000000001
2023,10,31,20,30,0,1.3,0,5.7
2023,10,31,21,30,0,1.4000000000000001,0,4.800000000000001
2023,10,31,22,30,0,1.3,0,4.1000000000000005
2023,10,31,23,30,0,1.3,0,3.4000000000000004
2023,11,1,0,30,0,1.3,0,3
2023,11,1,1,30,0,1.2000000000000002,0,2.6
2023,11,1,2,30,0,1.2000000000000002,0,2.2
2023,11,1,3,30,0,1.2000000000000002,0,1.9000000000000001
2023,11,1,4,30,0,1.2000000000000002,0,1.5
2023,11,1,5,30,0,1.3,0,1.1
2023,11,1,6,30,0,1.3,0,0.9
2023,11,1,7,30,64,1.9000000000000001,0,2.9000000000000004
2023,11,1,8,30,274,3,0,6.800000000000001
2023,11,1,9,30,481,3.9000000000000004,0,10.3
2023,11,1,10,30,647,4.3,0,13.200000000000001
2023,11,1,11,30,751,4.3,0,15.200000000000001
2023,11,1,12,30,787,4.2,0,16.7
2023,11,1,13,30,754,4.1000000000000005,0,17.900000000000002
2023,11,1,14,30,649,4,0,18.400000000000002
2023,11,1,15,30,486,3.9000000000000004,0,18.2
2023,11,1,16,30,283,3.3000000000000003,0,16.6
2023,11,1,17,30,73,2.6,0,13.200000000000001
2023,11,1,18,30,0,3.1,0,10.700000000000001
2023,11,1,19,30,0,3.9000000000000004,0,9.8
2023,11,1,20,30,0,4.1000000000000005,0,8.8
2023,11,1,21,30,0,4,0,7.800000000000001
2023,11,1,22,30,0,3.9000000000000004,0,7
2023,11,1,23,30,0,3.7,0,6.4
2023,11,2,0,30,0,3.5,0,5.800000000000001
2023,11,2,1,30,0,3.2,0,5.300000000000001
2023,11,2,2,30,0,2.9000000000000004,0,4.9
2023,11,2,3,30,0,2.7,0,4.6000000000000005
2023,11,2,4,30,0,2.6,0,4.3
2023,11,2,5,30,0,2.4000000000000004,0,4.1000000000000005
2023,11,2,6,30,0,2.2,0,4.1000000000000005
2023,11,2,7,30,56,2.7,0,5.9
2023,11,2,8,30,258,3.1,0,9.3
2023,11,2,9,30,460,2.9000000000000004,0,13.3
2023,11,2,10,30,623,2.8000000000000003,0,17.3
2023,11,2,11,30,728,2.6,0,20.3
2023,11,2,12,30,765,2.5,0,22.1
2023,11,2,13,30,729,2.4000000000000004,0,23.1
2023,11,2,14,30,628,2.3000000000000003,0,23.5
2023,11,2,15,30,468,2.2,0,23.3
2023,11,2,16,30,268,1.7000000000000002,0,21.5
2023,11,2,17,30,66,1.8,0,17.8
2023,11,2,18,30,0,2.9000000000000004,0,15
2023,11,2,19,30,0,4.1000000000000005,0,13.8
2023,11,2,20,30,0,4.9,0,12.5
2023,11,2,21,30,0,5,0,11.200000000000001
2023,11,2,22,30,0,4.800000000000001,0,10.100000000000001
2023,11,2,23,30,0,4.3,0,9.3
2023,11,3,0,30,0,3.8000000000000003,0,8.700000000000001
2023,11,3,1,30,0,3.1,0,8.1
2023,11,3,2,30,0,2.4000000000000004,0,7.5
2023,11,3,3,30,0,2,0,7.2
2023,11,3,4,30,0,1.8,0,6.9
2023,11,3,5,30,0,1.8,0,6.800000000000001
2023,11,3,6,30,0,1.8,0,6.7
2023,11,3,7,30,54,2.3000000000000003,0,8.6
2023,11,3,8,30,253,2.9000000000000004,0,12.200000000000001
2023,11,3,9,30,454,3,0,16
2023,11,3,10,30,616,3.1,0,19.8
2023,11,3,11,30,721,3.2,0,23
2023,11,3,12,30,760,3.3000000000000003,0,25.5
2023,11,3,13,30,727,3.4000000000000004,0,27.1
2023,11,3,14,30,627,3.4000000000000004,0,27.8
2023,11,3,15,30,469,3.1,0,27.5
2023,11,3,16,30,270,2.5,0,24.8
2023,11,3,17,30,67,2.6,0,20.5
2023,11,3,18,30,0,3.7,0,18.1
2023,11,3,19,30,0,4.6000000000000005,0,17.1
2023,11,3,20,30,0,4.800000000000001,0,15.8
2023,11,3,21,30,0,4.6000000000000005,0,14.5
2023,11,3,22,30,0,4.2,0,13.4
2023,11,3,23,30,0,3.7,0,12.4
2023,11,4,0,30,0,3,0,11.600000000000001
2023,11,4,1,30,0,2.4000000000000004,0,10.700000000000001
2023,11,4,2,30,0,2,0,10.100000000000001
2023,11,4,3,30,0,1.8,0,9.700000000000001
2023,11,4,4,30,0,1.7000000000000002,0,9.5
2023,11,4,5,30,0,1.7000000000000002,0,9.3
2023,11,4,6,30,0,1.6,0,9.200000000000001
2023,11,4,7,30,52,1.8,0,11.100000000000001
2023,11,4,8,30,253,2.4000000000000004,0,14.700000000000001
2023,11,4,9,30,456,2.4000000000000004,0,18.3
2023,11,4,10,30,616,2.2,0,21.5
2023,11,4,11,30,720,2.1,0,24.400000000000002
2023,11,4,12,30,758,2.1,0,26.6
2023,11,4,13,30,722,1.8,0,28
2023,11,4,14,30,621,1.5,0,28.5
2023,11,4,15,30,462,1.2000000000000002,0,28.1
2023,11,4,16,30,264,1.2000000000000002,0,25.5
2023,11,4,17,30,61,1.5,0,21.3
2023,11,4,18,30,0,2.4000000000000004,0,18.7
2023,11,4,19,30,0,3.2,0,17.7
2023,11,4,20,30,0,3.6,0,16.8
2023,11,4,21,30,0,3.4000000000000004,0,15.8
2023,11,4,22,30,0,3.1,0,15
2023,11,4,23,30,0,2.7,0,14.200000000000001
2023,11,5,0,30,0,2.4000000000000004,0,13.700000000000001
2023,11,5,1,30,0,2,0,13.200000000000001
2023,11,5,2,30,0,1.8,0,12.9
2023,11,5,3,30,0,1.7000000000000002,7,12.700000000000001
2023,11,5,4,30,0,1.6,7,12.700000000000001
2023,11,5,5,30,0,1.6,0,12.700000000000001
2023,11,5,6,30,0,1.7000000000000002,8,12.8
2023,11,5,7,30,37,2.1,7,13.8
2023,11,5,8,30,203,2.7,8,15.9
2023,11,5,9,30,408,3,0,18.6
2023,11,5,10,30,532,3,0,21.700000000000003
2023,11,5,11,30,653,3.1,0,24.5
2023,11,5,12,30,572,3,7,27
2023,11,5,13,30,515,3,7,28.6
2023,11,5,14,30,426,2.8000000000000003,7,28.6
2023,11,5,15,30,223,2.7,6,27.1
2023,11,5,16,30,126,2.9000000000000004,7,24.6
2023,11,5,17,30,42,3.5,7,21.900000000000002
2023,11,5,18,30,0,4.1000000000000005,7,20.200000000000003
2023,11,5,19,30,0,4.5,7,19.400000000000002
2023,11,5,20,30,0,4.6000000000000005,7,18.6
2023,11,5,21,30,0,4.6000000000000005,7,17.8
2023,11,5,22,30,0,4.3,7,17
2023,11,5,23,30,0,4,7,16.3
2023,11,6,0,30,0,3.5,6,15.700000000000001
2023,11,6,1,30,0,3.1,6,15.200000000000001
2023,11,6,2,30,0,2.7,7,14.9
2023,11,6,3,30,0,2.4000000000000004,8,14.5
2023,11,6,4,30,0,2,8,14.200000000000001
2023,11,6,5,30,0,1.7000000000000002,0,13.9
2023,11,6,6,30,0,1.6,0,13.700000000000001
2023,11,6,7,30,36,1.9000000000000001,0,15.200000000000001
2023,11,6,8,30,215,2.4000000000000004,0,18.400000000000002
2023,11,6,9,30,432,2.5,0,21.8
2023,11,6,10,30,591,2.4000000000000004,0,25.6
2023,11,6,11,30,695,2.4000000000000004,0,28.6
2023,11,6,12,30,733,2.4000000000000004,0,30.700000000000003
2023,11,6,13,30,702,2.4000000000000004,0,31.8
2023,11,6,14,30,603,2.3000000000000003,0,31.8
2023,11,6,15,30,446,2.1,0,31
2023,11,6,16,30,251,2,0,28.200000000000003
2023,11,6,17,30,57,2.5,0,24.400000000000002
2023,11,6,18,30,0,3.3000000000000003,0,22.1
2023,11,6,19,30,0,3.6,0,20.900000000000002
2023,11,6,20,30,0,3.5,0,19.900000000000002
2023,11,6,21,30,0,3.5,0,18.900000000000002
2023,11,6,22,30,0,3.3000000000000003,0,17.900000000000002
2023,11,6,23,30,0,2.9000000000000004,0,17
2023,11,7,0,30,0,2.6,0,16.3
2023,11,7,1,30,0,2.4000000000000004,0,15.8
2023,11,7,2,30,0,2.3000000000000003,0,15.4
2023,11,7,3,30,0,2.1,0,15.100000000000001
2023,11,7,4,30,0,2,0,14.8
2023,11,7,5,30,0,1.9000000000000001,0,14.4
2023,11,7,6,30,0,1.8,0,14.100000000000001
2023,11,7,7,30,42,2,0,15.9
2023,11,7,8,30,233,2.5,0,19.3
2023,11,7,9,30,428,2.5,0,22.8
2023,11,7,10,30,584,2.4000000000000004,0,26.5
2023,11,7,11,30,683,2.6,0,29.8
2023,11,7,12,30,717,2.8000000000000003,0,32.1
2023,11,7,13,30,684,2.8000000000000003,0,33.1
2023,11,7,14,30,587,2.7,0,33.4
2023,11,7,15,30,435,2.1,0,32.800000000000004
2023,11,7,16,30,244,1.3,0,30.6
2023,11,7,17,30,54,1,0,27.3
2023,11,7,18,30,0,1.6,0,24.700000000000003
2023,11,7,19,30,0,2.1,0,22.8
2023,11,7,20,30,0,2.5,0,21.200000000000003
2023,11,7,21,30,0,2.6,0,19.8
2023,11,7,22,30,0,2.5,0,18.6
2023,11,7,23,30,0,2.4000000000000004,0,17.7
2023,11,8,0,30,0,2.2,0,17
2023,11,8,1,30,0,1.9000000000000001,0,16.400000000000002
2023,11,8,2,30,0,1.7000000000000002,0,16.1
2023,11,8,3,30,0,1.6,0,15.9
2023,11,8,4,30,0,1.5,0,15.8
2023,11,8,5,30,0,1.4000000000000001,0,15.600000000000001
2023,11,8,6,30,0,1.4000000000000001,0,15.3
2023,11,8,7,30,38,1.5,0,16.8
2023,11,8,8,30,222,2,0,19.900000000000002
2023,11,8,9,30,412,2.3000000000000003,0,23.3
2023,11,8,10,30,550,2.7,0,26.900000000000002
2023,11,8,11,30,652,3.5,0,30.1
2023,11,8,12,30,635,3.8000000000000003,0,31.700000000000003
2023,11,8,13,30,464,3.6,8,32
2023,11,8,14,30,450,3.2,3,31.900000000000002
2023,11,8,15,30,282,2.5,3,31.1
2023,11,8,16,30,182,1.5,0,28.8
2023,11,8,17,30,49,1.2000000000000002,0,25.700000000000003
2023,11,8,18,30,0,1.4000000000000001,0,23.8
2023,11,8,19,30,0,1.7000000000000002,0,22.900000000000002
2023,11,8,20,30,0,2.1,0,22.200000000000003
2023,11,8,21,30,0,2.6,3,21.6
2023,11,8,22,30,0,3.2,8,21.1
2023,11,8,23,30,0,3.5,7,20.5
2023,11,9,0,30,0,3.5,7,19.700000000000003
2023,11,9,1,30,0,3.1,7,19
2023,11,9,2,30,0,2.4000000000000004,6,18.400000000000002
2023,11,9,3,30,0,1.6,6,18.1
2023,11,9,4,30,0,1.2000000000000002,6,17.7
2023,11,9,5,30,0,1.6,6,17.2
2023,11,9,6,30,0,2.7,6,16.5
2023,11,9,7,30,8,3.9000000000000004,6,15.9
2023,11,9,8,30,54,4.800000000000001,7,15.5
2023,11,9,9,30,160,5.300000000000001,8,15.200000000000001
2023,11,9,10,30,172,5.5,8,15.3
2023,11,9,11,30,99,5.300000000000001,8,15.4
2023,11,9,12,30,138,5,8,15.4
2023,11,9,13,30,156,4.800000000000001,7,15.3
2023,11,9,14,30,80,4.5,7,14.9
2023,11,9,15,30,63,4.3,7,14.3
2023,11,9,16,30,61,4.1000000000000005,8,13.4
2023,11,9,17,30,14,3.9000000000000004,8,12.5
2023,11,9,18,30,0,3.8000000000000003,8,11.600000000000001
2023,11,9,19,30,0,3.7,5,10.8
2023,11,9,20,30,0,3.5,4,10.200000000000001
2023,11,9,21,30,0,3.3000000000000003,4,9.9
2023,11,9,22,30,0,3.1,4,9.600000000000001
2023,11,9,23,30,0,3.1,4,9.4
2023,11,10,0,30,0,2.9000000000000004,4,9.1
2023,11,10,1,30,0,2.7,4,8.8
2023,11,10,2,30,0,2.6,4,8.6
2023,11,10,3,30,0,2.5,4,8.4
2023,11,10,4,30,0,2.3000000000000003,5,8.1
2023,11,10,5,30,0,2.2,4,7.800000000000001
2023,11,10,6,30,0,2.2,4,7.7
2023,11,10,7,30,6,2.6,5,8
2023,11,10,8,30,57,3.1,5,9.200000000000001
2023,11,10,9,30,71,3.4000000000000004,5,10.8
2023,11,10,10,30,90,3.4000000000000004,5,12.5
2023,11,10,11,30,145,3.1,5,13.700000000000001
2023,11,10,12,30,130,3,5,14.600000000000001
2023,11,10,13,30,97,2.9000000000000004,5,15.4
2023,11,10,14,30,207,2.5,4,15.8
2023,11,10,15,30,90,2.1,3,15.5
2023,11,10,16,30,117,1.6,0,14.600000000000001
2023,11,10,17,30,45,1,0,13.5
2023,11,10,18,30,0,0.6000000000000001,0,12.600000000000001
2023,11,10,19,30,0,0.7000000000000001,4,12.100000000000001
2023,11,10,20,30,0,0.8,4,11.8
2023,11,10,21,30,0,1.1,4,11.4
2023,11,10,22,30,0,1.2000000000000002,0,11
2023,11,10,23,30,0,1.3,0,10.4
2023,11,11,0,30,0,1.2000000000000002,0,9.700000000000001
2023,11,11,1,30,0,1.1,0,9.1
2023,11,11,2,30,0,1,0,8.9
2023,11,11,3,30,0,0.9,0,9.1
2023,11,11,4,30,0,0.9,0,9.200000000000001
2023,11,11,5,30,0,1.1,0,9.3
2023,11,11,6,30,0,1.1,0,9.1
2023,11,11,7,30,29,1.4000000000000001,0,9.700000000000001
2023,11,11,8,30,57,1.7000000000000002,3,11.100000000000001
2023,11,11,9,30,77,1.5,3,12.9
2023,11,11,10,30,65,1.1,3,14.5
2023,11,11,11,30,140,0.8,3,15.700000000000001
2023,11,11,12,30,241,0.6000000000000001,3,16.6
2023,11,11,13,30,142,0.5,3,17.400000000000002
2023,11,11,14,30,72,0.6000000000000001,5,17.900000000000002
2023,11,11,15,30,101,0.7000000000000001,3,17.900000000000002
2023,11,11,16,30,124,0.9,3,17.2
2023,11,11,17,30,31,0.9,3,15.600000000000001
2023,11,11,18,30,0,0.9,0,13.9
2023,11,11,19,30,0,1.1,0,12.8
2023,11,11,20,30,0,1.1,0,11.9
2023,11,11,21,30,0,1.1,0,11.200000000000001
2023,11,11,22,30,0,1.1,4,10.600000000000001
2023,11,11,23,30,0,1.1,0,10
2023,11,12,0,30,0,1.1,0,9.600000000000001
2023,11,12,1,30,0,1,0,9.3
2023,11,12,2,30,0,0.9,0,9.5
2023,11,12,3,30,0,0.8,0,9.700000000000001
2023,11,12,4,30,0,0.6000000000000001,0,9.700000000000001
2023,11,12,5,30,0,0.6000000000000001,0,9.600000000000001
2023,11,12,6,30,0,0.6000000000000001,7,9.700000000000001
2023,11,12,7,30,12,0.6000000000000001,8,10.3
2023,11,12,8,30,82,0.8,8,12.100000000000001
2023,11,12,9,30,117,1.5,8,14.600000000000001
2023,11,12,10,30,137,2,3,16.8
2023,11,12,11,30,172,2.1,3,18.2
2023,11,12,12,30,170,2.4000000000000004,8,19
2023,11,12,13,30,232,2.7,7,19.200000000000003
2023,11,12,14,30,158,3.1,7,18.900000000000002
2023,11,12,15,30,86,3.3000000000000003,8,18.2
2023,11,12,16,30,81,3.3000000000000003,7,17
2023,11,12,17,30,14,3,7,15.5
2023,11,12,18,30,0,2.5,7,14.100000000000001
2023,11,12,19,30,0,2.2,7,13.100000000000001
2023,11,12,20,30,0,1.9000000000000001,8,12.4
2023,11,12,21,30,0,1.7000000000000002,8,12.200000000000001
2023,11,12,22,30,0,1.5,7,12.100000000000001
2023,11,12,23,30,0,1.6,4,12
2023,11,13,0,30,0,1.5,5,11.9
2023,11,13,1,30,0,1.4000000000000001,8,11.700000000000001
2023,11,13,2,30,0,1.4000000000000001,8,11.600000000000001
2023,11,13,3,30,0,1.5,8,11.600000000000001
2023,11,13,4,30,0,1.5,7,11.700000000000001
2023,11,13,5,30,0,1.2000000000000002,8,11.700000000000001
2023,11,13,6,30,0,1.1,8,11.700000000000001
2023,11,13,7,30,4,1.4000000000000001,7,12
2023,11,13,8,30,13,2.2,7,12.5
2023,11,13,9,30,25,2.7,8,13.200000000000001
2023,11,13,10,30,136,3.2,7,14.100000000000001
2023,11,13,11,30,70,3.5,7,15
2023,11,13,12,30,162,3.5,8,15.700000000000001
2023,11,13,13,30,342,3.6,3,16
2023,11,13,14,30,210,3.6,3,15.8
2023,11,13,15,30,48,3.5,8,15.3
2023,11,13,16,30,169,3,0,14.600000000000001
2023,11,13,17,30,39,2.1,0,13.5
2023,11,13,18,30,0,1.5,0,12.4
2023,11,13,19,30,0,1.3,0,11.5
2023,11,13,20,30,0,1.2000000000000002,0,10.5
2023,11,13,21,30,0,1.1,0,9.9
2023,11,13,22,30,0,1,0,9.5
2023,11,13,23,30,0,0.9,0,9.4
2023,11,14,0,30,0,0.9,0,9.4
2023,11,14,1,30,0,1,0,9.3
2023,11,14,2,30,0,1,0,9.200000000000001
2023,11,14,3,30,0,1,0,9
2023,11,14,4,30,0,1.1,0,8.8
2023,11,14,5,30,0,1.3,0,8.6
2023,11,14,6,30,0,1.3,0,8.5
2023,11,14,7,30,27,1.3,0,8.8
2023,11,14,8,30,124,1.4000000000000001,0,9.9
2023,11,14,9,30,380,1.4000000000000001,0,12.3
2023,11,14,10,30,527,1.3,0,14.9
2023,11,14,11,30,233,1.2000000000000002,3,16.6
2023,11,14,12,30,206,1,3,18
2023,11,14,13,30,153,0.8,3,19.1
2023,11,14,14,30,162,0.7000000000000001,3,19.6
2023,11,14,15,30,257,0.7000000000000001,3,19.3
2023,11,14,16,30,100,0.6000000000000001,8,18.2
2023,11,14,17,30,23,0.7000000000000001,8,16.3
2023,11,14,18,30,0,0.9,7,14.700000000000001
2023,11,14,19,30,0,1.1,7,13.9
2023,11,14,20,30,0,1.3,8,13.200000000000001
2023,11,14,21,30,0,1.4000000000000001,8,12.600000000000001
2023,11,14,22,30,0,1.5,8,11.8
2023,11,14,23,30,0,1.5,0,11
2023,11,15,0,30,0,1.5,0,10.200000000000001
2023,11,15,1,30,0,1.4000000000000001,0,9.700000000000001
2023,11,15,2,30,0,1.3,0,9.5
2023,11,15,3,30,0,1.2000000000000002,0,9.700000000000001
2023,11,15,4,30,0,1.2000000000000002,0,9.5
2023,11,15,5,30,0,1.2000000000000002,0,9.200000000000001
2023,11,15,6,30,0,1.3,0,9.1
2023,11,15,7,30,28,1.9000000000000001,0,10.3
2023,11,15,8,30,208,2.2,0,12.8
2023,11,15,9,30,223,2,3,16
2023,11,15,10,30,247,1.6,3,19.200000000000003
2023,11,15,11,30,447,1.1,3,21.400000000000002
2023,11,15,12,30,695,1.1,0,22.6
2023,11,15,13,30,665,1.7000000000000002,0,23.3
2023,11,15,14,30,569,2,0,23.5
2023,11,15,15,30,418,2.1,0,23.1
2023,11,15,16,30,228,1.6,0,21.3
2023,11,15,17,30,40,1.3,0,18.2
2023,11,15,18,30,0,1.6,0,16.2
2023,11,15,19,30,0,2.2,0,15.5
2023,11,15,20,30,0,2.5,0,14.8
2023,11,15,21,30,0,2.4000000000000004,0,13.8
2023,11,15,22,30,0,2.4000000000000004,0,13.100000000000001
2023,11,15,23,30,0,2.4000000000000004,0,12.5
2023,11,16,0,30,0,2.3000000000000003,0,11.8
2023,11,16,1,30,0,2.1,0,11.3
2023,11,16,2,30,0,2,0,11
2023,11,16,3,30,0,2,7,10.8
2023,11,16,4,30,0,1.9000000000000001,8,10.4
2023,11,16,5,30,0,1.8,8,10
2023,11,16,6,30,0,1.8,0,9.8
2023,11,16,7,30,15,2.4000000000000004,7,11.3
2023,11,16,8,30,147,3.3000000000000003,8,13.8
2023,11,16,9,30,260,3.4000000000000004,7,16
2023,11,16,10,30,398,3.4000000000000004,7,18.6
2023,11,16,11,30,448,3.1,7,21
2023,11,16,12,30,495,2.7,7,22.1
2023,11,16,13,30,338,2.5,6,22.6
2023,11,16,14,30,332,2.3000000000000003,7,22.900000000000002
2023,11,16,15,30,254,1.5,7,22.3
2023,11,16,16,30,114,0.9,6,20.900000000000002
2023,11,16,17,30,18,1.1,7,19.200000000000003
2023,11,16,18,30,0,1.3,6,18
2023,11,16,19,30,0,1.5,6,17
2023,11,16,20,30,0,1.8,6,16.2
2023,11,16,21,30,0,2,6,15.8
2023,11,16,22,30,0,2.3000000000000003,6,16
2023,11,16,23,30,0,2.4000000000000004,7,16.1
2023,11,17,0,30,0,2.5,7,15.9
2023,11,17,1,30,0,2.5,0,15.5
2023,11,17,2,30,0,2.4000000000000004,8,15.200000000000001
2023,11,17,3,30,0,2.5,0,14.9
2023,11,17,4,30,0,2.4000000000000004,7,14.3
2023,11,17,5,30,0,2.4000000000000004,8,13.5
2023,11,17,6,30,0,2.4000000000000004,0,12.9
2023,11,17,7,30,8,3,5,13.9
2023,11,17,8,30,67,3.7,5,16.1
2023,11,17,9,30,373,4,0,18.1
2023,11,17,10,30,470,3.9000000000000004,0,19.400000000000002
2023,11,17,11,30,451,3.7,8,20.200000000000003
2023,11,17,12,30,522,3.7,8,20.900000000000002
2023,11,17,13,30,524,3.6,8,21.700000000000003
2023,11,17,14,30,488,3.5,0,22.400000000000002
2023,11,17,15,30,341,3.2,3,22.5
2023,11,17,16,30,215,2.1,0,21
2023,11,17,17,30,38,1.2000000000000002,0,18.1
2023,11,17,18,30,0,1.3,0,16.2
2023,11,17,19,30,0,1.5,0,15.3
2023,11,17,20,30,0,1.8,0,14.3
2023,11,17,21,30,0,1.9000000000000001,8,13.3
2023,11,17,22,30,0,1.9000000000000001,8,12.5
2023,11,17,23,30,0,1.8,7,12
2023,11,18,0,30,0,1.4000000000000001,7,11.4
2023,11,18,1,30,0,1,8,10.9
2023,11,18,2,30,0,0.8,8,10.600000000000001
2023,11,18,3,30,0,0.7000000000000001,5,10.4
2023,11,18,4,30,0,0.6000000000000001,8,10.200000000000001
2023,11,18,5,30,0,0.7000000000000001,5,9.9
2023,11,18,6,30,0,0.9,4,9.8
2023,11,18,7,30,3,1.4000000000000001,5,10.5
2023,11,18,8,30,42,2,5,12.5
2023,11,18,9,30,127,2.3000000000000003,3,15
2023,11,18,10,30,229,2.4000000000000004,3,17.5
2023,11,18,11,30,364,2.5,3,19.6
2023,11,18,12,30,604,2.7,0,21.3
2023,11,18,13,30,520,3,3,22.400000000000002
2023,11,18,14,30,375,3.4000000000000004,3,22.900000000000002
2023,11,18,15,30,385,3.7,0,22.8
2023,11,18,16,30,207,3.4000000000000004,0,21.400000000000002
2023,11,18,17,30,34,3.3000000000000003,0,19.1
2023,11,18,18,30,0,4,0,17.6
2023,11,18,19,30,0,4.7,0,16.900000000000002
2023,11,18,20,30,0,4.800000000000001,0,16
2023,11,18,21,30,0,4.7,0,15.3
2023,11,18,22,30,0,4.5,0,14.9
2023,11,18,23,30,0,4.5,0,14.600000000000001
2023,11,19,0,30,0,4.6000000000000005,0,14.4
2023,11,19,1,30,0,4.800000000000001,0,14.100000000000001
2023,11,19,2,30,0,4.7,0,14
2023,11,19,3,30,0,4.3,0,13.9
2023,11,19,4,30,0,3.7,0,13.8
2023,11,19,5,30,0,2.8000000000000003,0,13.4
2023,11,19,6,30,0,2,0,13
2023,11,19,7,30,18,2.2,0,13.9
2023,11,19,8,30,188,2.8000000000000003,0,16.5
2023,11,19,9,30,183,3.6,3,19.5
2023,11,19,10,30,498,4.800000000000001,0,22.400000000000002
2023,11,19,11,30,607,5.800000000000001,0,24.3
2023,11,19,12,30,687,6.1000000000000005,0,25.3
2023,11,19,13,30,658,6.2,0,25.8
2023,11,19,14,30,564,6.2,0,25.900000000000002
2023,11,19,15,30,414,5.7,0,25.6
2023,11,19,16,30,225,4.3,0,23.5
2023,11,19,17,30,39,3,0,20.200000000000003
2023,11,19,18,30,0,2.9000000000000004,0,18.1
2023,11,19,19,30,0,3,0,17.1
2023,11,19,20,30,0,2.8000000000000003,0,15.9
2023,11,19,21,30,0,2.4000000000000004,0,14.8
2023,11,19,22,30,0,2.3000000000000003,0,13.9
2023,11,19,23,30,0,2.3000000000000003,0,13.200000000000001
2023,11,20,0,30,0,2.3000000000000003,0,12.5
2023,11,20,1,30,0,2.5,0,12.100000000000001
2023,11,20,2,30,0,2.8000000000000003,0,11.8
2023,11,20,3,30,0,3,0,11.600000000000001
2023,11,20,4,30,0,3.4000000000000004,0,11.4
2023,11,20,5,30,0,4,0,11.4
2023,11,20,6,30,0,4.4,0,11.3
2023,11,20,7,30,19,5,0,11.9
2023,11,20,8,30,191,5.800000000000001,0,14
2023,11,20,9,30,384,6.800000000000001,0,16.3
2023,11,20,10,30,541,7.2,0,18.1
2023,11,20,11,30,643,7.2,0,19.200000000000003
2023,11,20,12,30,680,6.9,0,20.1
2023,11,20,13,30,649,6.5,0,20.6
2023,11,20,14,30,515,6.1000000000000005,0,20.700000000000003
2023,11,20,15,30,259,5.6000000000000005,3,20.200000000000003
2023,11,20,16,30,184,4.4,0,18.8
2023,11,20,17,30,21,3,5,16.3
2023,11,20,18,30,0,2.6,0,14.5
2023,11,20,19,30,0,3.1,0,14
2023,11,20,20,30,0,3.9000000000000004,0,13.5
2023,11,20,21,30,0,4.4,0,12.8
2023,11,20,22,30,0,4.2,0,11.700000000000001
2023,11,20,23,30,0,3.7,0,10.600000000000001
2023,11,21,0,30,0,3.7,0,9.600000000000001
2023,11,21,1,30,0,3.7,0,8.9
2023,11,21,2,30,0,3.5,0,8.1
2023,11,21,3,30,0,3.4000000000000004,0,7.6000000000000005
2023,11,21,4,30,0,3.4000000000000004,4,7.300000000000001
2023,11,21,5,30,0,3.3000000000000003,4,7
2023,11,21,6,30,0,3.2,4,6.7
2023,11,21,7,30,7,3.6,4,7.4
2023,11,21,8,30,50,4.800000000000001,4,9.5
2023,11,21,9,30,182,5.9,3,11.600000000000001
2023,11,21,10,30,166,6.300000000000001,4,13.100000000000001
2023,11,21,11,30,471,6.4,3,14.4
2023,11,21,12,30,678,6.300000000000001,0,15.3
2023,11,21,13,30,652,6.1000000000000005,0,15.9
2023,11,21,14,30,559,5.800000000000001,0,16
2023,11,21,15,30,411,5.4,0,15.600000000000001
2023,11,21,16,30,223,4,0,14.100000000000001
2023,11,21,17,30,38,2.3000000000000003,0,11
2023,11,21,18,30,0,1.7000000000000002,0,8.6
2023,11,21,19,30,0,1.5,0,7.4
2023,11,21,20,30,0,1.4000000000000001,0,6.5
2023,11,21,21,30,0,1.3,0,5.9
2023,11,21,22,30,0,1.2000000000000002,0,5.5
2023,11,21,23,30,0,1.1,0,5.2
2023,11,22,0,30,0,1,0,4.800000000000001
2023,11,22,1,30,0,1,0,4.3
2023,11,22,2,30,0,1.1,0,3.8000000000000003
2023,11,22,3,30,0,1.1,0,3.3000000000000003
2023,11,22,4,30,0,1.2000000000000002,0,2.9000000000000004
2023,11,22,5,30,0,1.2000000000000002,0,2.5
2023,11,22,6,30,0,1.3,0,2.1
2023,11,22,7,30,18,1.4000000000000001,0,3.5
2023,11,22,8,30,193,2.1,0,6.7
2023,11,22,9,30,387,2.4000000000000004,0,10.3
2023,11,22,10,30,544,1.8,0,13.8
2023,11,22,11,30,649,1.4000000000000001,0,16.1
2023,11,22,12,30,690,1.2000000000000002,0,17.3
2023,11,22,13,30,661,1.2000000000000002,0,18
2023,11,22,14,30,567,1.2000000000000002,0,18.1
2023,11,22,15,30,416,0.9,0,17.7
2023,11,22,16,30,225,0.5,0,16.2
2023,11,22,17,30,38,0.7000000000000001,0,13.700000000000001
2023,11,22,18,30,0,1.1,0,11.3
2023,11,22,19,30,0,1.4000000000000001,0,9.4
2023,11,22,20,30,0,1.7000000000000002,0,8.200000000000001
2023,11,22,21,30,0,2,0,7.5
2023,11,22,22,30,0,2.3000000000000003,0,6.9
2023,11,22,23,30,0,2.3000000000000003,0,6.300000000000001
2023,11,23,0,30,0,2.2,0,5.7
2023,11,23,1,30,0,2.1,0,5.2
2023,11,23,2,30,0,2.1,0,4.7
2023,11,23,3,30,0,2,0,4.3
2023,11,23,4,30,0,1.9000000000000001,0,3.9000000000000004
2023,11,23,5,30,0,1.8,0,3.5
2023,11,23,6,30,0,1.8,0,3.2
2023,11,23,7,30,15,2.1,0,4.6000000000000005
2023,11,23,8,30,191,2.6,0,7.800000000000001
2023,11,23,9,30,387,2.6,0,11.3
2023,11,23,10,30,547,2.1,0,14.9
2023,11,23,11,30,653,1.7000000000000002,0,17.6
2023,11,23,12,30,693,1.8,0,19.3
2023,11,23,13,30,663,2.2,0,20.1
2023,11,23,14,30,566,2.6,0,20.3
2023,11,23,15,30,414,2.8000000000000003,0,19.700000000000003
2023,11,23,16,30,216,2.2,0,17
2023,11,23,17,30,25,1.9000000000000001,8,13.3
2023,11,23,18,30,0,2.7,0,11.5
2023,11,23,19,30,0,3.8000000000000003,7,11.3
2023,11,23,20,30,0,4.3,7,11.100000000000001
2023,11,23,21,30,0,4.4,7,10.600000000000001
2023,11,23,22,30,0,4.3,7,9.700000000000001
2023,11,23,23,30,0,4.3,7,8.9
2023,11,24,0,30,0,4.1000000000000005,0,8.1
2023,11,24,1,30,0,3.6,0,7.1000000000000005
2023,11,24,2,30,0,3.2,0,6
2023,11,24,3,30,0,2.9000000000000004,0,5.300000000000001
2023,11,24,4,30,0,2.6,0,4.800000000000001
2023,11,24,5,30,0,2.4000000000000004,0,4.5
2023,11,24,6,30,0,2.2,0,4.3
2023,11,24,7,30,13,2.1,0,5.300000000000001
2023,11,24,8,30,177,2.3000000000000003,0,7.800000000000001
2023,11,24,9,30,369,1.7000000000000002,0,10.700000000000001
2023,11,24,10,30,527,1.3,0,13.700000000000001
2023,11,24,11,30,632,1.6,0,16.1
2023,11,24,12,30,669,1.9000000000000001,0,17.6
2023,11,24,13,30,641,2.1,0,18.400000000000002
2023,11,24,14,30,547,2.3000000000000003,0,18.7
2023,11,24,15,30,396,2.6,0,18.1
2023,11,24,16,30,207,2.4000000000000004,0,16.2
2023,11,24,17,30,22,2.2,8,13.8
2023,11,24,18,30,0,2.5,0,12.3
2023,11,24,19,30,0,2.6,0,11.5
2023,11,24,20,30,0,2.5,0,10.700000000000001
2023,11,24,21,30,0,2.3000000000000003,0,10
2023,11,24,22,30,0,2.3000000000000003,0,9.3
2023,11,24,23,30,0,2.3000000000000003,0,8.8
2023,11,25,0,30,0,2.6,0,8.3
2023,11,25,1,30,0,3.1,0,8.200000000000001
2023,11,25,2,30,0,3.4000000000000004,0,8.200000000000001
2023,11,25,3,30,0,3.3000000000000003,0,8.1
2023,11,25,4,30,0,3.3000000000000003,0,8
2023,11,25,5,30,0,3.4000000000000004,0,8
2023,11,25,6,30,0,3.5,0,8.200000000000001
2023,11,25,7,30,8,3.6,0,8.5
2023,11,25,8,30,22,4.1000000000000005,3,9.4
2023,11,25,9,30,44,4.4,3,10.600000000000001
2023,11,25,10,30,168,4.7,3,11.8
2023,11,25,11,30,205,4.7,3,13.200000000000001
2023,11,25,12,30,158,4.6000000000000005,3,14.9
2023,11,25,13,30,536,4.1000000000000005,0,16.6
2023,11,25,14,30,518,3.3000000000000003,0,17.900000000000002
2023,11,25,15,30,379,2.4000000000000004,0,18.5
2023,11,25,16,30,198,1.4000000000000001,0,17.2
2023,11,25,17,30,28,1.2000000000000002,0,14.4
2023,11,25,18,30,0,1.5,0,12.600000000000001
2023,11,25,19,30,0,1.4000000000000001,3,11.8
2023,11,25,20,30,0,1.2000000000000002,0,11.100000000000001
2023,11,25,21,30,0,0.9,4,10.700000000000001
2023,11,25,22,30,0,0.7000000000000001,3,10.5
2023,11,25,23,30,0,0.6000000000000001,3,10.200000000000001
2023,11,26,0,30,0,0.9,5,9.9
2023,11,26,1,30,0,1.6,5,9.600000000000001
2023,11,26,2,30,0,2.4000000000000004,5,9.3
2023,11,26,3,30,0,3.1,5,9
2023,11,26,4,30,0,3.7,5,8.6
2023,11,26,5,30,0,4.3,7,7.9
2023,11,26,6,30,0,4.6000000000000005,7,6.800000000000001
2023,11,26,7,30,5,4.5,7,5.9
2023,11,26,8,30,67,4.3,5,5.800000000000001
2023,11,26,9,30,243,3.9000000000000004,3,6.7
2023,11,26,10,30,344,3.7,5,8.3
2023,11,26,11,30,577,3.6,0,9.9
2023,11,26,12,30,668,3.6,0,11.3
2023,11,26,13,30,642,3.3000000000000003,0,12.200000000000001
2023,11,26,14,30,539,3.1,0,12.600000000000001
2023,11,26,15,30,398,2.8000000000000003,0,12.3
2023,11,26,16,30,211,1.9000000000000001,0,11.100000000000001
2023,11,26,17,30,31,1,0,9.4
2023,11,26,18,30,0,0.9,0,8.200000000000001
2023,11,26,19,30,0,1,0,7.6000000000000005
2023,11,26,20,30,0,1,8,6.9
2023,11,26,21,30,0,1.1,8,6.2
2023,11,26,22,30,0,1.1,0,5.5
2023,11,26,23,30,0,1.2000000000000002,8,4.800000000000001
2023,11,27,0,30,0,1.2000000000000002,8,4.2
2023,11,27,1,30,0,1.2000000000000002,0,3.9000000000000004
2023,11,27,2,30,0,1.2000000000000002,0,3.7
2023,11,27,3,30,0,1.2000000000000002,0,3.3000000000000003
2023,11,27,4,30,0,1.2000000000000002,5,2.8000000000000003
2023,11,27,5,30,0,1.2000000000000002,0,2.5
2023,11,27,6,30,0,1.4000000000000001,0,2.2
2023,11,27,7,30,5,2.2,8,3.2
2023,11,27,8,30,64,3.3000000000000003,8,5.5
2023,11,27,9,30,228,4,8,8.1
2023,11,27,10,30,358,4.1000000000000005,8,10.3
2023,11,27,11,30,420,3.9000000000000004,8,12.100000000000001
2023,11,27,12,30,467,3.7,8,13.3
2023,11,27,13,30,441,3.5,8,13.9
2023,11,27,14,30,368,3.4000000000000004,8,14
2023,11,27,15,30,166,3.2,7,13.700000000000001
2023,11,27,16,30,49,2.7,7,12.200000000000001
2023,11,27,17,30,8,2.2,7,10.100000000000001
2023,11,27,18,30,0,2.4000000000000004,7,8.8
2023,11,27,19,30,0,2.6,7,8.5
2023,11,27,20,30,0,2.7,0,8
2023,11,27,21,30,0,2.5,0,7.5
2023,11,27,22,30,0,2,0,6.5
2023,11,27,23,30,0,1.7000000000000002,8,5.4
2023,11,28,0,30,0,1.7000000000000002,0,4.800000000000001
2023,11,28,1,30,0,1.5,0,4.3
2023,11,28,2,30,0,1.3,0,3.7
2023,11,28,3,30,0,1.2000000000000002,0,3.3000000000000003
2023,11,28,4,30,0,1.1,0,3
2023,11,28,5,30,0,1.1,0,2.8000000000000003
2023,11,28,6,30,0,1.1,0,2.6
2023,11,28,7,30,9,1.4000000000000001,0,3.7
2023,11,28,8,30,157,2.3000000000000003,0,6.5
2023,11,28,9,30,342,3,0,9.4
2023,11,28,10,30,497,3.2,0,11.8
2023,11,28,11,30,589,3.2,0,13.700000000000001
2023,11,28,12,30,588,3.1,0,15.3
2023,11,28,13,30,540,3,8,16.3
2023,11,28,14,30,449,2.8000000000000003,8,16.6
2023,11,28,15,30,309,2.7,8,16.2
2023,11,28,16,30,158,2.2,8,14.600000000000001
2023,11,28,17,30,20,2.1,8,12.4
2023,11,28,18,30,0,2.7,7,10.9
2023,11,28,19,30,0,3.2,7,10
2023,11,28,20,30,0,3.3000000000000003,0,9.1
2023,11,28,21,30,0,3.3000000000000003,8,8.200000000000001
2023,11,28,22,30,0,3.3000000000000003,8,7.5
2023,11,28,23,30,0,3,8,6.800000000000001
2023,11,29,0,30,0,2.8000000000000003,0,6.2
2023,11,29,1,30,0,2.7,0,5.9
2023,11,29,2,30,0,2.7,0,5.9
2023,11,29,3,30,0,2.7,0,6.1000000000000005
2023,11,29,4,30,0,2.5,0,6.2
2023,11,29,5,30,0,2.3000000000000003,8,6
2023,11,29,6,30,0,2.3000000000000003,7,5.800000000000001
2023,11,29,7,30,2,2.8000000000000003,8,6.1000000000000005
2023,11,29,8,30,61,3.5,8,7.300000000000001
2023,11,29,9,30,229,4.2,3,9.5
2023,11,29,10,30,379,4.800000000000001,5,12.200000000000001
2023,11,29,11,30,387,5,8,14.5
2023,11,29,12,30,553,5.2,0,16.400000000000002
2023,11,29,13,30,519,5.4,0,17.7
2023,11,29,14,30,522,5.5,0,18.3
2023,11,29,15,30,368,5.6000000000000005,0,17.900000000000002
2023,11,29,16,30,188,5.300000000000001,0,16.3
2023,11,29,17,30,25,5,0,13.8
2023,11,29,18,30,0,5.1000000000000005,8,11.8
2023,11,29,19,30,0,5.2,7,10.600000000000001
2023,11,29,20,30,0,5.300000000000001,7,9.700000000000001
2023,11,29,21,30,0,5.300000000000001,7,9.1
2023,11,29,22,30,0,5.2,0,8.8
2023,11,29,23,30,0,5.4,0,8.8
2023,11,30,0,30,0,5.4,0,9
2023,11,30,1,30,0,5.300000000000001,0,9.200000000000001
2023,11,30,2,30,0,5.2,3,9.5
2023,11,30,3,30,0,4.9,0,9.600000000000001
2023,11,30,4,30,0,4.6000000000000005,0,9.600000000000001
2023,11,30,5,30,0,4.3,0,9.5
2023,11,30,6,30,0,3.8000000000000003,0,9.3
2023,11,30,7,30,7,4,0,10
2023,11,30,8,30,158,4.5,0,12.3
2023,11,30,9,30,345,5.4,0,15.8
2023,11,30,10,30,503,7,0,19
2023,11,30,11,30,521,8.200000000000001,0,20.6
2023,11,30,12,30,624,8.5,0,21
2023,11,30,13,30,565,8.6,0,20.900000000000002
2023,11,30,14,30,440,8.200000000000001,0,20.6
2023,11,30,15,30,393,7.4,0,19.8
2023,11,30,16,30,209,5.5,0,17.900000000000002
2023,11,30,17,30,30,3.4000000000000004,0,14.700000000000001
2023,11,30,18,30,0,2.5,0,12.3
2023,11,30,19,30,0,2.3000000000000003,0,11.3
2023,11,30,20,30,0,2.1,0,10.4
2023,11,30,21,30,0,1.9000000000000001,0,9.5
2023,11,30,22,30,0,1.7000000000000002,0,8.8
2023,11,30,23,30,0,1.6,0,8.3
2023,12,1,0,30,0,1.5,0,7.800000000000001
2023,12,1,1,30,0,1.5,0,7.4
2023,12,1,2,30,0,1.5,0,7
2023,12,1,3,30,0,1.5,0,6.5
2023,12,1,4,30,0,1.5,0,6
2023,12,1,5,30,0,1.4000000000000001,0,5.6000000000000005
2023,12,1,6,30,0,1.4000000000000001,0,5.300000000000001
2023,12,1,7,30,5,1.3,0,6.300000000000001
2023,12,1,8,30,158,1.7000000000000002,0,9.1
2023,12,1,9,30,341,1.9000000000000001,0,12.4
2023,12,1,10,30,506,1.9000000000000001,0,15.8
2023,12,1,11,30,610,2.5,0,18.6
2023,12,1,12,30,652,3,0,20.1
2023,12,1,13,30,626,3.3000000000000003,0,20.8
2023,12,1,14,30,425,3.2,8,20.900000000000002
2023,12,1,15,30,292,2.3000000000000003,8,20.1
2023,12,1,16,30,135,1.2000000000000002,7,18.1
2023,12,1,17,30,20,0.9,8,16.400000000000002
2023,12,1,18,30,0,0.9,8,15.600000000000001
2023,12,1,19,30,0,0.9,7,14.8
2023,12,1,20,30,0,0.9,8,13.9
2023,12,1,21,30,0,0.9,0,12.9
2023,12,1,22,30,0,0.9,5,12.200000000000001
2023,12,1,23,30,0,0.8,5,11.700000000000001
2023,12,2,0,30,0,0.6000000000000001,5,11.4
2023,12,2,1,30,0,0.8,3,10.700000000000001
2023,12,2,2,30,0,1.1,5,9.600000000000001
2023,12,2,3,30,0,1.6,5,8.8
2023,12,2,4,30,0,2.3000000000000003,0,8.4
2023,12,2,5,30,0,2.6,4,8
2023,12,2,6,30,0,2.7,4,7.5
2023,12,2,7,30,2,3.5,5,8.3
2023,12,2,8,30,156,4.5,0,10.700000000000001
2023,12,2,9,30,350,5.6000000000000005,0,13.600000000000001
2023,12,2,10,30,514,6.7,0,16.1
2023,12,2,11,30,622,7,0,17.400000000000002
2023,12,2,12,30,665,6.7,0,18.2
2023,12,2,13,30,644,6.2,0,18.8
2023,12,2,14,30,553,5.7,0,18.900000000000002
2023,12,2,15,30,405,5,0,18.5
2023,12,2,16,30,217,3.3000000000000003,0,16
2023,12,2,17,30,32,1.9000000000000001,0,12.200000000000001
2023,12,2,18,30,0,1.7000000000000002,0,10.100000000000001
2023,12,2,19,30,0,1.7000000000000002,0,9.200000000000001
2023,12,2,20,30,0,1.8,0,8.4
2023,12,2,21,30,0,1.9000000000000001,0,7.6000000000000005
2023,12,2,22,30,0,2,0,6.800000000000001
2023,12,2,23,30,0,1.9000000000000001,0,6
2023,12,3,0,30,0,1.9000000000000001,0,5.2
2023,12,3,1,30,0,1.9000000000000001,0,4.6000000000000005
2023,12,3,2,30,0,1.9000000000000001,0,4.1000000000000005
2023,12,3,3,30,0,2,0,3.7
2023,12,3,4,30,0,2.1,0,3.4000000000000004
2023,12,3,5,30,0,2.1,0,3.3000000000000003
2023,12,3,6,30,0,2.2,0,3.3000000000000003
2023,12,3,7,30,6,2.7,0,4.7
2023,12,3,8,30,159,3.6,0,8.1
2023,12,3,9,30,351,4.4,0,11.8
2023,12,3,10,30,512,5.1000000000000005,0,15.3
2023,12,3,11,30,619,5.6000000000000005,0,18
2023,12,3,12,30,663,5.7,0,19.700000000000003
2023,12,3,13,30,636,5.800000000000001,0,20.700000000000003
2023,12,3,14,30,545,5.800000000000001,0,21.200000000000003
2023,12,3,15,30,397,5.1000000000000005,0,20.700000000000003
2023,12,3,16,30,210,3.5,0,17.900000000000002
2023,12,3,17,30,31,2.4000000000000004,0,14
2023,12,3,18,30,0,2.4000000000000004,0,12
2023,12,3,19,30,0,2.6,0,11.3
2023,12,3,20,30,0,3,0,10.700000000000001
2023,12,3,21,30,0,3.2,0,10.100000000000001
2023,12,3,22,30,0,3.2,0,9.5
2023,12,3,23,30,0,3.1,0,8.8
2023,12,4,0,30,0,2.9000000000000004,0,8.1
2023,12,4,1,30,0,2.6,0,7.2
2023,12,4,2,30,0,2.1,0,6.1000000000000005
2023,12,4,3,30,0,1.7000000000000002,0,5.1000000000000005
2023,12,4,4,30,0,1.3,0,4.5
2023,12,4,5,30,0,1.1,0,4.3
2023,12,4,6,30,0,1,0,3.7
2023,12,4,7,30,6,1.2000000000000002,0,4.4
2023,12,4,8,30,152,1.6,0,6.800000000000001
2023,12,4,9,30,340,2.3000000000000003,0,10.3
2023,12,4,10,30,499,2.8000000000000003,0,13.700000000000001
2023,12,4,11,30,605,3,0,16
2023,12,4,12,30,649,3.1,0,17.8
2023,12,4,13,30,624,3.2,0,19.3
2023,12,4,14,30,536,3,0,20.200000000000003
2023,12,4,15,30,392,2.3000000000000003,0,20.1
2023,12,4,16,30,208,1.5,0,17.400000000000002
2023,12,4,17,30,31,1.4000000000000001,0,13.8
2023,12,4,18,30,0,1.8,0,11.8
2023,12,4,19,30,0,2.2,0,11
2023,12,4,20,30,0,2.5,0,10.4
2023,12,4,21,30,0,2.6,0,9.700000000000001
2023,12,4,22,30,0,2.5,0,9
2023,12,4,23,30,0,2.3000000000000003,0,8.200000000000001
2023,12,5,0,30,0,2.1,0,7.7
2023,12,5,1,30,0,1.9000000000000001,0,7.300000000000001
2023,12,5,2,30,0,1.8,0,6.9
2023,12,5,3,30,0,1.9000000000000001,0,6.6000000000000005
2023,12,5,4,30,0,1.8,0,6.1000000000000005
2023,12,5,5,30,0,1.8,0,5.5
2023,12,5,6,30,0,1.8,0,5
2023,12,5,7,30,3,2.2,0,5.6000000000000005
2023,12,5,8,30,146,2.9000000000000004,0,7.7
2023,12,5,9,30,334,3.1,0,10.600000000000001
2023,12,5,10,30,492,2.9000000000000004,0,13.700000000000001
2023,12,5,11,30,598,2.6,0,16.3
2023,12,5,12,30,643,2.3000000000000003,0,18.400000000000002
2023,12,5,13,30,622,2,0,19.8
2023,12,5,14,30,534,1.7000000000000002,0,20.5
2023,12,5,15,30,390,1.3,0,20.3
2023,12,5,16,30,208,0.9,0,18.400000000000002
2023,12,5,17,30,30,1,0,15.700000000000001
2023,12,5,18,30,0,1.3,0,13.8
2023,12,5,19,30,0,1.4000000000000001,0,12.4
2023,12,5,20,30,0,1.5,0,11.3
2023,12,5,21,30,0,1.5,0,10.3
2023,12,5,22,30,0,1.5,0,9.3
2023,12,5,23,30,0,1.5,0,8.4
2023,12,6,0,30,0,1.4000000000000001,0,7.800000000000001
2023,12,6,1,30,0,1.3,0,7.300000000000001
2023,12,6,2,30,0,1.1,0,7.1000000000000005
2023,12,6,3,30,0,1,0,7
2023,12,6,4,30,0,0.8,0,6.800000000000001
2023,12,6,5,30,0,0.8,0,6.5
2023,12,6,6,30,0,0.8,0,6
2023,12,6,7,30,3,0.8,0,6.300000000000001
2023,12,6,8,30,107,1.1,0,8.200000000000001
2023,12,6,9,30,261,1.6,0,11.4
2023,12,6,10,30,487,2.3000000000000003,0,15.100000000000001
2023,12,6,11,30,465,3,3,17.8
2023,12,6,12,30,565,3.3000000000000003,0,19.5
2023,12,6,13,30,583,3.6,0,20.3
2023,12,6,14,30,506,3.8000000000000003,0,20.5
2023,12,6,15,30,326,3.8000000000000003,8,20
2023,12,6,16,30,140,3,7,17.6
2023,12,6,17,30,20,2.7,8,14.8
2023,12,6,18,30,0,3.5,8,13.600000000000001
2023,12,6,19,30,0,4.1000000000000005,8,13.200000000000001
2023,12,6,20,30,0,4.3,0,12.600000000000001
2023,12,6,21,30,0,4.5,8,12
2023,12,6,22,30,0,4.6000000000000005,8,11.5
2023,12,6,23,30,0,4.5,0,10.8
2023,12,7,0,30,0,4.3,8,10.100000000000001
2023,12,7,1,30,0,4,0,9.5
2023,12,7,2,30,0,4,7,9.200000000000001
2023,12,7,3,30,0,3.8000000000000003,0,9.1
2023,12,7,4,30,0,3.6,0,9
2023,12,7,5,30,0,3.3000000000000003,0,8.700000000000001
2023,12,7,6,30,0,3.2,7,8.5
2023,12,7,7,30,2,3.4000000000000004,8,9
2023,12,7,8,30,94,3.9000000000000004,8,10.9
2023,12,7,9,30,274,4.2,8,14.100000000000001
2023,12,7,10,30,489,4.4,0,17.900000000000002
2023,12,7,11,30,596,4.3,0,21.400000000000002
2023,12,7,12,30,639,4,0,24
2023,12,7,13,30,618,3.6,0,25.5
2023,12,7,14,30,533,3.3000000000000003,0,26.1
2023,12,7,15,30,389,2.4000000000000004,0,25.3
2023,12,7,16,30,207,1.7000000000000002,0,22.3
2023,12,7,17,30,30,2,0,18.6
2023,12,7,18,30,0,2.6,0,16.6
2023,12,7,19,30,0,3.2,0,15.600000000000001
2023,12,7,20,30,0,3.5,0,14.700000000000001
2023,12,7,21,30,0,3.7,0,13.8
2023,12,7,22,30,0,3.7,0,12.9
2023,12,7,23,30,0,3.5,0,12.3
2023,12,8,0,30,0,3.3000000000000003,0,11.700000000000001
2023,12,8,1,30,0,3.2,0,11.200000000000001
2023,12,8,2,30,0,3,0,10.600000000000001
2023,12,8,3,30,0,2.9000000000000004,0,10.100000000000001
2023,12,8,4,30,0,2.9000000000000004,0,9.700000000000001
2023,12,8,5,30,0,2.9000000000000004,0,9.4
2023,12,8,6,30,0,2.9000000000000004,0,9
2023,12,8,7,30,3,3.3000000000000003,0,9.9
2023,12,8,8,30,145,4,0,12.8
2023,12,8,9,30,334,4.2,0,16.400000000000002
2023,12,8,10,30,495,4.6000000000000005,0,20.400000000000002
2023,12,8,11,30,604,5.9,0,23.700000000000003
2023,12,8,12,30,650,6.800000000000001,0,25.5
2023,12,8,13,30,628,6.9,0,26
2023,12,8,14,30,544,6.7,0,26.1
2023,12,8,15,30,399,5.7,0,25.200000000000003
2023,12,8,16,30,216,3.9000000000000004,0,21.8
2023,12,8,17,30,32,2.9000000000000004,0,17.7
2023,12,8,18,30,0,3,0,15.9
2023,12,8,19,30,0,3.4000000000000004,0,15.3
2023,12,8,20,30,0,3.6,8,14.600000000000001
2023,12,8,21,30,0,3.3000000000000003,7,13.600000000000001
2023,12,8,22,30,0,3,0,12.600000000000001
2023,12,8,23,30,0,3,8,11.9
2023,12,9,0,30,0,3.1,0,11.4
2023,12,9,1,30,0,3.2,8,10.5
2023,12,9,2,30,0,3,0,9.4
2023,12,9,3,30,0,2.8000000000000003,0,8.3
2023,12,9,4,30,0,2.8000000000000003,0,7.300000000000001
2023,12,9,5,30,0,2.4000000000000004,0,6.4
2023,12,9,6,30,0,2.1,0,5.5
2023,12,9,7,30,3,2.3000000000000003,0,6.1000000000000005
2023,12,9,8,30,142,3.2,0,8.5
2023,12,9,9,30,337,4.800000000000001,0,11.700000000000001
2023,12,9,10,30,499,6.300000000000001,0,14.200000000000001
2023,12,9,11,30,609,7,0,15.4
2023,12,9,12,30,655,7.2,0,16.1
2023,12,9,13,30,634,7.300000000000001,0,16.400000000000002
2023,12,9,14,30,547,7.300000000000001,0,16.1
2023,12,9,15,30,401,7,0,15
2023,12,9,16,30,216,6.4,0,13
2023,12,9,17,30,32,5.7,0,10.4
2023,12,9,18,30,0,5.4,0,8.5
2023,12,9,19,30,0,5.1000000000000005,0,7.1000000000000005
2023,12,9,20,30,0,4.4,0,5.9
2023,12,9,21,30,0,3.8000000000000003,0,4.9
2023,12,9,22,30,0,3.1,0,3.9000000000000004
2023,12,9,23,30,0,2.6,0,2.9000000000000004
2023,12,10,0,30,0,2.3000000000000003,0,2
2023,12,10,1,30,0,2,0,1.1
2023,12,10,2,30,0,1.9000000000000001,0,0.4
2023,12,10,3,30,0,1.9000000000000001,0,-0.1
2023,12,10,4,30,0,2,0,-0.7000000000000001
2023,12,10,5,30,0,1.9000000000000001,0,-1.2000000000000002
2023,12,10,6,30,0,1.9000000000000001,0,-1.7000000000000002
2023,12,10,7,30,2,2.5,0,-1
2023,12,10,8,30,145,3,0,1.4000000000000001
2023,12,10,9,30,340,2.8000000000000003,0,4.800000000000001
2023,12,10,10,30,500,2.6,0,8.3
2023,12,10,11,30,611,2.8000000000000003,0,10.600000000000001
2023,12,10,12,30,660,3.3000000000000003,0,12
2023,12,10,13,30,639,3.6,0,13.100000000000001
2023,12,10,14,30,551,3.6,0,13.700000000000001
2023,12,10,15,30,406,3,0,13.600000000000001
2023,12,10,16,30,219,1.8,0,11.8
2023,12,10,17,30,34,1.2000000000000002,0,9.5
2023,12,10,18,30,0,1.4000000000000001,0,7.7
2023,12,10,19,30,0,1.6,0,6.1000000000000005
2023,12,10,20,30,0,1.7000000000000002,0,5.1000000000000005
2023,12,10,21,30,0,2,0,4.6000000000000005
2023,12,10,22,30,0,2.1,0,4.3
2023,12,10,23,30,0,2.3000000000000003,0,4
2023,12,11,0,30,0,2.3000000000000003,0,3.6
2023,12,11,1,30,0,2.3000000000000003,0,3.2
2023,12,11,2,30,0,2.3000000000000003,0,2.9000000000000004
2023,12,11,3,30,0,2.2,0,2.6
2023,12,11,4,30,0,2.2,0,2.3000000000000003
2023,12,11,5,30,0,2.1,0,1.9000000000000001
2023,12,11,6,30,0,2.1,0,1.6
2023,12,11,7,30,2,2.4000000000000004,0,2.6
2023,12,11,8,30,138,3.1,0,5.5
2023,12,11,9,30,328,3.5,0,9.1
2023,12,11,10,30,490,3.4000000000000004,0,12.700000000000001
2023,12,11,11,30,518,3.4000000000000004,0,15.8
2023,12,11,12,30,648,3.1,0,18.1
2023,12,11,13,30,570,2.7,0,19.400000000000002
2023,12,11,14,30,478,2,0,19.900000000000002
2023,12,11,15,30,399,1.2000000000000002,0,19.3
2023,12,11,16,30,201,0.9,8,16.7
2023,12,11,17,30,23,1.5,0,12.8
2023,12,11,18,30,0,2.4000000000000004,7,10.600000000000001
2023,12,11,19,30,0,3.6,7,9.8
2023,12,11,20,30,0,4.5,7,9.200000000000001
2023,12,11,21,30,0,4.7,7,8.200000000000001
2023,12,11,22,30,0,4.3,0,7.1000000000000005
2023,12,11,23,30,0,3.9000000000000004,0,6.300000000000001
2023,12,12,0,30,0,3.8000000000000003,7,5.7
2023,12,12,1,30,0,3.7,7,5.1000000000000005
2023,12,12,2,30,0,3.5,0,4.5
2023,12,12,3,30,0,3.2,0,4
2023,12,12,4,30,0,2.8000000000000003,0,3.5
2023,12,12,5,30,0,2.7,7,3.2
2023,12,12,6,30,0,2.9000000000000004,7,3.2
2023,12,12,7,30,0,3.4000000000000004,7,3.7
2023,12,12,8,30,71,3.8000000000000003,7,5
2023,12,12,9,30,205,4.3,8,7.5
2023,12,12,10,30,249,5.4,5,10.4
2023,12,12,11,30,357,6.2,8,12.700000000000001
2023,12,12,12,30,452,6.2,8,13.600000000000001
2023,12,12,13,30,437,6.1000000000000005,8,13.4
2023,12,12,14,30,359,6.1000000000000005,7,13.100000000000001
2023,12,12,15,30,246,5.9,8,13
2023,12,12,16,30,103,5.2,7,12.600000000000001
2023,12,12,17,30,10,4.5,7,12
2023,12,12,18,30,0,4.6000000000000005,7,11.5
2023,12,12,19,30,0,5.1000000000000005,7,11.3
2023,12,12,20,30,0,5.300000000000001,6,11.200000000000001
2023,12,12,21,30,0,5.2,6,11.100000000000001
2023,12,12,22,30,0,5.1000000000000005,7,11.100000000000001
2023,12,12,23,30,0,4.9,8,11.200000000000001
2023,12,13,0,30,0,4.6000000000000005,8,11.3
2023,12,13,1,30,0,4.4,8,11.3
2023,12,13,2,30,0,4.2,5,11.4
2023,12,13,3,30,0,3.9000000000000004,5,11.4
2023,12,13,4,30,0,3.9000000000000004,7,11.600000000000001
2023,12,13,5,30,0,3.8000000000000003,7,11.700000000000001
2023,12,13,6,30,0,3.6,3,11.700000000000001
2023,12,13,7,30,0,3.8000000000000003,8,11.9
2023,12,13,8,30,28,4.3,7,12.3
2023,12,13,9,30,17,5.1000000000000005,6,13.100000000000001
2023,12,13,10,30,18,5.800000000000001,8,13.8
2023,12,13,11,30,33,6.300000000000001,8,14.5
2023,12,13,12,30,53,6.6000000000000005,5,14.9
2023,12,13,13,30,136,6.800000000000001,5,15.200000000000001
2023,12,13,14,30,32,7,5,15.100000000000001
2023,12,13,15,30,98,7,3,14.600000000000001
2023,12,13,16,30,88,6.5,3,13.700000000000001
2023,12,13,17,30,27,6,0,12.700000000000001
2023,12,13,18,30,0,6,0,11.9
2023,12,13,19,30,0,6.4,0,11.4
2023,12,13,20,30,0,6.5,0,11
2023,12,13,21,30,0,6.2,0,10.600000000000001
2023,12,13,22,30,0,6.1000000000000005,0,10.3
2023,12,13,23,30,0,5.9,0,9.9
2023,12,14,0,30,0,5.800000000000001,0,9.5
2023,12,14,1,30,0,5.7,0,9.1
2023,12,14,2,30,0,5.5,0,8.700000000000001
2023,12,14,3,30,0,5.1000000000000005,0,8.3
2023,12,14,4,30,0,4.7,0,8.1
2023,12,14,5,30,0,4.7,0,8
2023,12,14,6,30,0,4.6000000000000005,0,8.1
2023,12,14,7,30,0,4.7,0,8.3
2023,12,14,8,30,100,5.1000000000000005,0,9.1
2023,12,14,9,30,217,5.5,0,10.3
2023,12,14,10,30,118,6,3,11.600000000000001
2023,12,14,11,30,28,6.5,3,12.9
2023,12,14,12,30,443,6.9,0,14.100000000000001
2023,12,14,13,30,582,7,0,15.100000000000001
2023,12,14,14,30,501,7,0,15.9
2023,12,14,15,30,362,6.7,0,16.1
2023,12,14,16,30,189,6.1000000000000005,0,15.200000000000001
2023,12,14,17,30,29,5.6000000000000005,0,13.600000000000001
2023,12,14,18,30,0,5.800000000000001,0,12.600000000000001
2023,12,14,19,30,0,5.6000000000000005,0,12.3
2023,12,14,20,30,0,4.800000000000001,0,12.3
2023,12,14,21,30,0,3.7,0,12.200000000000001
2023,12,14,22,30,0,3,0,12.200000000000001
2023,12,14,23,30,0,2.6,5,12.100000000000001
2023,12,15,0,30,0,1.9000000000000001,3,11.700000000000001
2023,12,15,1,30,0,1.5,0,10.9
2023,12,15,2,30,0,1.7000000000000002,0,10.100000000000001
2023,12,15,3,30,0,2.5,3,9.600000000000001
2023,12,15,4,30,0,3,3,9.200000000000001
2023,12,15,5,30,0,3.2,4,8.700000000000001
2023,12,15,6,30,0,3.3000000000000003,4,8
2023,12,15,7,30,0,3.5,0,7.5
2023,12,15,8,30,126,3.9000000000000004,0,7.5
2023,12,15,9,30,261,4.3,0,8.4
2023,12,15,10,30,462,4.5,0,10.4
2023,12,15,11,30,590,4.800000000000001,0,12.600000000000001
2023,12,15,12,30,636,4.9,0,14.3
2023,12,15,13,30,618,4.9,0,15.4
2023,12,15,14,30,532,4.7,0,15.9
2023,12,15,15,30,392,4.2,0,15.700000000000001
2023,12,15,16,30,212,2.9000000000000004,0,13.600000000000001
2023,12,15,17,30,36,1.7000000000000002,0,10.600000000000001
2023,12,15,18,30,0,1.5,0,8.700000000000001
2023,12,15,19,30,0,1.4000000000000001,0,7.800000000000001
2023,12,15,20,30,0,1.3,0,7.1000000000000005
2023,12,15,21,30,0,1.2000000000000002,0,6.800000000000001
2023,12,15,22,30,0,1.1,0,6.5
2023,12,15,23,30,0,1.2000000000000002,0,5.9
2023,12,16,0,30,0,1.3,0,5
2023,12,16,1,30,0,1.4000000000000001,0,4.1000000000000005
2023,12,16,2,30,0,1.4000000000000001,0,3.5
2023,12,16,3,30,0,1.4000000000000001,0,3
2023,12,16,4,30,0,1.4000000000000001,0,2.5
2023,12,16,5,30,0,1.5,0,2.1
2023,12,16,6,30,0,1.6,0,1.8
2023,12,16,7,30,0,2,0,2.8000000000000003
2023,12,16,8,30,127,2.8000000000000003,0,5.6000000000000005
2023,12,16,9,30,319,3,0,9.1
2023,12,16,10,30,483,2.5,0,12.700000000000001
2023,12,16,11,30,597,2.3000000000000003,0,15.600000000000001
2023,12,16,12,30,647,2.4000000000000004,0,17.2
2023,12,16,13,30,629,2.6,0,18.1
2023,12,16,14,30,546,2.5,0,18.3
2023,12,16,15,30,404,2,0,17.7
2023,12,16,16,30,221,1.1,0,15.700000000000001
2023,12,16,17,30,38,0.7000000000000001,0,13.700000000000001
2023,12,16,18,30,0,0.8,0,12.5
2023,12,16,19,30,0,1.1,0,11
2023,12,16,20,30,0,1.4000000000000001,0,9.1
2023,12,16,21,30,0,1.6,0,7.7
2023,12,16,22,30,0,1.7000000000000002,0,6.9
2023,12,16,23,30,0,1.8,7,6.300000000000001
2023,12,17,0,30,0,2,7,6
2023,12,17,1,30,0,2.1,7,5.800000000000001
2023,12,17,2,30,0,2.2,7,5.5
2023,12,17,3,30,0,2.3000000000000003,7,5
2023,12,17,4,30,0,2.4000000000000004,7,4.4
2023,12,17,5,30,0,2.4000000000000004,0,3.7
2023,12,17,6,30,0,2.4000000000000004,0,3.1
2023,12,17,7,30,0,2.8000000000000003,0,3.7
2023,12,17,8,30,127,3.5,0,6.2
2023,12,17,9,30,320,3.8000000000000003,0,9.600000000000001
2023,12,17,10,30,486,4,0,13
2023,12,17,11,30,602,4.3,0,16
2023,12,17,12,30,657,4.4,0,18.2
2023,12,17,13,30,639,4.3,0,19.700000000000003
2023,12,17,14,30,550,4.1000000000000005,0,20.400000000000002
2023,12,17,15,30,408,2.9000000000000004,0,19.6
2023,12,17,16,30,224,1.7000000000000002,0,16.6
2023,12,17,17,30,39,1.4000000000000001,0,14
2023,12,17,18,30,0,1.4000000000000001,0,14.100000000000001
2023,12,17,19,30,0,1.1,0,14.600000000000001
2023,12,17,20,30,0,0.8,7,14.700000000000001
2023,12,17,21,30,0,0.8,0,13.700000000000001
2023,12,17,22,30,0,1.1,0,12
2023,12,17,23,30,0,1.2000000000000002,0,10.100000000000001
2023,12,18,0,30,0,1.3,0,8.3
2023,12,18,1,30,0,1.5,0,6.7
2023,12,18,2,30,0,1.6,0,5.4
2023,12,18,3,30,0,1.7000000000000002,0,4.3
2023,12,18,4,30,0,1.8,0,3.5
2023,12,18,5,30,0,1.9000000000000001,0,3
2023,12,18,6,30,0,1.7000000000000002,0,2.4000000000000004
2023,12,18,7,30,0,2,0,2.6
2023,12,18,8,30,121,2.4000000000000004,0,4.3
2023,12,18,9,30,311,1.9000000000000001,0,7.300000000000001
2023,12,18,10,30,473,1.3,0,10.700000000000001
2023,12,18,11,30,586,1.4000000000000001,0,13.5
2023,12,18,12,30,627,1.8,0,15.9
2023,12,18,13,30,559,2.3000000000000003,0,17.5
2023,12,18,14,30,535,2.4000000000000004,0,18.2
2023,12,18,15,30,395,1.9000000000000001,0,17.6
2023,12,18,16,30,193,1.3,8,15.100000000000001
2023,12,18,17,30,35,1.3,0,12.3
2023,12,18,18,30,0,1.6,7,10.9
2023,12,18,19,30,0,1.9000000000000001,0,10.4
2023,12,18,20,30,0,2.2,7,10
2023,12,18,21,30,0,2.5,7,9.600000000000001
2023,12,18,22,30,0,2.8000000000000003,6,9.200000000000001
2023,12,18,23,30,0,3,7,8.9
2023,12,19,0,30,0,3.1,8,8.700000000000001
2023,12,19,1,30,0,3.3000000000000003,7,8.5
2023,12,19,2,30,0,3.4000000000000004,7,8.200000000000001
2023,12,19,3,30,0,3.5,7,7.9
2023,12,19,4,30,0,3.7,7,7.7
2023,12,19,5,30,0,3.8000000000000003,8,7.5
2023,12,19,6,30,0,3.8000000000000003,0,7.2
2023,12,19,7,30,0,4,8,7.300000000000001
2023,12,19,8,30,114,4.5,0,8.4
2023,12,19,9,30,189,5.2,8,10.9
2023,12,19,10,30,372,5.9,8,13.8
2023,12,19,11,30,359,6,8,16.1
2023,12,19,12,30,440,5.800000000000001,8,17.6
2023,12,19,13,30,501,5.7,8,18.400000000000002
2023,12,19,14,30,490,5.6000000000000005,0,18.5
2023,12,19,15,30,324,5.1000000000000005,8,17.900000000000002
2023,12,19,16,30,103,4.1000000000000005,7,16.1
2023,12,19,17,30,26,3.8000000000000003,8,13.9
2023,12,19,18,30,0,4.6000000000000005,0,12.600000000000001
2023,12,19,19,30,0,5,7,11.700000000000001
2023,12,19,20,30,0,5.1000000000000005,7,10.700000000000001
2023,12,19,21,30,0,4.9,7,9.9
2023,12,19,22,30,0,4.800000000000001,7,9.1
2023,12,19,23,30,0,4.7,8,8.5
2023,12,20,0,30,0,4.5,7,8
2023,12,20,1,30,0,4.2,0,7.5
2023,12,20,2,30,0,3.9000000000000004,0,7.1000000000000005
2023,12,20,3,30,0,3.8000000000000003,0,6.800000000000001
2023,12,20,4,30,0,3.8000000000000003,0,6.5
2023,12,20,5,30,0,3.8000000000000003,0,6.300000000000001
2023,12,20,6,30,0,3.7,0,6.1000000000000005
2023,12,20,7,30,0,3.9000000000000004,0,6.6000000000000005
2023,12,20,8,30,106,4.4,0,8.200000000000001
2023,12,20,9,30,285,4.7,0,10.5
2023,12,20,10,30,332,5,0,12.700000000000001
2023,12,20,11,30,385,5.300000000000001,7,14.8
2023,12,20,12,30,429,5.5,7,16.6
2023,12,20,13,30,374,5.300000000000001,7,17.3
2023,12,20,14,30,407,5.1000000000000005,8,17
2023,12,20,15,30,261,4.5,7,16.1
2023,12,20,16,30,109,3.8000000000000003,7,14.700000000000001
2023,12,20,17,30,22,3.6,7,13.5
2023,12,20,18,30,0,3.7,7,12.700000000000001
2023,12,20,19,30,0,3.8000000000000003,7,12.200000000000001
2023,12,20,20,30,0,3.8000000000000003,6,11.8
2023,12,20,21,30,0,3.7,6,11.600000000000001
2023,12,20,22,30,0,3.6,6,11.4
2023,12,20,23,30,0,3.2,6,11
2023,12,21,0,30,0,2.8000000000000003,6,10.600000000000001
2023,12,21,1,30,0,2.6,6,10.3
2023,12,21,2,30,0,2.5,6,10.100000000000001
2023,12,21,3,30,0,2.4000000000000004,6,10
2023,12,21,4,30,0,2.5,7,10.100000000000001
2023,12,21,5,30,0,2.7,7,10.200000000000001
2023,12,21,6,30,0,2.6,7,10.200000000000001
2023,12,21,7,30,0,2.5,7,10.5
2023,12,21,8,30,29,2.7,4,11.4
2023,12,21,9,30,214,2.8000000000000003,0,13
2023,12,21,10,30,349,2.7,0,15.100000000000001
2023,12,21,11,30,505,2.6,0,17.1
2023,12,21,12,30,601,2.6,0,18.8
2023,12,21,13,30,591,2.4000000000000004,0,19.900000000000002
2023,12,21,14,30,516,2.2,0,20.5
2023,12,21,15,30,384,1.8,0,20.3
2023,12,21,16,30,212,1.1,0,18.7
2023,12,21,17,30,39,0.8,0,16.2
2023,12,21,18,30,0,1.3,0,14.3
2023,12,21,19,30,0,1.7000000000000002,0,12.9
2023,12,21,20,30,0,2.1,0,11.9
2023,12,21,21,30,0,2.6,0,11.100000000000001
2023,12,21,22,30,0,2.8000000000000003,0,10.5
2023,12,21,23,30,0,2.7,0,10.100000000000001
2023,12,22,0,30,0,2.4000000000000004,0,9.700000000000001
2023,12,22,1,30,0,2,0,9.3
2023,12,22,2,30,0,1.7000000000000002,0,9
2023,12,22,3,30,0,1.3,8,9
2023,12,22,4,30,0,1.1,3,9
2023,12,22,5,30,0,0.9,0,9
2023,12,22,6,30,0,0.9,0,9
2023,12,22,7,30,0,0.8,0,9.3
2023,12,22,8,30,107,1,0,10.700000000000001
2023,12,22,9,30,179,1.4000000000000001,0,13.100000000000001
2023,12,22,10,30,440,1.9000000000000001,0,16
2023,12,22,11,30,562,2.5,0,18.900000000000002
2023,12,22,12,30,612,3,0,20.900000000000002
2023,12,22,13,30,599,3.3000000000000003,0,21.900000000000002
2023,12,22,14,30,520,3.6,0,22
2023,12,22,15,30,387,3.6,0,21.400000000000002
2023,12,22,16,30,213,2.8000000000000003,0,19
2023,12,22,17,30,40,2.1,0,15.9
2023,12,22,18,30,0,2.4000000000000004,0,14.4
2023,12,22,19,30,0,2.9000000000000004,0,13.8
2023,12,22,20,30,0,3.6,0,13.4
2023,12,22,21,30,0,4.2,0,12.9
2023,12,22,22,30,0,4.6000000000000005,0,12.4
2023,12,22,23,30,0,4.9,0,12.200000000000001
2023,12,23,0,30,0,5,0,12.4
2023,12,23,1,30,0,5.1000000000000005,0,12.700000000000001
2023,12,23,2,30,0,5,0,13
2023,12,23,3,30,0,4.7,0,13.200000000000001
2023,12,23,4,30,0,4.5,5,13.3
2023,12,23,5,30,0,4.5,3,13.3
2023,12,23,6,30,0,4.5,7,13.3
2023,12,23,7,30,0,4.9,8,13.5
2023,12,23,8,30,39,5.300000000000001,8,14.200000000000001
2023,12,23,9,30,247,5.4,0,15.3
2023,12,23,10,30,56,5.6000000000000005,3,17.1
2023,12,23,11,30,82,6,8,19.6
2023,12,23,12,30,123,6.2,8,21.700000000000003
2023,12,23,13,30,261,6.1000000000000005,7,23
2023,12,23,14,30,198,5.7,8,23.200000000000003
2023,12,23,15,30,254,4.6000000000000005,3,22.400000000000002
2023,12,23,16,30,132,3.1,3,20.400000000000002
2023,12,23,17,30,24,2.4000000000000004,8,18.1
2023,12,23,18,30,0,2.4000000000000004,6,16.6
2023,12,23,19,30,0,2.4000000000000004,9,15.700000000000001
2023,12,23,20,30,0,2.2,9,15.100000000000001
2023,12,23,21,30,0,2.1,9,14.700000000000001
2023,12,23,22,30,0,1.7000000000000002,6,14.100000000000001
2023,12,23,23,30,0,1.5,7,13.200000000000001
2023,12,24,0,30,0,1.7000000000000002,8,12.200000000000001
2023,12,24,1,30,0,2.3000000000000003,8,11.3
2023,12,24,2,30,0,2.7,3,10.200000000000001
2023,12,24,3,30,0,2.9000000000000004,5,9
2023,12,24,4,30,0,3,3,8.1
2023,12,24,5,30,0,3.2,0,7.5
2023,12,24,6,30,0,3.3000000000000003,0,7.2
2023,12,24,7,30,0,3.8000000000000003,0,7.800000000000001
2023,12,24,8,30,111,4.800000000000001,0,9.8
2023,12,24,9,30,298,6,0,12.5
2023,12,24,10,30,461,6.9,0,15.200000000000001
2023,12,24,11,30,579,7.2,0,17
2023,12,24,12,30,636,7.4,0,17.7
2023,12,24,13,30,627,7.5,0,17.900000000000002
2023,12,24,14,30,548,7.2,0,17.7
2023,12,24,15,30,410,6.2,0,17
2023,12,24,16,30,230,4.1000000000000005,0,14.600000000000001
2023,12,24,17,30,46,2.3000000000000003,0,11.3
2023,12,24,18,30,0,2,0,9.3
2023,12,24,19,30,0,2.3000000000000003,0,8.5
2023,12,24,20,30,0,2.6,0,7.6000000000000005
2023,12,24,21,30,0,2.6,0,6.6000000000000005
2023,12,24,22,30,0,2.6,0,5.6000000000000005
2023,12,24,23,30,0,2.4000000000000004,0,4.7
2023,12,25,0,30,0,2.2,0,3.7
2023,12,25,1,30,0,1.9000000000000001,0,2.9000000000000004
2023,12,25,2,30,0,1.8,0,2.2
2023,12,25,3,30,0,1.7000000000000002,0,1.7000000000000002
2023,12,25,4,30,0,1.7000000000000002,0,1.1
2023,12,25,5,30,0,1.6,0,0.6000000000000001
2023,12,25,6,30,0,1.6,0,0
2023,12,25,7,30,0,2.1,0,0.5
2023,12,25,8,30,65,3.1,4,2.2
2023,12,25,9,30,126,3.3000000000000003,4,4.1000000000000005
2023,12,25,10,30,263,2.9000000000000004,4,5.800000000000001
2023,12,25,11,30,502,2.8000000000000003,0,7.300000000000001
2023,12,25,12,30,540,3,3,8.5
2023,12,25,13,30,537,3.1,0,9.4
2023,12,25,14,30,546,3.1,0,9.8
2023,12,25,15,30,409,2.9000000000000004,0,9.5
2023,12,25,16,30,230,2.1,0,8
2023,12,25,17,30,49,1.1,0,5.800000000000001
2023,12,25,18,30,0,0.8,0,4.800000000000001
2023,12,25,19,30,0,0.9,0,4.2
2023,12,25,20,30,0,1,0,3.4000000000000004
2023,12,25,21,30,0,1.2000000000000002,0,2.3000000000000003
2023,12,25,22,30,0,1.4000000000000001,0,1.4000000000000001
2023,12,25,23,30,0,1.9000000000000001,0,0.9
2023,12,26,0,30,0,2.6,0,0.9
2023,12,26,1,30,0,3.1,0,0.8
2023,12,26,2,30,0,3.1,0,0.6000000000000001
2023,12,26,3,30,0,2.9000000000000004,0,0.4
2023,12,26,4,30,0,2.7,0,0.30000000000000004
2023,12,26,5,30,0,2.5,0,0.2
2023,12,26,6,30,0,2.4000000000000004,0,0
2023,12,26,7,30,0,2.9000000000000004,0,1.2000000000000002
2023,12,26,8,30,112,3.7,0,3.9000000000000004
2023,12,26,9,30,310,4.2,0,7.2
2023,12,26,10,30,487,4.7,0,10.5
2023,12,26,11,30,608,5.5,0,12.9
2023,12,26,12,30,665,5.9,0,14
2023,12,26,13,30,644,5.9,0,14.700000000000001
2023,12,26,14,30,565,5.5,0,14.9
2023,12,26,15,30,426,4.5,0,14.200000000000001
2023,12,26,16,30,243,2.6,0,11.100000000000001
2023,12,26,17,30,53,1.6,0,7.2
2023,12,26,18,30,0,1.5,0,5.5
2023,12,26,19,30,0,1.5,0,4.9
2023,12,26,20,30,0,1.4000000000000001,0,4.6000000000000005
2023,12,26,21,30,0,1.3,0,4.6000000000000005
2023,12,26,22,30,0,1.3,0,4.2
2023,12,26,23,30,0,1.5,0,3.1
2023,12,27,0,30,0,1.7000000000000002,0,1.9000000000000001
2023,12,27,1,30,0,1.9000000000000001,0,1
2023,12,27,2,30,0,2.1,0,0.4
2023,12,27,3,30,0,2.3000000000000003,0,0.1
2023,12,27,4,30,0,2.6,0,-0.1
2023,12,27,5,30,0,2.7,0,-0.4
2023,12,27,6,30,0,2.8000000000000003,0,-0.8
2023,12,27,7,30,0,3.2,0,-0.30000000000000004
2023,12,27,8,30,111,3.9000000000000004,0,1.7000000000000002
2023,12,27,9,30,300,3.9000000000000004,0,4.5
2023,12,27,10,30,464,3.8000000000000003,0,8
2023,12,27,11,30,579,3.9000000000000004,0,11.100000000000001
2023,12,27,12,30,630,3.8000000000000003,0,12.8
2023,12,27,13,30,617,3.7,0,13.600000000000001
2023,12,27,14,30,539,3.6,0,13.9
2023,12,27,15,30,405,3.3000000000000003,0,13.600000000000001
2023,12,27,16,30,229,2.2,0,11.4
2023,12,27,17,30,50,1.3,0,8.700000000000001
2023,12,27,18,30,0,1.3,0,7.4
2023,12,27,19,30,0,1.4000000000000001,0,6.7
2023,12,27,20,30,0,1.4000000000000001,0,5.9
2023,12,27,21,30,0,1.5,0,5.2
2023,12,27,22,30,0,1.5,0,4.5
2023,12,27,23,30,0,1.6,0,3.9000000000000004
2023,12,28,0,30,0,1.7000000000000002,0,3.3000000000000003
2023,12,28,1,30,0,1.7000000000000002,0,2.9000000000000004
2023,12,28,2,30,0,1.7000000000000002,0,2.4000000000000004
2023,12,28,3,30,0,1.7000000000000002,0,1.8
2023,12,28,4,30,0,1.6,0,1.1
2023,12,28,5,30,0,1.4000000000000001,0,0.4
2023,12,28,6,30,0,1.3,0,-0.30000000000000004
2023,12,28,7,30,0,1.8,0,0.2
2023,12,28,8,30,107,2.3000000000000003,0,2.2
2023,12,28,9,30,296,2.3000000000000003,0,5.5
2023,12,28,10,30,464,2,0,9.1
2023,12,28,11,30,582,2.1,0,11.700000000000001
2023,12,28,12,30,639,2.4000000000000004,0,13.5
2023,12,28,13,30,628,2.8000000000000003,0,14.4
2023,12,28,14,30,551,3,0,14.5
2023,12,28,15,30,415,2.9000000000000004,0,14
2023,12,28,16,30,234,2,0,11.600000000000001
2023,12,28,17,30,39,1.3,8,8.9
2023,12,28,18,30,0,1.3,7,7.7
2023,12,28,19,30,0,1.3,0,7.2
2023,12,28,20,30,0,1.3,0,6.5
2023,12,28,21,30,0,1.5,0,5.4
2023,12,28,22,30,0,1.9000000000000001,0,4.1000000000000005
2023,12,28,23,30,0,2.3000000000000003,0,2.8000000000000003
2023,12,29,0,30,0,2.2,0,1.3
2023,12,29,1,30,0,1.6,0,0
2023,12,29,2,30,0,1.1,0,-0.7000000000000001
2023,12,29,3,30,0,0.8,0,-0.7000000000000001
2023,12,29,4,30,0,0.7000000000000001,0,-0.7000000000000001
2023,12,29,5,30,0,1,0,-1.5
2023,12,29,6,30,0,1.2000000000000002,0,-2.4000000000000004
2023,12,29,7,30,0,2,0,-1.6
2023,12,29,8,30,109,3.1,0,1.1
2023,12,29,9,30,301,3.6,0,4.4
2023,12,29,10,30,470,3.8000000000000003,0,7.7
2023,12,29,11,30,587,4,0,10.200000000000001
2023,12,29,12,30,645,4.1000000000000005,0,12.100000000000001
2023,12,29,13,30,636,4,0,13.4
2023,12,29,14,30,559,3.8000000000000003,0,13.9
2023,12,29,15,30,424,3.2,0,13.5
2023,12,29,16,30,244,2.1,0,10.9
2023,12,29,17,30,57,1.4000000000000001,0,7.6000000000000005
2023,12,29,18,30,0,1.5,0,6
2023,12,29,19,30,0,1.6,0,5.1000000000000005
2023,12,29,20,30,0,1.7000000000000002,0,4.4
2023,12,29,21,30,0,1.8,0,4
2023,12,29,22,30,0,2,0,3.8000000000000003
2023,12,29,23,30,0,2.1,0,3.6
2023,12,30,0,30,0,2.2,0,3.3000000000000003
2023,12,30,1,30,0,2.2,0,2.9000000000000004
2023,12,30,2,30,0,2.1,0,2.4000000000000004
2023,12,30,3,30,0,2,0,1.8
2023,12,30,4,30,0,2,0,1.2000000000000002
2023,12,30,5,30,0,2,0,0.8
2023,12,30,6,30,0,2,0,0.5
2023,12,30,7,30,0,2.2,0,1.5
2023,12,30,8,30,112,3,0,4.9
2023,12,30,9,30,308,3.5,0,8.9
2023,12,30,10,30,479,3.2,0,12.600000000000001
2023,12,30,11,30,602,3.2,0,15.8
2023,12,30,12,30,636,3.2,0,18.1
2023,12,30,13,30,546,3.1,8,19.5
2023,12,30,14,30,529,2.9000000000000004,0,20
2023,12,30,15,30,349,2,7,18.900000000000002
2023,12,30,16,30,200,1.3,7,15.9
2023,12,30,17,30,40,1.4000000000000001,7,12.600000000000001
2023,12,30,18,30,0,1.7000000000000002,7,10.4
2023,12,30,19,30,0,1.9000000000000001,7,8.8
2023,12,30,20,30,0,2.1,7,7.6000000000000005
2023,12,30,21,30,0,2.2,7,6.7
2023,12,30,22,30,0,2.2,7,5.800000000000001
2023,12,30,23,30,0,2.1,0,5
2023,12,31,0,30,0,1.9000000000000001,0,4.3
2023,12,31,1,30,0,1.8,0,3.8000000000000003
2023,12,31,2,30,0,1.7000000000000002,0,3.4000000000000004
2023,12,31,3,30,0,1.7000000000000002,0,3.1
2023,12,31,4,30,0,1.7000000000000002,0,2.8000000000000003
2023,12,31,5,30,0,1.7000000000000002,0,2.4000000000000004
2023,12,31,6,30,0,1.6,0,2
2023,12,31,7,30,0,1.7000000000000002,0,2.9000000000000004
2023,12,31,8,30,105,2.3000000000000003,0,6
2023,12,31,9,30,296,2.6,0,9.600000000000001
2023,12,31,10,30,467,2.4000000000000004,0,12.700000000000001
2023,12,31,11,30,588,2.5,0,15.5
2023,12,31,12,30,646,2.6,0,17.5
2023,12,31,13,30,637,3,0,18.900000000000002
2023,12,31,14,30,561,3.3000000000000003,0,19.5
2023,12,31,15,30,426,2.7,0,18.8
2023,12,31,16,30,246,1.6,0,16
2023,12,31,17,30,59,1.3,0,14
2023,12,31,18,30,0,2.6,7,14.4
2023,12,31,19,30,0,2.9000000000000004,0,13.600000000000001
2023,12,31,20,30,0,3.2,0,12.9
2023,12,31,21,30,0,3.5,0,12.3
2023,12,31,22,30,0,3.6,0,11.600000000000001
2023,12,31,23,30,0,3.5,7,10.9
